0.029724 -3.880612 -1.088579
0.004192 -3.878355 -1.075587
0.028400 -3.860644 -1.069793
0.042491 -3.870519 -1.070101
0.061348 -3.881415 -1.093649
0.052958 -3.875793 -1.069553
0.083953 -3.863715 -1.083911
0.101433 -3.876956 -1.107657
0.100793 -3.881764 -1.085751
0.113934 -3.895739 -1.076041
0.130784 -3.881842 -1.079346
0.134815 -3.875979 -1.088181
0.145407 -3.890162 -1.080305
0.150005 -3.881482 -1.085501
0.167234 -3.881024 -1.099504
0.166128 -3.883019 -1.084867
0.206026 -3.880455 -1.075051
0.207551 -3.883867 -1.073361
0.207879 -3.890444 -1.078262
0.239600 -3.882998 -1.089468
0.249947 -3.855075 -1.069141
0.233852 -3.859621 -1.070677
0.263811 -3.881857 -1.074998
0.280405 -3.885832 -1.077799
0.270774 -3.856741 -1.070666
0.297730 -3.861973 -1.071276
0.309937 -3.877994 -1.070701
0.323451 -3.868475 -1.090785
0.357817 -3.872388 -1.086069
0.345175 -3.887173 -1.075040
0.367774 -3.882226 -1.075731
0.374359 -3.833889 -1.072883
0.371624 -3.861599 -1.068284
0.401427 -3.867109 -1.067741
0.389564 -3.856565 -1.072773
0.402577 -3.842294 -1.073755
0.453129 -3.851872 -1.066838
0.451828 -3.869818 -1.083424
0.439753 -3.852605 -1.082694
0.479362 -3.855995 -1.079481
0.492032 -3.864801 -1.086739
0.480063 -3.844544 -1.061926
0.499433 -3.846607 -1.074850
0.513515 -3.844318 -1.073534
0.509929 -3.844291 -1.083688
0.541517 -3.829087 -1.098822
0.583722 -3.816423 -1.072653
0.551898 -3.827755 -1.088471
0.573107 -3.829066 -1.077541
0.579360 -3.835160 -1.059549
0.597860 -3.837314 -1.089204
0.640967 -3.838598 -1.082007
0.609838 -3.814300 -1.090186
0.639640 -3.818368 -1.077982
0.643910 -3.819864 -1.074891
0.656601 -3.836229 -1.093379
0.669667 -3.810430 -1.089114
0.671117 -3.828261 -1.086369
0.699870 -3.819927 -1.104327
0.722613 -3.826649 -1.089432
0.708564 -3.818105 -1.082166
0.736072 -3.805713 -1.071192
0.763399 -3.793649 -1.073560
0.747909 -3.824944 -1.064758
0.755034 -3.822202 -1.075561
0.762362 -3.800314 -1.074637
0.765675 -3.804432 -1.065104
0.791794 -3.803153 -1.089554
0.809682 -3.787862 -1.088051
0.815125 -3.775437 -1.084883
0.812020 -3.796931 -1.081826
0.845855 -3.794348 -1.074459
0.849320 -3.775901 -1.104146
0.871657 -3.768121 -1.065109
0.870746 -3.774626 -1.086323
0.901459 -3.779642 -1.100827
0.905468 -3.764945 -1.077666
0.891699 -3.773807 -1.073531
0.913043 -3.774027 -1.081492
0.944847 -3.767564 -1.067126
0.953591 -3.771740 -1.082036
0.975134 -3.749813 -1.084107
0.972204 -3.759035 -1.070454
0.983798 -3.751264 -1.073743
1.011973 -3.751580 -1.073819
0.983641 -3.731571 -1.082939
1.038317 -3.756067 -1.083732
1.012681 -3.736934 -1.089601
1.030987 -3.740536 -1.071580
1.043422 -3.746112 -1.083742
1.058318 -3.738576 -1.076889
1.077951 -3.719329 -1.095858
1.087219 -3.749466 -1.091103
1.094364 -3.718189 -1.071398
1.100669 -3.746711 -1.069556
1.119807 -3.701977 -1.096793
1.134184 -3.700282 -1.097197
1.128221 -3.703906 -1.084232
1.160337 -3.707709 -1.073604
1.161018 -3.689359 -1.081072
1.157541 -3.697663 -1.076637
1.190122 -3.683554 -1.075644
1.204062 -3.695937 -1.085726
1.207736 -3.663571 -1.061653
1.221191 -3.679429 -1.079619
1.235539 -3.664396 -1.063921
1.236029 -3.683290 -1.074851
1.254459 -3.682291 -1.075128
1.282033 -3.682166 -1.078011
1.277789 -3.668683 -1.089051
1.283779 -3.675068 -1.079154
1.291201 -3.660307 -1.075747
1.317876 -3.658247 -1.093015
1.330288 -3.641822 -1.072148
1.348463 -3.652698 -1.083650
1.338418 -3.627508 -1.079860
1.348232 -3.635121 -1.060613
1.385605 -3.620294 -1.076464
1.376879 -3.630337 -1.060045
1.400767 -3.637178 -1.082081
1.404975 -3.606939 -1.062126
1.414651 -3.600906 -1.062252
1.434678 -3.615915 -1.096079
1.439858 -3.584861 -1.083598
1.447064 -3.589916 -1.095030
1.453026 -3.573383 -1.081823
1.473260 -3.598373 -1.090191
1.479518 -3.590121 -1.081504
1.496707 -3.579756 -1.087802
1.491873 -3.583573 -1.086624
1.495043 -3.580583 -1.078514
1.547052 -3.553237 -1.066317
1.547471 -3.560404 -1.095500
1.540742 -3.559660 -1.077461
1.572347 -3.567609 -1.085799
1.570959 -3.545009 -1.079613
1.576343 -3.539049 -1.074534
1.597414 -3.515777 -1.081714
1.589633 -3.536580 -1.067257
1.613904 -3.526121 -1.086216
1.614588 -3.542353 -1.090015
1.642065 -3.526566 -1.072252
1.629898 -3.520878 -1.086967
1.662643 -3.506328 -1.080704
1.665951 -3.500256 -1.064952
1.675208 -3.515940 -1.067347
1.696741 -3.504268 -1.068746
1.674991 -3.506777 -1.083779
1.702433 -3.491180 -1.088997
1.702436 -3.492639 -1.085559
1.720180 -3.459370 -1.091560
1.770375 -3.455100 -1.068959
1.753964 -3.457796 -1.083648
1.769964 -3.466535 -1.067361
1.783486 -3.428337 -1.067675
1.778226 -3.460748 -1.080042
1.795045 -3.442154 -1.067202
1.802610 -3.444525 -1.084143
1.806872 -3.426222 -1.085929
1.829402 -3.428298 -1.070351
1.836541 -3.425865 -1.072830
1.861377 -3.414366 -1.085326
1.851835 -3.403010 -1.071924
1.869579 -3.405512 -1.090875
1.861845 -3.383536 -1.082959
1.872811 -3.378036 -1.077522
1.894626 -3.380424 -1.084904
1.898916 -3.376262 -1.083068
1.917216 -3.368637 -1.089412
1.949147 -3.358568 -1.076296
1.933603 -3.379222 -1.097063
1.934281 -3.342979 -1.076450
1.956514 -3.339305 -1.095279
1.962901 -3.362059 -1.074512
1.982997 -3.344884 -1.074260
1.981857 -3.318393 -1.077039
2.005991 -3.304075 -1.065430
2.004465 -3.313256 -1.062067
2.027205 -3.307877 -1.076848
2.040957 -3.279762 -1.092125
2.052611 -3.297547 -1.098547
2.055467 -3.291037 -1.094336
2.074267 -3.304346 -1.069980
2.069489 -3.282432 -1.081253
2.087410 -3.264164 -1.075097
2.087125 -3.257449 -1.082996
2.114713 -3.267625 -1.079525
2.106684 -3.253869 -1.098385
2.120273 -3.249084 -1.081665
2.127603 -3.245761 -1.080180
2.137889 -3.235618 -1.080829
2.163357 -3.237473 -1.086770
2.165894 -3.208006 -1.096124
2.180145 -3.206853 -1.091041
2.195404 -3.199977 -1.077132
2.170852 -3.211424 -1.085266
2.194324 -3.174078 -1.074665
2.205519 -3.192756 -1.101871
2.212536 -3.191376 -1.084487
2.236224 -3.161161 -1.079176
2.249991 -3.184791 -1.078080
2.245105 -3.166998 -1.094329
2.257611 -3.156425 -1.083917
2.271097 -3.136659 -1.109245
2.267070 -3.155385 -1.076910
2.283478 -3.135876 -1.071476
2.286380 -3.130607 -1.057504
2.300498 -3.120171 -1.077517
2.309715 -3.106427 -1.068367
2.328723 -3.095961 -1.075798
2.341450 -3.099094 -1.063063
2.333713 -3.098464 -1.066422
2.352463 -3.079672 -1.078685
2.356632 -3.083175 -1.066425
2.374812 -3.075709 -1.090245
2.404079 -3.092804 -1.063031
2.384906 -3.055875 -1.085146
2.412962 -3.043911 -1.076239
2.401201 -3.046001 -1.066834
2.438073 -3.027869 -1.078671
2.421545 -3.023767 -1.075238
2.461608 -3.003477 -1.061150
2.462909 -3.041722 -1.064185
2.443580 -2.992507 -1.084177
2.467486 -2.982378 -1.073612
2.475251 -2.977645 -1.081188
2.481446 -2.968474 -1.075806
2.499696 -2.964217 -1.097923
2.510638 -2.972595 -1.081174
2.512929 -2.960491 -1.108894
2.526447 -2.944092 -1.065904
2.531803 -2.923329 -1.088252
2.551169 -2.941404 -1.079494
2.559621 -2.930414 -1.093099
2.566669 -2.907420 -1.077854
2.564828 -2.902260 -1.080242
2.571411 -2.897796 -1.074747
2.588992 -2.893714 -1.082947
2.605286 -2.888522 -1.096770
2.605240 -2.861494 -1.080566
2.609041 -2.862558 -1.085975
2.622320 -2.854231 -1.090486
2.622920 -2.845482 -1.074964
2.652256 -2.848900 -1.093631
2.650725 -2.833475 -1.061204
2.659501 -2.822413 -1.085900
2.670691 -2.835562 -1.052262
2.667999 -2.804432 -1.078557
2.674086 -2.802018 -1.076390
2.699452 -2.792152 -1.086955
2.691382 -2.797155 -1.075488
2.724735 -2.763830 -1.069401
2.720278 -2.780909 -1.072495
2.709550 -2.756824 -1.089058
2.731865 -2.760420 -1.070494
2.741019 -2.751088 -1.076469
2.754500 -2.736212 -1.097884
2.758225 -2.719793 -1.102112
2.766168 -2.711576 -1.089113
2.775515 -2.712958 -1.089037
2.771742 -2.710972 -1.082266
2.780654 -2.712629 -1.096111
2.805110 -2.692750 -1.087898
2.807264 -2.674171 -1.092978
2.822961 -2.669446 -1.079602
2.826727 -2.644383 -1.082858
2.836051 -2.662169 -1.086545
2.850042 -2.645280 -1.069785
2.867596 -2.638069 -1.094316
2.863033 -2.631449 -1.081711
2.852664 -2.613160 -1.079241
2.883080 -2.604630 -1.084505
2.867577 -2.599404 -1.105536
2.900999 -2.571057 -1.065781
2.907858 -2.604538 -1.076520
2.916323 -2.596061 -1.069117
2.915435 -2.578234 -1.067462
2.921357 -2.564147 -1.081939
2.919593 -2.548299 -1.070290
2.933059 -2.523697 -1.069893
2.946634 -2.523501 -1.076059
2.945259 -2.525940 -1.067978
2.961167 -2.505116 -1.093887
2.949916 -2.512537 -1.070799
2.971397 -2.495062 -1.088393
2.979609 -2.476285 -1.087355
2.992718 -2.461851 -1.087881
2.976502 -2.476086 -1.091890
3.005869 -2.448236 -1.092552
3.027006 -2.434007 -1.070380
3.019942 -2.435134 -1.092664
3.031762 -2.427895 -1.075828
3.037669 -2.417273 -1.071071
3.048003 -2.411249 -1.074645
3.049428 -2.396791 -1.078757
3.051137 -2.387768 -1.078547
3.056155 -2.353153 -1.089151
3.060169 -2.363767 -1.086973
3.086814 -2.370612 -1.079850
3.095377 -2.346920 -1.101425
3.112444 -2.339049 -1.085299
3.103372 -2.334835 -1.066984
3.113744 -2.338684 -1.075913
3.104669 -2.300899 -1.075536
3.142913 -2.308836 -1.082864
3.114594 -2.300560 -1.093455
3.121186 -2.272992 -1.079464
3.150488 -2.279384 -1.093750
3.153105 -2.262647 -1.089831
3.159186 -2.236684 -1.090761
3.160257 -2.257076 -1.084267
3.175974 -2.233129 -1.080686
3.178969 -2.219548 -1.074940
3.184068 -2.210599 -1.084650
2.493612 -1.713798 -0.832560
2.449939 -1.712566 -0.831176
2.470017 -1.687290 -0.823807
2.499196 -1.689956 -0.829349
2.500140 -1.686076 -0.836041
2.521590 -1.671279 -0.842429
3.223391 -2.141623 -1.070688
3.213217 -2.142647 -1.088495
3.241677 -2.127057 -1.067092
3.246472 -2.120934 -1.072838
3.245946 -2.098427 -1.082497
3.262392 -2.113672 -1.068899
3.281814 -2.078693 -1.103452
3.250983 -2.073672 -1.083052
3.285941 -2.073174 -1.083776
3.282937 -2.068105 -1.094141
3.302792 -2.051048 -1.087052
3.302210 -2.036027 -1.076097
3.317666 -2.028963 -1.077727
3.327094 -2.019625 -1.073669
3.316656 -1.990230 -1.088246
3.330767 -2.015670 -1.081423
3.316449 -1.971340 -1.077130
3.335778 -1.979743 -1.080361
3.355204 -1.972243 -1.082170
3.340854 -1.939745 -1.075554
3.347136 -1.926674 -1.064912
3.374481 -1.934206 -1.071972
3.390271 -1.918977 -1.075789
3.377649 -1.912819 -1.074410
3.390120 -1.888118 -1.083260
3.393609 -1.898778 -1.071376
3.390982 -1.861108 -1.083715
3.400015 -1.884866 -1.065003
3.436084 -1.858726 -1.072563
3.425852 -1.860073 -1.074129
3.408305 -1.834910 -1.077154
3.414746 -1.828415 -1.065904
3.425832 -1.833858 -1.082635
3.430183 -1.822227 -1.065398
3.438993 -1.789407 -1.079007
3.451191 -1.802362 -1.056493
3.434604 -1.777308 -1.078338
3.432998 -1.735485 -1.071608
3.399819 -1.727385 -1.083812
3.418419 -1.723487 -1.061468
3.397439 -1.701837 -1.060142
3.421421 -1.690989 -1.063151
3.426645 -1.666689 -1.068915
3.420214 -1.653470 -1.045015
3.444931 -1.669198 -1.061578
3.428161 -1.659817 -1.081553
3.436942 -1.642720 -1.076458
3.448448 -1.626171 -1.064875
3.462368 -1.641747 -1.044015
3.467255 -1.640850 -1.072521
3.472615 -1.623240 -1.063663
3.499980 -1.597634 -1.087949
3.528852 -1.590293 -1.056544
3.522272 -1.600437 -1.073878
3.553421 -1.578568 -1.082164
3.559012 -1.577214 -1.086615
3.541265 -1.565368 -1.084088
3.555437 -1.542613 -1.067473
3.551025 -1.539591 -1.099856
3.555186 -1.535177 -1.080168
3.571467 -1.531667 -1.087667
3.587438 -1.493485 -1.080912
3.560837 -1.482943 -1.073598
3.588555 -1.494759 -1.084070
3.577489 -1.495253 -1.081592
3.590402 -1.475788 -1.065590
3.608358 -1.446787 -1.078959
3.607357 -1.420749 -1.079011
3.602600 -1.429720 -1.088571
3.605556 -1.428759 -1.081104
3.604670 -1.398965 -1.078615
3.620641 -1.396273 -1.086287
3.626341 -1.395147 -1.076224
3.637767 -1.374008 -1.086067
3.605674 -1.359254 -1.091174
3.623009 -1.345044 -1.076030
3.622232 -1.349264 -1.086028
3.638141 -1.328611 -1.069900
3.641510 -1.305088 -1.077261
3.651035 -1.311483 -1.068930
3.663897 -1.302059 -1.089668
3.663232 -1.276253 -1.080028
3.657561 -1.296619 -1.084020
3.668760 -1.249709 -1.074679
3.671741 -1.252878 -1.079979
3.684008 -1.242089 -1.066083
3.686664 -1.235290 -1.071422
3.683911 -1.217692 -1.097763
3.694346 -1.223060 -1.070490
3.700862 -1.206164 -1.079898
3.705401 -1.188408 -1.087424
3.700929 -1.151144 -1.074537
3.705292 -1.166705 -1.064335
3.712203 -1.161407 -1.060044
3.692050 -1.148704 -1.073931
3.714651 -1.143291 -1.068412
3.714524 -1.120414 -1.081893
3.736553 -1.107182 -1.099579
3.737811 -1.093698 -1.080762
3.716070 -1.092286 -1.086353
3.733167 -1.070451 -1.070052
3.730486 -1.066859 -1.065375
3.720671 -1.042099 -1.063226
3.728529 -1.036565 -1.079547
3.767951 -1.020317 -1.066216
3.752690 -1.008824 -1.082209
3.755834 -1.010943 -1.085388
3.749083 -0.980170 -1.073452
3.757326 -0.977024 -1.081823
3.740392 -0.956749 -1.081311
3.753413 -0.943461 -1.095447
3.779259 -0.941023 -1.073926
3.768592 -0.932303 -1.095338
3.747404 -0.908580 -1.077917
3.760974 -0.924759 -1.094326
3.764189 -0.906970 -1.079408
3.787761 -0.885211 -1.085062
3.786460 -0.875325 -1.074070
3.789927 -0.864112 -1.086946
3.761878 -0.858264 -1.075706
3.787753 -0.836629 -1.084921
3.782958 -0.842987 -1.075734
3.793337 -0.808064 -1.088284
3.816905 -0.802639 -1.072995
3.789206 -0.786350 -1.070442
3.811011 -0.768684 -1.084868
3.780010 -0.771156 -1.060266
3.783250 -0.739305 -1.087821
3.806572 -0.748040 -1.082867
3.815717 -0.731896 -1.070856
3.810428 -0.731460 -1.066006
3.807462 -0.695059 -1.064010
3.820313 -0.714299 -1.091318
3.808386 -0.704547 -1.077973
3.813991 -0.690464 -1.082196
3.836868 -0.667709 -1.080154
3.825339 -0.647230 -1.087126
3.814981 -0.649076 -1.098847
3.823287 -0.619577 -1.084972
3.837498 -0.626180 -1.082084
3.824662 -0.606110 -1.074257
3.849047 -0.603658 -1.074808
3.850316 -0.585357 -1.083841
3.850126 -0.589715 -1.096833
3.838571 -0.556364 -1.086341
3.832780 -0.530857 -1.091378
3.836811 -0.529271 -1.086028
3.860241 -0.532399 -1.068659
3.862662 -0.524866 -1.068873
3.848896 -0.505214 -1.082776
3.837444 -0.486739 -1.090576
3.860586 -0.469596 -1.079273
3.858881 -0.458029 -1.054247
3.848000 -0.438893 -1.078327
3.850113 -0.432884 -1.090158
3.869835 -0.430763 -1.086984
3.845581 -0.427076 -1.084289
3.861397 -0.409533 -1.089500
3.854211 -0.403702 -1.088532
3.870733 -0.375606 -1.071804
3.864216 -0.359527 -1.085642
3.860134 -0.358445 -1.082893
3.867227 -0.344639 -1.064619
3.864484 -0.334130 -1.084705
3.860500 -0.328887 -1.074816
3.867935 -0.295617 -1.073993
3.869546 -0.286702 -1.090194
3.856171 -0.285193 -1.074997
3.886026 -0.285102 -1.076982
3.851676 -0.278652 -1.084032
3.875988 -0.247637 -1.087365
3.870786 -0.232504 -1.057850
3.872439 -0.226633 -1.059347
3.866261 -0.207604 -1.090895
3.884518 -0.189160 -1.085419
3.870941 -0.188406 -1.066756
3.886922 -0.188009 -1.075528
3.867761 -0.161639 -1.075591
3.875597 -0.163540 -1.081343
3.873512 -0.143718 -1.067838
3.878255 -0.122120 -1.070950
3.885720 -0.125293 -1.080133
3.891026 -0.097227 -1.063610
3.875754 -0.083392 -1.072313
3.873682 -0.093708 -1.067498
3.898523 -0.062517 -1.070670
3.876383 -0.053212 -1.083805
3.873590 -0.031745 -1.072260
3.865900 -0.038140 -1.070205
3.882155 -0.031519 -1.073659
3.892440 0.000811 -1.082670
3.879078 -0.003452 -1.064284
3.876446 0.022592 -1.061261
3.885439 0.015060 -1.079216
3.874902 0.026603 -1.072972
3.885840 0.039186 -1.078345
3.868898 0.052357 -1.089760
3.877921 0.075561 -1.099840
3.880933 0.082579 -1.076012
3.880891 0.098359 -1.064669
3.885149 0.114532 -1.074348
3.873519 0.104629 -1.095736
3.889748 0.132219 -1.093292
3.891479 0.119965 -1.076083
3.871686 0.175168 -1.082101
3.888276 0.160497 -1.084190
3.868173 0.164112 -1.098727
3.886035 0.173692 -1.079624
3.874708 0.208400 -1.069047
3.878154 0.213375 -1.062615
3.873366 0.230896 -1.070412
3.873393 0.250079 -1.068137
3.864592 0.258801 -1.089413
3.870393 0.252442 -1.090920
3.874797 0.268441 -1.062558
3.884853 0.305335 -1.071365
3.865102 0.300565 -1.065379
3.868021 0.301015 -1.090806
3.860745 0.326213 -1.085151
3.879423 0.326999 -1.059446
3.873140 0.344459 -1.079473
3.848514 0.349138 -1.063346
3.857026 0.372470 -1.077851
3.860121 0.388732 -1.095708
3.853413 0.383136 -1.082527
3.874365 0.390227 -1.078344
3.841160 0.421941 -1.066831
3.870595 0.421673 -1.088502
3.877389 0.449359 -1.072408
3.868732 0.461827 -1.076889
3.847657 0.461692 -1.082176
3.848598 0.456370 -1.086493
3.852144 0.494249 -1.088109
3.842991 0.498190 -1.066435
3.848415 0.510294 -1.071869
3.855850 0.524935 -1.086182
3.846669 0.538391 -1.075721
3.858965 0.543923 -1.078090
3.848918 0.561554 -1.066637
3.839267 0.564661 -1.070877
3.833517 0.598541 -1.097594
3.828528 0.591798 -1.093108
3.841383 0.601954 -1.080301
3.835278 0.635346 -1.098802
3.832190 0.633037 -1.081002
3.834088 0.638124 -1.072578
3.814306 0.653366 -1.070250
3.811763 0.672855 -1.068639
3.832630 0.684846 -1.093299
3.828923 0.699698 -1.057569
3.800889 0.702180 -1.085233
3.815898 0.711818 -1.080924
3.802668 0.725389 -1.075609
3.817099 0.742750 -1.080822
3.809348 0.734228 -1.062075
3.802721 0.768053 -1.083467
3.792195 0.775805 -1.087314
3.802117 0.780974 -1.073359
3.788167 0.788584 -1.072388
3.799138 0.803584 -1.080622
3.801204 0.830280 -1.092227
3.787013 0.827307 -1.090243
3.784283 0.836987 -1.085808
3.780174 0.846368 -1.074924
3.782955 0.850675 -1.078524
3.779212 0.866997 -1.071971
3.770661 0.886404 -1.081530
3.754157 0.911037 -1.069472
3.777557 0.924321 -1.093942
3.769613 0.916918 -1.067438
3.758919 0.929384 -1.082042
3.748631 0.942911 -1.088135
3.755707 0.944967 -1.064117
3.759364 0.963067 -1.084106
3.755224 0.962945 -1.083677
3.731340 0.992119 -1.078083
3.752000 1.003539 -1.083481
3.743627 1.015480 -1.070234
3.733083 1.029935 -1.081377
3.745260 1.036227 -1.056961
3.740200 1.049512 -1.086647
3.725317 1.054993 -1.076182
3.712410 1.077568 -1.072379
3.723988 1.093665 -1.085556
3.727454 1.098702 -1.084946
3.714084 1.096151 -1.066879
3.718175 1.129954 -1.082210
3.713107 1.126020 -1.069243
3.709837 1.140955 -1.099421
3.684740 1.142996 -1.082324
3.722336 1.160710 -1.071993
3.696188 1.188309 -1.086354
3.683616 1.182140 -1.063519
3.680605 1.199254 -1.081077
3.700622 1.209633 -1.067063
3.679917 1.214913 -1.073015
3.689212 1.237840 -1.081722
3.670063 1.249560 -1.079046
3.669895 1.270429 -1.085953
3.660008 1.249004 -1.087294
3.679438 1.252417 -1.073950
3.658489 1.291193 -1.074264
3.654444 1.294618 -1.074395
3.657053 1.313561 -1.090949
3.645392 1.323168 -1.069627
3.644038 1.325045 -1.075584
3.646401 1.343012 -1.082280
3.620147 1.348086 -1.081508
3.631645 1.383564 -1.079200
3.626512 1.396618 -1.083658
3.632499 1.390896 -1.074119
3.618996 1.404359 -1.100459
3.620076 1.418136 -1.070647
3.624769 1.417091 -1.080309
3.616017 1.434631 -1.074552
3.606197 1.447722 -1.073213
3.606406 1.450773 -1.080753
3.585495 1.465897 -1.088169
3.600293 1.481265 -1.063019
3.581192 1.490484 -1.088906
3.587324 1.490717 -1.084345
3.570290 1.502602 -1.098165
3.558619 1.508896 -1.085132
3.566699 1.528344 -1.077497
3.552845 1.528638 -1.065023
3.548758 1.552387 -1.079795
3.553464 1.567514 -1.079037
3.555146 1.575415 -1.082658
3.536489 1.592670 -1.077159
3.533244 1.601295 -1.062167
3.530980 1.618115 -1.090567
3.530466 1.634360 -1.083478
3.539321 1.618345 -1.071409
3.499630 1.632313 -1.089237
3.512866 1.650231 -1.081121
3.503106 1.643741 -1.095542
3.499192 1.673997 -1.096822
3.520752 1.673679 -1.085738
3.468120 1.680511 -1.080114
3.427981 1.674261 -1.075035
3.409767 1.683818 -1.049300
3.398476 1.682536 -1.040509
3.399872 1.689767 -1.059804
3.394100 1.691961 -1.042955
3.383801 1.713518 -1.049622
3.373008 1.732937 -1.049468
3.358879 1.724223 -1.048299
3.356119 1.743854 -1.061025
3.359107 1.751887 -1.049588
3.345164 1.754820 -1.041214
3.355472 1.774745 -1.072601
3.318378 1.790753 -1.032932
3.335520 1.797913 -1.047240
3.337247 1.808140 -1.076079
3.318791 1.813742 -1.048686
3.347044 1.837051 -1.061788
3.358691 1.851684 -1.059634
3.398996 1.898988 -1.062744
3.370080 1.912058 -1.071200
3.389423 1.922622 -1.076295
3.374562 1.937031 -1.090076
3.380370 1.921809 -1.076882
3.347844 1.945581 -1.084951
3.340301 1.962238 -1.089008
3.337953 1.971550 -1.079209
3.322148 1.978868 -1.068186
3.341532 1.975557 -1.082012
3.332484 1.983671 -1.075835
3.327510 2.001358 -1.094469
3.311060 2.010223 -1.072430
3.305049 2.026586 -1.070230
3.313017 2.059403 -1.073708
3.276844 2.043550 -1.082140
3.289301 2.046988 -1.088949
3.299599 2.080124 -1.058683
3.280259 2.091526 -1.087194
3.258650 2.092964 -1.080839
3.266147 2.111284 -1.088257
3.258874 2.102875 -1.082905
3.255022 2.116208 -1.083371
3.242955 2.127422 -1.080669
3.247445 2.148430 -1.066649
3.224723 2.115937 -1.073094
3.257327 2.165648 -1.088744
3.216564 2.181512 -1.073246
3.213403 2.195378 -1.071044
3.200447 2.190122 -1.069764
3.200047 2.196004 -1.084203
3.187928 2.209158 -1.077957
3.160754 2.212587 -1.065189
3.185607 2.229948 -1.106257
3.179387 2.231057 -1.076272
3.165379 2.230364 -1.092093
3.162220 2.256092 -1.075298
2.450602 1.751259 -0.846151
2.426470 1.763247 -0.819378
2.409450 1.751312 -0.837360
2.415381 1.761909 -0.819159
2.430876 1.768280 -0.822126
2.425308 1.772019 -0.836684
3.097574 2.319432 -1.080040
3.104084 2.331510 -1.076379
3.075068 2.343923 -1.069328
3.100151 2.368000 -1.068256
3.084101 2.348254 -1.080550
3.089706 2.377986 -1.108246
3.043768 2.377226 -1.066939
3.037354 2.375608 -1.088564
3.055529 2.402789 -1.061826
3.048955 2.415042 -1.082772
3.042588 2.430723 -1.084339
3.040101 2.428913 -1.065473
3.026412 2.442985 -1.073359
2.993054 2.434635 -1.088078
2.991817 2.453520 -1.056702
2.995839 2.464137 -1.071115
2.988439 2.477720 -1.090140
2.987564 2.462599 -1.090574
2.971040 2.517202 -1.078924
2.969300 2.491488 -1.090021
2.955935 2.507326 -1.080010
2.956214 2.514014 -1.079413
2.935007 2.539619 -1.084796
2.932029 2.551279 -1.080301
2.930078 2.558602 -1.090096
2.925732 2.553429 -1.066667
2.914993 2.558242 -1.082502
2.904516 2.582561 -1.080206
2.894460 2.574540 -1.086134
2.895086 2.597077 -1.083448
2.881136 2.591961 -1.080584
2.875732 2.609916 -1.090984
2.866391 2.610280 -1.071822
2.857884 2.630627 -1.088907
2.853381 2.622851 -1.081687
2.832391 2.652965 -1.061907
2.846778 2.662816 -1.100397
2.839709 2.654873 -1.072068
2.833523 2.694249 -1.073406
2.804343 2.685823 -1.092375
2.802758 2.682847 -1.081150
2.775594 2.702446 -1.075799
2.767827 2.711699 -1.089487
2.768038 2.718856 -1.078312
2.767543 2.723260 -1.063378
2.743934 2.745322 -1.085061
2.733541 2.736093 -1.079370
2.749703 2.743186 -1.079780
2.722730 2.745106 -1.095222
2.727427 2.755197 -1.079616
2.707135 2.758352 -1.083651
2.716297 2.782604 -1.088270
2.698631 2.794704 -1.096484
2.686839 2.797218 -1.086896
2.678016 2.801891 -1.080124
2.664387 2.817824 -1.085345
2.678261 2.814110 -1.093184
2.650618 2.811753 -1.074355
2.646262 2.828571 -1.079814
2.660383 2.850956 -1.066958
2.627255 2.846509 -1.079478
2.615954 2.880494 -1.079656
2.631998 2.884144 -1.074732
2.599224 2.877116 -1.086520
2.602506 2.878568 -1.076008
2.565643 2.889872 -1.088719
2.579734 2.886978 -1.072652
2.574518 2.904700 -1.084880
2.553576 2.911413 -1.078961
2.543943 2.944063 -1.096666
2.532414 2.941823 -1.073084
2.513625 2.927985 -1.102400
2.509824 2.931713 -1.080544
2.513347 2.959243 -1.074534
2.496780 2.965993 -1.064598
2.483887 2.965813 -1.082506
2.471518 2.982091 -1.094899
2.472765 2.984201 -1.088423
2.464602 2.995868 -1.089520
2.428631 3.009907 -1.094147
2.449251 3.006696 -1.084773
2.463995 3.013384 -1.089889
2.428708 3.016010 -1.077706
2.427077 3.022283 -1.071427
2.396385 3.043779 -1.103078
2.413431 3.052445 -1.071227
2.394887 3.053314 -1.084432
2.403393 3.056833 -1.077111
2.383890 3.066219 -1.085917
2.359189 3.075950 -1.084824
2.353177 3.073718 -1.083359
2.343706 3.083590 -1.059066
2.320750 3.088831 -1.098154
2.354744 3.104158 -1.082548
2.306822 3.111871 -1.100669
2.315420 3.142792 -1.115866
2.292609 3.129558 -1.095935
2.280166 3.135460 -1.095077
2.284835 3.139799 -1.066528
2.284579 3.148401 -1.093430
2.264130 3.156260 -1.088352
2.237788 3.148738 -1.074683
2.252076 3.165067 -1.083402
2.223662 3.159218 -1.084967
2.216619 3.188574 -1.063593
2.205261 3.187916 -1.076924
2.194726 3.175435 -1.104538
2.190662 3.198922 -1.089491
2.196063 3.200082 -1.078828
2.177815 3.210378 -1.085832
2.162022 3.228424 -1.083064
2.142294 3.237748 -1.080589
2.143323 3.232293 -1.054771
2.126388 3.235243 -1.073165
2.106043 3.254007 -1.077277
2.122550 3.229085 -1.082218
2.104157 3.271930 -1.082772
2.089922 3.294580 -1.085161
2.064240 3.285568 -1.075897
2.092138 3.272509 -1.087018
2.074237 3.288753 -1.072484
2.056637 3.285738 -1.090404
2.039382 3.294876 -1.087163
2.024311 3.315803 -1.069673
2.020381 3.308919 -1.086149
2.012037 3.332767 -1.082919
1.999676 3.309149 -1.078100
1.988002 3.340563 -1.076244
1.972791 3.355798 -1.093225
1.976850 3.333966 -1.087376
1.951290 3.338964 -1.070783
1.945134 3.361651 -1.086331
1.938401 3.360181 -1.090619
1.927608 3.374120 -1.088297
1.906235 3.382827 -1.069670
1.922837 3.391434 -1.069491
1.910747 3.378910 -1.086623
1.891376 3.374714 -1.075683
1.877792 3.393610 -1.084445
1.879197 3.396081 -1.084821
1.848914 3.406969 -1.094084
1.841126 3.411721 -1.070853
1.831257 3.410605 -1.086838
1.832965 3.425977 -1.066580
1.823989 3.433137 -1.077659
1.805122 3.451216 -1.061987
1.795113 3.439849 -1.074086
1.784623 3.437507 -1.078399
1.773092 3.437957 -1.085586
1.761888 3.457786 -1.096022
1.743276 3.464065 -1.084116
1.731730 3.451630 -1.091340
1.715996 3.478325 -1.065805
1.728197 3.465157 -1.083868
1.724566 3.499856 -1.072819
1.699152 3.494568 -1.065181
1.697806 3.485830 -1.082160
1.676990 3.487737 -1.079551
1.668681 3.502473 -1.080110
1.640215 3.501456 -1.065693
1.647358 3.528102 -1.061987
1.626143 3.524134 -1.089578
1.610646 3.511436 -1.079444
1.602512 3.515110 -1.088777
1.590337 3.525506 -1.081580
1.607370 3.529739 -1.088312
1.568878 3.555254 -1.092554
1.579990 3.549701 -1.077313
1.562118 3.537726 -1.077760
1.530225 3.566214 -1.058958
1.526543 3.582766 -1.075827
1.503751 3.566752 -1.083877
1.517888 3.574456 -1.051710
1.504148 3.571697 -1.071802
1.503195 3.569305 -1.045377
1.469109 3.587648 -1.083001
1.488337 3.597484 -1.079409
1.447024 3.597197 -1.077177
1.463645 3.599197 -1.075040
1.441929 3.603172 -1.089779
1.439231 3.604255 -1.077785
1.412042 3.612524 -1.068059
1.403375 3.639485 -1.084765
1.400604 3.630970 -1.064947
1.357422 3.624235 -1.073576
1.357762 3.635635 -1.068119
1.356696 3.625730 -1.092294
1.337290 3.643947 -1.091271
1.328601 3.657429 -1.077167
1.327396 3.671000 -1.085233
1.323600 3.644051 -1.082899
1.318478 3.652568 -1.091993
1.279797 3.671431 -1.071241
1.290332 3.649886 -1.078524
1.264840 3.670816 -1.063775
1.260804 3.674119 -1.072354
1.256081 3.676138 -1.059208
1.228989 3.685295 -1.059081
1.235317 3.678044 -1.077003
1.202234 3.691226 -1.094547
1.209900 3.686995 -1.101274
1.185129 3.702677 -1.069355
1.177143 3.711683 -1.074912
1.149999 3.675262 -1.078582
1.130749 3.713223 -1.080543
1.153825 3.713615 -1.082773
1.134472 3.705954 -1.104714
1.118595 3.720684 -1.076756
1.125045 3.714420 -1.090412
1.112453 3.720727 -1.067254
1.108919 3.728122 -1.091995
1.094875 3.734216 -1.077613
1.058594 3.742091 -1.079024
1.058031 3.746173 -1.085191
1.042094 3.739363 -1.083284
1.019915 3.739873 -1.074447
1.028755 3.732147 -1.073018
1.010314 3.743880 -1.069795
0.977115 3.762968 -1.083801
0.972764 3.744666 -1.068341
1.002303 3.758158 -1.057372
0.962331 3.751265 -1.081502
0.951812 3.760751 -1.092701
0.931931 3.752446 -1.068353
0.960406 3.780269 -1.100282
0.922393 3.778375 -1.062704
0.904075 3.770800 -1.083935
0.905888 3.779937 -1.057630
0.879421 3.797284 -1.083761
0.848854 3.780358 -1.071863
0.865785 3.790239 -1.083794
0.838145 3.790930 -1.067640
0.839219 3.801491 -1.091404
0.818549 3.785888 -1.069435
0.805710 3.793988 -1.066118
0.788656 3.798830 -1.070024
0.786325 3.788255 -1.063075
0.775085 3.803392 -1.084481
0.744830 3.795038 -1.085043
0.746315 3.807519 -1.071609
0.742826 3.813013 -1.077723
0.719319 3.807028 -1.080217
0.724699 3.816104 -1.070347
0.711757 3.810594 -1.081005
0.689929 3.813684 -1.071857
0.697152 3.828923 -1.074082
0.663455 3.836917 -1.086527
0.650752 3.820215 -1.096397
0.633144 3.835191 -1.081362
0.622113 3.823507 -1.064196
0.632438 3.834901 -1.071100
0.599618 3.821534 -1.064945
0.593537 3.842492 -1.075356
0.585074 3.837949 -1.078962
0.585175 3.822395 -1.077750
0.563277 3.833184 -1.082217
0.544975 3.835431 -1.087282
0.553116 3.844337 -1.079488
0.520739 3.837103 -1.066816
0.520617 3.840347 -1.071361
0.519652 3.854966 -1.070821
0.499604 3.854803 -1.074849
0.497976 3.848450 -1.055210
0.453205 3.844252 -1.085140
0.449054 3.858574 -1.094412
0.452003 3.841393 -1.082752
0.424760 3.848457 -1.083760
0.419656 3.869806 -1.083068
0.418326 3.875761 -1.078354
0.402092 3.862822 -1.072461
0.381420 3.846129 -1.087499
0.363601 3.850538 -1.075900
0.368433 3.855673 -1.062517
0.368943 3.860688 -1.089573
0.339979 3.864417 -1.087542
0.318103 3.866069 -1.087113
0.305062 3.855592 -1.067175
0.286526 3.858594 -1.091986
0.297781 3.865483 -1.067495
0.288438 3.860464 -1.069897
0.261673 3.882353 -1.068362
0.262496 3.868891 -1.071218
0.245363 3.862051 -1.090655
0.227642 3.860657 -1.072261
0.220352 3.891291 -1.083437
0.219389 3.891717 -1.094695
0.189417 3.884030 -1.063578
0.196113 3.858182 -1.104480
0.157448 3.887255 -1.081044
0.167336 3.885049 -1.087442
0.149777 3.885581 -1.070682
0.139271 3.890383 -1.071114
0.136963 3.876584 -1.082075
0.118547 3.870322 -1.084653
0.112929 3.882628 -1.064241
0.078084 3.873053 -1.092698
0.067132 3.876923 -1.066946
0.061068 3.877183 -1.075714
0.037906 3.871562 -1.076926
0.030725 3.888089 -1.083817
0.046334 3.876322 -1.080237
0.018163 3.888019 -1.075449
-0.005336 3.885669 -1.075057
0.003246 3.861109 -1.081356
0.015196 -4.024305 -1.073357
0.022487 -4.011992 -1.067113
0.026227 -4.007302 -1.092131
0.037588 -4.014695 -1.060928
0.037570 -4.012642 -1.075814
0.070768 -4.003344 -1.099904
0.087897 -4.009218 -1.070447
0.093685 -4.016778 -1.081955
0.109057 -4.025932 -1.084729
0.121441 -4.013908 -1.074714
0.121685 -4.005661 -1.069657
0.152123 -4.018116 -1.097904
0.160586 -4.012755 -1.066887
0.162435 -4.009202 -1.070451
0.180570 -4.012327 -1.084441
0.181997 -4.020022 -1.084228
0.195871 -4.015054 -1.090763
0.214792 -4.018288 -1.086184
0.216370 -4.004990 -1.080945
0.248847 -4.030376 -1.084707
0.243046 -4.020574 -1.073838
0.265833 -4.019329 -1.072486
0.283125 -4.015718 -1.099858
0.287134 -4.001835 -1.075801
0.301328 -3.990351 -1.075304
0.326939 -3.991754 -1.083994
0.314868 -4.002993 -1.076662
0.334962 -4.023118 -1.094756
0.353708 -3.991548 -1.076386
0.366665 -3.986784 -1.088061
0.375750 -3.998495 -1.085189
0.396412 -3.984948 -1.080126
0.411233 -3.999826 -1.079361
0.414842 -4.010282 -1.086429
0.424107 -3.974745 -1.068384
0.432897 -3.988997 -1.050796
0.447524 -3.987263 -1.094474
0.452234 -3.983709 -1.079268
0.461515 -3.976781 -1.083336
0.479103 -3.986906 -1.091272
0.500279 -3.975272 -1.074975
0.526679 -3.971528 -1.062793
0.530503 -3.994841 -1.071288
0.525066 -3.972702 -1.052817
0.564414 -3.955029 -1.080659
0.559253 -3.994081 -1.085637
0.570464 -3.973760 -1.086638
0.575462 -3.972966 -1.086251
0.597478 -3.967199 -1.069175
0.607104 -3.980093 -1.081595
0.630391 -3.949284 -1.070650
0.639873 -3.985254 -1.082640
0.652439 -3.960703 -1.067182
0.649245 -3.961738 -1.082578
0.670304 -3.967877 -1.081112
0.675157 -3.952614 -1.085618
0.681979 -3.958494 -1.071958
0.693956 -3.943667 -1.059295
0.715705 -3.969117 -1.092763
0.730284 -3.951919 -1.078463
0.731437 -3.940661 -1.084204
0.733063 -3.936746 -1.078414
0.776091 -3.951470 -1.073569
0.801238 -3.946398 -1.076540
0.781025 -3.927677 -1.068520
0.800631 -3.924017 -1.089486
0.805726 -3.919909 -1.085243
0.813551 -3.921454 -1.063125
0.831965 -3.925274 -1.078119
0.848243 -3.926502 -1.077539
0.868333 -3.909794 -1.096660
0.873355 -3.917896 -1.068056
0.887198 -3.913997 -1.078119
0.907220 -3.924700 -1.076925
0.902902 -3.905630 -1.061121
0.931064 -3.897456 -1.077118
0.935220 -3.891149 -1.083590
0.934492 -3.890705 -1.097042
0.978395 -3.900048 -1.073533
0.966263 -3.896588 -1.077830
0.984509 -3.892206 -1.067861
0.980364 -3.898710 -1.077681
1.021963 -3.872915 -1.079839
1.031591 -3.895603 -1.072095
1.028979 -3.884095 -1.060029
1.049021 -3.880658 -1.060673
1.051694 -3.858701 -1.084178
1.065724 -3.888465 -1.093390
1.079312 -3.865382 -1.063918
1.089226 -3.860305 -1.082538
1.083530 -3.875414 -1.092697
1.104614 -3.844896 -1.098571
1.124484 -3.852180 -1.086474
1.132640 -3.835420 -1.087285
1.152701 -3.836235 -1.096546
1.169766 -3.840232 -1.062925
1.187737 -3.844376 -1.082640
1.186982 -3.837265 -1.088119
1.210041 -3.848559 -1.071259
1.216917 -3.821893 -1.062166
1.221150 -3.827954 -1.066786
1.210592 -3.823039 -1.076012
1.240237 -3.823383 -1.073886
1.248823 -3.814495 -1.074671
1.257681 -3.812382 -1.067953
1.268874 -3.836785 -1.067692
1.283485 -3.802274 -1.082443
1.287213 -3.789253 -1.069488
1.326333 -3.803023 -1.065620
1.334264 -3.782672 -1.053762
1.335188 -3.800626 -1.064436
1.359841 -3.775257 -1.075268
1.356746 -3.774983 -1.086605
1.373114 -3.776470 -1.063396
1.378066 -3.761991 -1.078000
1.387344 -3.759048 -1.096573
1.430064 -3.769977 -1.079910
1.419430 -3.754739 -1.082152
1.410303 -3.758754 -1.088195
1.447369 -3.745355 -1.074594
1.436943 -3.749302 -1.069629
1.459356 -3.742466 -1.080428
1.483426 -3.736133 -1.089372
1.476719 -3.704386 -1.072545
1.500878 -3.720309 -1.083004
1.508893 -3.725413 -1.075969
1.532849 -3.719100 -1.084976
1.531890 -3.712721 -1.067461
1.545077 -3.722317 -1.089221
1.556034 -3.702322 -1.078322
1.566206 -3.698345 -1.076826
1.569014 -3.690285 -1.088386
1.586157 -3.702070 -1.075140
1.590068 -3.673043 -1.073312
1.612376 -3.655739 -1.069995
1.625393 -3.675768 -1.084815
1.633297 -3.673395 -1.083562
1.627940 -3.681967 -1.088870
1.657402 -3.656236 -1.074592
1.649739 -3.648739 -1.080616
1.678176 -3.638076 -1.082180
1.683399 -3.648569 -1.057355
1.695292 -3.648615 -1.090592
1.714853 -3.617787 -1.079832
1.725007 -3.629444 -1.095649
1.749161 -3.611017 -1.074004
1.756697 -3.606292 -1.090398
1.751919 -3.609581 -1.066197
1.769925 -3.598092 -1.083080
1.770296 -3.604887 -1.075099
1.787530 -3.597349 -1.076828
1.803646 -3.587770 -1.067436
1.807268 -3.591155 -1.091093
1.825528 -3.592630 -1.080731
1.831237 -3.590418 -1.068690
1.857704 -3.573961 -1.074642
1.861380 -3.563310 -1.081497
1.861232 -3.557457 -1.084927
1.874014 -3.554169 -1.073243
1.901255 -3.546673 -1.088186
1.906178 -3.539438 -1.081642
1.923115 -3.511836 -1.087303
1.908198 -3.518547 -1.071203
1.915423 -3.531145 -1.060218
1.941236 -3.531766 -1.050959
1.959970 -3.499058 -1.080046
1.959675 -3.494682 -1.077455
1.972800 -3.485436 -1.082737
1.993888 -3.498373 -1.081665
2.012720 -3.480173 -1.073197
2.001546 -3.497143 -1.070054
2.033657 -3.484486 -1.067518
2.034770 -3.457824 -1.081287
2.031964 -3.452366 -1.089149
2.047300 -3.459819 -1.076952
2.051192 -3.463278 -1.071014
2.068548 -3.450218 -1.060389
2.094950 -3.441199 -1.084568
2.079001 -3.429259 -1.075193
2.117315 -3.423834 -1.078123
2.102558 -3.423515 -1.068373
2.115100 -3.406611 -1.059305
2.140161 -3.402673 -1.078919
2.137497 -3.396483 -1.063260
2.164633 -3.370480 -1.058119
2.178494 -3.396050 -1.080200
2.173597 -3.377974 -1.080432
2.180944 -3.359984 -1.067546
2.196841 -3.349040 -1.071544
2.202260 -3.343561 -1.074945
2.207124 -3.359493 -1.075861
2.215091 -3.333562 -1.079012
2.235995 -3.337293 -1.067932
2.247174 -3.348143 -1.059199
2.266038 -3.333843 -1.068691
2.274196 -3.316201 -1.097416
2.275791 -3.307582 -1.087132
2.283850 -3.293728 -1.090032
2.307576 -3.288342 -1.098867
2.309305 -3.305340 -1.063861
2.309464 -3.269110 -1.076726
2.329280 -3.265438 -1.085785
2.329602 -3.279043 -1.082318
2.334872 -3.260649 -1.090107
2.354610 -3.235880 -1.091657
2.361612 -3.266585 -1.050132
2.381388 -3.256968 -1.085207
2.388088 -3.235713 -1.095247
2.377298 -3.227261 -1.103460
2.407117 -3.197490 -1.079804
2.407256 -3.207650 -1.077730
2.434001 -3.189041 -1.072676
2.428039 -3.206467 -1.077070
2.433978 -3.162790 -1.084663
2.454870 -3.169466 -1.069920
2.479986 -3.162461 -1.064372
2.483560 -3.159690 -1.078843
2.492553 -3.156218 -1.073060
2.483121 -3.127674 -1.068698
2.510554 -3.129980 -1.075271
2.514112 -3.138784 -1.082218
2.513161 -3.129869 -1.086878
2.537286 -3.126890 -1.064085
2.536903 -3.118607 -1.069383
2.555172 -3.116102 -1.075557
2.545562 -3.108047 -1.073551
2.566793 -3.093045 -1.090744
2.586061 -3.085892 -1.079798
2.581542 -3.086949 -1.079342
2.608285 -3.063645 -1.094931
2.609154 -3.044651 -1.081079
2.606609 -3.036879 -1.076788
2.634429 -3.048905 -1.060981
2.620718 -3.029172 -1.060285
2.644651 -3.035105 -1.069683
2.665199 -3.014134 -1.081273
2.666732 -3.014886 -1.073846
2.679269 -2.994163 -1.086519
2.691076 -2.988378 -1.080827
2.704208 -3.004793 -1.073309
2.716142 -2.968197 -1.063531
2.717136 -2.969671 -1.088142
2.711483 -2.955966 -1.072845
2.732378 -2.961924 -1.077174
2.739584 -2.922326 -1.094568
2.748381 -2.921401 -1.066759
2.759296 -2.915323 -1.103868
2.768597 -2.916204 -1.068426
2.774628 -2.911762 -1.087404
2.788149 -2.897199 -1.082257
2.802079 -2.890359 -1.069982
2.805789 -2.893408 -1.075212
2.801604 -2.866974 -1.061514
2.814104 -2.863906 -1.082451
2.843529 -2.841021 -1.088662
2.848273 -2.853506 -1.082042
2.849437 -2.819774 -1.084986
2.876106 -2.814721 -1.064406
2.861167 -2.803768 -1.077966
2.861564 -2.791324 -1.075471
2.879652 -2.790152 -1.091895
2.877348 -2.783999 -1.069758
2.909205 -2.775160 -1.095161
2.912661 -2.783444 -1.071266
2.916964 -2.755355 -1.083771
2.940138 -2.750932 -1.074423
2.932142 -2.737680 -1.063236
2.944975 -2.744683 -1.099404
2.962080 -2.731656 -1.082927
2.964419 -2.718048 -1.073019
2.971301 -2.706486 -1.083071
2.965272 -2.699506 -1.092749
2.981943 -2.709307 -1.087739
2.993976 -2.666018 -1.064757
3.002261 -2.673719 -1.072287
3.008727 -2.660309 -1.087915
3.006152 -2.650770 -1.073058
3.009122 -2.660928 -1.065300
3.029423 -2.638852 -1.082595
3.019426 -2.638561 -1.081446
3.053710 -2.608389 -1.065186
3.057600 -2.612906 -1.085747
3.061703 -2.594517 -1.079489
3.067729 -2.592000 -1.087235
3.086728 -2.581344 -1.084255
3.092952 -2.559591 -1.083154
3.098339 -2.557352 -1.082332
3.100975 -2.551419 -1.066080
3.118742 -2.555322 -1.085546
3.136287 -2.532956 -1.068452
3.098834 -2.516240 -1.072220
3.138682 -2.511498 -1.081825
3.134538 -2.498296 -1.079241
3.159868 -2.501819 -1.062366
3.166654 -2.483469 -1.079370
3.175029 -2.471886 -1.078254
3.158924 -2.463292 -1.078694
3.181967 -2.446878 -1.083851
3.200701 -2.446316 -1.087361
3.183972 -2.431870 -1.061844
3.205634 -2.420249 -1.077188
3.209317 -2.412979 -1.095021
3.216396 -2.396825 -1.078253
3.209496 -2.413950 -1.079782
3.232502 -2.371775 -1.080934
3.232010 -2.375014 -1.058385
3.237675 -2.351002 -1.094781
3.272542 -2.353364 -1.073562
3.266645 -2.353057 -1.079005
3.265633 -2.330411 -1.089079
3.290618 -2.338147 -1.068413
3.278819 -2.326258 -1.079709
3.290419 -2.297790 -1.093442
3.287773 -2.266194 -1.099475
2.503870 -1.717048 -0.814871
2.488967 -1.722358 -0.826267
2.480407 -1.711657 -0.802029
2.485564 -1.704263 -0.814224
2.499293 -1.705808 -0.820189
2.511939 -1.704665 -0.819395
3.344297 -2.215908 -1.096315
3.349198 -2.204967 -1.057940
3.359140 -2.176983 -1.080422
3.363791 -2.190352 -1.089695
3.380910 -2.171061 -1.090041
3.377851 -2.174038 -1.084250
3.393877 -2.179552 -1.085963
3.404762 -2.149081 -1.082628
3.383493 -2.138541 -1.106388
3.389004 -2.117154 -1.080898
3.420980 -2.122063 -1.084812
3.428715 -2.106130 -1.075066
3.431180 -2.098030 -1.075065
3.419371 -2.089395 -1.072950
3.445990 -2.069304 -1.070080
3.461303 -2.072299 -1.062780
3.439705 -2.061548 -1.084727
3.454861 -2.038052 -1.059125
3.458795 -2.014226 -1.070055
3.471649 -2.039115 -1.084219
3.492420 -2.026412 -1.075049
3.460603 -2.002338 -1.089678
3.481268 -1.998442 -1.086322
3.496777 -1.966711 -1.088547
3.507886 -1.987857 -1.082739
3.524533 -1.965477 -1.085545
3.491220 -1.950712 -1.081721
3.513697 -1.942061 -1.095056
3.520126 -1.942838 -1.082501
3.528810 -1.908864 -1.075467
3.549905 -1.897581 -1.080345
3.550825 -1.898643 -1.070714
3.539290 -1.883603 -1.090295
3.572849 -1.878635 -1.075622
3.550323 -1.866298 -1.104118
3.484227 -1.807253 -1.056826
3.478637 -1.793370 -1.047503
3.509052 -1.778229 -1.071258
3.478587 -1.761395 -1.039706
3.463203 -1.748958 -1.042208
3.454670 -1.735036 -1.039057
3.461693 -1.718720 -1.040599
3.465146 -1.702701 -1.031201
3.478222 -1.689907 -1.028000
3.479042 -1.679792 -1.043512
3.481738 -1.690798 -1.024115
3.491047 -1.663819 -1.038334
3.499567 -1.654904 -1.040619
3.519498 -1.629968 -1.034655
3.501486 -1.648467 -1.044751
3.543385 -1.630952 -1.037861
3.554517 -1.646903 -1.055191
3.562384 -1.627919 -1.050993
3.665491 -1.677568 -1.098845
3.685851 -1.652460 -1.085325
3.702680 -1.635096 -1.079934
3.676488 -1.641116 -1.066428
3.686672 -1.597510 -1.091357
3.676157 -1.596910 -1.094368
3.689875 -1.580896 -1.080022
3.694986 -1.559671 -1.085192
3.703974 -1.554010 -1.085340
3.699146 -1.561202 -1.084265
3.701735 -1.534603 -1.077562
3.710996 -1.534762 -1.083066
3.714710 -1.531183 -1.092296
3.728998 -1.511521 -1.064662
3.719789 -1.498150 -1.072828
3.722672 -1.486385 -1.082863
3.740983 -1.473847 -1.079705
3.724092 -1.463822 -1.070695
3.755482 -1.441402 -1.076447
3.764520 -1.424995 -1.070575
3.757988 -1.418407 -1.074111
3.767799 -1.414013 -1.082533
3.752110 -1.392202 -1.084983
3.755566 -1.382815 -1.068997
3.755993 -1.382731 -1.066145
3.756071 -1.354792 -1.077918
3.785273 -1.358064 -1.077266
3.779664 -1.341504 -1.071612
3.794256 -1.325379 -1.071545
3.799465 -1.316244 -1.102153
3.791869 -1.292259 -1.077688
3.801650 -1.299532 -1.079208
3.797753 -1.291561 -1.092140
3.821434 -1.279545 -1.081286
3.806761 -1.249612 -1.076455
3.826662 -1.255700 -1.078914
3.817928 -1.228666 -1.077667
3.819273 -1.238126 -1.098076
3.811357 -1.204817 -1.070666
3.826577 -1.213815 -1.074042
3.826411 -1.181204 -1.064200
3.835199 -1.189984 -1.062684
3.835869 -1.166895 -1.091658
3.864204 -1.146299 -1.083579
3.848290 -1.159334 -1.075836
3.854712 -1.130192 -1.090519
3.858558 -1.112026 -1.068222
3.880352 -1.103537 -1.066812
3.856488 -1.113773 -1.065705
3.870475 -1.089483 -1.076007
3.865271 -1.072204 -1.073953
3.854118 -1.076672 -1.088139
3.874502 -1.048226 -1.094370
3.874058 -1.042791 -1.079376
3.865175 -1.037271 -1.086401
3.886745 -1.025637 -1.084490
3.896325 -0.995838 -1.067263
3.892303 -0.980915 -1.078184
3.887371 -0.971694 -1.079072
3.905651 -0.974148 -1.087108
3.911454 -0.933609 -1.081985
3.908533 -0.931172 -1.097423
3.892872 -0.927297 -1.093375
3.914271 -0.903820 -1.090853
3.916574 -0.914840 -1.079112
3.923569 -0.892404 -1.084785
3.909616 -0.891405 -1.092216
3.913550 -0.870665 -1.064866
3.935536 -0.852905 -1.089829
3.926192 -0.852805 -1.083381
3.939678 -0.840395 -1.087207
3.945258 -0.839510 -1.075304
3.941256 -0.805915 -1.087135
3.932542 -0.807456 -1.079782
3.948639 -0.779864 -1.082633
3.933694 -0.778681 -1.087049
3.935129 -0.760715 -1.063465
3.952515 -0.745186 -1.081640
3.940133 -0.714729 -1.090744
3.949421 -0.712963 -1.065122
3.955224 -0.712186 -1.068300
3.944038 -0.700247 -1.077817
3.977804 -0.671077 -1.077409
3.959193 -0.685628 -1.093152
3.958150 -0.653566 -1.081084
3.970191 -0.651409 -1.087005
3.960548 -0.634366 -1.079245
3.967741 -0.626125 -1.078471
3.968094 -0.610976 -1.070351
3.967232 -0.602390 -1.075936
3.963591 -0.575974 -1.090660
3.964075 -0.568839 -1.087133
3.958720 -0.560522 -1.072194
3.979707 -0.549884 -1.075703
3.991733 -0.551054 -1.064399
3.992808 -0.512927 -1.088526
3.983639 -0.516997 -1.083194
3.989693 -0.510017 -1.093922
3.981097 -0.490718 -1.064545
3.975650 -0.482012 -1.078750
3.991537 -0.465367 -1.083019
3.981665 -0.452480 -1.102266
3.995456 -0.438044 -1.075583
4.003952 -0.438891 -1.074846
3.991169 -0.418300 -1.081701
3.996419 -0.416708 -1.085307
4.006998 -0.407796 -1.081529
4.011649 -0.364302 -1.079307
3.988308 -0.359417 -1.089358
3.987897 -0.358220 -1.075375
4.002385 -0.343169 -1.087737
3.997808 -0.354951 -1.063502
4.011049 -0.309146 -1.090181
3.999521 -0.297399 -1.094051
4.005461 -0.295429 -1.064454
4.002000 -0.295278 -1.082661
4.011096 -0.261027 -1.062548
3.994931 -0.270855 -1.078565
3.996988 -0.242967 -1.067876
4.013576 -0.248754 -1.074745
4.007160 -0.212539 -1.087405
3.997304 -0.202409 -1.099635
4.009559 -0.209843 -1.077418
4.012165 -0.196757 -1.082629
3.984454 -0.176065 -1.077727
3.996332 -0.160468 -1.104182
4.010758 -0.147993 -1.070055
4.020276 -0.147099 -1.077575
4.006251 -0.133307 -1.065471
4.009598 -0.115907 -1.080856
4.035967 -0.108331 -1.079194
4.028599 -0.069245 -1.062240
4.004438 -0.064308 -1.080806
4.013420 -0.056068 -1.070452
4.000739 -0.048467 -1.084346
4.025498 -0.041164 -1.083747
4.016184 -0.036961 -1.069919
4.031689 -0.018964 -1.067737
4.008339 -0.001265 -1.084574
4.008048 0.011794 -1.092502
4.019556 0.014023 -1.056827
4.012169 0.041792 -1.073605
4.008279 0.035801 -1.081534
4.003284 0.058717 -1.095019
4.017616 0.067435 -1.087095
4.012139 0.083612 -1.085193
4.018002 0.097695 -1.080174
4.018290 0.118418 -1.086042
4.023728 0.129770 -1.090124
3.995583 0.145526 -1.080619
4.017933 0.139062 -1.095461
4.024612 0.172495 -1.087519
4.003277 0.177082 -1.065987
4.002482 0.183516 -1.090098
4.003336 0.195548 -1.082093
4.023483 0.225226 -1.077056
4.010869 0.226331 -1.059186
4.015548 0.240332 -1.082918
4.026362 0.255028 -1.093536
4.005185 0.262190 -1.077734
4.021390 0.275051 -1.089160
3.994985 0.277276 -1.092606
3.999727 0.310606 -1.084762
3.994601 0.312108 -1.069812
4.003854 0.333280 -1.061925
3.992534 0.331671 -1.103343
3.997970 0.346093 -1.058033
3.994634 0.346483 -1.090409
4.014390 0.359783 -1.081516
3.997148 0.379774 -1.065908
3.993459 0.371723 -1.075578
3.990208 0.400264 -1.080587
3.981146 0.415427 -1.085042
4.010065 0.416039 -1.083072
4.005109 0.446165 -1.062386
3.996621 0.448751 -1.071576
3.984084 0.463795 -1.084187
3.986315 0.475988 -1.085432
3.977779 0.467210 -1.073598
3.984134 0.508822 -1.077185
3.982424 0.516983 -1.059904
3.971651 0.533233 -1.095862
3.990404 0.541390 -1.088765
3.991440 0.564523 -1.083652
3.954015 0.565236 -1.076103
3.972166 0.572128 -1.064829
3.994710 0.578665 -1.065500
3.972245 0.589526 -1.068175
3.980702 0.618995 -1.079852
3.955609 0.626668 -1.068695
3.963112 0.636834 -1.084267
3.961402 0.647367 -1.074496
3.976614 0.670143 -1.087306
3.968079 0.669874 -1.069469
3.962672 0.675975 -1.080495
3.957047 0.715612 -1.077737
3.947493 0.705415 -1.081738
3.947762 0.739699 -1.083349
3.935767 0.743734 -1.072707
3.948936 0.743288 -1.077205
3.938471 0.763596 -1.080308
3.953931 0.775844 -1.062758
3.927791 0.784523 -1.084346
3.943407 0.793883 -1.071879
3.943860 0.815269 -1.063656
3.934294 0.834338 -1.083405
3.922765 0.830275 -1.068287
3.928129 0.831421 -1.086114
3.934781 0.833848 -1.076422
3.923205 0.870112 -1.072791
3.907068 0.891045 -1.085158
3.931658 0.910573 -1.091406
3.925864 0.891566 -1.055665
3.908707 0.912362 -1.073942
3.891691 0.938436 -1.080000
3.900562 0.926809 -1.062495
3.899964 0.973822 -1.085274
3.903907 0.965841 -1.071811
3.909577 0.978146 -1.089092
3.876752 0.978302 -1.092994
3.905514 0.996042 -1.090751
3.901300 1.016957 -1.081566
3.881958 1.012736 -1.081962
3.888090 1.025101 -1.087260
3.879327 1.056882 -1.084647
3.879120 1.057246 -1.072410
3.878181 1.065406 -1.083948
3.861692 1.079993 -1.077527
3.851529 1.103548 -1.063867
3.882916 1.092507 -1.074038
3.852252 1.136951 -1.059314
3.852734 1.141119 -1.070589
3.844469 1.144767 -1.064345
3.866630 1.160119 -1.078395
3.840312 1.170509 -1.077558
3.860495 1.155390 -1.074464
3.822551 1.182427 -1.084217
3.820275 1.204476 -1.073240
3.834836 1.215388 -1.079158
3.830145 1.218643 -1.077619
3.839789 1.227639 -1.074321
3.816100 1.246319 -1.071770
3.800569 1.270035 -1.086802
3.804119 1.273869 -1.075722
3.803268 1.286265 -1.070947
3.796112 1.294875 -1.088628
3.793117 1.313032 -1.071300
3.809027 1.315605 -1.078712
3.795983 1.323182 -1.082309
3.786054 1.331091 -1.093614
3.789586 1.333717 -1.085054
3.769498 1.359317 -1.095029
3.786162 1.377084 -1.083310
3.757314 1.391125 -1.079466
3.776249 1.387695 -1.070967
3.748262 1.411870 -1.079208
3.767417 1.416699 -1.085384
3.768912 1.437701 -1.062200
3.743587 1.440100 -1.069735
3.736641 1.453956 -1.076250
3.737041 1.469344 -1.083354
3.725786 1.465480 -1.068619
3.719713 1.494937 -1.068969
3.733880 1.527860 -1.081697
3.716154 1.521497 -1.051553
3.728283 1.510998 -1.095196
3.711565 1.541528 -1.074992
3.707654 1.539435 -1.089050
3.697479 1.575334 -1.077237
3.676827 1.572253 -1.082368
3.700752 1.587625 -1.080636
3.696378 1.607213 -1.084404
3.685246 1.591659 -1.078264
3.689880 1.622190 -1.092685
3.672664 1.628000 -1.069824
3.648554 1.619171 -1.081830
3.666769 1.658651 -1.083221
3.653860 1.657036 -1.079045
3.661136 1.671607 -1.075070
3.634640 1.694982 -1.084276
3.641927 1.691702 -1.067317
3.642271 1.719766 -1.098716
3.615315 1.720670 -1.072275
3.622709 1.752638 -1.077078
3.615668 1.741141 -1.084657
3.602019 1.738176 -1.091992
3.530925 1.721724 -1.044725
3.517855 1.709530 -1.042022
3.513391 1.739026 -1.046438
3.437353 1.728816 -1.034421
3.432453 1.714901 -1.022603
3.408592 1.729285 -1.021996
3.395728 1.740378 -1.033477
3.390434 1.763167 -1.038079
3.368606 1.762979 -1.013940
3.371405 1.763625 -1.012562
3.375546 1.771160 -1.017443
3.379401 1.779796 -1.010036
3.365766 1.806070 -1.029776
3.377335 1.823271 -1.028894
3.383645 1.820699 -1.031037
3.430431 1.892182 -1.050826
3.425000 1.886149 -1.068129
3.499335 1.959677 -1.068614
3.512839 1.956545 -1.073811
3.495336 1.980865 -1.073498
3.490855 1.992332 -1.079541
3.495227 1.996736 -1.090951
3.491108 1.999768 -1.082206
3.498467 1.999499 -1.081935
3.463683 2.023794 -1.082064
3.452265 2.025581 -1.078065
3.447960 2.040247 -1.085408
3.456673 2.067220 -1.078582
3.456056 2.064828 -1.091402
3.434874 2.088812 -1.073277
3.416206 2.097205 -1.079847
3.428886 2.093774 -1.082017
3.405386 2.114007 -1.064511
3.410608 2.123544 -1.099519
3.400876 2.137188 -1.079828
3.409233 2.132403 -1.079931
3.386708 2.154007 -1.091226
3.380558 2.164311 -1.060181
3.371034 2.164760 -1.078459
3.354141 2.176746 -1.080954
3.374772 2.192881 -1.075496
3.353213 2.214327 -1.090405
3.338383 2.222445 -1.080291
3.340262 2.218151 -1.057007
3.335106 2.240829 -1.075776
3.320359 2.252645 -1.099273
3.306047 2.266752 -1.071149
3.304335 2.248547 -1.088989
3.327060 2.279799 -1.076398
3.290186 2.268669 -1.080649
3.298896 2.278034 -1.059818
3.294476 2.305153 -1.080760
3.273755 2.293550 -1.064362
3.278831 2.308473 -1.067509
3.262781 2.324640 -1.085550
2.440805 1.753965 -0.817961
2.426958 1.748994 -0.815489
2.413162 1.757563 -0.794980
2.423067 1.760092 -0.791858
2.410117 1.770947 -0.808104
3.223622 2.400196 -1.081324
3.226691 2.388675 -1.086470
3.202797 2.412024 -1.084541
3.205485 2.422308 -1.097164
3.200016 2.427326 -1.075499
3.152617 2.441805 -1.073358
3.177051 2.450293 -1.097474
3.185431 2.452642 -1.071786
3.180120 2.477883 -1.077596
3.147621 2.477206 -1.069201
3.145684 2.489611 -1.085762
3.150027 2.508458 -1.092203
3.132323 2.510237 -1.090181
3.125980 2.512414 -1.087273
3.111612 2.528374 -1.080698
3.104476 2.538157 -1.079141
3.096242 2.564629 -1.067560
3.098868 2.549674 -1.082666
3.086387 2.563874 -1.063392
3.091433 2.580003 -1.091362
3.087106 2.586949 -1.074860
3.082147 2.588346 -1.092000
3.056691 2.597105 -1.076986
3.043283 2.612438 -1.059861
3.047261 2.624572 -1.072553
3.047629 2.633280 -1.069014
3.031042 2.629924 -1.077619
3.008295 2.677942 -1.078752
3.018615 2.667054 -1.069121
2.985325 2.659478 -1.091200
2.984290 2.665790 -1.087328
2.969435 2.676658 -1.082233
2.977775 2.703575 -1.079113
2.956654 2.713790 -1.067778
2.962278 2.727832 -1.082711
2.970877 2.715972 -1.089373
2.926277 2.729140 -1.079175
2.922079 2.737083 -1.086962
2.912600 2.745731 -1.086509
2.906090 2.767578 -1.098917
2.906382 2.775638 -1.076554
2.904576 2.800213 -1.076577
2.887273 2.806979 -1.079087
2.884129 2.806777 -1.065656
2.877791 2.799806 -1.094176
2.876216 2.812601 -1.065332
2.842069 2.822890 -1.070749
2.841743 2.838372 -1.071846
2.834530 2.842275 -1.071021
2.833591 2.852048 -1.076092
2.821476 2.855315 -1.080699
2.795264 2.880361 -1.076658
2.811779 2.871930 -1.080679
2.785798 2.900386 -1.080313
2.789120 2.894824 -1.078336
2.773592 2.885574 -1.103305
2.757258 2.902539 -1.088845
2.753993 2.914634 -1.070215
2.763736 2.929349 -1.071527
2.722949 2.938230 -1.083013
2.730798 2.965046 -1.088611
2.717602 2.933188 -1.077547
2.705598 2.973592 -1.084830
2.702311 2.969124 -1.085853
2.692721 2.971090 -1.083079
2.701566 3.003321 -1.068201
2.679877 3.005274 -1.060094
2.680950 3.012109 -1.071644
2.643512 3.017429 -1.099278
2.642491 3.031474 -1.067019
2.632722 3.044542 -1.068854
2.601332 3.026034 -1.083512
2.611932 3.040675 -1.059436
2.612466 3.059928 -1.066286
2.595273 3.059453 -1.068471
2.600871 3.068505 -1.080794
2.584758 3.072184 -1.073132
2.565054 3.076120 -1.089411
2.559860 3.090903 -1.074040
2.545181 3.101417 -1.071389
2.545912 3.105364 -1.069148
2.543598 3.114226 -1.090405
2.531496 3.133381 -1.071823
2.516498 3.135286 -1.065267
2.505859 3.136230 -1.086073
2.491692 3.153922 -1.074985
2.484141 3.158422 -1.081624
2.467505 3.158678 -1.081252
2.460461 3.181134 -1.081824
2.460543 3.162103 -1.102533
2.435398 3.190517 -1.076285
2.438698 3.205940 -1.089863
2.429465 3.213429 -1.096072
2.414742 3.211656 -1.088382
2.410124 3.221930 -1.096252
2.389740 3.212748 -1.080033
2.363685 3.238239 -1.083733
2.376545 3.240926 -1.079444
2.376595 3.233152 -1.068227
2.356622 3.264185 -1.077707
2.359848 3.242028 -1.078431
2.348261 3.255776 -1.062720
2.319138 3.274842 -1.082678
2.329830 3.292940 -1.088310
2.315529 3.300378 -1.089996
2.305681 3.291234 -1.082734
2.275298 3.300854 -1.081308
2.262192 3.308599 -1.077582
2.286706 3.303925 -1.070910
2.263934 3.320219 -1.088926
2.256721 3.343499 -1.095646
2.239471 3.349992 -1.072860
2.238591 3.353587 -1.071888
2.223939 3.357507 -1.090493
2.211750 3.342789 -1.093324
2.199224 3.374571 -1.076212
2.185573 3.381980 -1.099730
2.167409 3.378617 -1.098902
2.179295 3.375606 -1.081585
2.158145 3.388620 -1.069710
2.157457 3.388566 -1.087918
2.157983 3.412645 -1.067374
2.134943 3.408510 -1.082862
2.104615 3.431843 -1.078529
2.101103 3.403120 -1.082148
2.091743 3.427551 -1.088480
2.082464 3.424332 -1.073445
2.075908 3.446453 -1.077957
2.065376 3.435587 -1.071591
2.046623 3.453650 -1.070924
2.033817 3.470076 -1.081282
2.033118 3.471224 -1.098146
2.027932 3.486251 -1.088237
2.004512 3.474418 -1.087021
2.012967 3.490565 -1.076149
1.978087 3.494635 -1.059241
1.998254 3.500069 -1.060692
1.969563 3.500183 -1.091316
1.960555 3.507277 -1.055847
1.940918 3.513819 -1.071433
1.911542 3.523982 -1.064467
1.926916 3.523926 -1.082704
1.902725 3.535226 -1.083247
1.895881 3.539835 -1.084486
1.889342 3.548463 -1.072213
1.859193 3.550572 -1.074265
1.858003 3.564076 -1.086096
1.843339 3.574770 -1.082223
1.859401 3.568691 -1.067215
1.830140 3.542809 -1.067757
1.818110 3.587645 -1.086832
1.826181 3.593727 -1.089828
1.790305 3.563607 -1.075785
1.791181 3.599019 -1.084796
1.762948 3.595526 -1.070935
1.768620 3.622765 -1.082913
1.773388 3.620355 -1.082782
1.739856 3.626619 -1.087161
1.733506 3.641175 -1.071502
1.747040 3.626792 -1.072095
1.710054 3.633685 -1.081395
1.692676 3.635177 -1.077835
1.698495 3.638865 -1.078455
1.685656 3.641096 -1.081770
1.649738 3.661628 -1.075915
1.671660 3.654675 -1.075768
1.666345 3.673848 -1.085481
1.642174 3.646730 -1.088306
1.646491 3.678027 -1.074931
1.616331 3.681334 -1.096638
1.590324 3.678955 -1.083057
1.605042 3.679490 -1.087802
1.589169 3.703667 -1.079515
1.563537 3.703743 -1.093400
1.572649 3.718400 -1.065639
1.546456 3.695571 -1.090212
1.529442 3.709295 -1.059205
1.530369 3.721506 -1.083699
1.514650 3.722676 -1.084098
1.511885 3.707119 -1.070662
1.489532 3.715302 -1.084048
1.482600 3.716548 -1.077338
1.467847 3.730056 -1.092267
1.442681 3.750523 -1.085060
1.445705 3.751193 -1.091029
1.442739 3.763575 -1.083395
1.430255 3.757562 -1.078808
1.400517 3.777343 -1.078296
1.402055 3.771371 -1.073013
1.383385 3.769312 -1.089223
1.381645 3.781971 -1.064635
1.368947 3.765577 -1.071563
1.332690 3.782826 -1.091457
1.332666 3.786038 -1.062809
1.339641 3.779689 -1.076743
1.310928 3.808113 -1.074386
1.296971 3.802817 -1.094896
1.269855 3.807430 -1.086935
1.284281 3.811304 -1.064729
1.274311 3.800142 -1.066034
1.262833 3.803692 -1.088987
1.247139 3.815152 -1.083272
1.236702 3.833687 -1.074834
1.219762 3.844474 -1.094659
1.215754 3.825804 -1.087651
1.201679 3.816796 -1.084373
1.180987 3.823539 -1.061072
1.173902 3.825802 -1.073851
1.154193 3.841734 -1.073972
1.140630 3.851767 -1.074758
1.129333 3.846646 -1.076575
1.113235 3.851010 -1.086178
1.115124 3.847233 -1.085237
1.081523 3.860701 -1.071124
1.099502 3.865698 -1.065563
1.070703 3.866608 -1.046697
1.060747 3.860921 -1.078290
1.064630 3.870307 -1.080249
1.046556 3.876678 -1.074173
1.019675 3.875024 -1.077121
1.007073 3.893027 -1.065395
0.993421 3.893496 -1.080762
0.979479 3.912592 -1.092907
0.967977 3.881526 -1.082868
0.990289 3.897611 -1.091701
0.975688 3.904557 -1.084954
0.940225 3.912660 -1.065528
0.924226 3.898363 -1.082763
0.923948 3.897696 -1.078053
0.905656 3.900690 -1.076017
0.897821 3.907268 -1.078661
0.874465 3.915718 -1.075047
0.898030 3.927657 -1.088551
0.864869 3.905829 -1.078798
0.851040 3.928396 -1.086839
0.840008 3.910198 -1.101192
0.828801 3.930749 -1.073879
0.805227 3.937937 -1.079565
0.795383 3.929506 -1.079872
0.788351 3.945964 -1.076404
0.789781 3.947663 -1.083425
0.769375 3.922803 -1.083096
0.732090 3.952670 -1.067286
0.730570 3.963086 -1.066472
0.734612 3.945586 -1.078611
0.719270 3.969034 -1.084947
0.708930 3.958436 -1.080036
0.688457 3.966546 -1.063474
0.673863 3.962796 -1.081336
0.667905 3.942812 -1.100110
0.647699 3.948866 -1.084801
0.649460 3.970052 -1.098503
0.651266 3.980809 -1.083811
0.607498 3.945713 -1.059702
0.602286 3.955725 -1.063694
0.582832 3.959923 -1.092812
0.586573 3.972021 -1.084309
0.560144 3.980397 -1.069171
0.562649 3.972411 -1.093786
0.553919 3.980338 -1.097676
0.543554 3.979729 -1.090131
0.527585 3.978722 -1.079219
0.513817 3.984714 -1.070016
0.491506 3.988842 -1.065402
0.484445 3.966211 -1.074554
0.479566 3.991383 -1.078856
0.452693 3.993599 -1.087324
0.452027 3.985726 -1.070718
0.442848 3.996747 -1.069996
0.427064 3.992613 -1.080179
0.405060 3.988825 -1.078738
0.406850 4.000953 -1.089736
0.403693 3.999105 -1.058594
0.382344 4.004047 -1.072458
0.351490 3.993774 -1.074893
0.350077 3.982978 -1.075643
0.333498 4.001911 -1.085926
0.344560 3.996428 -1.095575
0.332664 3.998616 -1.076454
0.325428 4.003737 -1.083405
0.276666 4.016043 -1.075708
0.272030 4.015233 -1.100111
0.274467 3.999730 -1.084573
0.255511 4.000396 -1.068893
0.227247 4.009770 -1.089309
0.233713 4.019497 -1.068826
0.242735 4.000823 -1.069412
0.200400 4.005167 -1.077610
0.193100 4.007435 -1.082151
0.168696 3.988427 -1.076259
0.154342 4.003019 -1.085819
0.132931 3.992626 -1.084897
0.138613 4.002803 -1.092868
0.123402 4.018841 -1.069893
0.115435 4.000652 -1.069786
0.111336 4.019508 -1.090984
0.111030 4.019824 -1.086159
0.100793 4.002419 -1.069912
0.066426 4.010600 -1.083170
0.058255 4.024230 -1.090351
0.038669 4.020693 -1.076035
0.045068 4.015251 -1.076681
0.010939 4.000490 -1.064578
0.008969 4.020218 -1.089575
0.002716 4.025212 -1.100305
-0.004065 -4.173558 -1.089582
0.013271 -4.159578 -1.066866
0.026059 -4.150385 -1.062716
0.042640 -4.160920 -1.070115
0.057983 -4.155499 -1.064813
0.067342 -4.164403 -1.085312
0.066884 -4.168432 -1.079160
0.086182 -4.158165 -1.089309
0.097901 -4.164049 -1.066242
0.121485 -4.158306 -1.073210
0.135757 -4.162006 -1.089711
0.125407 -4.172669 -1.077048
0.143317 -4.164657 -1.076325
0.182406 -4.142521 -1.069913
0.170765 -4.168031 -1.075977
0.205018 -4.146616 -1.068050
0.224662 -4.164744 -1.071902
0.217366 -4.172608 -1.087604
0.239864 -4.154138 -1.081451
0.260823 -4.135837 -1.105659
0.274844 -4.143438 -1.095115
0.264931 -4.147163 -1.074263
0.269995 -4.146442 -1.096135
0.304273 -4.156806 -1.087007
0.323424 -4.159023 -1.081155
0.314730 -4.154590 -1.075092
0.333301 -4.129771 -1.063786
0.346442 -4.132678 -1.077617
0.372856 -4.131819 -1.072461
0.366495 -4.150283 -1.086658
0.371746 -4.150600 -1.074499
0.389262 -4.136245 -1.073475
0.412617 -4.135198 -1.089201
0.428356 -4.145591 -1.063180
0.437519 -4.138474 -1.062706
0.463143 -4.128041 -1.079998
0.455335 -4.140493 -1.074630
0.480436 -4.119399 -1.090873
0.490680 -4.127514 -1.092864
0.507384 -4.148503 -1.074715
0.518191 -4.117649 -1.064525
0.542973 -4.134174 -1.066385
0.528051 -4.130599 -1.075997
0.578555 -4.122102 -1.083119
0.568006 -4.122874 -1.090499
0.589282 -4.105698 -1.071903
0.604536 -4.119691 -1.077281
0.605386 -4.123158 -1.094668
0.608406 -4.103721 -1.058316
0.630939 -4.106397 -1.078409
0.633737 -4.119465 -1.091365
0.672314 -4.114233 -1.082572
0.666922 -4.084969 -1.072623
0.680142 -4.098153 -1.097869
0.695737 -4.100144 -1.088669
0.721082 -4.103275 -1.062795
0.718585 -4.116656 -1.080847
0.731214 -4.084789 -1.075709
0.746850 -4.081330 -1.085437
0.757905 -4.071925 -1.068468
0.770046 -4.085397 -1.081491
0.772613 -4.089808 -1.090274
0.806123 -4.090199 -1.069644
0.804477 -4.095828 -1.098834
0.823325 -4.081127 -1.080288
0.809231 -4.065141 -1.087142
0.835857 -4.082153 -1.086255
0.863962 -4.067851 -1.071073
0.861564 -4.040494 -1.092056
0.866690 -4.076271 -1.084043
0.891074 -4.079538 -1.070764
0.917453 -4.070889 -1.078263
0.937463 -4.063829 -1.068380
0.940420 -4.042445 -1.075953
0.953234 -4.056987 -1.056975
0.959992 -4.055069 -1.079180
0.960776 -4.056705 -1.073636
0.976464 -4.039465 -1.079593
0.995209 -4.034772 -1.078825
0.996549 -4.025572 -1.091827
1.017562 -4.043732 -1.093688
1.028910 -4.037220 -1.058285
1.045398 -4.033782 -1.086335
1.066251 -4.027924 -1.069091
1.071014 -4.019067 -1.073710
1.086260 -4.030235 -1.071737
1.098464 -4.014062 -1.083974
1.095304 -4.010355 -1.095115
1.115292 -4.017202 -1.082983
1.131764 -4.003304 -1.081707
1.146667 -4.004250 -1.090468
1.155015 -3.987417 -1.083292
1.180123 -3.983674 -1.088241
1.164701 -3.975629 -1.071735
1.195649 -3.980827 -1.072420
1.189172 -3.972764 -1.072060
1.209584 -3.983188 -1.070452
1.217213 -3.984213 -1.086686
1.234365 -3.979082 -1.078868
1.257042 -3.942338 -1.081594
1.272185 -3.964315 -1.083963
1.281658 -3.964271 -1.068071
1.292470 -3.949286 -1.097524
1.307292 -3.957906 -1.080429
1.323454 -3.947083 -1.091052
1.333744 -3.936750 -1.056816
1.338100 -3.929697 -1.075259
1.325911 -3.947050 -1.082289
1.365864 -3.915082 -1.071843
1.374587 -3.914803 -1.075617
1.406189 -3.927427 -1.091660
1.394511 -3.919410 -1.076438
1.427369 -3.915766 -1.053490
1.415461 -3.886874 -1.093588
1.426580 -3.908424 -1.080846
1.422663 -3.887977 -1.088274
1.445704 -3.914123 -1.073787
1.457413 -3.899895 -1.093360
1.477949 -3.901860 -1.077718
1.486558 -3.886278 -1.075473
1.513656 -3.880761 -1.095292
1.511875 -3.867100 -1.058604
1.527872 -3.858759 -1.088925
1.544346 -3.861210 -1.093547
1.558701 -3.875690 -1.074756
1.560088 -3.849205 -1.082168
1.575711 -3.863926 -1.070366
1.584601 -3.834721 -1.081032
1.605035 -3.847098 -1.063107
1.619723 -3.823291 -1.071489
1.627243 -3.830618 -1.076077
1.640993 -3.818352 -1.081240
1.654922 -3.803257 -1.080715
1.647483 -3.816071 -1.074024
1.669907 -3.814589 -1.077228
1.683860 -3.798482 -1.084934
1.691253 -3.810595 -1.079363
1.708931 -3.799041 -1.071455
1.712581 -3.791043 -1.096173
1.738921 -3.786930 -1.085909
1.742306 -3.771285 -1.072124
1.752110 -3.776235 -1.091035
1.755230 -3.765706 -1.074973
1.761999 -3.764824 -1.111933
1.780659 -3.774185 -1.091045
1.788679 -3.744971 -1.073415
1.818742 -3.760777 -1.062547
1.820662 -3.740777 -1.077651
1.851550 -3.744804 -1.066291
1.833488 -3.727381 -1.089779
1.866442 -3.730907 -1.085756
1.876902 -3.720338 -1.087339
1.868159 -3.696732 -1.064829
1.896605 -3.702401 -1.089672
1.900727 -3.697043 -1.087695
1.900021 -3.685997 -1.080958
1.930500 -3.681590 -1.097047
1.933194 -3.693721 -1.092825
1.963297 -3.681475 -1.092290
1.961614 -3.669136 -1.080855
1.959104 -3.672424 -1.077237
1.980082 -3.661202 -1.083795
2.004832 -3.655341 -1.070212
2.017825 -3.655617 -1.094824
2.006979 -3.636884 -1.084826
2.023298 -3.639501 -1.071193
2.045366 -3.630482 -1.065852
2.029510 -3.620730 -1.072552
2.044903 -3.593010 -1.095600
2.067628 -3.617577 -1.077937
2.083344 -3.607615 -1.090817
2.085892 -3.605708 -1.082499
2.096933 -3.583993 -1.078089
2.116906 -3.566857 -1.094393
2.124707 -3.568635 -1.092477
2.140863 -3.571740 -1.065073
2.156076 -3.579072 -1.094408
2.140590 -3.558980 -1.064457
2.172157 -3.532054 -1.088271
2.171805 -3.537273 -1.088450
2.190096 -3.545791 -1.059869
2.213279 -3.540052 -1.095946
2.197803 -3.543596 -1.061531
2.232564 -3.507477 -1.089222
2.248331 -3.523270 -1.078354
2.235708 -3.503119 -1.079496
2.256530 -3.492229 -1.083265
2.270980 -3.480705 -1.070791
2.273419 -3.477195 -1.095964
2.290013 -3.467252 -1.082662
2.318719 -3.454636 -1.086951
2.317632 -3.467387 -1.050464
2.327570 -3.462243 -1.063086
2.330358 -3.460681 -1.079726
2.356023 -3.433790 -1.084857
2.357825 -3.431669 -1.097370
2.349319 -3.434127 -1.084424
2.390216 -3.421679 -1.086012
2.385913 -3.417690 -1.081365
2.400650 -3.406277 -1.085546
2.425093 -3.407462 -1.092523
2.401951 -3.387588 -1.081514
2.422560 -3.386177 -1.103713
2.438623 -3.375704 -1.074333
2.450082 -3.366742 -1.073550
2.442173 -3.358589 -1.076050
2.465091 -3.341170 -1.083823
2.483909 -3.349749 -1.078833
2.492875 -3.332307 -1.080004
2.498019 -3.329783 -1.054652
2.507788 -3.319090 -1.082388
2.514714 -3.326821 -1.101866
2.531191 -3.308945 -1.085362
2.524336 -3.303929 -1.068095
2.543023 -3.284440 -1.078828
2.567534 -3.292871 -1.073676
2.566188 -3.286205 -1.073594
2.572802 -3.275857 -1.084300
2.590913 -3.263971 -1.086783
2.599432 -3.253691 -1.102480
2.608525 -3.250199 -1.074923
2.624258 -3.243126 -1.076482
2.637640 -3.225521 -1.085841
2.629742 -3.215410 -1.089374
2.626440 -3.200695 -1.068894
2.657129 -3.216096 -1.087556
2.669354 -3.218547 -1.064731
2.664760 -3.188475 -1.076765
2.700318 -3.175166 -1.065063
2.695943 -3.165274 -1.081616
2.715834 -3.156674 -1.071136
2.721807 -3.167505 -1.082000
2.722241 -3.138468 -1.085489
2.734721 -3.130638 -1.074008
2.753891 -3.136011 -1.101570
2.764501 -3.109772 -1.071076
2.769496 -3.115650 -1.089412
2.773253 -3.117137 -1.078120
2.789733 -3.098139 -1.088862
2.798481 -3.089498 -1.074656
2.798339 -3.078332 -1.081650
2.824198 -3.071136 -1.072954
2.820065 -3.075393 -1.083208
2.840222 -3.071090 -1.057819
2.850922 -3.047325 -1.084848
2.847112 -3.032324 -1.065160
2.855299 -3.017214 -1.064544
2.866521 -3.001804 -1.076827
2.871830 -2.994354 -1.059048
2.876856 -3.004933 -1.092408
2.884868 -3.000396 -1.069752
2.899362 -2.987879 -1.069963
2.922349 -2.973763 -1.076451
2.942190 -2.969968 -1.091210
2.922952 -2.946613 -1.073723
2.949937 -2.936810 -1.076184
2.954713 -2.919476 -1.088136
2.948264 -2.911678 -1.059971
2.951820 -2.926309 -1.087650
2.965328 -2.924015 -1.078291
2.974162 -2.905308 -1.082735
2.977585 -2.904602 -1.091293
3.003456 -2.892216 -1.070776
3.020260 -2.869444 -1.092642
3.013201 -2.863047 -1.088825
3.035035 -2.849866 -1.090238
3.047847 -2.858551 -1.068811
3.049575 -2.831521 -1.064671
3.046388 -2.823566 -1.081929
3.076814 -2.812024 -1.080201
3.067536 -2.798755 -1.063771
3.080767 -2.788064 -1.063104
3.098692 -2.795459 -1.068140
3.101846 -2.780464 -1.072851
3.094264 -2.768595 -1.065463
3.106854 -2.771697 -1.088312
3.128196 -2.736406 -1.091605
3.125524 -2.749142 -1.082026
3.140514 -2.729780 -1.091856
3.151372 -2.720141 -1.089567
3.149397 -2.719377 -1.077364
3.174269 -2.703067 -1.059874
3.164869 -2.708354 -1.079055
3.192194 -2.664065 -1.084337
3.192933 -2.667978 -1.082231
3.211990 -2.666425 -1.080607
3.200245 -2.651111 -1.074675
3.217545 -2.639514 -1.058408
3.241654 -2.615305 -1.089751
3.244342 -2.629691 -1.089614
3.236304 -2.611158 -1.091240
3.256706 -2.621572 -1.080523
3.264274 -2.581278 -1.075894
3.247694 -2.585216 -1.106426
3.270253 -2.557475 -1.069718
3.296127 -2.548692 -1.065837
3.290841 -2.548128 -1.074889
3.295023 -2.528911 -1.073311
3.312845 -2.520977 -1.094196
3.321051 -2.499611 -1.056337
3.299437 -2.533707 -1.071779
3.334048 -2.487866 -1.076200
3.315010 -2.491634 -1.075329
3.337352 -2.468218 -1.080945
3.354367 -2.485456 -1.078071
3.340026 -2.451223 -1.078482
3.358578 -2.450346 -1.087691
3.383872 -2.448474 -1.089726
3.368520 -2.431041 -1.072762
3.377001 -2.418779 -1.083717
3.391020 -2.399812 -1.083436
3.407590 -2.385502 -1.075383
3.413563 -2.389918 -1.067708
3.409395 -2.378757 -1.065165
3.426663 -2.362718 -1.090763
2.483492 -1.707779 -0.773424
2.484171 -1.707260 -0.787507
2.502162 -1.699747 -0.770215
2.519282 -1.685409 -0.792795
3.437058 -2.315609 -1.068422
3.473766 -2.293365 -1.093386
3.471295 -2.284026 -1.085299
3.489890 -2.271347 -1.077285
3.469511 -2.260087 -1.066969
3.494777 -2.253015 -1.081052
3.498774 -2.235805 -1.075799
3.503121 -2.246275 -1.091447
3.509251 -2.239716 -1.067248
3.535679 -2.206175 -1.076888
3.536723 -2.205011 -1.076673
3.524477 -2.197489 -1.082942
3.539462 -2.205203 -1.082134
3.530456 -2.172721 -1.060926
3.553514 -2.173208 -1.079827
3.566898 -2.159608 -1.086952
3.559451 -2.135334 -1.077494
3.591598 -2.137109 -1.081016
3.580720 -2.111194 -1.095128
3.599650 -2.097905 -1.063834
3.597782 -2.103638 -1.080755
3.611221 -2.095599 -1.074775
3.601407 -2.077817 -1.096019
3.621733 -2.052505 -1.067826
3.645813 -2.047195 -1.071751
3.630932 -2.042486 -1.069347
3.622788 -2.035121 -1.084743
3.628959 -2.029565 -1.089700
3.651033 -2.005109 -1.099120
3.662583 -1.993344 -1.083320
3.661627 -1.967650 -1.076731
3.667135 -1.985814 -1.069840
3.668311 -1.951567 -1.076534
3.681373 -1.964027 -1.089493
3.690619 -1.948983 -1.073410
3.684345 -1.939951 -1.086414
3.690918 -1.933371 -1.099342
3.702315 -1.894432 -1.086180
3.702266 -1.889731 -1.067941
3.704227 -1.882820 -1.076262
3.451876 -1.738701 -1.004419
3.457331 -1.724249 -0.999102
3.474036 -1.714747 -1.005880
3.447199 -1.695277 -1.008340
3.478524 -1.700360 -1.026196
3.472085 -1.698848 -1.000909
3.475554 -1.663897 -0.993745
3.484659 -1.665412 -1.001981
3.503242 -1.655499 -1.021989
3.525357 -1.651909 -1.017937
3.551509 -1.662549 -1.007067
3.768633 -1.764737 -1.084023
3.780778 -1.733836 -1.069034
3.795803 -1.738707 -1.082993
3.794336 -1.712171 -1.082948
3.794160 -1.690998 -1.085108
3.819635 -1.709295 -1.079348
3.800883 -1.688849 -1.087244
3.816619 -1.663022 -1.068524
3.828450 -1.664935 -1.089492
3.819458 -1.651435 -1.085406
3.828045 -1.634900 -1.062542
3.827642 -1.612051 -1.083663
3.829533 -1.600899 -1.061651
3.838369 -1.593564 -1.076094
3.846489 -1.581756 -1.084322
3.853347 -1.579214 -1.086898
3.864514 -1.548992 -1.068679
3.854386 -1.545212 -1.083405
3.879112 -1.541259 -1.068435
3.865352 -1.515335 -1.082918
3.869157 -1.521562 -1.077473
3.881047 -1.504379 -1.083825
3.881083 -1.490275 -1.066585
3.882560 -1.458522 -1.080974
3.900172 -1.462228 -1.099824
3.884232 -1.459400 -1.065570
3.895880 -1.428405 -1.073805
3.902008 -1.438013 -1.086511
3.903064 -1.425364 -1.075668
3.931320 -1.412838 -1.078183
3.927415 -1.394080 -1.065386
3.937263 -1.371651 -1.082217
3.945374 -1.354183 -1.077126
3.935031 -1.349840 -1.078628
3.955739 -1.346776 -1.059411
3.959071 -1.333436 -1.082322
3.956958 -1.324424 -1.074588
3.943944 -1.306033 -1.071176
3.958352 -1.278142 -1.082272
3.945792 -1.279716 -1.084922
3.969963 -1.277282 -1.082829
3.949342 -1.250810 -1.071681
3.987111 -1.242376 -1.064320
3.974645 -1.232007 -1.070723
3.978147 -1.222188 -1.077618
3.989788 -1.200629 -1.100148
3.977703 -1.184479 -1.072574
3.973790 -1.175815 -1.084809
3.997604 -1.183029 -1.093992
3.999497 -1.165435 -1.073155
4.000411 -1.155276 -1.055231
3.994016 -1.135239 -1.063711
4.013051 -1.130230 -1.069028
4.021808 -1.098249 -1.068119
4.009852 -1.112829 -1.083669
3.998119 -1.082532 -1.077927
4.028418 -1.087784 -1.081461
4.014633 -1.054631 -1.076812
4.032995 -1.046119 -1.075248
4.033953 -1.059426 -1.077717
4.011966 -1.018788 -1.057793
4.031102 -1.021666 -1.083907
4.049301 -1.003149 -1.084545
4.042728 -0.986529 -1.069814
4.033215 -0.985903 -1.074141
4.043300 -0.955115 -1.068556
4.065969 -0.956573 -1.069396
4.066850 -0.942244 -1.105782
4.056198 -0.926430 -1.073333
4.054427 -0.909589 -1.078959
4.068501 -0.903898 -1.069243
4.050254 -0.889794 -1.073767
4.068934 -0.880767 -1.077787
4.071603 -0.871284 -1.075549
4.089527 -0.850012 -1.079967
4.064557 -0.834308 -1.082625
4.072373 -0.834671 -1.071298
4.099744 -0.806320 -1.078996
4.075365 -0.808241 -1.069211
4.096143 -0.791870 -1.081408
4.086903 -0.782592 -1.062976
4.088203 -0.756428 -1.076532
4.088802 -0.731833 -1.077132
4.081658 -0.734854 -1.058294
4.096613 -0.728286 -1.094974
4.082466 -0.710580 -1.071436
4.085444 -0.709392 -1.080801
4.110635 -0.674956 -1.074840
4.103542 -0.698451 -1.064211
4.099318 -0.657964 -1.077539
4.115159 -0.652395 -1.074981
4.114660 -0.642865 -1.072869
4.117485 -0.622002 -1.084415
4.109358 -0.606532 -1.087336
4.109522 -0.572460 -1.071245
4.095140 -0.580738 -1.082716
4.117864 -0.567105 -1.087145
4.117279 -0.575534 -1.077504
4.142254 -0.555565 -1.075536
4.143705 -0.534063 -1.087473
4.134438 -0.536617 -1.069862
4.142100 -0.513754 -1.078033
4.122988 -0.509777 -1.077393
4.136649 -0.492793 -1.084862
4.142693 -0.470244 -1.082933
4.128595 -0.469012 -1.097613
4.169117 -0.451012 -1.084454
4.145041 -0.437780 -1.085932
4.131842 -0.427940 -1.070704
4.143366 -0.410743 -1.070243
4.162957 -0.384224 -1.072018
4.145609 -0.389724 -1.083483
4.143897 -0.367352 -1.077256
4.132938 -0.348091 -1.080734
4.156192 -0.331631 -1.081349
4.151103 -0.346015 -1.091513
4.129935 -0.308133 -1.087891
4.147718 -0.323317 -1.066274
4.136975 -0.290086 -1.060418
4.153506 -0.275004 -1.072932
4.153530 -0.263637 -1.093646
4.126036 -0.252974 -1.080904
4.168538 -0.233958 -1.077153
4.137259 -0.239642 -1.088707
4.168862 -0.231166 -1.086443
4.137004 -0.203722 -1.085661
4.166836 -0.206885 -1.079225
4.150535 -0.176093 -1.079347
4.156093 -0.168813 -1.085127
4.166693 -0.154475 -1.078830
4.159550 -0.130071 -1.053522
4.165174 -0.125638 -1.076697
4.160999 -0.117112 -1.071922
4.164276 -0.114769 -1.081608
4.173280 -0.098039 -1.054946
4.166755 -0.066319 -1.076129
4.162676 -0.066262 -1.090668
4.165845 -0.055911 -1.069625
4.156956 -0.026122 -1.088346
4.165713 -0.033366 -1.080695
4.154966 -0.002551 -1.076793
4.135670 -0.010649 -1.091684
4.159223 0.008197 -1.072940
4.159592 0.040436 -1.057726
4.152191 0.034621 -1.075895
4.170056 0.044988 -1.086538
4.173167 0.052701 -1.081430
4.141303 0.082393 -1.084868
4.135587 0.082368 -1.062985
4.140429 0.108170 -1.081381
4.167122 0.114054 -1.072428
4.174776 0.130290 -1.081574
4.149468 0.126291 -1.086415
4.138206 0.161758 -1.071425
4.154150 0.175194 -1.095549
4.147871 0.184976 -1.076462
4.159584 0.213254 -1.076397
4.152513 0.186549 -1.085006
4.159764 0.226449 -1.078817
4.158648 0.241936 -1.061753
4.145712 0.247099 -1.072649
4.149269 0.255256 -1.081251
4.140565 0.271658 -1.085353
4.146163 0.273332 -1.086421
4.145030 0.296432 -1.070966
4.140224 0.299654 -1.082229
4.160848 0.326113 -1.087061
4.150403 0.334974 -1.085767
4.157124 0.357204 -1.076713
4.162826 0.362339 -1.066999
4.163107 0.374238 -1.068213
4.133873 0.373280 -1.080157
4.130464 0.400441 -1.081971
4.136656 0.409986 -1.088766
4.141834 0.418038 -1.059634
4.132836 0.430126 -1.069229
4.146396 0.463241 -1.082091
4.117207 0.454408 -1.092886
4.144974 0.460727 -1.056824
4.125595 0.490325 -1.086753
4.143811 0.508563 -1.076685
4.134875 0.511961 -1.080392
4.127766 0.528148 -1.091659
4.140056 0.534852 -1.081966
4.108843 0.564019 -1.086249
4.111454 0.563778 -1.087018
4.123297 0.577270 -1.070463
4.132102 0.596622 -1.090194
4.121913 0.590519 -1.071007
4.109434 0.613888 -1.093178
4.108184 0.620650 -1.070446
4.105936 0.632177 -1.073996
4.112247 0.632518 -1.081172
4.084840 0.653284 -1.076436
4.111313 0.655028 -1.075216
4.088192 0.696458 -1.068444
4.109259 0.694738 -1.088577
4.096375 0.718863 -1.081239
4.100008 0.724903 -1.071154
4.107394 0.747737 -1.079914
4.098389 0.768463 -1.089750
4.091433 0.777977 -1.076951
4.097682 0.767554 -1.081697
4.075500 0.799763 -1.071918
4.094784 0.799112 -1.060148
4.064222 0.798274 -1.090733
4.067761 0.804304 -1.081888
4.079641 0.842101 -1.053262
4.078058 0.864358 -1.082023
4.077726 0.861623 -1.083406
4.072729 0.872022 -1.090330
4.078778 0.886613 -1.101137
4.060866 0.899203 -1.066748
4.080166 0.916631 -1.065574
4.080537 0.923559 -1.074161
4.050092 0.959547 -1.106190
4.032556 0.937786 -1.086297
4.059653 0.968031 -1.069232
4.049237 0.968795 -1.077476
4.045527 0.989925 -1.087982
4.031749 0.985698 -1.099952
4.028572 1.008951 -1.090029
4.023466 1.014651 -1.079666
4.034082 1.020235 -1.084451
4.018475 1.033426 -1.077404
4.027117 1.062033 -1.087524
4.024447 1.063756 -1.073407
4.017777 1.071445 -1.084362
3.998979 1.090173 -1.086682
4.016887 1.116101 -1.075389
4.015349 1.127013 -1.085520
4.007097 1.120495 -1.086402
3.999392 1.133077 -1.086519
3.996878 1.154277 -1.079208
3.982758 1.171361 -1.081277
3.985683 1.178331 -1.073802
3.966860 1.204549 -1.079587
3.962077 1.225546 -1.065868
3.993557 1.221996 -1.065757
3.989797 1.246667 -1.081483
3.971242 1.249025 -1.068215
3.959239 1.256486 -1.085868
3.955514 1.266947 -1.092052
3.967870 1.273656 -1.088846
3.948018 1.295161 -1.081804
3.966056 1.305879 -1.082748
3.936836 1.332045 -1.064309
3.947575 1.319531 -1.064423
3.940265 1.338036 -1.078333
3.917199 1.350228 -1.069597
3.940607 1.349826 -1.085028
3.917098 1.398897 -1.071701
3.930446 1.401721 -1.066498
3.923353 1.406069 -1.092704
3.906600 1.410003 -1.096051
3.929096 1.426984 -1.084152
3.896844 1.442275 -1.072320
3.873622 1.456483 -1.076235
3.907843 1.461047 -1.069382
3.895157 1.471125 -1.090760
3.859750 1.479180 -1.069308
3.892971 1.489328 -1.083431
3.884144 1.514930 -1.073124
3.883284 1.512893 -1.077278
3.868120 1.541956 -1.070521
3.866356 1.556708 -1.079977
3.858170 1.571538 -1.066131
3.837153 1.576259 -1.083056
3.845952 1.591720 -1.076664
3.832179 1.609545 -1.093264
3.832570 1.615834 -1.071585
3.843318 1.626823 -1.067157
3.836122 1.626929 -1.061141
3.822394 1.645677 -1.064188
3.825964 1.636818 -1.076464
3.818652 1.669435 -1.081280
3.816251 1.688919 -1.062308
3.797874 1.690593 -1.089556
3.798397 1.690389 -1.076973
3.802068 1.699125 -1.084511
3.780170 1.728812 -1.073037
3.801481 1.728029 -1.086158
3.765720 1.745552 -1.087191
3.764023 1.741899 -1.096264
3.771758 1.773902 -1.073955
3.767625 1.781170 -1.092359
3.759257 1.806584 -1.069102
3.755042 1.802448 -1.094636
3.748879 1.803384 -1.088623
3.757244 1.814108 -1.075156
3.743473 1.836879 -1.081520
3.714317 1.842407 -1.067445
3.461762 1.729536 -1.007452
3.444210 1.727155 -0.998812
3.417417 1.727341 -1.002654
3.399943 1.747479 -0.990570
3.382101 1.748695 -0.986195
3.373422 1.758274 -0.993523
3.376066 1.786128 -0.983860
3.386500 1.767816 -0.979053
3.377513 1.780944 -0.988250
3.362473 1.812161 -0.996373
3.384122 1.830949 -0.999531
3.664341 1.995307 -1.049391
3.655970 1.996203 -1.079894
3.653968 1.995801 -1.068751
3.640620 2.024860 -1.087547
3.622996 2.029216 -1.084786
3.632774 2.030284 -1.080596
3.630201 2.060103 -1.059386
3.624729 2.063942 -1.069734
3.610549 2.083081 -1.080354
3.593839 2.080520 -1.092051
3.596865 2.096944 -1.092531
3.582566 2.108042 -1.067564
3.586614 2.114167 -1.085429
3.566407 2.111346 -1.081780
3.574310 2.155685 -1.069480
3.563945 2.152096 -1.073054
3.551439 2.162155 -1.080653
3.553785 2.169381 -1.084164
3.532819 2.179814 -1.069943
3.534242 2.196296 -1.070630
3.510477 2.210899 -1.077645
3.520411 2.204669 -1.088490
3.497607 2.225545 -1.069886
3.493357 2.224659 -1.071670
3.497047 2.251547 -1.054117
3.491094 2.270446 -1.082000
3.466296 2.274204 -1.074579
3.482936 2.282181 -1.068948
3.487542 2.288373 -1.056613
3.460780 2.303104 -1.062115
3.467295 2.328659 -1.081778
3.447734 2.351891 -1.088946
3.456871 2.327461 -1.054517
3.434787 2.352596 -1.064590
3.407785 2.384738 -1.051150
3.424695 2.353465 -1.082807
3.409458 2.368837 -1.069368
3.394608 2.370377 -1.090090
3.394231 2.405741 -1.090879
3.389151 2.399211 -1.076874
3.391935 2.411525 -1.083418
3.382059 2.431448 -1.068089
2.439187 1.763592 -0.771277
2.428784 1.770099 -0.763398
2.423795 1.763468 -0.762853
2.416090 1.792647 -0.768552
3.342482 2.473413 -1.063573
3.336587 2.492219 -1.073777
3.347774 2.488389 -1.058490
3.330592 2.526495 -1.094788
3.306662 2.534251 -1.071132
3.308327 2.515117 -1.061493
3.286760 2.541851 -1.078166
3.275290 2.540892 -1.084831
3.281634 2.571883 -1.084513
3.260263 2.571530 -1.069884
3.250808 2.566709 -1.078517
3.254409 2.583011 -1.063742
3.251202 2.587421 -1.085248
3.255376 2.619072 -1.101584
3.219133 2.641337 -1.080967
3.213607 2.630949 -1.076867
3.216804 2.639212 -1.073914
3.208873 2.654227 -1.074202
3.199557 2.664078 -1.096372
3.180651 2.677590 -1.068214
3.181709 2.664995 -1.081392
3.170288 2.675531 -1.074437
3.165900 2.708686 -1.070874
3.161116 2.705690 -1.076899
3.144338 2.725708 -1.082905
3.147866 2.735144 -1.094698
3.123057 2.735695 -1.067922
3.126602 2.730613 -1.078642
3.121811 2.755174 -1.088387
3.106745 2.771990 -1.072279
3.084909 2.782467 -1.076246
3.079334 2.780202 -1.081364
3.090983 2.798680 -1.070358
3.060295 2.818492 -1.070849
3.069839 2.823194 -1.068891
3.066840 2.821689 -1.076324
3.048018 2.844900 -1.064833
3.053557 2.831832 -1.081820
3.023623 2.853591 -1.080536
3.019331 2.854922 -1.088634
3.008136 2.873719 -1.087368
3.012331 2.881770 -1.085467
2.988352 2.899909 -1.076554
2.968553 2.898403 -1.077639
2.971841 2.897179 -1.057571
2.968224 2.906948 -1.068349
2.954779 2.929915 -1.087683
2.966991 2.944252 -1.069480
2.933575 2.935379 -1.063561
2.928041 2.953874 -1.080335
2.896116 2.955338 -1.098259
2.920584 2.973168 -1.078492
2.894788 2.985454 -1.069043
2.902013 2.980887 -1.084164
2.863848 3.001551 -1.051390
2.895818 3.019424 -1.078226
2.864713 3.010260 -1.064252
2.838457 3.029278 -1.078883
2.846910 3.029836 -1.070830
2.848211 3.040040 -1.089171
2.834853 3.057967 -1.093346
2.827120 3.042405 -1.082559
2.816405 3.079387 -1.061261
2.820317 3.070233 -1.064844
2.774414 3.076670 -1.093536
2.771837 3.094883 -1.090683
2.771298 3.104578 -1.070576
2.766343 3.105625 -1.080051
2.750920 3.132100 -1.053849
2.749890 3.153495 -1.085549
2.724368 3.138474 -1.070756
2.700716 3.150743 -1.077712
2.711102 3.161543 -1.066232
2.706433 3.167103 -1.078839
2.707601 3.182970 -1.074481
2.689808 3.176457 -1.065222
2.668169 3.191849 -1.086082
2.671804 3.187632 -1.083965
2.665251 3.197788 -1.077183
2.636586 3.219869 -1.081774
2.634142 3.215837 -1.080813
2.620152 3.241512 -1.046008
2.632242 3.215669 -1.074253
2.608854 3.256175 -1.097711
2.596187 3.258755 -1.084969
2.589660 3.258133 -1.072044
2.573617 3.279425 -1.064030
2.576369 3.273469 -1.088624
2.540300 3.274326 -1.073164
2.542728 3.289294 -1.088588
2.540481 3.311528 -1.053011
2.528188 3.294029 -1.074251
2.513979 3.300905 -1.072734
2.516462 3.330365 -1.073349
2.489918 3.318615 -1.071397
2.483475 3.320087 -1.084595
2.475836 3.349823 -1.077248
2.469304 3.348704 -1.072779
2.459021 3.359327 -1.046318
2.435077 3.365343 -1.074630
2.424811 3.374219 -1.095255
2.424448 3.389178 -1.081891
2.400468 3.384964 -1.068642
2.412161 3.389123 -1.070576
2.402817 3.401194 -1.068953
2.373870 3.410188 -1.087650
2.372416 3.406191 -1.075542
2.369272 3.418493 -1.055111
2.333550 3.423353 -1.063693
2.340997 3.464714 -1.061193
2.322027 3.440274 -1.080958
2.314842 3.446002 -1.079494
2.311416 3.474804 -1.073668
2.295152 3.472849 -1.084733
2.307137 3.469854 -1.076347
2.287760 3.484218 -1.063063
2.249255 3.486470 -1.080527
2.250130 3.498074 -1.065407
2.249183 3.499989 -1.078972
2.249153 3.501373 -1.082734
2.223206 3.504921 -1.084160
2.214079 3.524100 -1.077874
2.181950 3.540195 -1.083301
2.194382 3.536651 -1.071582
2.162687 3.536463 -1.082249
2.156326 3.535337 -1.071843
2.171601 3.559065 -1.072500
2.159986 3.575147 -1.081188
2.134901 3.576924 -1.082615
2.142965 3.568951 -1.071195
2.090851 3.569205 -1.082105
2.093027 3.573869 -1.075172
2.087322 3.598038 -1.081299
2.095429 3.616317 -1.087536
2.063771 3.601444 -1.058758
2.061707 3.602929 -1.076184
2.062342 3.629688 -1.064553
2.014287 3.632536 -1.075574
2.040494 3.621935 -1.073995
2.005213 3.618520 -1.081161
1.986839 3.636790 -1.081937
2.004024 3.657327 -1.078822
1.995456 3.647471 -1.085293
1.972115 3.668209 -1.070983
1.963832 3.690315 -1.079211
1.942986 3.690805 -1.076469
1.935871 3.682130 -1.076587
1.927936 3.686404 -1.082642
1.923387 3.683620 -1.067414
1.897462 3.709040 -1.073878
1.896929 3.721002 -1.082825
1.863497 3.717620 -1.077391
1.862791 3.725207 -1.077090
1.859359 3.712459 -1.097627
1.843032 3.740585 -1.077306
1.824514 3.734151 -1.085659
1.819122 3.741091 -1.082163
1.815703 3.730469 -1.072229
1.786926 3.756670 -1.084394
1.789457 3.778626 -1.066523
1.777941 3.762057 -1.080297
1.770037 3.765777 -1.064286
1.744497 3.770089 -1.078291
1.747349 3.782069 -1.071267
1.744500 3.793142 -1.092242
1.710845 3.808255 -1.091943
1.706133 3.791546 -1.073673
1.672222 3.813803 -1.067703
1.663200 3.803493 -1.091634
1.672960 3.822718 -1.062529
1.653112 3.813968 -1.083957
1.639934 3.817626 -1.088251
1.654323 3.825141 -1.077254
1.616310 3.841146 -1.090152
1.614639 3.826719 -1.059775
1.588050 3.857010 -1.091300
1.578557 3.844494 -1.068644
1.580127 3.846857 -1.073604
1.561057 3.858787 -1.064599
1.563825 3.854275 -1.090880
1.523282 3.853523 -1.089866
1.525324 3.873525 -1.059052
1.500448 3.865375 -1.089768
1.515256 3.890362 -1.078640
1.496949 3.901956 -1.086664
1.477151 3.902212 -1.067186
1.458784 3.908313 -1.082054
1.452558 3.899926 -1.068020
1.464290 3.898469 -1.085551
1.434159 3.904209 -1.090195
1.423356 3.910211 -1.079201
1.390147 3.908095 -1.073323
1.411677 3.924932 -1.072810
1.395040 3.918780 -1.066335
1.370640 3.924643 -1.057498
1.363193 3.932215 -1.077881
1.343974 3.934205 -1.080133
1.350708 3.933591 -1.078900
1.317488 3.942136 -1.063573
1.311667 3.945742 -1.078792
1.309085 3.955943 -1.096839
1.293813 3.959127 -1.080483
1.266797 3.973562 -1.082978
1.282323 3.960639 -1.076408
1.257503 3.971820 -1.079937
1.246951 3.975132 -1.093749
1.217014 3.968871 -1.084795
1.213153 3.969498 -1.071169
1.189599 3.982497 -1.075471
1.192904 4.000729 -1.072334
1.172729 4.001210 -1.070161
1.173578 3.997555 -1.063014
1.150781 3.996863 -1.083749
1.152311 4.021616 -1.081174
1.116075 4.005227 -1.077046
1.111548 4.018199 -1.071376
1.116794 3.990997 -1.069047
1.093191 4.015447 -1.089334
1.095328 4.019363 -1.081568
1.061893 4.012854 -1.065604
1.060604 4.012205 -1.074149
1.035857 4.038692 -1.073163
1.034154 4.024729 -1.071281
1.011352 4.037016 -1.088048
0.992489 4.039640 -1.073083
1.003764 4.024347 -1.076088
0.976795 4.032525 -1.097307
0.949715 4.044249 -1.085098
0.971474 4.043022 -1.088772
0.951277 4.040466 -1.080004
0.933599 4.063271 -1.092214
0.934722 4.064709 -1.081719
0.897083 4.053646 -1.051614
0.900114 4.078167 -1.076777
0.879142 4.070898 -1.094462
0.858216 4.079691 -1.078171
0.856482 4.062369 -1.092040
0.837224 4.065892 -1.083156
0.807041 4.072484 -1.082400
0.818164 4.095349 -1.068986
0.798071 4.079618 -1.060830
0.788227 4.091846 -1.071434
0.792066 4.083614 -1.088184
0.773903 4.082297 -1.083088
0.763701 4.075605 -1.079383
0.748770 4.095674 -1.093017
0.736392 4.106639 -1.065206
0.739996 4.099407 -1.071086
0.721491 4.093007 -1.065906
0.678469 4.080610 -1.049430
0.677294 4.113800 -1.081704
0.676257 4.098809 -1.075161
0.662149 4.114758 -1.060394
0.647061 4.107258 -1.081592
0.654501 4.110878 -1.072034
0.598075 4.111289 -1.064230
0.603744 4.116957 -1.076964
0.590161 4.114783 -1.076990
0.569021 4.128140 -1.072624
0.558310 4.120037 -1.082150
0.550058 4.130965 -1.073996
0.553326 4.119988 -1.066905
0.519340 4.130938 -1.090972
0.511824 4.125066 -1.065488
0.506951 4.123638 -1.075266
0.485595 4.126319 -1.071423
0.475342 4.150870 -1.080243
0.463004 4.140965 -1.081552
0.458152 4.139929 -1.052931
0.431506 4.133094 -1.078946
0.436701 4.126712 -1.069186
0.427244 4.140458 -1.083185
0.393625 4.131790 -1.081216
0.389284 4.134399 -1.099181
0.387525 4.146585 -1.074923
0.345733 4.167507 -1.061181
0.359959 4.148934 -1.077667
0.338698 4.157139 -1.078036
0.305902 4.156347 -1.081752
0.308854 4.157785 -1.074020
0.302495 4.135882 -1.077233
0.284423 4.146700 -1.068817
0.274378 4.154109 -1.062083
0.250872 4.180909 -1.072851
0.229414 4.142873 -1.073876
0.225368 4.164642 -1.087070
0.208870 4.157226 -1.081958
0.212900 4.143147 -1.092407
0.204435 4.164451 -1.077721
0.175196 4.159325 -1.076850
0.158743 4.170322 -1.081119
0.153251 4.144613 -1.050939
0.144710 4.158526 -1.076437
0.154455 4.170932 -1.084297
0.124446 4.164057 -1.080853
0.117318 4.150539 -1.074455
0.104661 4.160371 -1.069914
0.063594 4.166156 -1.103583
0.062733 4.167268 -1.084635
0.053524 4.165603 -1.065557
0.042231 4.156325 -1.070400
0.038118 4.157174 -1.080742
-0.001510 4.168355 -1.070827
-0.008258 4.162791 -1.089146
-0.010766 4.165306 -1.085853
0.010514 -4.226996 -1.052896
0.027834 -4.199756 -1.051243
0.021087 -4.203226 -1.038433
0.038063 -4.216263 -1.057990
0.058731 -4.221489 -1.062039
0.062136 -4.207373 -1.063222
0.067714 -4.206704 -1.039812
0.098080 -4.189458 -1.055237
0.100236 -4.210546 -1.058816
0.122912 -4.228447 -1.060929
0.141406 -4.206421 -1.047510
0.155326 -4.195518 -1.052437
0.142122 -4.206952 -1.055153
0.180258 -4.218801 -1.042087
0.217584 -4.203272 -1.058439
0.218747 -4.216111 -1.046224
0.202268 -4.213883 -1.040483
0.226078 -4.223538 -1.067086
0.229111 -4.222066 -1.044838
0.242412 -4.195170 -1.045071
0.267839 -4.212131 -1.056736
0.278972 -4.184538 -1.036133
0.279487 -4.192712 -1.063491
0.286822 -4.199336 -1.064574
0.327725 -4.196071 -1.038826
0.324691 -4.197646 -1.041338
0.347018 -4.201529 -1.048481
0.372222 -4.206191 -1.055602
0.360695 -4.200668 -1.054579
0.380701 -4.199694 -1.064368
0.404848 -4.196881 -1.051749
0.401785 -4.207513 -1.068432
0.425881 -4.204069 -1.048865
0.437634 -4.206654 -1.062826
0.432395 -4.188454 -1.056106
0.462284 -4.188262 -1.045462
0.468693 -4.201352 -1.047364
0.488796 -4.194228 -1.036905
0.497263 -4.189949 -1.051435
0.503238 -4.186873 -1.060445
0.521704 -4.204381 -1.043598
0.532523 -4.184052 -1.065591
0.549938 -4.198996 -1.036386
0.571862 -4.185449 -1.070424
0.581252 -4.192542 -1.074503
0.565716 -4.205596 -1.058439
0.605047 -4.188794 -1.059322
0.615246 -4.184223 -1.056556
0.642767 -4.197238 -1.058563
0.634781 -4.174805 -1.045371
0.653975 -4.186534 -1.043622
0.672702 -4.185962 -1.050735
0.660336 -4.204000 -1.044750
0.702994 -4.176881 -1.064685
0.682644 -4.191014 -1.051904
0.727569 -4.195799 -1.069787
0.739324 -4.187588 -1.053919
0.747248 -4.169191 -1.073876
0.740150 -4.183408 -1.051278
0.774553 -4.195886 -1.049090
0.789976 -4.191063 -1.070347
0.808868 -4.178179 -1.070526
0.802423 -4.186651 -1.060759
0.827900 -4.201429 -1.044119
0.836754 -4.194284 -1.061309
0.868206 -4.180923 -1.073698
0.871026 -4.176055 -1.048592
0.879792 -4.183760 -1.072259
0.880529 -4.175934 -1.070124
0.918316 -4.176031 -1.074334
0.902485 -4.187646 -1.063076
0.936334 -4.192603 -1.073323
0.946118 -4.171758 -1.074122
0.966013 -4.159553 -1.056716
0.976064 -4.175476 -1.071404
0.999576 -4.182597 -1.075271
0.997992 -4.192930 -1.065819
1.003686 -4.178373 -1.078136
1.011597 -4.171659 -1.075315
1.035103 -4.169471 -1.061276
1.048542 -4.166422 -1.077389
1.092717 -4.163299 -1.063462
1.089956 -4.176367 -1.065180
1.084289 -4.158245 -1.065718
1.116501 -4.171602 -1.064498
1.118554 -4.182714 -1.089293
1.145560 -4.151978 -1.075877
1.147324 -4.151649 -1.070202
1.160706 -4.164924 -1.074702
1.178671 -4.140412 -1.086224
1.173004 -4.168948 -1.089098
1.193606 -4.124571 -1.068766
1.225639 -4.142429 -1.074817
1.220972 -4.146153 -1.083002
1.238879 -4.141855 -1.068051
1.238867 -4.130571 -1.069595
1.263261 -4.130715 -1.076010
1.259021 -4.108683 -1.060256
1.301563 -4.132221 -1.050288
1.309244 -4.114883 -1.079374
1.309517 -4.104590 -1.088850
1.339284 -4.109455 -1.059409
1.340449 -4.100004 -1.071040
1.333757 -4.088767 -1.092682
1.376260 -4.096613 -1.077395
1.379725 -4.068745 -1.100428
1.402996 -4.073550 -1.059603
1.400064 -4.066628 -1.061312
1.409709 -4.087248 -1.089291
1.413167 -4.087871 -1.079393
1.443377 -4.067296 -1.076978
1.446452 -4.063035 -1.090017
1.469126 -4.070817 -1.089395
1.458199 -4.043499 -1.057872
1.513539 -4.045375 -1.059616
1.491578 -4.038650 -1.070732
1.505785 -4.038795 -1.091199
1.499460 -4.024899 -1.076432
1.537740 -4.043144 -1.079348
1.557987 -4.050313 -1.103723
1.566626 -4.002946 -1.070064
1.574497 -4.015232 -1.069967
1.583490 -4.027993 -1.075687
1.593649 -4.008992 -1.053669
1.595105 -4.000236 -1.074857
1.596342 -4.014513 -1.062931
1.623689 -3.984092 -1.060203
1.647216 -3.996499 -1.078181
1.660334 -3.990636 -1.100882
1.674907 -3.978846 -1.075762
1.664917 -3.978599 -1.087876
1.709830 -3.959926 -1.064152
1.706333 -3.970635 -1.093350
1.731522 -3.967115 -1.085312
1.709072 -3.972129 -1.081809
1.749207 -3.949688 -1.064970
1.766002 -3.939028 -1.090241
1.780306 -3.932194 -1.080028
1.786402 -3.909855 -1.084760
1.798467 -3.917836 -1.080084
1.812020 -3.910055 -1.064328
1.811140 -3.915760 -1.064338
1.819995 -3.904815 -1.079987
1.852159 -3.903277 -1.073048
1.860559 -3.888031 -1.078222
1.880082 -3.896894 -1.074262
1.870947 -3.887837 -1.090293
1.896372 -3.874708 -1.080152
1.906669 -3.879374 -1.080507
1.910407 -3.885884 -1.086255
1.921644 -3.852502 -1.082554
1.926853 -3.879522 -1.083141
1.959437 -3.862141 -1.067003
1.956037 -3.849819 -1.086629
1.956276 -3.843432 -1.082974
1.979110 -3.836779 -1.077180
1.989374 -3.825540 -1.067008
2.012140 -3.814610 -1.080156
2.010825 -3.807196 -1.074687
2.036981 -3.811499 -1.077125
2.038755 -3.794512 -1.070431
2.064745 -3.786681 -1.067539
2.061962 -3.788883 -1.079563
2.071503 -3.786556 -1.078423
2.085913 -3.797411 -1.079559
2.105482 -3.758996 -1.073966
2.117093 -3.766816 -1.091922
2.120127 -3.758704 -1.078285
2.119077 -3.744752 -1.082086
2.153200 -3.765816 -1.075262
2.159482 -3.733026 -1.070893
2.169659 -3.741180 -1.066027
2.184592 -3.714125 -1.080963
2.205123 -3.709197 -1.075175
2.189866 -3.688055 -1.067657
2.221359 -3.691057 -1.078423
2.227530 -3.685799 -1.080215
2.219771 -3.684664 -1.077907
2.266702 -3.685127 -1.076935
2.251635 -3.665185 -1.076673
2.283309 -3.666852 -1.063272
2.272956 -3.667334 -1.093836
2.285402 -3.655802 -1.080576
2.306401 -3.654721 -1.080519
2.316979 -3.643487 -1.089747
2.326385 -3.646934 -1.092965
2.339338 -3.632050 -1.099347
2.357988 -3.612437 -1.080655
2.363808 -3.613306 -1.088061
2.363444 -3.627456 -1.074707
2.392662 -3.603581 -1.082594
2.399587 -3.579372 -1.082079
2.410022 -3.563832 -1.075496
2.410628 -3.580898 -1.066329
2.427715 -3.574157 -1.089428
2.446335 -3.561824 -1.089722
2.434479 -3.559907 -1.083180
2.484246 -3.552385 -1.075032
2.466728 -3.547631 -1.060054
2.478798 -3.542301 -1.075463
2.506565 -3.519714 -1.066504
2.502996 -3.508173 -1.077618
2.525882 -3.514759 -1.071210
2.515530 -3.519744 -1.086166
2.522727 -3.491206 -1.088392
2.542006 -3.467889 -1.077869
2.566076 -3.483240 -1.059586
2.569320 -3.447977 -1.074830
2.576859 -3.460541 -1.063534
2.593169 -3.457030 -1.079267
2.593213 -3.447570 -1.068774
2.604153 -3.418923 -1.061706
2.620534 -3.428158 -1.078713
2.619543 -3.425808 -1.075608
2.654101 -3.407780 -1.055149
2.647321 -3.420626 -1.072839
2.665132 -3.392339 -1.070210
2.681963 -3.403251 -1.080448
2.673755 -3.389922 -1.084692
2.698557 -3.363044 -1.093810
2.694290 -3.335836 -1.072912
2.717014 -3.349867 -1.084306
2.723904 -3.330730 -1.062550
2.712163 -3.341139 -1.073154
2.736983 -3.334676 -1.086196
2.748666 -3.324053 -1.080708
2.737955 -3.321388 -1.087185
2.777904 -3.297362 -1.072948
2.783319 -3.310625 -1.077159
2.805266 -3.289412 -1.070409
2.815610 -3.272808 -1.085637
2.815459 -3.278816 -1.068174
2.822921 -3.263112 -1.069548
2.837827 -3.261559 -1.077983
2.838309 -3.240062 -1.062745
2.852477 -3.227861 -1.075839
2.852617 -3.219271 -1.086856
2.893664 -3.216524 -1.084272
2.871643 -3.215033 -1.074604
2.897887 -3.201616 -1.049281
2.914146 -3.180070 -1.085387
2.909687 -3.176944 -1.091422
2.924951 -3.174118 -1.084334
2.934965 -3.170028 -1.083105
2.953228 -3.148548 -1.070820
2.946575 -3.164387 -1.057998
2.948443 -3.135484 -1.079367
2.962798 -3.127781 -1.078206
2.979266 -3.104443 -1.070783
2.986075 -3.109155 -1.094052
2.999447 -3.089906 -1.077259
3.009197 -3.086781 -1.078505
3.012874 -3.068216 -1.090267
3.024221 -3.067989 -1.077604
3.044981 -3.066489 -1.088831
3.040879 -3.061757 -1.069720
3.057683 -3.031212 -1.083604
3.064990 -3.025740 -1.074177
3.084996 -3.027786 -1.086225
3.077896 -3.008650 -1.088541
3.087949 -3.010456 -1.079418
3.085485 -2.992318 -1.076067
3.123106 -2.981275 -1.077602
3.126704 -2.972016 -1.069290
3.130228 -2.977835 -1.091301
3.151395 -2.966300 -1.080018
3.159295 -2.958107 -1.078084
3.171105 -2.930923 -1.083305
3.186223 -2.937741 -1.067366
3.182787 -2.919896 -1.072874
3.174044 -2.909986 -1.067609
3.194047 -2.897168 -1.095403
3.208897 -2.888040 -1.082448
3.216316 -2.894805 -1.076291
3.224797 -2.866931 -1.082422
3.222437 -2.864012 -1.083039
3.247262 -2.853295 -1.073368
3.257115 -2.842648 -1.060170
3.255355 -2.837405 -1.063815
3.274171 -2.817492 -1.083191
3.286928 -2.802908 -1.088067
3.271863 -2.815510 -1.084705
3.312405 -2.797965 -1.064875
3.299530 -2.778414 -1.059087
3.308135 -2.763624 -1.078439
3.322238 -2.754303 -1.081357
3.335680 -2.759910 -1.085214
3.344742 -2.743375 -1.077959
3.317969 -2.721978 -1.079959
3.334512 -2.724236 -1.073220
3.353774 -2.708623 -1.075642
3.374322 -2.710284 -1.074224
3.375266 -2.696590 -1.053167
3.392247 -2.674597 -1.083795
3.402295 -2.686053 -1.080902
3.408174 -2.655556 -1.068037
3.420123 -2.659347 -1.091375
3.410597 -2.629867 -1.070846
3.421301 -2.629728 -1.078181
3.443808 -2.611331 -1.080169
3.441148 -2.610611 -1.081454
3.425853 -2.591027 -1.078228
3.463387 -2.592800 -1.068207
3.463405 -2.582508 -1.080778
3.463627 -2.572177 -1.100363
3.504275 -2.554669 -1.073333
3.502996 -2.546554 -1.092863
3.478352 -2.525032 -1.081490
3.525969 -2.505702 -1.084993
3.514847 -2.508891 -1.064294
3.515325 -2.504433 -1.079928
3.524744 -2.490469 -1.073321
3.531749 -2.478898 -1.081981
3.542014 -2.460313 -1.077260
3.561164 -2.453111 -1.087510
3.558616 -2.439130 -1.069539
3.576230 -2.426678 -1.094263
3.587861 -2.414487 -1.084143
3.594921 -2.414223 -1.074065
3.590845 -2.402908 -1.079498
3.611811 -2.396680 -1.086118
3.609830 -2.377794 -1.071205
3.604908 -2.386779 -1.082829
3.612703 -2.342290 -1.082893
3.633089 -2.345154 -1.087151
3.641414 -2.343317 -1.075922
3.626822 -2.321467 -1.092703
3.642232 -2.305473 -1.093941
3.658717 -2.302091 -1.074203
3.664539 -2.289116 -1.073695
3.666941 -2.273987 -1.069138
3.681078 -2.275774 -1.070489
3.664139 -2.250527 -1.068299
3.683115 -2.261120 -1.073989
3.702549 -2.222206 -1.080454
3.705500 -2.224980 -1.078862
3.700903 -2.210335 -1.075070
3.697080 -2.200758 -1.076031
3.715811 -2.177271 -1.075759
3.735315 -2.179120 -1.078408
3.739136 -2.173536 -1.070664
3.744535 -2.149576 -1.050226
3.750286 -2.139600 -1.069148
3.746096 -2.150329 -1.067002
3.764289 -2.124353 -1.089898
3.755481 -2.114558 -1.071642
3.770529 -2.099294 -1.072180
3.796040 -2.085598 -1.070143
3.789537 -2.059162 -1.073524
3.800743 -2.055023 -1.065262
3.793164 -2.046626 -1.065956
3.808003 -2.014558 -1.075837
3.792080 -2.026126 -1.081642
3.813778 -2.010396 -1.064908
3.838245 -2.018820 -1.072566
3.844995 -1.984645 -1.073270
3.842107 -1.981497 -1.082870
3.816084 -1.978942 -1.086488
3.839473 -1.941976 -1.072572
3.474458 -1.745644 -0.964326
3.474980 -1.719544 -0.977462
3.478561 -1.732643 -0.956987
3.462359 -1.712666 -0.976563
3.462794 -1.705021 -0.958254
3.470690 -1.701656 -0.959821
3.495709 -1.674724 -0.960620
3.499667 -1.663804 -0.963408
3.496478 -1.663197 -0.965939
3.516241 -1.648720 -0.960100
3.908300 -1.830847 -1.081591
3.914654 -1.813970 -1.064592
3.923799 -1.799379 -1.098982
3.952117 -1.799270 -1.075641
3.923101 -1.768045 -1.092662
3.943798 -1.765368 -1.087168
3.942255 -1.728424 -1.094401
3.938756 -1.741574 -1.068169
3.953375 -1.716624 -1.093994
3.960532 -1.707996 -1.073327
3.974523 -1.698140 -1.064896
3.968423 -1.667344 -1.074491
3.972453 -1.669264 -1.075055
3.987138 -1.659147 -1.091704
3.982470 -1.647612 -1.075409
3.983360 -1.644462 -1.081710
3.990034 -1.630113 -1.068465
4.006019 -1.625287 -1.083953
4.015846 -1.586314 -1.076736
4.024544 -1.589731 -1.089829
3.999389 -1.585944 -1.077055
4.011710 -1.567401 -1.062200
4.028213 -1.554104 -1.078435
4.023203 -1.523966 -1.052811
4.040618 -1.539408 -1.100072
4.049715 -1.518065 -1.086645
4.064122 -1.508231 -1.086488
4.051509 -1.478102 -1.081282
4.041837 -1.481203 -1.095568
4.050406 -1.458717 -1.074887
4.058963 -1.456698 -1.082233
4.053280 -1.434872 -1.076453
4.058779 -1.446403 -1.073975
4.072284 -1.429176 -1.066832
4.070500 -1.388947 -1.080862
4.079354 -1.395803 -1.096470
4.086301 -1.359434 -1.072133
4.109757 -1.378425 -1.080726
4.065503 -1.360466 -1.079358
4.083513 -1.342587 -1.097097
4.120447 -1.308403 -1.083499
4.099543 -1.323252 -1.060137
4.101359 -1.300359 -1.096565
4.096934 -1.285401 -1.080826
4.107824 -1.262431 -1.079355
4.111677 -1.263882 -1.079066
4.137229 -1.239434 -1.084904
4.117131 -1.241810 -1.071170
4.130611 -1.232142 -1.066948
4.141162 -1.204721 -1.077593
4.151064 -1.211244 -1.084443
4.143741 -1.168625 -1.084719
4.163658 -1.188582 -1.085036
4.151081 -1.160871 -1.075429
4.142102 -1.145480 -1.074760
4.162809 -1.146724 -1.073491
4.147845 -1.126339 -1.075824
4.162729 -1.102706 -1.072020
4.171784 -1.099722 -1.075265
4.175640 -1.087239 -1.066384
4.178607 -1.072149 -1.086816
4.175246 -1.062698 -1.076398
4.164947 -1.070787 -1.072972
4.198844 -1.035543 -1.079477
4.204872 -1.015101 -1.065185
4.187228 -0.996747 -1.086152
4.195022 -1.000971 -1.077855
4.197556 -0.984388 -1.094950
4.215169 -0.965898 -1.076040
4.208176 -0.960135 -1.073780
4.202876 -0.938952 -1.087899
4.226648 -0.929226 -1.084678
4.209530 -0.920650 -1.079340
4.217688 -0.930271 -1.064095
4.226651 -0.883721 -1.079878
4.208776 -0.907780 -1.065966
4.231012 -0.861987 -1.074270
4.219516 -0.844668 -1.089461
4.242676 -0.858369 -1.091790
4.234494 -0.851189 -1.096714
4.243850 -0.825826 -1.055825
4.253501 -0.798068 -1.064352
4.259509 -0.803190 -1.083401
4.249901 -0.758850 -1.090798
4.256308 -0.765434 -1.076380
4.255291 -0.769570 -1.073407
4.265217 -0.727655 -1.080476
4.261988 -0.734787 -1.063329
4.242881 -0.705442 -1.067145
4.254338 -0.705897 -1.085963
4.274678 -0.680619 -1.092912
4.270548 -0.683196 -1.074367
4.246696 -0.663413 -1.074020
4.265121 -0.665785 -1.076430
4.271438 -0.618609 -1.085485
4.273348 -0.616950 -1.084692
4.276075 -0.619379 -1.090090
4.277472 -0.588429 -1.082976
4.277174 -0.590667 -1.078528
4.287847 -0.577124 -1.084326
4.289470 -0.554204 -1.080582
4.282696 -0.557659 -1.080651
4.280067 -0.543166 -1.078266
4.289755 -0.524602 -1.063040
4.286594 -0.509311 -1.080251
4.290062 -0.485963 -1.083749
4.282130 -0.480926 -1.064295
4.292659 -0.464781 -1.097660
4.278244 -0.447384 -1.074286
4.280991 -0.434190 -1.093521
4.273489 -0.428525 -1.073732
4.280848 -0.409291 -1.102021
4.275002 -0.398180 -1.069938
4.292945 -0.375837 -1.070531
4.302826 -0.356381 -1.064254
4.290090 -0.363570 -1.049397
4.312909 -0.341913 -1.077499
4.289958 -0.319961 -1.081958
4.308372 -0.319607 -1.098803
4.305149 -0.302478 -1.076516
4.299459 -0.299377 -1.075501
4.288054 -0.297891 -1.063821
4.307470 -0.254324 -1.082392
4.291544 -0.247768 -1.072209
4.292739 -0.244035 -1.064777
4.311043 -0.227730 -1.076652
4.305987 -0.218117 -1.080887
4.315808 -0.199034 -1.078120
4.330206 -0.198953 -1.072586
4.306630 -0.173706 -1.075816
4.305521 -0.154681 -1.046988
4.309550 -0.159504 -1.095889
4.323241 -0.133978 -1.084136
4.296069 -0.112627 -1.075812
4.317142 -0.120864 -1.059513
4.303233 -0.099079 -1.077535
4.315413 -0.072330 -1.079615
4.318958 -0.057624 -1.074454
4.330817 -0.055637 -1.076943
4.322309 -0.039689 -1.063249
4.322636 -0.012860 -1.075004
4.319586 0.003646 -1.080360
4.323462 -0.014120 -1.077982
4.319265 0.015101 -1.071706
4.318387 0.033779 -1.071295
4.317529 0.043779 -1.071989
4.325043 0.047440 -1.079196
4.304292 0.065149 -1.085644
4.310330 0.070764 -1.074711
4.317771 0.099550 -1.072194
4.334716 0.118592 -1.069200
4.317268 0.130744 -1.084714
4.314950 0.143195 -1.066509
4.306561 0.139955 -1.064130
4.314468 0.155542 -1.082011
4.297855 0.161263 -1.071079
4.315637 0.191310 -1.068890
4.327327 0.189793 -1.074060
4.312363 0.208459 -1.095023
4.307266 0.212699 -1.080861
4.306756 0.248123 -1.075389
4.315446 0.240142 -1.077788
4.320925 0.253749 -1.087204
4.311130 0.282100 -1.080410
4.305428 0.289299 -1.084964
4.309783 0.293193 -1.069536
4.299191 0.308817 -1.074891
4.291531 0.334770 -1.068713
4.315991 0.339438 -1.077861
4.298481 0.337687 -1.078434
4.301505 0.373451 -1.088072
4.300549 0.367070 -1.082073
4.294469 0.386406 -1.080297
4.299540 0.411591 -1.089506
4.282427 0.416522 -1.070926
4.290212 0.433474 -1.099421
4.282872 0.452533 -1.055695
4.292693 0.460589 -1.083496
4.294858 0.465123 -1.075467
4.289420 0.486854 -1.084108
4.292690 0.505481 -1.074742
4.280528 0.518162 -1.069345
4.281484 0.549845 -1.066068
4.282015 0.542172 -1.068157
4.276644 0.547546 -1.078196
4.275293 0.570664 -1.080382
4.278319 0.585775 -1.082039
4.273769 0.595233 -1.061236
4.265938 0.615076 -1.082415
4.286749 0.630115 -1.086519
4.259369 0.649955 -1.082954
4.263216 0.654929 -1.067968
4.268775 0.644997 -1.074081
4.261712 0.672894 -1.079347
4.253625 0.678508 -1.073410
4.257982 0.700696 -1.087583
4.273021 0.704860 -1.076096
4.249258 0.719554 -1.075775
4.258277 0.744253 -1.086043
4.244213 0.755295 -1.083563
4.260218 0.769194 -1.081189
4.232878 0.777057 -1.084882
4.235778 0.799372 -1.079445
4.252354 0.823283 -1.089553
4.225857 0.818866 -1.069153
4.232212 0.833403 -1.082878
4.231745 0.829842 -1.078130
4.215576 0.849812 -1.075837
4.222826 0.873815 -1.070646
4.232923 0.879558 -1.077093
4.237536 0.908212 -1.072338
4.213431 0.900815 -1.069615
4.207901 0.924362 -1.080664
4.225895 0.940550 -1.076751
4.202033 0.952455 -1.065066
4.205582 0.949462 -1.076016
4.201881 0.967710 -1.049702
4.206934 0.977573 -1.074949
4.212933 0.996188 -1.078595
4.182964 1.015879 -1.084772
4.200591 1.006653 -1.066127
4.183692 1.027707 -1.064114
4.188443 1.061958 -1.073292
4.197831 1.047125 -1.078640
4.189174 1.064823 -1.079466
4.178411 1.088160 -1.077481
4.164695 1.111836 -1.068440
4.155677 1.131219 -1.074189
4.151917 1.127006 -1.079507
4.155895 1.136290 -1.069592
4.165266 1.144334 -1.078835
4.143364 1.183967 -1.070287
4.153548 1.167097 -1.069084
4.148235 1.191727 -1.075768
4.142669 1.201361 -1.076117
4.149981 1.231407 -1.101510
4.143943 1.216906 -1.075726
4.131504 1.232070 -1.086814
4.133080 1.256354 -1.100942
4.138690 1.259446 -1.084397
4.115195 1.273348 -1.086546
4.101182 1.285445 -1.059010
4.107368 1.308195 -1.089689
4.112198 1.315318 -1.073160
4.099071 1.326594 -1.059946
4.110206 1.342013 -1.074182
4.101635 1.342759 -1.075323
4.100455 1.370395 -1.079938
4.096892 1.378950 -1.058490
4.078088 1.387915 -1.083027
4.073691 1.389475 -1.059146
4.082852 1.413386 -1.083718
4.061763 1.411542 -1.089338
4.085630 1.433012 -1.089644
4.062399 1.464849 -1.070398
4.038003 1.466590 -1.079114
4.047103 1.482113 -1.057485
4.051387 1.495963 -1.064674
4.056649 1.506207 -1.061314
4.049603 1.512856 -1.095393
4.020926 1.535468 -1.076430
4.029668 1.535324 -1.081389
4.020145 1.566825 -1.085253
4.004860 1.552991 -1.060167
4.010645 1.587171 -1.070901
3.991612 1.576587 -1.060738
3.997435 1.624214 -1.083803
4.008296 1.624794 -1.077727
3.985271 1.624937 -1.088970
3.971164 1.637966 -1.064735
3.975496 1.656182 -1.046973
3.974888 1.663104 -1.090301
3.964061 1.671350 -1.097091
3.968913 1.686078 -1.077324
3.964293 1.709455 -1.085006
3.931332 1.706527 -1.100210
3.965920 1.724024 -1.076416
3.960770 1.744991 -1.069839
3.953353 1.732140 -1.091485
3.939298 1.771840 -1.090434
3.941701 1.771056 -1.088466
3.922111 1.793464 -1.084164
3.936507 1.791513 -1.082909
3.907712 1.807771 -1.078948
3.923293 1.820040 -1.065164
3.899435 1.830213 -1.077615
3.906128 1.847584 -1.076860
3.888871 1.861287 -1.067685
3.905585 1.868772 -1.075772
3.875763 1.883495 -1.099676
3.870170 1.893472 -1.090590
3.854848 1.908694 -1.084774
3.878172 1.911739 -1.078162
3.870639 1.921993 -1.069560
3.433777 1.743581 -0.959731
3.431009 1.723263 -0.947659
3.409081 1.747698 -0.967562
3.407698 1.759824 -0.953984
3.383259 1.749421 -0.959781
3.393210 1.770832 -0.952578
3.391225 1.789427 -0.966891
3.377738 1.794728 -0.951716
3.383139 1.813150 -0.956613
3.401655 1.835194 -0.965035
3.772828 2.052335 -1.086324
3.774529 2.068222 -1.084552
3.787551 2.072132 -1.076560
3.782491 2.088692 -1.081823
3.766160 2.110272 -1.079563
3.761675 2.111903 -1.097753
3.756701 2.119850 -1.082259
3.753764 2.140237 -1.062980
3.745644 2.151596 -1.085146
3.732059 2.166465 -1.071349
3.721689 2.156797 -1.101706
3.719847 2.201658 -1.070597
3.719158 2.213056 -1.059588
3.692266 2.221605 -1.089066
3.695842 2.229810 -1.058886
3.704374 2.226480 -1.081663
3.681464 2.234210 -1.081662
3.687224 2.255139 -1.081662
3.668395 2.272733 -1.079487
3.673949 2.287880 -1.081113
3.653702 2.292345 -1.077920
3.654024 2.265331 -1.056877
3.634929 2.318190 -1.073802
3.637312 2.325032 -1.064675
3.621393 2.338922 -1.092565
3.609397 2.337910 -1.088074
3.635062 2.356693 -1.061298
3.621926 2.354950 -1.076038
3.597283 2.386992 -1.117441
3.596962 2.382836 -1.066717
3.576454 2.396821 -1.075723
3.598645 2.427594 -1.073795
3.580022 2.422557 -1.086066
3.556422 2.437713 -1.075596
3.568347 2.447814 -1.092861
3.556466 2.449140 -1.071041
3.554383 2.470069 -1.084898
3.536076 2.474240 -1.079801
3.532068 2.490600 -1.088009
3.504615 2.492842 -1.085625
3.510251 2.504014 -1.065648
3.504948 2.527935 -1.089626
3.493953 2.536066 -1.072473
3.496436 2.536594 -1.065138
3.485650 2.564041 -1.062189
3.470248 2.559548 -1.079970
3.463148 2.586323 -1.079311
3.440260 2.580757 -1.071549
3.448857 2.581101 -1.070905
3.433550 2.598277 -1.074730
3.418035 2.639170 -1.079082
3.440190 2.629118 -1.094348
3.409827 2.657018 -1.081897
3.405939 2.653850 -1.066705
3.401574 2.657622 -1.065189
3.416353 2.664882 -1.086029
3.405583 2.668985 -1.092615
3.348805 2.688089 -1.080539
3.377789 2.717319 -1.082029
3.367010 2.721412 -1.071165
3.338201 2.721071 -1.080976
3.338787 2.722996 -1.096780
3.325419 2.743643 -1.073536
3.315367 2.769546 -1.068862
3.323109 2.763897 -1.067682
3.314492 2.764047 -1.069360
3.294282 2.800140 -1.078942
3.289818 2.803878 -1.075555
3.283338 2.821244 -1.063005
3.292750 2.816448 -1.081412
3.279086 2.833858 -1.092811
3.249661 2.833237 -1.084417
3.255175 2.856084 -1.093568
3.228579 2.853090 -1.057919
3.224481 2.873756 -1.077838
3.225950 2.877755 -1.072813
3.211219 2.897786 -1.075155
3.198418 2.879608 -1.084063
3.185899 2.901860 -1.077859
3.181921 2.918429 -1.085111
3.179015 2.914706 -1.089928
3.172609 2.935975 -1.084707
3.164665 2.957093 -1.072083
3.150045 2.951096 -1.068891
3.153485 2.955922 -1.074109
3.129970 2.961177 -1.079884
3.128112 2.971011 -1.073886
3.120540 2.990515 -1.094101
3.092101 3.007850 -1.062504
3.099720 3.006886 -1.088632
3.085676 3.018664 -1.080939
3.081631 3.034873 -1.069933
3.075761 3.045073 -1.074933
3.067390 3.051674 -1.088714
3.061267 3.058567 -1.077066
3.034609 3.074210 -1.070558
3.015858 3.092275 -1.083204
3.035726 3.065310 -1.086701
3.020254 3.091187 -1.080761
3.000992 3.088070 -1.071599
2.998045 3.110905 -1.060567
2.982795 3.102062 -1.080700
2.980533 3.127536 -1.077917
2.970048 3.126910 -1.064512
2.956514 3.153644 -1.081622
2.941228 3.157150 -1.067222
2.936584 3.181525 -1.065716
2.941450 3.158648 -1.109097
2.928096 3.191654 -1.066206
2.894860 3.191400 -1.089751
2.909530 3.204845 -1.081201
2.882579 3.201171 -1.067165
2.891868 3.215077 -1.073581
2.882205 3.223384 -1.089013
2.868331 3.229265 -1.067063
2.848206 3.256440 -1.073986
2.839010 3.243014 -1.085111
2.815160 3.272226 -1.060267
2.810124 3.271544 -1.084308
2.800378 3.291929 -1.071993
2.805275 3.285372 -1.089003
2.798347 3.317901 -1.070092
2.764321 3.312111 -1.072238
2.775614 3.328002 -1.070385
2.760993 3.315536 -1.066983
2.738107 3.320977 -1.070887
2.731504 3.334651 -1.085802
2.732929 3.365726 -1.084605
2.726622 3.359237 -1.076383
2.720049 3.350358 -1.069489
2.692002 3.352254 -1.069859
2.680986 3.387431 -1.102619
2.664081 3.381077 -1.092543
2.659424 3.375383 -1.081993
2.650495 3.388967 -1.067811
2.638451 3.404545 -1.082798
2.648309 3.410987 -1.066298
2.627809 3.422124 -1.088097
2.608064 3.440515 -1.088284
2.614958 3.437480 -1.082611
2.596903 3.457973 -1.077444
2.567085 3.470226 -1.073694
2.570010 3.474782 -1.072030
2.581502 3.470674 -1.073831
2.548677 3.484866 -1.097543
2.537834 3.504171 -1.083129
2.522775 3.489619 -1.074196
2.520855 3.493885 -1.083052
2.503861 3.498827 -1.077595
2.500427 3.515437 -1.077518
2.471375 3.538167 -1.076170
2.453370 3.547525 -1.068513
2.448351 3.545365 -1.064159
2.449528 3.544154 -1.102635
2.424076 3.551046 -1.072150
2.438401 3.568482 -1.076086
2.410463 3.580550 -1.065960
2.404798 3.582043 -1.076102
2.398684 3.590641 -1.082595
2.390363 3.574525 -1.088786
2.376685 3.608821 -1.084320
2.344815 3.594434 -1.091522
2.358514 3.624944 -1.068877
2.329756 3.627103 -1.072890
2.316434 3.637034 -1.082404
2.312157 3.649085 -1.082373
2.296665 3.629563 -1.080042
2.292900 3.651271 -1.069160
2.298412 3.679076 -1.092241
2.271266 3.673707 -1.062606
2.265136 3.663428 -1.093935
2.243840 3.680481 -1.084579
2.254864 3.679891 -1.085352
2.241124 3.689261 -1.058742
2.216180 3.719732 -1.075578
2.210360 3.702428 -1.078563
2.184701 3.722947 -1.061972
2.160361 3.737786 -1.079375
2.180819 3.737241 -1.080876
2.156003 3.730671 -1.077557
2.134583 3.737582 -1.083343
2.132682 3.744366 -1.087614
2.137213 3.763988 -1.070480
2.107859 3.762019 -1.067126
2.104289 3.781464 -1.061482
2.099041 3.783837 -1.064558
2.054155 3.784921 -1.066146
2.058965 3.798907 -1.088357
2.038628 3.795394 -1.092280
2.049910 3.809550 -1.097054
2.013066 3.806870 -1.085289
2.018644 3.818882 -1.069427
2.009607 3.827565 -1.079635
1.989724 3.844577 -1.075845
1.990310 3.841037 -1.075008
1.960080 3.846452 -1.081287
1.957655 3.840572 -1.101619
1.950727 3.856684 -1.076814
1.922405 3.853226 -1.071889
1.913165 3.873960 -1.098615
1.913159 3.877691 -1.092530
1.894586 3.857207 -1.075832
1.888117 3.875823 -1.085759
1.871469 3.888717 -1.075335
1.857023 3.899547 -1.102703
1.838620 3.927892 -1.068328
1.841336 3.885031 -1.071720
1.818686 3.897848 -1.089945
1.835948 3.942268 -1.075939
1.795850 3.920272 -1.086693
1.797624 3.920253 -1.096340
1.775172 3.932126 -1.081112
1.764506 3.935409 -1.088123
1.772361 3.937301 -1.072918
1.767175 3.949726 -1.061517
1.735806 3.940894 -1.082970
1.705658 3.946079 -1.079289
1.710380 3.954039 -1.081272
1.705490 3.979734 -1.075474
1.679404 3.975055 -1.076419
1.663911 3.971320 -1.092123
1.668539 3.993736 -1.082426
1.652414 3.975974 -1.078810
1.642146 4.008885 -1.079186
1.620402 4.005182 -1.093695
1.619941 4.000700 -1.073761
1.623428 4.015259 -1.065016
1.588172 4.019837 -1.066940
1.584901 4.007350 -1.087754
1.563066 4.033425 -1.076334
1.559035 4.015455 -1.068315
1.521034 4.037451 -1.087200
1.524906 4.039424 -1.077746
1.514022 4.031313 -1.091437
1.499875 4.048664 -1.086390
1.478569 4.059437 -1.092092
1.477629 4.036191 -1.087373
1.472883 4.060588 -1.077174
1.450861 4.050000 -1.069965
1.427494 4.068208 -1.080290
1.411458 4.088287 -1.059239
1.392483 4.077993 -1.095639
1.395295 4.093103 -1.094242
1.393203 4.086246 -1.084796
1.384866 4.089018 -1.079769
1.358349 4.102493 -1.072270
1.346577 4.089711 -1.094863
1.347236 4.112682 -1.074501
1.332703 4.125028 -1.070486
1.315898 4.110116 -1.071148
1.303249 4.130737 -1.077496
1.272450 4.146123 -1.070262
1.276548 4.130329 -1.069830
1.267136 4.114190 -1.075679
1.239087 4.126144 -1.078423
1.223799 4.150432 -1.075555
1.216527 4.138454 -1.080134
1.219083 4.148899 -1.071486
1.197979 4.135250 -1.066272
1.190736 4.148267 -1.083930
1.184898 4.163026 -1.063950
1.155406 4.155090 -1.084246
1.158306 4.166895 -1.096770
1.124624 4.184856 -1.068370
1.123199 4.171273 -1.091744
1.086819 4.166173 -1.099172
1.082334 4.162437 -1.052248
1.068577 4.169249 -1.087065
1.064195 4.180928 -1.073909
1.052137 4.173345 -1.059953
1.035864 4.173841 -1.090415
1.050576 4.173748 -1.071922
1.022347 4.195483 -1.091485
0.995651 4.196558 -1.088165
0.994142 4.197363 -1.067538
0.979073 4.202291 -1.066373
0.964898 4.188375 -1.067456
0.963900 4.217337 -1.088559
0.928345 4.218954 -1.072386
0.946235 4.206212 -1.075449
0.904954 4.218781 -1.077733
0.903174 4.227401 -1.062233
0.878511 4.229339 -1.092209
0.880494 4.229032 -1.077675
0.857721 4.217668 -1.094443
0.866841 4.205937 -1.081145
0.852065 4.227406 -1.083115
0.822725 4.232291 -1.050388
0.804995 4.228795 -1.082938
0.784229 4.229774 -1.091809
0.793502 4.248243 -1.073882
0.761098 4.230165 -1.077945
0.768560 4.244288 -1.064460
0.740509 4.232123 -1.079136
0.737700 4.247552 -1.087122
0.699858 4.247346 -1.069733
0.727407 4.247315 -1.076859
0.688220 4.261388 -1.076111
0.670386 4.273305 -1.078892
0.674314 4.260811 -1.048901
0.679835 4.277443 -1.080187
0.640698 4.247472 -1.077839
0.607305 4.278551 -1.070717
0.611387 4.277629 -1.075919
0.584216 4.287867 -1.082974
0.584851 4.281362 -1.058548
0.581925 4.266153 -1.059611
0.549644 4.279583 -1.074908
0.533538 4.257459 -1.090409
0.528448 4.283870 -1.086747
0.519946 4.274992 -1.079141
0.504078 4.278067 -1.082921
0.491550 4.272087 -1.084964
0.467286 4.283308 -1.078130
0.478899 4.287483 -1.089632
0.458022 4.294794 -1.088120
0.434298 4.275465 -1.090775
0.434007 4.279158 -1.070694
0.434552 4.265365 -1.076022
0.401478 4.284785 -1.063201
0.390030 4.301597 -1.071091
0.376347 4.281587 -1.067683
0.364986 4.287285 -1.064775
0.357705 4.328027 -1.079462
0.326331 4.303001 -1.087257
0.337882 4.303229 -1.078671
0.299973 4.319487 -1.064660
0.276022 4.306311 -1.081158
0.299192 4.307075 -1.075480
0.250292 4.316375 -1.071677
0.253677 4.317719 -1.078399
0.259675 4.317657 -1.077965
0.228063 4.300929 -1.071793
0.229191 4.293972 -1.072586
0.219542 4.297714 -1.073313
0.177275 4.316464 -1.062668
0.173388 4.303134 -1.068391
0.162178 4.317730 -1.078591
0.147018 4.322984 -1.089702
0.158636 4.307347 -1.078081
0.128993 4.332205 -1.084704
0.113241 4.314592 -1.057602
0.101168 4.324994 -1.084531
0.077858 4.305748 -1.070041
0.084952 4.316878 -1.081497
0.049849 4.310853 -1.089040
0.051825 4.309035 -1.086522
0.026664 4.321940 -1.079026
0.010260 4.311898 -1.060047
0.008694 4.317153 -1.079739
-0.005137 4.294773 -1.095578
0.003420 -4.222235 -1.011532
0.013220 -4.224160 -0.998340
0.037063 -4.206948 -1.016258
0.043264 -4.195446 -1.017339
0.037560 -4.202788 -1.003075
0.077373 -4.233470 -1.018691
0.086988 -4.239946 -1.030689
0.081278 -4.196661 -1.006499
0.121946 -4.222995 -1.008481
0.123798 -4.226937 -1.019966
0.122553 -4.218311 -0.995823
0.157409 -4.215436 -1.009133
0.160183 -4.222605 -1.022548
0.172999 -4.220853 -1.002548
0.181633 -4.211191 -1.004926
0.205656 -4.216086 -1.018638
0.209312 -4.208452 -1.013849
0.226101 -4.215987 -1.007338
0.238004 -4.212262 -1.000689
0.274274 -4.203370 -1.022066
0.261595 -4.209600 -1.012941
0.265026 -4.206634 -0.999524
0.307567 -4.224358 -1.017692
0.297001 -4.218230 -1.013789
0.322787 -4.215436 -1.004832
0.342542 -4.200360 -0.979785
0.344744 -4.195954 -1.017909
0.356708 -4.202913 -1.006051
0.371700 -4.206224 -0.991953
0.397730 -4.187764 -1.008783
0.398630 -4.204762 -1.002443
0.395857 -4.194844 -1.025232
0.412855 -4.200007 -1.021992
0.417570 -4.192169 -1.006369
0.450870 -4.195712 -0.990427
0.462923 -4.185211 -1.007756
0.480872 -4.203359 -1.018891
0.486673 -4.201594 -1.007701
0.504624 -4.191724 -1.012281
0.503193 -4.184571 -1.006551
0.508677 -4.205271 -1.015736
0.540365 -4.194240 -0.996774
0.546182 -4.190834 -1.007478
0.567997 -4.193618 -1.017998
0.569488 -4.199342 -1.022095
0.592509 -4.170616 -1.013014
0.600369 -4.180987 -1.013852
0.624716 -4.197874 -1.011948
0.616488 -4.187883 -1.006407
0.642044 -4.188286 -1.009157
0.661711 -4.213130 -1.012511
0.672767 -4.192796 -1.009508
0.672452 -4.184107 -1.027467
0.704805 -4.181994 -1.005122
0.710700 -4.192326 -1.022833
0.733960 -4.172979 -1.029083
0.738931 -4.175881 -1.035847
0.753320 -4.172210 -1.002408
0.759250 -4.175728 -1.027260
0.770312 -4.181648 -1.022928
0.800212 -4.197293 -1.015614
0.798077 -4.167073 -1.019150
0.804793 -4.177033 -1.039663
0.832936 -4.184472 -1.017288
0.845310 -4.175760 -1.047346
0.849481 -4.205537 -1.015650
0.852263 -4.199858 -1.029379
0.890180 -4.170375 -1.034077
0.901801 -4.192532 -1.035884
0.904161 -4.203603 -1.019003
0.927065 -4.188627 -1.014180
0.911601 -4.183313 -1.031680
0.955348 -4.175968 -1.035681
0.951297 -4.171624 -1.034337
0.963914 -4.171536 -1.020801
0.976385 -4.197287 -1.025128
1.014954 -4.188663 -1.019680
1.018940 -4.178346 -1.025584
1.015032 -4.171608 -1.034169
1.053183 -4.164945 -1.040006
1.039588 -4.164221 -1.040007
1.048592 -4.176772 -1.025559
1.077142 -4.175499 -1.043778
1.091567 -4.173734 -1.035937
1.092828 -4.165598 -1.038107
1.112077 -4.178961 -1.045929
1.149315 -4.179751 -1.034310
1.136642 -4.169362 -1.047380
1.139340 -4.159842 -1.041674
1.165197 -4.164009 -1.038879
1.198378 -4.157648 -1.065877
1.229264 -4.170966 -1.037788
1.210925 -4.158782 -1.050185
1.232033 -4.166997 -1.054446
1.255286 -4.169688 -1.047240
1.253056 -4.159761 -1.041985
1.274100 -4.157798 -1.049256
1.282080 -4.165433 -1.043858
1.301653 -4.166967 -1.036045
1.320966 -4.174456 -1.040927
1.312061 -4.154966 -1.042325
1.327401 -4.147068 -1.053403
1.341231 -4.163258 -1.035840
1.366145 -4.174920 -1.053434
1.382420 -4.153596 -1.029189
1.404673 -4.146114 -1.050246
1.391675 -4.182884 -1.043518
1.407085 -4.162894 -1.056946
1.441342 -4.170153 -1.050622
1.467896 -4.165538 -1.052288
1.468357 -4.143341 -1.066447
1.499734 -4.151447 -1.051544
1.493420 -4.157407 -1.056482
1.492473 -4.145617 -1.058303
1.504072 -4.134374 -1.057054
1.519988 -4.164678 -1.063105
1.541082 -4.143929 -1.068647
1.565395 -4.165217 -1.067909
1.576748 -4.148547 -1.064375
1.603100 -4.152718 -1.073511
1.624460 -4.144738 -1.080174
1.638013 -4.145977 -1.057730
1.648942 -4.141182 -1.054621
1.660329 -4.130398 -1.063296
1.652323 -4.151795 -1.079035
1.678117 -4.161079 -1.080022
1.702871 -4.139057 -1.080827
1.717842 -4.146280 -1.075314
1.715135 -4.134991 -1.072918
1.725516 -4.142995 -1.053351
1.744629 -4.126359 -1.077240
1.750446 -4.116157 -1.071322
1.774135 -4.132146 -1.097465
1.809648 -4.091968 -1.058491
1.799101 -4.106770 -1.087700
1.830182 -4.097599 -1.088290
1.815034 -4.097241 -1.054444
1.818109 -4.096227 -1.067782
1.861700 -4.094893 -1.068412
1.846342 -4.077213 -1.069504
1.865029 -4.077949 -1.087025
1.888892 -4.090832 -1.081348
1.892897 -4.057043 -1.063249
1.917181 -4.048226 -1.073708
1.910263 -4.033066 -1.073141
1.935146 -4.041636 -1.094534
1.948585 -4.041435 -1.069007
1.954634 -4.036978 -1.075678
1.972866 -4.028055 -1.088863
2.009161 -4.017023 -1.080799
1.996640 -4.012726 -1.072163
2.011206 -3.996731 -1.078032
2.016158 -3.986623 -1.071230
2.034820 -4.022209 -1.077672
2.066935 -4.002439 -1.073256
2.061068 -3.958949 -1.076073
2.089481 -3.956291 -1.078205
2.093238 -3.976892 -1.084080
2.100854 -3.950299 -1.078475
2.101878 -3.957871 -1.097850
2.128335 -3.961955 -1.089247
2.132316 -3.933651 -1.065933
2.146243 -3.927592 -1.070003
2.148514 -3.933104 -1.093091
2.179862 -3.928114 -1.086483
2.185061 -3.916575 -1.064969
2.171783 -3.896587 -1.066290
2.212269 -3.889558 -1.070747
2.213402 -3.902334 -1.079549
2.229226 -3.874746 -1.068906
2.232850 -3.871537 -1.074259
2.271055 -3.882117 -1.078326
2.251017 -3.853223 -1.084313
2.269767 -3.846706 -1.085599
2.279363 -3.856752 -1.086707
2.295142 -3.858618 -1.047666
2.299314 -3.831394 -1.077978
2.324091 -3.841640 -1.067284
2.325644 -3.832170 -1.073719
2.345822 -3.827499 -1.070840
2.373566 -3.819831 -1.071427
2.372790 -3.799167 -1.084498
2.380774 -3.799811 -1.068601
2.387161 -3.796050 -1.078422
2.416349 -3.790213 -1.080819
2.408945 -3.776751 -1.085426
2.437613 -3.766129 -1.073303
2.444093 -3.754496 -1.095181
2.462780 -3.725680 -1.065122
2.462463 -3.731674 -1.071404
2.480019 -3.734069 -1.076662
2.491630 -3.737874 -1.085810
2.508896 -3.714616 -1.072911
2.523562 -3.707934 -1.083346
2.514815 -3.717313 -1.080150
2.527925 -3.709087 -1.077847
2.554282 -3.700191 -1.062267
2.533657 -3.675509 -1.066831
2.568900 -3.671566 -1.082111
2.576298 -3.663034 -1.068612
2.605496 -3.660430 -1.063876
2.589959 -3.672727 -1.084085
2.595466 -3.640516 -1.070967
2.629708 -3.628572 -1.062848
2.633760 -3.628933 -1.077490
2.639678 -3.644037 -1.077695
2.662994 -3.626795 -1.080226
2.678331 -3.600051 -1.052524
2.683921 -3.601527 -1.062533
2.696993 -3.590802 -1.063339
2.702497 -3.574999 -1.066280
2.718982 -3.564279 -1.072832
2.712919 -3.574753 -1.082438
2.721945 -3.550287 -1.069815
2.730568 -3.560373 -1.082858
2.741732 -3.535169 -1.066666
2.772744 -3.534546 -1.074614
2.770296 -3.522735 -1.080856
2.800797 -3.506440 -1.086376
2.795937 -3.519156 -1.068943
2.810085 -3.499990 -1.077189
2.819304 -3.464093 -1.074628
2.833240 -3.488335 -1.081716
2.833775 -3.472801 -1.081028
2.864074 -3.449480 -1.057525
2.878111 -3.449193 -1.074880
2.886805 -3.425032 -1.080702
2.869997 -3.424417 -1.075583
2.877536 -3.420854 -1.068032
2.907475 -3.405786 -1.081529
2.916599 -3.396571 -1.065847
2.914239 -3.394254 -1.075316
2.936570 -3.407516 -1.077089
2.929737 -3.382665 -1.093712
2.940251 -3.365501 -1.087567
2.971816 -3.337380 -1.075028
2.988508 -3.362568 -1.078957
2.975522 -3.366876 -1.057342
2.987095 -3.314542 -1.063111
3.014204 -3.329634 -1.080855
3.027724 -3.325349 -1.068226
3.026590 -3.313963 -1.072329
3.040130 -3.301372 -1.086045
3.051010 -3.291442 -1.064783
3.052734 -3.288789 -1.081191
3.066511 -3.270751 -1.086976
3.084211 -3.243963 -1.071008
3.096901 -3.247653 -1.074744
3.104062 -3.228019 -1.077103
3.094525 -3.223011 -1.078124
3.128443 -3.215871 -1.077550
3.127849 -3.195544 -1.072466
3.136129 -3.199815 -1.076272
3.143306 -3.176112 -1.074793
3.160660 -3.189294 -1.089924
3.171070 -3.171059 -1.074336
3.171679 -3.167318 -1.076141
3.191906 -3.151312 -1.082149
3.201532 -3.138085 -1.074631
3.219655 -3.137706 -1.075375
3.220987 -3.122098 -1.091626
3.232623 -3.112865 -1.076429
3.237974 -3.106452 -1.065569
3.244967 -3.090208 -1.073981
3.251272 -3.080374 -1.056246
3.283016 -3.068785 -1.083983
3.278847 -3.069142 -1.084215
3.293474 -3.042815 -1.090828
3.286017 -3.052700 -1.073092
3.299364 -3.048294 -1.075214
3.290136 -3.021237 -1.090330
3.320826 -3.000888 -1.066135
3.341216 -3.007904 -1.070791
3.331423 -2.973301 -1.084175
3.346938 -2.970260 -1.074402
3.346563 -2.966240 -1.081652
3.367731 -2.958411 -1.072792
3.389473 -2.942436 -1.089751
3.387999 -2.953288 -1.108109
3.392713 -2.938285 -1.082383
3.391441 -2.898995 -1.062667
3.412062 -2.905161 -1.067698
3.429843 -2.898146 -1.074704
3.415146 -2.884521 -1.082058
3.442198 -2.874060 -1.082511
3.453011 -2.868937 -1.078937
3.438494 -2.865101 -1.078640
3.468518 -2.854998 -1.063974
3.468516 -2.833558 -1.064506
3.476269 -2.829748 -1.080761
3.481006 -2.808553 -1.081252
3.505643 -2.782135 -1.075087
3.496741 -2.798560 -1.076040
3.517063 -2.783998 -1.073891
3.539284 -2.770431 -1.071394
3.531812 -2.748024 -1.086970
3.551738 -2.747835 -1.056404
3.565717 -2.717478 -1.083593
3.567689 -2.731934 -1.072097
3.582085 -2.716419 -1.069252
3.569758 -2.700003 -1.068805
3.584768 -2.701673 -1.071197
3.591284 -2.696755 -1.061262
3.596542 -2.675076 -1.073887
3.600837 -2.651380 -1.067306
3.611002 -2.648733 -1.088792
3.623502 -2.638949 -1.064919
3.624709 -2.621730 -1.081412
3.629883 -2.620057 -1.083410
3.649619 -2.604638 -1.060859
3.673267 -2.598766 -1.084470
3.665936 -2.580307 -1.071031
3.662389 -2.576592 -1.078969
3.688794 -2.560658 -1.076985
3.689712 -2.556515 -1.076171
3.693848 -2.534417 -1.072828
3.692660 -2.538975 -1.094030
3.714804 -2.513943 -1.067058
3.707363 -2.503963 -1.063037
3.735382 -2.479371 -1.057178
3.727254 -2.483763 -1.094550
3.750423 -2.462662 -1.053571
3.748947 -2.448961 -1.072471
3.737819 -2.447129 -1.080197
3.766889 -2.441289 -1.078788
3.768766 -2.429162 -1.069724
3.774330 -2.423983 -1.074881
3.773694 -2.395831 -1.059631
3.806062 -2.388730 -1.058311
3.796406 -2.383898 -1.088171
3.812532 -2.367457 -1.076523
3.824063 -2.356429 -1.076138
3.813949 -2.340873 -1.084991
3.827742 -2.333465 -1.084401
3.829430 -2.324819 -1.076653
3.853867 -2.310400 -1.083382
3.850692 -2.302632 -1.068000
3.848619 -2.278913 -1.058208
3.852510 -2.286767 -1.062653
3.866740 -2.242267 -1.078812
3.900852 -2.255932 -1.087340
3.887560 -2.227331 -1.091269
3.894124 -2.217393 -1.075113
3.903370 -2.219672 -1.066052
3.905708 -2.194546 -1.079070
3.908416 -2.185044 -1.082955
3.929957 -2.172507 -1.062275
3.901099 -2.179629 -1.087389
3.946728 -2.144547 -1.074798
3.949994 -2.140809 -1.084919
3.951110 -2.143157 -1.068482
3.939363 -2.097924 -1.076670
3.967003 -2.118822 -1.081111
3.967274 -2.081510 -1.074085
4.001635 -2.084175 -1.080078
3.957971 -2.051945 -1.072559
3.967159 -2.066253 -1.070045
3.987027 -2.042023 -1.078905
4.005975 -2.037396 -1.065400
3.999233 -2.028069 -1.087784
3.512180 -1.744603 -0.937624
3.453810 -1.721309 -0.951870
3.468564 -1.701733 -0.940500
3.490930 -1.695394 -0.937676
3.499164 -1.699857 -0.919461
3.496826 -1.680023 -0.932857
3.513276 -1.685711 -0.945351
3.514699 -1.655395 -0.940449
4.062477 -1.898976 -1.061996
4.052874 -1.887205 -1.076070
4.082110 -1.894008 -1.082100
4.091754 -1.867453 -1.069420
4.067886 -1.863962 -1.074374
4.095535 -1.852698 -1.087588
4.098577 -1.822284 -1.070103
4.097812 -1.808955 -1.080022
4.103789 -1.806122 -1.077867
4.114182 -1.787590 -1.068664
4.109451 -1.771437 -1.083329
4.120739 -1.770257 -1.083526
4.115801 -1.757961 -1.077029
4.133139 -1.753377 -1.069481
4.130088 -1.737888 -1.076416
4.137909 -1.715920 -1.097066
4.152004 -1.690922 -1.087463
4.166790 -1.684636 -1.076510
4.153394 -1.658593 -1.066941
4.155158 -1.655155 -1.065403
4.169744 -1.671055 -1.075170
4.166698 -1.638984 -1.082530
4.171621 -1.632993 -1.088360
4.191406 -1.612625 -1.076904
4.178948 -1.595142 -1.074612
4.186988 -1.590977 -1.084280
4.195780 -1.570891 -1.071229
4.193876 -1.563076 -1.093083
4.221953 -1.571811 -1.062527
4.200332 -1.540375 -1.077391
4.226788 -1.529644 -1.073123
4.209522 -1.512619 -1.062047
4.220717 -1.506682 -1.075867
4.222500 -1.490238 -1.082176
4.228498 -1.479336 -1.069903
4.228273 -1.466366 -1.080098
4.232374 -1.435165 -1.074550
4.249258 -1.449714 -1.068445
4.253344 -1.429569 -1.078166
4.261687 -1.395177 -1.066564
4.264127 -1.396771 -1.079095
4.274097 -1.378834 -1.065453
4.278481 -1.384858 -1.068836
4.279380 -1.356544 -1.095740
4.281672 -1.329839 -1.089189
4.291668 -1.338429 -1.081816
4.282238 -1.315669 -1.070583
4.292912 -1.296228 -1.066248
4.287552 -1.303169 -1.083132
4.288284 -1.277715 -1.099691
4.319872 -1.259009 -1.071231
4.323613 -1.254040 -1.070616
4.313148 -1.232352 -1.074305
4.317543 -1.222026 -1.067010
4.317089 -1.207995 -1.060379
4.299109 -1.194121 -1.076793
4.325925 -1.180271 -1.083223
4.334100 -1.164291 -1.072171
4.319052 -1.159459 -1.087571
4.338043 -1.135656 -1.066764
4.318088 -1.138300 -1.081008
4.344425 -1.109775 -1.073177
4.342022 -1.092556 -1.098094
4.354020 -1.065212 -1.094291
4.371400 -1.067874 -1.064511
4.345592 -1.090396 -1.072697
4.366315 -1.053325 -1.065565
4.354749 -1.044941 -1.074824
4.355509 -1.042992 -1.087259
4.370961 -1.008409 -1.082913
4.386625 -0.997693 -1.092302
4.385049 -0.988578 -1.090200
4.374788 -0.956876 -1.069374
4.370298 -0.954451 -1.079747
4.369932 -0.947232 -1.084795
4.386878 -0.928249 -1.090893
4.382277 -0.911236 -1.055599
4.387455 -0.906718 -1.083373
4.390479 -0.881322 -1.078317
4.395588 -0.872101 -1.083298
4.393731 -0.855538 -1.084506
4.395238 -0.859144 -1.071263
4.399897 -0.839354 -1.055663
4.413848 -0.806723 -1.075598
4.419505 -0.786255 -1.091969
4.414291 -0.801470 -1.061988
4.429235 -0.783485 -1.084402
4.422268 -0.775459 -1.092506
4.416513 -0.749543 -1.093118
4.426569 -0.732714 -1.060679
4.413023 -0.732064 -1.089508
4.412857 -0.716805 -1.079579
4.427478 -0.695804 -1.075969
4.442668 -0.695468 -1.093631
4.416247 -0.679462 -1.080620
4.424584 -0.657830 -1.086810
4.436200 -0.649866 -1.066936
4.436653 -0.642758 -1.061930
4.427904 -0.628485 -1.074144
4.421985 -0.607190 -1.087843
4.452879 -0.578021 -1.090420
4.452711 -0.581364 -1.094118
4.459591 -0.547344 -1.079017
4.466984 -0.548095 -1.061647
4.430627 -0.537391 -1.070289
4.450004 -0.513638 -1.076577
4.464830 -0.524398 -1.087824
4.459438 -0.493956 -1.060135
4.444849 -0.488775 -1.086721
4.463403 -0.470985 -1.086977
4.455933 -0.446067 -1.090047
4.454768 -0.428676 -1.068722
4.469024 -0.413665 -1.088653
4.468003 -0.409743 -1.091946
4.478632 -0.413638 -1.072027
4.470399 -0.389736 -1.075829
4.471706 -0.378398 -1.065345
4.463317 -0.334373 -1.069307
4.470481 -0.346345 -1.081802
4.490480 -0.319933 -1.071788
4.463169 -0.326381 -1.081866
4.482077 -0.325391 -1.085268
4.487059 -0.281820 -1.078861
4.468344 -0.264876 -1.078241
4.471576 -0.249547 -1.065182
4.479047 -0.260106 -1.076174
4.474058 -0.235114 -1.077367
4.480172 -0.226525 -1.061916
4.479626 -0.196489 -1.090752
4.485753 -0.191209 -1.058208
4.487009 -0.190471 -1.086929
4.492754 -0.170696 -1.078436
4.475913 -0.142625 -1.067836
4.478241 -0.122541 -1.063547
4.481350 -0.135812 -1.090264
4.469414 -0.117494 -1.068904
4.469085 -0.097940 -1.081602
4.472209 -0.081059 -1.086957
4.493166 -0.085571 -1.065560
4.470368 -0.067545 -1.090900
4.482223 -0.046317 -1.069280
4.477064 -0.005149 -1.077944
4.481546 -0.022257 -1.077267
4.485524 0.004731 -1.061657
4.468844 0.015787 -1.088705
4.481148 0.018572 -1.078742
4.484860 0.030883 -1.090106
4.473278 0.050445 -1.076375
4.491164 0.079927 -1.077590
4.466908 0.092679 -1.071906
4.495854 0.078952 -1.068273
4.491373 0.107234 -1.070237
4.483875 0.128762 -1.086715
4.483198 0.130453 -1.078800
4.485474 0.150087 -1.078854
4.487792 0.164679 -1.078436
4.483378 0.180945 -1.063004
4.482929 0.203432 -1.082296
4.477390 0.196422 -1.087363
4.475693 0.228935 -1.083607
4.459390 0.228271 -1.075666
4.484189 0.242492 -1.096020
4.491668 0.263081 -1.083243
4.475873 0.263345 -1.062410
4.469071 0.289855 -1.082543
4.483209 0.297241 -1.073448
4.472417 0.337906 -1.085911
4.485012 0.324050 -1.083646
4.472088 0.356261 -1.077192
4.464377 0.348086 -1.085099
4.461241 0.365491 -1.079054
4.460605 0.382621 -1.078448
4.451312 0.392071 -1.075325
4.446594 0.415783 -1.054077
4.452075 0.412121 -1.075622
4.455553 0.448361 -1.085784
4.461106 0.451810 -1.064505
4.457983 0.460102 -1.082888
4.439025 0.487268 -1.075996
4.460244 0.496520 -1.074059
4.460242 0.527592 -1.082753
4.452604 0.518228 -1.077957
4.443182 0.546207 -1.073032
4.448314 0.544056 -1.084831
4.449983 0.569301 -1.075207
4.434723 0.594291 -1.087170
4.432548 0.602903 -1.068670
4.452559 0.616102 -1.083799
4.442037 0.603233 -1.102702
4.418089 0.630315 -1.071582
4.422784 0.642180 -1.090502
4.445143 0.671704 -1.082948
4.436637 0.683483 -1.079011
4.447600 0.708990 -1.058454
4.435321 0.722954 -1.079249
4.433190 0.723580 -1.075553
4.415738 0.734713 -1.093031
4.416549 0.728810 -1.082869
4.429895 0.760764 -1.085534
4.426692 0.763173 -1.080798
4.398357 0.770982 -1.076838
4.408588 0.794994 -1.077642
4.415185 0.809544 -1.066179
4.420811 0.830072 -1.076017
4.412883 0.823299 -1.089929
4.401895 0.849398 -1.071704
4.375264 0.846948 -1.067758
4.403423 0.881829 -1.067143
4.391780 0.904494 -1.072346
4.395011 0.891250 -1.095144
4.387399 0.907465 -1.069419
4.381064 0.940148 -1.084243
4.388741 0.934763 -1.055027
4.399720 0.957203 -1.076320
4.387177 0.974222 -1.061744
4.372655 0.986124 -1.082312
4.378659 0.985651 -1.077672
4.373689 1.023977 -1.078426
4.366249 1.042510 -1.058209
4.372067 1.039727 -1.073414
4.332864 1.055303 -1.080982
4.344410 1.067218 -1.099672
4.359850 1.078910 -1.072734
4.338915 1.094889 -1.072125
4.352552 1.103541 -1.066013
4.330628 1.109059 -1.088180
4.347962 1.129242 -1.056195
4.333759 1.126024 -1.095987
4.328815 1.160277 -1.082074
4.324364 1.174535 -1.071930
4.308209 1.172123 -1.078461
4.321102 1.201490 -1.068321
4.303756 1.200431 -1.070763
4.323542 1.226887 -1.080421
4.294680 1.238169 -1.090946
4.309245 1.251257 -1.074917
4.307812 1.239361 -1.077016
4.309084 1.266143 -1.078288
4.308836 1.285395 -1.067311
4.285085 1.299649 -1.088627
4.294102 1.312163 -1.063637
4.299058 1.338452 -1.082649
4.282189 1.349397 -1.081787
4.274062 1.336501 -1.075700
4.263177 1.371417 -1.080806
4.268935 1.371415 -1.066480
4.257048 1.392502 -1.059695
4.252286 1.415896 -1.075305
4.261261 1.423930 -1.076340
4.236428 1.413707 -1.066908
4.252388 1.427259 -1.080652
4.235965 1.461750 -1.077611
4.239073 1.471708 -1.054972
4.237501 1.490174 -1.070156
4.209872 1.505642 -1.085272
4.220975 1.513393 -1.088172
4.222035 1.511991 -1.068369
4.197948 1.538592 -1.087577
4.205143 1.539506 -1.074296
4.201292 1.530338 -1.078697
4.206576 1.571539 -1.082599
4.184978 1.606201 -1.060732
4.176909 1.599763 -1.078637
4.179186 1.615348 -1.070718
4.176122 1.627149 -1.073049
4.165941 1.654286 -1.086981
4.182825 1.654231 -1.079698
4.162094 1.656173 -1.085841
4.146028 1.682402 -1.083322
4.160146 1.686627 -1.068162
4.146096 1.714890 -1.085585
4.142245 1.727064 -1.075572
4.133919 1.727611 -1.066166
4.131526 1.740969 -1.073860
4.132115 1.747889 -1.072451
4.132390 1.780596 -1.064512
4.107890 1.779683 -1.070840
4.112465 1.775430 -1.074424
4.106032 1.806522 -1.078070
4.092227 1.810201 -1.095155
4.072376 1.842584 -1.086800
4.092738 1.857860 -1.083678
4.069827 1.861361 -1.078055
4.091715 1.869721 -1.085810
4.048400 1.876985 -1.081243
4.061842 1.904962 -1.071155
4.054317 1.906670 -1.088003
4.059069 1.913486 -1.082658
4.059124 1.944990 -1.091727
4.037729 1.933127 -1.076614
4.033591 1.962071 -1.070684
4.049859 1.965328 -1.068788
4.020087 1.983217 -1.060675
4.011858 1.987369 -1.083604
4.010855 2.007351 -1.072465
4.003826 2.011735 -1.066479
3.430600 1.745998 -0.910836
3.415305 1.733916 -0.924636
3.389690 1.762162 -0.906399
3.379707 1.727596 -0.934346
3.395951 1.783729 -0.923727
3.380951 1.783589 -0.920014
3.389490 1.801910 -0.933032
3.401495 1.819618 -0.935826
3.939703 2.127111 -1.096351
3.919044 2.150516 -1.062631
3.931041 2.140276 -1.098101
3.936261 2.175468 -1.067675
3.922994 2.193876 -1.082052
3.903834 2.182161 -1.081603
3.900332 2.185158 -1.082762
3.887193 2.222387 -1.067309
3.897950 2.229179 -1.070843
3.896096 2.249082 -1.066562
3.892963 2.254829 -1.062946
3.881775 2.262042 -1.079822
3.872031 2.254618 -1.087178
3.858698 2.289189 -1.060556
3.850461 2.292706 -1.075186
3.859368 2.296455 -1.068749
3.833088 2.324015 -1.058100
3.839258 2.326452 -1.072231
3.822449 2.341238 -1.075230
3.808803 2.359590 -1.061562
3.813915 2.357750 -1.076876
3.794008 2.374025 -1.064844
3.799181 2.388226 -1.068177
3.774000 2.384392 -1.085288
3.786295 2.416873 -1.077516
3.769295 2.429574 -1.069892
3.759936 2.438609 -1.078291
3.760978 2.451716 -1.089290
3.759462 2.458264 -1.084466
3.740793 2.488237 -1.099096
3.732324 2.479512 -1.078089
3.715365 2.497901 -1.056766
3.741936 2.501217 -1.091242
3.705886 2.516571 -1.077521
3.715947 2.529937 -1.073966
3.685504 2.518214 -1.066996
3.706520 2.543571 -1.066863
3.686033 2.560646 -1.075886
3.670238 2.550240 -1.095737
3.664082 2.581255 -1.072964
3.637656 2.587624 -1.074540
3.649749 2.613164 -1.085670
3.643093 2.621896 -1.084072
3.632722 2.642154 -1.070519
3.613028 2.659173 -1.063269
3.609998 2.632585 -1.084878
3.604828 2.663506 -1.059558
3.613792 2.664757 -1.076529
3.595540 2.686296 -1.085910
3.579800 2.702825 -1.086381
3.556837 2.692633 -1.073939
3.549805 2.727754 -1.094643
3.554866 2.741746 -1.085450
3.542746 2.727949 -1.062908
3.541579 2.751305 -1.078816
3.529609 2.775877 -1.067114
3.535501 2.776040 -1.072718
3.528709 2.770883 -1.056325
3.499795 2.792779 -1.055999
3.507893 2.799130 -1.065420
3.484975 2.815513 -1.087480
3.494150 2.800935 -1.074843
3.477325 2.823776 -1.090739
3.461482 2.835449 -1.069205
3.464690 2.851322 -1.060316
3.445530 2.885889 -1.076283
3.446469 2.876746 -1.088093
3.443737 2.894243 -1.091292
3.425013 2.901813 -1.082557
3.404659 2.917162 -1.076904
3.391628 2.925730 -1.076867
3.393898 2.927313 -1.074095
3.354003 2.952049 -1.104061
3.374304 2.943597 -1.067965
3.355706 2.956304 -1.085538
3.349283 2.962746 -1.084334
3.362457 2.991206 -1.069115
3.329221 3.004472 -1.076682
3.309022 3.005052 -1.058038
3.322691 3.015131 -1.082640
3.302775 3.023387 -1.065801
3.306104 3.028145 -1.084232
3.292365 3.051620 -1.078760
3.290257 3.051246 -1.065967
3.281052 3.072891 -1.053593
3.260348 3.071671 -1.083980
3.251269 3.091021 -1.075033
3.245842 3.097547 -1.067054
3.234903 3.114291 -1.067894
3.220529 3.116246 -1.082760
3.217866 3.113326 -1.080295
3.194771 3.135301 -1.089531
3.204643 3.152110 -1.057223
3.179525 3.159441 -1.094552
3.174497 3.165277 -1.082110
3.164311 3.167772 -1.080690
3.167052 3.173626 -1.065496
3.143650 3.194516 -1.065554
3.142121 3.219285 -1.071257
3.143434 3.222189 -1.074372
3.105463 3.218160 -1.069998
3.102061 3.230655 -1.076843
3.110875 3.233901 -1.079668
3.088003 3.265121 -1.078424
3.071671 3.256468 -1.089728
3.051315 3.276723 -1.084502
3.045963 3.267243 -1.076074
3.046157 3.272290 -1.060123
3.042482 3.292689 -1.073293
3.025234 3.315002 -1.071332
3.011760 3.308196 -1.074577
3.008986 3.335502 -1.088688
3.007204 3.313963 -1.076416
2.985741 3.347317 -1.085238
2.962370 3.338449 -1.075392
2.979658 3.354590 -1.076859
2.960032 3.388229 -1.073012
2.943441 3.369782 -1.079741
2.948324 3.393853 -1.057244
2.925412 3.395468 -1.068282
2.917175 3.409296 -1.098592
2.900398 3.402286 -1.049192
2.894206 3.434918 -1.084779
2.867692 3.445351 -1.063570
2.870204 3.459827 -1.066678
2.848191 3.455044 -1.073970
2.861838 3.456616 -1.071664
2.853580 3.468439 -1.052731
2.826983 3.476877 -1.065324
2.834858 3.474827 -1.071102
2.824105 3.486303 -1.078184
2.803894 3.508508 -1.072483
2.782161 3.504754 -1.074332
2.761437 3.528479 -1.072346
2.768093 3.522842 -1.081363
2.750587 3.538367 -1.074464
2.748174 3.528592 -1.062029
2.721043 3.560088 -1.079750
2.712648 3.547834 -1.063008
2.700521 3.560176 -1.070705
2.715156 3.573156 -1.074041
2.701316 3.597699 -1.066385
2.670111 3.580303 -1.074658
2.675640 3.596337 -1.059917
2.637652 3.612789 -1.072513
2.652363 3.604000 -1.075812
2.626531 3.630858 -1.070538
2.632027 3.632128 -1.079880
2.601305 3.640731 -1.079591
2.611094 3.657447 -1.096834
2.587366 3.648057 -1.071691
2.574264 3.676890 -1.070552
2.563759 3.663588 -1.067275
2.579042 3.703595 -1.065280
2.541707 3.658162 -1.069265
2.528521 3.713502 -1.068301
2.512468 3.705259 -1.085397
2.522531 3.719237 -1.080679
2.495221 3.722437 -1.094491
2.486368 3.736148 -1.084930
2.477353 3.719385 -1.065607
2.467306 3.748226 -1.070170
2.442004 3.747727 -1.078563
2.429736 3.760100 -1.062254
2.432154 3.767274 -1.059711
2.396595 3.774428 -1.084200
2.412579 3.777395 -1.069121
2.384001 3.781434 -1.074531
2.372947 3.791435 -1.079985
2.373206 3.796470 -1.084430
2.365941 3.818839 -1.077760
2.346910 3.800753 -1.064650
2.343810 3.824898 -1.086386
2.305857 3.826022 -1.058340
2.333516 3.848681 -1.064838
2.288014 3.841517 -1.071700
2.300219 3.848861 -1.088264
2.275946 3.877043 -1.085996
2.252667 3.855851 -1.065810
2.245065 3.879555 -1.072152
2.244598 3.870546 -1.082797
2.233321 3.897949 -1.087175
2.231992 3.887043 -1.070726
2.192992 3.912701 -1.062991
2.186746 3.901669 -1.069575
2.166466 3.903628 -1.066875
2.170298 3.896051 -1.078403
2.151310 3.935081 -1.066904
2.145840 3.956192 -1.062992
2.131446 3.950010 -1.069981
2.117821 3.948541 -1.075215
2.107061 3.961190 -1.071815
2.085793 3.953465 -1.068656
2.076003 3.968250 -1.070855
2.059741 3.988315 -1.081353
2.067467 3.992359 -1.072216
2.049556 3.998845 -1.060605
2.044428 4.002128 -1.077686
2.045825 4.001400 -1.092219
2.020032 4.013864 -1.078693
2.008400 4.011664 -1.059054
1.995708 4.023348 -1.086324
1.972432 4.028934 -1.083242
1.951034 4.021728 -1.074447
1.962189 4.012827 -1.078933
1.948637 4.048126 -1.066831
1.911387 4.066381 -1.075208
1.928196 4.059966 -1.092301
1.889967 4.062099 -1.054478
1.901961 4.062328 -1.073369
1.885649 4.056037 -1.073076
1.863061 4.097508 -1.092313
1.842484 4.087185 -1.079807
1.846293 4.074552 -1.075790
1.839361 4.117656 -1.069265
1.814122 4.108787 -1.074930
1.802632 4.103890 -1.080666
1.786727 4.107180 -1.087871
1.775901 4.117133 -1.065587
1.737517 4.120695 -1.084381
1.746015 4.119114 -1.080235
1.740549 4.131665 -1.069673
1.730619 4.122703 -1.068231
1.700074 4.142283 -1.103243
1.692208 4.142316 -1.069764
1.702031 4.138755 -1.083374
1.665221 4.169073 -1.072907
1.672895 4.153663 -1.073039
1.642967 4.150722 -1.069575
1.633364 4.156603 -1.078375
1.613158 4.194295 -1.084778
1.613568 4.183778 -1.055430
1.586460 4.201913 -1.074529
1.583649 4.184587 -1.084271
1.570637 4.209690 -1.086479
1.553195 4.196351 -1.072580
1.541051 4.187632 -1.091488
1.541745 4.225719 -1.069967
1.519826 4.213158 -1.086228
1.495003 4.222943 -1.065307
1.480707 4.221931 -1.105905
1.471830 4.225011 -1.067701
1.492843 4.234227 -1.074156
1.471945 4.231023 -1.077425
1.444764 4.246635 -1.065725
1.410382 4.244461 -1.078421
1.427946 4.254256 -1.071791
1.402723 4.265333 -1.079984
1.397551 4.267796 -1.072922
1.385351 4.269937 -1.062223
1.359846 4.284036 -1.072720
1.353080 4.273695 -1.068250
1.338353 4.298163 -1.064878
1.326009 4.282452 -1.079617
1.309984 4.307466 -1.067458
1.297351 4.284085 -1.053501
1.261112 4.296066 -1.065146
1.263886 4.301229 -1.090525
1.265693 4.320214 -1.068626
1.243306 4.319345 -1.063963
1.241975 4.305552 -1.077983
1.211169 4.325573 -1.077528
1.188021 4.315632 -1.068154
1.188160 4.334415 -1.083535
1.178746 4.335802 -1.100156
1.166876 4.327318 -1.062729
1.137273 4.329232 -1.064870
1.140878 4.339548 -1.078553
1.112230 4.333290 -1.106505
1.108472 4.352102 -1.077148
1.081930 4.334101 -1.078510
1.081126 4.361323 -1.110835
1.046260 4.376349 -1.100300
1.051406 4.364089 -1.074912
1.045670 4.366593 -1.065703
1.041539 4.359386 -1.087695
1.031461 4.368597 -1.090258
0.982021 4.352240 -1.069753
0.990136 4.370708 -1.062264
0.973203 4.358684 -1.064287
0.962092 4.385791 -1.082437
0.945585 4.376241 -1.082062
0.936232 4.392220 -1.074503
0.915367 4.402365 -1.067520
0.899835 4.400105 -1.097505
0.916988 4.386636 -1.069096
0.892284 4.389067 -1.085813
0.868549 4.394418 -1.056358
0.857253 4.394419 -1.069606
0.836594 4.418622 -1.093177
0.829731 4.400611 -1.088709
0.805327 4.404620 -1.071093
0.808557 4.417523 -1.079824
0.781558 4.417748 -1.062961
0.782959 4.414241 -1.063170
0.772402 4.419827 -1.078611
0.741293 4.418722 -1.055906
0.725643 4.418393 -1.073263
0.713490 4.426267 -1.082653
0.717138 4.423655 -1.086308
0.689824 4.433521 -1.090649
0.681381 4.438492 -1.081922
0.662396 4.427186 -1.073587
0.654168 4.426016 -1.086254
0.645249 4.438422 -1.068598
0.625794 4.443827 -1.066725
0.601319 4.431528 -1.066311
0.594235 4.439172 -1.072947
0.582069 4.435475 -1.064556
0.575067 4.459770 -1.072637
0.546698 4.446578 -1.087626
0.545839 4.458274 -1.079179
0.536734 4.461257 -1.076908
0.521026 4.451209 -1.070979
0.504483 4.456316 -1.061344
0.485750 4.479732 -1.096694
0.463538 4.452800 -1.095743
0.462795 4.458281 -1.080069
0.444600 4.474104 -1.082100
0.441836 4.447780 -1.076577
0.416615 4.465753 -1.072889
0.384862 4.463003 -1.068394
0.407835 4.456785 -1.082575
0.386006 4.464238 -1.070999
0.370052 4.467651 -1.085690
0.352432 4.470565 -1.068162
0.343871 4.490819 -1.073645
0.328056 4.473493 -1.061479
0.313101 4.469198 -1.086158
0.295028 4.479463 -1.062802
0.273668 4.484587 -1.074582
0.270895 4.484152 -1.082651
0.255405 4.483085 -1.056738
0.232248 4.459330 -1.077612
0.218144 4.478207 -1.087766
0.215197 4.485209 -1.066908
0.198152 4.502210 -1.081655
0.157378 4.477784 -1.086504
0.165680 4.475398 -1.076785
0.157995 4.490806 -1.090890
0.157921 4.495045 -1.087593
0.110762 4.472698 -1.055744
0.107403 4.475586 -1.059193
0.117275 4.475480 -1.072053
0.093040 4.473626 -1.085374
0.079953 4.504073 -1.048956
0.052397 4.478405 -1.076364
0.050567 4.494764 -1.058798
0.027360 4.494110 -1.073094
0.016567 4.480875 -1.069035
0.005156 4.482468 -1.099352
-0.000944 4.477189 -1.081542
0.010245 -4.266814 -0.995243
0.031761 -4.235140 -0.984676
0.031508 -4.243608 -0.987607
0.048091 -4.239006 -0.986664
0.065682 -4.253260 -0.985578
0.076717 -4.246931 -0.986543
0.079619 -4.260593 -0.981865
0.097627 -4.258335 -0.988500
0.101577 -4.242985 -0.983451
0.125996 -4.246404 -0.971758
0.143063 -4.243505 -0.984909
0.161887 -4.243199 -0.962991
0.175488 -4.244025 -0.985767
0.175099 -4.233558 -0.990440
0.203513 -4.237381 -0.988807
0.208429 -4.239057 -0.975638
0.211502 -4.247909 -0.967932
0.214298 -4.231470 -0.982405
0.234237 -4.233751 -0.960221
0.259470 -4.246596 -0.977693
0.260071 -4.245778 -0.967457
0.287008 -4.237108 -0.990181
0.276484 -4.243599 -0.992293
0.309137 -4.226408 -0.980159
0.321261 -4.253985 -0.983465
0.348778 -4.235718 -0.969709
0.355348 -4.211127 -0.966135
0.371502 -4.229269 -0.990118
0.364863 -4.229948 -0.967318
0.399397 -4.230966 -0.992657
0.386390 -4.218998 -0.979091
0.401136 -4.213987 -0.994475
0.408425 -4.229731 -0.985573
0.424088 -4.230917 -0.967513
0.462567 -4.218617 -0.982921
0.458344 -4.216785 -0.988447
0.474893 -4.226928 -0.990673
0.515185 -4.217838 -0.978489
0.486741 -4.219766 -0.987923
0.513131 -4.233622 -0.972524
0.545866 -4.211360 -0.992979
0.536086 -4.213061 -0.986592
0.556185 -4.231626 -0.978677
0.555248 -4.223208 -0.991366
0.582934 -4.210316 -0.991532
0.587920 -4.200394 -0.988072
0.595225 -4.221774 -0.997056
0.624692 -4.225958 -0.982024
0.645115 -4.198233 -0.984000
0.636769 -4.212340 -0.975351
0.652477 -4.208197 -0.975765
0.668502 -4.206713 -0.987502
0.699338 -4.199391 -0.984281
0.690700 -4.208817 -0.972133
0.719322 -4.208035 -0.978370
0.731201 -4.204457 -0.991949
0.746986 -4.198168 -0.975261
0.736586 -4.211725 -0.989058
0.761973 -4.186629 -0.973065
0.776574 -4.190436 -0.962772
0.789954 -4.193602 -0.998153
0.782615 -4.204483 -0.982929
0.819779 -4.220812 -1.003054
0.836524 -4.200176 -0.989642
0.852296 -4.184775 -0.980909
0.861603 -4.202109 -1.010677
0.862984 -4.192076 -0.993781
0.877489 -4.184219 -0.976681
0.875522 -4.199883 -0.996289
0.912606 -4.172482 -1.001768
0.927115 -4.195622 -1.001883
0.938794 -4.210657 -1.005100
0.947140 -4.191532 -0.992867
0.980612 -4.198661 -0.978954
0.980217 -4.194387 -0.990192
0.979895 -4.187666 -0.980288
0.988374 -4.170546 -0.987510
1.019709 -4.185090 -0.993069
1.023964 -4.185379 -1.003258
1.056811 -4.201188 -0.994591
1.048910 -4.172123 -0.992176
1.074114 -4.169589 -1.004931
1.086482 -4.170557 -0.988804
1.094693 -4.176171 -0.993407
1.129336 -4.189834 -0.989570
1.119793 -4.178478 -0.987635
1.131108 -4.182538 -1.008665
1.151187 -4.187396 -1.017202
1.164495 -4.181186 -0.988716
1.172215 -4.166066 -0.991022
1.185885 -4.178944 -0.984221
1.190939 -4.177474 -1.010005
1.226109 -4.171049 -0.999143
1.217029 -4.171851 -0.997494
1.233782 -4.178131 -1.001176
1.250224 -4.188052 -1.028993
1.261066 -4.171830 -0.998017
1.272362 -4.170091 -1.000692
1.315251 -4.159888 -1.021838
1.312727 -4.147806 -1.004386
1.329805 -4.163332 -0.999389
1.352602 -4.163248 -1.013851
1.368432 -4.179658 -1.016657
1.358037 -4.174823 -1.007062
1.382320 -4.169796 -0.995954
1.392493 -4.147470 -1.004151
1.413919 -4.164206 -1.010721
1.428845 -4.153319 -0.999646
1.432715 -4.159819 -1.030728
1.454623 -4.170963 -1.022026
1.462881 -4.168152 -1.005182
1.467843 -4.167429 -1.019442
1.496671 -4.144755 -1.019050
1.498453 -4.160962 -1.019675
1.511182 -4.137702 -1.013810
1.532159 -4.164444 -1.017879
1.551219 -4.143286 -1.033772
1.570776 -4.140162 -1.026514
1.597157 -4.156997 -1.041154
1.582778 -4.136410 -1.030109
1.618497 -4.144003 -1.014350
1.622187 -4.150718 -1.032166
1.627771 -4.145584 -1.007317
1.656012 -4.164217 -1.030525
1.673424 -4.126167 -1.025748
1.681178 -4.140925 -1.040238
1.700942 -4.124753 -1.019971
1.699894 -4.133506 -1.055188
1.728924 -4.138230 -1.045002
1.749707 -4.146410 -1.026760
1.752380 -4.127910 -1.049081
1.774102 -4.136434 -1.049830
1.785526 -4.139165 -1.043133
1.804243 -4.144595 -1.019508
1.822700 -4.139021 -1.040473
1.831408 -4.163775 -1.052893
1.840211 -4.146921 -1.031660
1.860917 -4.119760 -1.028417
1.878363 -4.141363 -1.053887
1.885869 -4.153053 -1.063373
1.903694 -4.122140 -1.037456
1.925215 -4.123194 -1.050548
1.915945 -4.119226 -1.043684
1.957249 -4.137164 -1.049108
1.975669 -4.144458 -1.057428
1.991936 -4.131407 -1.057156
1.996864 -4.126829 -1.052654
2.019460 -4.119645 -1.039301
2.047840 -4.112729 -1.050912
2.034603 -4.127011 -1.059313
2.057187 -4.118668 -1.042544
2.078038 -4.122854 -1.068184
2.081397 -4.147643 -1.057541
2.116282 -4.127022 -1.068993
2.131587 -4.150552 -1.071280
2.143910 -4.131715 -1.075220
2.151165 -4.141961 -1.082141
2.178969 -4.130949 -1.064084
2.173210 -4.105355 -1.100245
2.185947 -4.102503 -1.072094
2.209635 -4.119648 -1.071319
2.236558 -4.114867 -1.085821
2.228199 -4.097605 -1.078425
2.243405 -4.070759 -1.078000
2.261423 -4.077997 -1.086745
2.265477 -4.070094 -1.050860
2.266098 -4.051280 -1.074565
2.284293 -4.061072 -1.096997
2.309677 -4.039322 -1.065886
2.311893 -4.041205 -1.063684
2.339161 -4.044829 -1.067590
2.356179 -4.040280 -1.085023
2.345413 -4.032850 -1.075236
2.355755 -4.021761 -1.067284
2.384174 -4.013409 -1.059919
2.375855 -4.001143 -1.071814
2.410583 -4.001276 -1.080866
2.393202 -3.987176 -1.066891
2.436737 -3.985348 -1.073770
2.441421 -3.965030 -1.078212
2.456271 -3.977504 -1.088009
2.462595 -3.957431 -1.064182
2.481827 -3.947976 -1.075829
2.484119 -3.958480 -1.070991
2.488345 -3.931746 -1.080337
2.506299 -3.923923 -1.064717
2.532043 -3.939574 -1.067394
2.529680 -3.899463 -1.079935
2.549686 -3.916498 -1.099645
2.560941 -3.919390 -1.060669
2.577019 -3.894323 -1.071999
2.581604 -3.891555 -1.076957
2.591812 -3.869471 -1.070106
2.623957 -3.875240 -1.052632
2.619249 -3.854364 -1.080146
2.626192 -3.851207 -1.052551
2.645930 -3.829329 -1.094751
2.661013 -3.846222 -1.072993
2.683124 -3.824920 -1.065918
2.672791 -3.811832 -1.081363
2.681690 -3.805321 -1.051833
2.701537 -3.806417 -1.066324
2.712334 -3.793438 -1.084018
2.735077 -3.782147 -1.065160
2.730493 -3.777020 -1.064912
2.736986 -3.765059 -1.092818
2.760017 -3.764902 -1.072169
2.767820 -3.748807 -1.083033
2.767763 -3.741440 -1.068663
2.800479 -3.729322 -1.070781
2.789233 -3.719184 -1.083268
2.832915 -3.700701 -1.065783
2.825007 -3.715148 -1.085855
2.835699 -3.695078 -1.082261
2.858881 -3.693265 -1.064068
2.862945 -3.681525 -1.082742
2.875478 -3.665052 -1.067228
2.896170 -3.649574 -1.080038
2.877539 -3.666167 -1.088311
2.909049 -3.646482 -1.066360
2.908570 -3.624403 -1.077869
2.925954 -3.621233 -1.076150
2.948209 -3.621849 -1.066638
2.968946 -3.589532 -1.074071
2.967383 -3.624025 -1.069672
2.970126 -3.586936 -1.085057
2.976571 -3.578274 -1.062815
2.999230 -3.562839 -1.075650
3.020406 -3.545192 -1.075827
3.003051 -3.555258 -1.080314
3.030622 -3.550008 -1.080483
3.026108 -3.530247 -1.090243
3.062266 -3.524646 -1.067833
3.056540 -3.531216 -1.072734
3.065462 -3.513661 -1.079075
3.054961 -3.497919 -1.096226
3.105153 -3.469943 -1.058704
3.120197 -3.477307 -1.077900
3.113496 -3.463601 -1.072060
3.131753 -3.463236 -1.092041
3.131076 -3.440881 -1.086363
3.156971 -3.455290 -1.084669
3.163659 -3.419604 -1.073229
3.193164 -3.424093 -1.084974
3.165650 -3.405164 -1.070016
3.193785 -3.410749 -1.082963
3.214013 -3.389881 -1.076376
3.210310 -3.384410 -1.079899
3.213089 -3.371729 -1.088239
3.232870 -3.363927 -1.086377
3.243454 -3.335757 -1.079827
3.262447 -3.347418 -1.076039
3.260666 -3.344383 -1.072226
3.259237 -3.314335 -1.089023
3.289896 -3.298424 -1.071113
3.300086 -3.302884 -1.057168
3.309432 -3.287382 -1.072405
3.307831 -3.279689 -1.100494
3.331621 -3.258365 -1.079739
3.329336 -3.257716 -1.070463
3.334932 -3.257400 -1.073002
3.344094 -3.236698 -1.083618
3.376775 -3.222859 -1.069662
3.376311 -3.235852 -1.052091
3.389933 -3.202409 -1.085896
3.412210 -3.196560 -1.082774
3.409925 -3.196600 -1.060537
3.433610 -3.162294 -1.072891
3.417245 -3.157635 -1.066206
3.451120 -3.162971 -1.077735
3.435226 -3.139518 -1.060151
3.464282 -3.122439 -1.082521
3.447474 -3.135733 -1.080451
3.457470 -3.098020 -1.079232
3.474795 -3.091727 -1.070440
3.480212 -3.098822 -1.063806
3.502846 -3.075264 -1.068395
3.494461 -3.074909 -1.070785
3.526753 -3.051576 -1.095020
3.517864 -3.053268 -1.086453
3.533522 -3.041998 -1.086216
3.552964 -3.029915 -1.065759
3.562661 -3.005212 -1.081348
3.580611 -3.001476 -1.065083
3.589509 -3.003149 -1.079289
3.588081 -2.981559 -1.104424
3.593154 -2.988458 -1.087954
3.596128 -2.951396 -1.072640
3.600955 -2.950016 -1.065022
3.611575 -2.937795 -1.058159
3.633361 -2.927054 -1.063620
3.634499 -2.924791 -1.077428
3.659450 -2.904898 -1.077593
3.648907 -2.882931 -1.068817
3.684720 -2.888234 -1.078082
3.676025 -2.879019 -1.081811
3.676027 -2.865037 -1.079016
3.687047 -2.850029 -1.077531
3.715581 -2.820169 -1.079684
3.723813 -2.806537 -1.079867
3.716335 -2.804470 -1.091229
3.723372 -2.796701 -1.078312
3.732898 -2.787824 -1.077820
3.747482 -2.773192 -1.067750
3.747092 -2.767520 -1.084719
3.757497 -2.774175 -1.071430
3.763945 -2.751590 -1.067570
3.776800 -2.729698 -1.087269
3.799085 -2.722661 -1.065354
3.785067 -2.727805 -1.091348
3.801952 -2.703979 -1.083860
3.809222 -2.686225 -1.061390
3.820827 -2.682489 -1.056967
3.836910 -2.678948 -1.080178
3.845558 -2.644395 -1.072316
3.834560 -2.633626 -1.079444
3.861581 -2.648304 -1.055262
3.843661 -2.615540 -1.097618
3.868842 -2.601779 -1.068457
3.867915 -2.613848 -1.081811
3.893665 -2.588193 -1.056955
3.899911 -2.587341 -1.077590
3.891950 -2.567474 -1.073028
3.915161 -2.542081 -1.058879
3.926712 -2.526693 -1.070897
3.921308 -2.523758 -1.059771
3.920220 -2.513735 -1.092907
3.949042 -2.507320 -1.080803
3.930837 -2.479684 -1.079538
3.951563 -2.477180 -1.059007
3.962505 -2.461707 -1.068650
3.963552 -2.448549 -1.057960
3.976219 -2.428103 -1.075412
3.976208 -2.435508 -1.069597
3.993255 -2.409332 -1.060161
3.986786 -2.400275 -1.085111
4.023217 -2.389368 -1.088949
4.016695 -2.367972 -1.083264
4.022285 -2.350301 -1.081997
4.026120 -2.349893 -1.077201
4.027014 -2.340533 -1.083812
4.034429 -2.314965 -1.074279
4.047163 -2.325086 -1.067346
4.050122 -2.278359 -1.080844
4.064694 -2.295302 -1.066787
4.062152 -2.271803 -1.080422
4.077576 -2.274161 -1.059997
4.079921 -2.252515 -1.073917
4.083031 -2.215144 -1.062480
4.105060 -2.203181 -1.071992
4.102872 -2.229535 -1.091719
4.101740 -2.218005 -1.074399
4.130812 -2.207355 -1.060297
4.112228 -2.178060 -1.075474
4.104630 -2.159111 -1.077312
4.142044 -2.175563 -1.071648
4.140179 -2.145486 -1.070004
4.157442 -2.132332 -1.077711
4.137640 -2.076851 -1.070469
4.139921 -2.079552 -1.076232
3.493842 -1.755414 -0.915847
3.479584 -1.732143 -0.907214
3.504143 -1.705160 -0.896632
3.495153 -1.703596 -0.887211
3.496993 -1.688114 -0.904499
3.526231 -1.689679 -0.907262
3.520552 -1.682715 -0.919643
3.520805 -1.665818 -0.905165
4.217462 -1.989378 -1.079911
4.231355 -1.953589 -1.071112
4.231473 -1.947231 -1.068445
4.230603 -1.937825 -1.087347
4.242451 -1.929052 -1.092257
4.242991 -1.915447 -1.071933
4.264871 -1.896606 -1.068843
4.264824 -1.891475 -1.071082
4.254899 -1.882642 -1.073291
4.269401 -1.866387 -1.055792
4.277729 -1.840716 -1.065707
4.287892 -1.833308 -1.084127
4.288099 -1.820863 -1.076473
4.305211 -1.813243 -1.102761
4.306535 -1.799539 -1.070217
4.313691 -1.787773 -1.084323
4.309247 -1.772517 -1.068033
4.320477 -1.753862 -1.075261
4.328835 -1.746172 -1.069785
4.342522 -1.721289 -1.066826
4.348629 -1.726438 -1.078182
4.323663 -1.706668 -1.077757
4.327612 -1.674719 -1.068143
4.339750 -1.678009 -1.083912
4.346643 -1.672538 -1.071767
4.357352 -1.656009 -1.077881
4.378993 -1.628407 -1.078719
4.378705 -1.617723 -1.082537
4.382853 -1.653565 -1.095522
4.380117 -1.601337 -1.080774
4.369219 -1.586021 -1.054184
4.372124 -1.559186 -1.075364
4.393504 -1.541183 -1.068866
4.392480 -1.548754 -1.079263
4.408920 -1.521119 -1.078836
4.387492 -1.493646 -1.076997
4.417734 -1.504638 -1.075582
4.433345 -1.460003 -1.063049
4.419747 -1.454872 -1.076550
4.432018 -1.446524 -1.062556
4.437612 -1.462592 -1.069157
4.433101 -1.438921 -1.063104
4.427906 -1.434994 -1.080346
4.442136 -1.403966 -1.074981
4.451275 -1.417889 -1.083274
4.448950 -1.382901 -1.088631
4.474504 -1.350637 -1.080680
4.448160 -1.349445 -1.092567
4.452655 -1.330892 -1.062548
4.483008 -1.348226 -1.073336
4.467607 -1.315642 -1.096317
4.480273 -1.291196 -1.069003
4.472414 -1.289574 -1.060352
4.482434 -1.273994 -1.072078
4.486830 -1.261392 -1.064058
4.493106 -1.254358 -1.074406
4.503732 -1.216369 -1.072446
4.492655 -1.197342 -1.069921
4.507407 -1.198174 -1.069428
4.507723 -1.183617 -1.065911
4.508886 -1.153446 -1.085089
4.517920 -1.174992 -1.077364
4.505118 -1.144279 -1.064825
4.525424 -1.142061 -1.082599
4.527795 -1.103620 -1.060217
4.521983 -1.105119 -1.072325
4.519351 -1.079193 -1.076638
4.529899 -1.074260 -1.069789
4.536594 -1.061850 -1.061098
4.535677 -1.055241 -1.084829
4.545476 -1.058640 -1.089251
4.544625 -1.030904 -1.074048
4.565204 -1.032781 -1.080346
4.551652 -1.014118 -1.075743
4.558561 -0.986361 -1.081212
4.570922 -0.966866 -1.078135
4.565328 -0.965027 -1.064440
4.569497 -0.944005 -1.075241
4.560021 -0.911458 -1.089612
4.564019 -0.877306 -1.071813
4.567954 -0.887303 -1.074368
4.575368 -0.855000 -1.069628
4.587343 -0.860392 -1.064212
4.581297 -0.846924 -1.077489
4.569886 -0.849611 -1.085572
4.607028 -0.833965 -1.067944
4.606050 -0.827532 -1.075291
4.600213 -0.810337 -1.082069
4.615304 -0.800507 -1.077138
4.593519 -0.786406 -1.075182
4.599447 -0.745013 -1.082070
4.608725 -0.749380 -1.080838
4.597406 -0.707798 -1.072779
4.602304 -0.711073 -1.078950
4.610898 -0.685744 -1.075859
4.602601 -0.680155 -1.078142
4.613678 -0.651090 -1.076513
4.623425 -0.673072 -1.083615
4.611843 -0.642451 -1.064221
4.622132 -0.631980 -1.056932
4.612870 -0.614565 -1.072159
4.630498 -0.579270 -1.089811
4.638012 -0.592542 -1.092805
4.645071 -0.571407 -1.075632
4.624762 -0.540011 -1.064969
4.630160 -0.542592 -1.065628
4.622821 -0.534848 -1.068168
4.631979 -0.494838 -1.081692
4.639202 -0.504568 -1.077333
4.643971 -0.486908 -1.064364
4.654537 -0.467153 -1.077195
4.653293 -0.453915 -1.089534
4.633363 -0.440528 -1.078241
4.645797 -0.428742 -1.073324
4.642456 -0.414726 -1.071140
4.637037 -0.397147 -1.078546
4.646693 -0.396681 -1.086725
4.646683 -0.368745 -1.098841
4.648089 -0.361908 -1.064981
4.645332 -0.346367 -1.075963
4.637860 -0.340265 -1.077473
4.649832 -0.300462 -1.091445
4.646213 -0.283810 -1.085080
4.649535 -0.284640 -1.077596
4.670396 -0.268083 -1.081446
4.649964 -0.261192 -1.075465
4.670156 -0.236553 -1.081278
4.658400 -0.215236 -1.073624
4.654755 -0.211399 -1.081612
4.649653 -0.209474 -1.070441
4.678084 -0.198616 -1.091623
4.670229 -0.161968 -1.069891
4.645978 -0.148810 -1.072987
4.650122 -0.129260 -1.082496
4.659344 -0.120578 -1.083402
4.661099 -0.111741 -1.072150
4.643633 -0.089521 -1.080106
4.674407 -0.067985 -1.087568
4.666447 -0.075771 -1.064628
4.670278 -0.090229 -1.073095
4.647437 -0.026472 -1.070177
4.658945 -0.021205 -1.069941
4.671981 -0.014763 -1.061711
4.641139 0.004826 -1.074213
4.662527 0.010678 -1.058010
4.677397 0.033304 -1.073518
4.660585 0.038831 -1.085490
4.665313 0.049814 -1.076342
4.662110 0.093570 -1.078483
4.654576 0.070001 -1.077231
4.646846 0.093340 -1.089547
4.678921 0.113524 -1.078439
4.647858 0.121326 -1.090979
4.663807 0.150469 -1.082939
4.656799 0.162258 -1.069277
4.647887 0.172512 -1.069244
4.660756 0.197906 -1.068802
4.652409 0.209720 -1.082730
4.657281 0.212852 -1.078672
4.654535 0.228086 -1.065895
4.661084 0.264284 -1.072073
4.648067 0.254288 -1.073900
4.663682 0.260615 -1.063054
4.666577 0.288140 -1.097604
4.665964 0.298460 -1.050539
4.659061 0.313167 -1.067335
4.646313 0.329643 -1.066647
4.647275 0.349648 -1.077944
4.651932 0.350224 -1.078571
4.657492 0.375928 -1.083009
4.655959 0.402031 -1.089235
4.642551 0.396859 -1.083173
4.632177 0.407016 -1.071481
4.638453 0.431625 -1.090201
4.652255 0.432642 -1.069026
4.643959 0.457564 -1.069883
4.643890 0.465267 -1.075286
4.633046 0.476578 -1.069818
4.639851 0.493134 -1.088752
4.622292 0.518121 -1.078010
4.637930 0.533997 -1.068474
4.650999 0.542945 -1.080954
4.622673 0.562733 -1.084545
4.622191 0.572479 -1.081396
4.617769 0.584009 -1.073930
4.622221 0.601313 -1.068928
4.626719 0.614318 -1.058635
4.610907 0.646877 -1.070292
4.628388 0.628500 -1.074994
4.605210 0.667747 -1.084941
4.625474 0.665517 -1.086283
4.609400 0.683521 -1.070424
4.610748 0.707650 -1.059542
4.616087 0.719087 -1.071007
4.608121 0.734004 -1.083757
4.575852 0.739893 -1.089400
4.607873 0.756866 -1.076171
4.597964 0.766150 -1.053177
4.597471 0.789630 -1.087604
4.606461 0.781626 -1.061789
4.608982 0.811538 -1.071655
4.601450 0.823573 -1.078763
4.589189 0.844309 -1.068424
4.588288 0.867208 -1.070603
4.566132 0.885637 -1.076396
4.560043 0.887221 -1.073458
4.583233 0.898625 -1.080267
4.571881 0.918278 -1.081000
4.569211 0.928979 -1.087062
4.565146 0.942619 -1.068601
4.564960 0.941508 -1.065398
4.553719 0.962306 -1.058442
4.541768 0.975871 -1.081226
4.546430 0.996685 -1.081506
4.562560 1.021647 -1.077725
4.548817 1.035994 -1.069118
4.551240 1.040796 -1.061499
4.546324 1.036392 -1.062210
4.538554 1.070011 -1.101960
4.548365 1.083962 -1.075632
4.508337 1.081969 -1.086573
4.521365 1.096182 -1.063341
4.522029 1.116950 -1.090052
4.518631 1.127268 -1.084153
4.504719 1.147352 -1.070711
4.529268 1.150781 -1.079402
4.498306 1.157503 -1.077123
4.507744 1.172174 -1.067620
4.513882 1.192152 -1.049401
4.500177 1.224204 -1.073216
4.493073 1.216518 -1.089079
4.478587 1.241172 -1.065278
4.461920 1.270716 -1.063908
4.485475 1.259805 -1.063376
4.478660 1.299068 -1.093172
4.477552 1.275048 -1.078056
4.479548 1.314489 -1.078868
4.477651 1.333609 -1.073582
4.472200 1.344616 -1.070421
4.458945 1.360687 -1.078648
4.449490 1.362840 -1.075050
4.461274 1.379484 -1.079861
4.438306 1.406745 -1.079542
4.444258 1.396809 -1.069494
4.430294 1.419008 -1.085638
4.441670 1.434774 -1.058482
4.442408 1.443881 -1.076589
4.408601 1.447631 -1.059529
4.421488 1.492351 -1.090124
4.427016 1.485281 -1.062183
4.415915 1.501839 -1.060386
4.396194 1.518587 -1.087615
4.397992 1.524566 -1.089753
4.398748 1.551375 -1.088742
4.383630 1.543824 -1.082895
4.394020 1.549652 -1.082940
4.400548 1.576671 -1.074761
4.369646 1.610918 -1.093456
4.354660 1.614983 -1.079117
4.368094 1.614081 -1.079223
4.366744 1.644263 -1.078183
4.344769 1.644770 -1.071465
4.366855 1.662605 -1.063430
4.347075 1.689146 -1.062501
4.327584 1.680941 -1.087250
4.334688 1.724470 -1.074648
4.342107 1.704101 -1.078755
4.334958 1.717079 -1.090241
4.322262 1.741405 -1.088687
4.321831 1.769046 -1.087402
4.321057 1.785046 -1.060613
4.292202 1.783218 -1.086267
4.297526 1.783959 -1.071327
4.290009 1.799535 -1.067800
4.286140 1.845582 -1.087197
4.298832 1.846472 -1.085402
4.267030 1.850107 -1.068236
4.279682 1.872737 -1.079800
4.267201 1.876884 -1.076147
4.252497 1.903741 -1.078894
4.246599 1.908916 -1.066409
4.240219 1.902599 -1.059985
4.244699 1.938929 -1.063065
4.226764 1.948166 -1.074341
4.228167 1.962085 -1.068751
4.223341 1.958268 -1.078525
4.221955 1.981164 -1.077201
4.216154 2.001608 -1.093296
4.209995 2.012980 -1.042661
4.208908 2.012472 -1.070927
4.194107 2.036792 -1.065629
4.182440 2.057899 -1.077313
4.184867 2.071783 -1.055031
4.196043 2.069411 -1.079004
4.192611 2.080067 -1.054670
4.154102 2.099852 -1.086211
3.459848 1.746327 -0.870871
3.424451 1.759063 -0.876548
3.424440 1.764052 -0.882251
3.410661 1.755380 -0.869202
3.378307 1.787497 -0.893099
3.409499 1.800051 -0.911247
3.384549 1.810290 -0.896691
4.108396 2.193314 -1.079977
4.096900 2.199043 -1.083984
4.085449 2.217110 -1.074181
4.102514 2.249042 -1.069029
4.093066 2.239349 -1.086943
4.056236 2.268710 -1.082915
4.075604 2.269499 -1.071322
4.055414 2.289592 -1.090350
4.045218 2.310493 -1.077016
4.045798 2.305161 -1.061921
4.045654 2.320098 -1.079135
4.036193 2.336883 -1.064238
4.016512 2.344687 -1.073058
4.012453 2.351902 -1.079757
4.021058 2.363852 -1.064447
4.006995 2.375845 -1.084559
3.992069 2.404034 -1.082814
3.987015 2.394703 -1.080859
3.988929 2.428531 -1.082900
3.971733 2.429240 -1.086563
3.971925 2.458410 -1.086671
3.964242 2.458257 -1.084500
3.941153 2.473961 -1.073933
3.951735 2.492439 -1.085429
3.947435 2.501490 -1.085193
3.940465 2.530042 -1.063951
3.933234 2.504732 -1.060488
3.913202 2.510749 -1.078502
3.902044 2.548125 -1.072491
3.886015 2.547688 -1.081164
3.883168 2.580100 -1.081510
3.891217 2.577996 -1.066114
3.869215 2.587885 -1.073794
3.862478 2.595052 -1.067662
3.861351 2.616992 -1.070822
3.842136 2.617103 -1.083958
3.836441 2.642275 -1.065602
3.840751 2.655789 -1.069199
3.843904 2.665210 -1.085035
3.820679 2.667400 -1.083983
3.807838 2.694482 -1.078879
3.798597 2.704049 -1.087878
3.797665 2.718587 -1.091090
3.794804 2.729537 -1.068742
3.788928 2.723397 -1.064482
3.787136 2.737943 -1.087259
3.765104 2.752662 -1.082918
3.738531 2.770608 -1.067682
3.738780 2.779733 -1.061560
3.730789 2.771432 -1.077107
3.709054 2.792436 -1.081856
3.717681 2.790004 -1.059193
3.717219 2.836791 -1.055875
3.682465 2.844509 -1.072112
3.680965 2.847798 -1.078192
3.676714 2.875759 -1.083997
3.671215 2.872394 -1.082034
3.663005 2.871838 -1.080958
3.658120 2.901519 -1.062187
3.659152 2.922846 -1.068820
3.649120 2.905463 -1.072833
3.626373 2.930441 -1.060491
3.623700 2.938083 -1.072981
3.589269 2.946924 -1.078978
3.594851 2.951925 -1.068035
3.599974 2.961862 -1.092276
3.592675 2.970577 -1.071135
3.585599 3.025307 -1.065259
3.566521 3.025244 -1.084577
3.553858 3.020415 -1.082594
3.540259 3.047083 -1.063442
3.536780 3.027977 -1.086837
3.539208 3.055096 -1.070379
3.523541 3.069328 -1.080631
3.515169 3.080953 -1.076700
3.500376 3.067776 -1.072602
3.500237 3.109311 -1.085700
3.466265 3.141953 -1.073880
3.478355 3.102820 -1.073097
3.445575 3.146828 -1.072378
3.460976 3.137697 -1.069370
3.449423 3.138896 -1.078087
3.448029 3.178370 -1.088582
3.421116 3.151771 -1.080670
3.408114 3.175408 -1.065309
3.404645 3.181494 -1.063120
3.403271 3.195088 -1.064815
3.389243 3.202451 -1.082310
3.365523 3.218909 -1.088457
3.359550 3.223969 -1.064078
3.368135 3.238162 -1.098703
3.352641 3.243736 -1.067533
3.340441 3.264327 -1.073066
3.343525 3.255677 -1.069189
3.327085 3.265255 -1.078180
3.289283 3.289187 -1.060892
3.292704 3.306607 -1.088897
3.280224 3.313678 -1.072131
3.269153 3.331456 -1.078095
3.256224 3.336466 -1.084483
3.251235 3.347380 -1.078972
3.243940 3.342808 -1.076890
3.224556 3.353333 -1.082373
3.213969 3.371822 -1.074289
3.218079 3.370840 -1.074358
3.194289 3.391884 -1.061980
3.202874 3.412642 -1.076192
3.163792 3.419310 -1.069916
3.152890 3.424308 -1.067715
3.160407 3.428996 -1.091108
3.135923 3.444355 -1.092543
3.152046 3.464224 -1.057253
3.139892 3.453141 -1.077717
3.113309 3.477176 -1.080021
3.111784 3.499877 -1.082738
3.088139 3.490323 -1.067304
3.070370 3.504252 -1.067614
3.064950 3.491582 -1.072661
3.074703 3.510865 -1.064139
3.046967 3.543103 -1.087002
3.016459 3.526284 -1.067361
3.043818 3.537849 -1.089810
3.032017 3.557175 -1.083692
3.008610 3.569751 -1.082434
2.995972 3.547624 -1.082866
2.986021 3.575307 -1.076730
2.966402 3.585560 -1.072794
2.952839 3.604234 -1.081361
2.951993 3.623846 -1.062686
2.942882 3.618731 -1.095511
2.940723 3.624478 -1.081769
2.914176 3.629847 -1.080369
2.896671 3.636959 -1.073995
2.896120 3.664789 -1.090827
2.893508 3.667387 -1.092154
2.900410 3.677371 -1.071219
2.880185 3.672480 -1.081651
2.852809 3.702540 -1.084956
2.844652 3.692371 -1.069033
2.835801 3.701172 -1.075110
2.827415 3.709648 -1.069773
2.822897 3.721895 -1.069956
2.781257 3.736161 -1.068074
2.773247 3.732989 -1.067225
2.756662 3.743418 -1.088625
2.754471 3.763218 -1.062528
2.740053 3.767937 -1.073654
2.720097 3.776661 -1.070894
2.724331 3.778301 -1.084209
2.711295 3.799309 -1.091211
2.683175 3.795418 -1.061237
2.701386 3.820120 -1.067880
2.673412 3.820349 -1.069885
2.665274 3.819085 -1.071123
2.649533 3.850239 -1.076597
2.651138 3.825982 -1.070871
2.635536 3.858626 -1.093221
2.610132 3.840387 -1.074990
2.618369 3.868836 -1.074398
2.617594 3.880629 -1.051576
2.577325 3.867086 -1.078699
2.573072 3.891335 -1.064088
2.592583 3.880474 -1.073036
2.539042 3.893119 -1.089597
2.540854 3.891022 -1.065938
2.539681 3.901624 -1.084386
2.518359 3.932941 -1.089222
2.501648 3.924144 -1.077713
2.494044 3.932111 -1.069826
2.487151 3.946417 -1.073107
2.465845 3.949325 -1.069019
2.460289 3.990880 -1.070017
2.437409 3.989702 -1.069274
2.418271 3.992708 -1.066650
2.418092 3.993000 -1.090089
2.396980 3.990591 -1.065695
2.385477 3.996206 -1.072869
2.366346 4.003764 -1.076759
2.379287 4.016350 -1.066312
2.354326 4.029299 -1.067151
2.353595 4.025661 -1.075205
2.342727 4.049247 -1.089945
2.320084 4.043028 -1.074304
2.304996 4.040318 -1.064570
2.293571 4.045227 -1.105675
2.276634 4.054387 -1.078594
2.269730 4.075454 -1.077232
2.260664 4.088737 -1.079307
2.241417 4.080795 -1.059638
2.233348 4.092890 -1.078584
2.210328 4.088744 -1.052257
2.211557 4.096992 -1.059508
2.192146 4.127540 -1.078835
2.189280 4.108357 -1.071854
2.172826 4.130597 -1.047525
2.159742 4.149972 -1.059807
2.145344 4.138224 -1.077099
2.135581 4.136402 -1.059788
2.100302 4.154439 -1.077340
2.110458 4.144691 -1.067119
2.077839 4.169479 -1.085733
2.078226 4.162504 -1.089113
2.066451 4.177364 -1.076358
2.055793 4.190179 -1.065863
2.056171 4.175807 -1.060301
2.043174 4.182335 -1.086642
2.020032 4.200158 -1.070874
1.975412 4.216264 -1.062709
1.968327 4.215565 -1.083804
1.986601 4.230683 -1.080089
1.966115 4.227088 -1.073270
1.943073 4.244700 -1.083772
1.919637 4.239160 -1.069466
1.935413 4.252508 -1.078344
1.927999 4.259229 -1.098134
1.907541 4.272098 -1.075395
1.892250 4.275059 -1.072412
1.866507 4.274781 -1.066910
1.859277 4.277204 -1.070671
1.866469 4.271614 -1.075637
1.841789 4.283700 -1.062357
1.822417 4.303314 -1.060173
1.792607 4.305851 -1.082676
1.798620 4.301792 -1.076989
1.781044 4.308899 -1.084559
1.759093 4.316737 -1.081991
1.764143 4.317739 -1.070118
1.725487 4.323883 -1.067669
1.723377 4.329282 -1.066139
1.704101 4.342803 -1.076164
1.704621 4.341363 -1.076877
1.682235 4.373841 -1.072427
1.665661 4.343034 -1.068663
1.653834 4.334238 -1.071541
1.642260 4.360052 -1.074675
1.621083 4.372213 -1.069654
1.606739 4.383921 -1.083103
1.620947 4.371136 -1.094842
1.584745 4.391531 -1.080401
1.579965 4.359293 -1.066801
1.553406 4.392769 -1.067210
1.558367 4.416374 -1.082557
1.537033 4.394732 -1.075251
1.514004 4.408272 -1.065314
1.518589 4.411703 -1.076392
1.489942 4.419500 -1.074309
1.478956 4.429522 -1.066216
1.455266 4.417659 -1.070590
1.454612 4.438585 -1.085375
1.447140 4.433884 -1.082151
1.435694 4.442239 -1.077151
1.425833 4.446339 -1.079000
1.392601 4.445818 -1.077579
1.400504 4.445283 -1.076580
1.368770 4.449576 -1.067465
1.348053 4.454460 -1.073345
1.363129 4.464718 -1.077809
1.325444 4.477564 -1.071757
1.316446 4.474940 -1.069293
1.302005 4.484183 -1.088995
1.301138 4.488224 -1.084031
1.254187 4.483911 -1.077639
1.262651 4.484412 -1.088008
1.253472 4.491651 -1.080284
1.242532 4.503986 -1.090242
1.224817 4.479205 -1.053917
1.199567 4.503503 -1.101515
1.189435 4.496491 -1.075251
1.179670 4.522655 -1.068173
1.158652 4.509821 -1.081455
1.141171 4.513131 -1.078263
1.139163 4.535126 -1.083217
1.113209 4.520768 -1.086855
1.115814 4.519858 -1.083273
1.101431 4.536451 -1.086320
1.080727 4.521847 -1.087748
1.071293 4.540178 -1.069066
1.055233 4.535004 -1.057490
1.059896 4.542301 -1.083600
1.009668 4.557276 -1.064579
1.011199 4.553889 -1.075111
0.997216 4.573130 -1.074596
0.993437 4.550676 -1.082526
0.986860 4.548772 -1.073887
0.950253 4.574393 -1.078820
0.939173 4.557686 -1.071755
0.927033 4.571766 -1.085344
0.915954 4.549300 -1.061788
0.894497 4.575665 -1.076215
0.883162 4.579946 -1.059037
0.869392 4.596060 -1.074920
0.845252 4.579641 -1.070353
0.854404 4.596154 -1.069553
0.825934 4.588115 -1.066850
0.825692 4.589370 -1.078172
0.820210 4.605408 -1.078944
0.782466 4.587601 -1.079535
0.806286 4.582696 -1.066787
0.751422 4.603186 -1.061413
0.747480 4.611350 -1.076004
0.732425 4.600517 -1.078032
0.725825 4.620490 -1.065000
0.703757 4.610435 -1.070204
0.699053 4.600277 -1.079210
0.678951 4.622347 -1.070438
0.679335 4.604703 -1.078608
0.634525 4.631900 -1.087038
0.639935 4.633451 -1.071388
0.611452 4.627095 -1.089484
0.614369 4.621687 -1.068554
0.593112 4.625864 -1.081432
0.585704 4.615440 -1.077380
0.566337 4.629447 -1.084512
0.542480 4.626085 -1.074793
0.531579 4.633316 -1.080294
0.513072 4.618713 -1.077523
0.504486 4.624587 -1.058544
0.488241 4.637586 -1.085298
0.485429 4.620768 -1.081861
0.462767 4.637429 -1.093640
0.434695 4.630244 -1.085448
0.440068 4.629114 -1.077202
0.423498 4.635685 -1.072978
0.429225 4.645252 -1.066391
0.381856 4.659725 -1.076877
0.378923 4.642204 -1.088027
0.363003 4.646300 -1.057219
0.347934 4.631929 -1.078142
0.336395 4.662905 -1.086215
0.300640 4.636447 -1.075712
0.319019 4.652121 -1.079586
0.281783 4.672116 -1.080211
0.285301 4.644289 -1.086571
0.272594 4.670366 -1.070006
0.250119 4.654242 -1.076504
0.230687 4.656008 -1.067635
0.222833 4.653201 -1.084602
0.195016 4.662938 -1.086870
0.177492 4.647221 -1.080672
0.195713 4.664128 -1.071670
0.142831 4.660794 -1.076452
0.149803 4.641407 -1.072128
0.130919 4.661160 -1.072535
0.112464 4.674805 -1.074305
0.094166 4.657364 -1.076623
0.093329 4.661996 -1.085352
0.073256 4.664520 -1.069318
0.076388 4.661237 -1.071527
0.045106 4.660483 -1.073734
0.034298 4.658764 -1.091917
-0.000895 4.659265 -1.076635
0.003279 4.657808 -1.059283
0.014291 4.657840 -1.072168
0.014812 -4.267136 -0.944381
0.026524 -4.288697 -0.950206
0.032261 -4.263984 -0.946559
0.039399 -4.276663 -0.958846
0.062704 -4.239763 -0.934586
0.066271 -4.265991 -0.953405
0.081900 -4.278814 -0.945292
0.101236 -4.257054 -0.938199
0.132104 -4.272997 -0.956041
0.107294 -4.286840 -0.951307
0.132975 -4.251668 -0.950996
0.146974 -4.259777 -0.961368
0.152112 -4.268254 -0.946990
0.185192 -4.276524 -0.936999
0.194663 -4.246693 -0.942078
0.194586 -4.265942 -0.941038
0.230831 -4.254312 -0.945305
0.215089 -4.263337 -0.955713
0.251337 -4.280250 -0.950398
0.269161 -4.267395 -0.947961
0.272088 -4.245744 -0.942781
0.274295 -4.258121 -0.963569
0.281768 -4.263320 -0.920323
0.304446 -4.266540 -0.961808
0.319265 -4.240128 -0.946699
0.333920 -4.251178 -0.938944
0.357090 -4.266367 -0.966201
0.342801 -4.267010 -0.944222
0.369740 -4.253014 -0.949773
0.388642 -4.259833 -0.960812
0.405530 -4.265117 -0.957811
0.416090 -4.237917 -0.955358
0.429664 -4.252665 -0.942393
0.449707 -4.254223 -0.949082
0.461625 -4.261991 -0.940512
0.459645 -4.238984 -0.928107
0.477926 -4.243290 -0.945908
0.496717 -4.248496 -0.957240
0.497952 -4.266078 -0.961687
0.514225 -4.232756 -0.939466
0.529288 -4.245078 -0.926887
0.562733 -4.250962 -0.940075
0.559234 -4.246417 -0.941503
0.582888 -4.239282 -0.953541
0.584671 -4.246092 -0.932167
0.574289 -4.245307 -0.934713
0.627020 -4.235087 -0.951423
0.628234 -4.252254 -0.945328
0.614948 -4.241095 -0.950758
0.641084 -4.223831 -0.961794
0.668584 -4.251598 -0.941437
0.697911 -4.247496 -0.955673
0.686979 -4.261631 -0.956824
0.697577 -4.252101 -0.942830
0.698171 -4.237010 -0.961440
0.717837 -4.214502 -0.955978
0.765215 -4.234647 -0.953290
0.746671 -4.234222 -0.948499
0.777580 -4.219154 -0.942166
0.770168 -4.232526 -0.945010
0.796676 -4.234002 -0.942100
0.802395 -4.219202 -0.956182
0.826944 -4.220624 -0.954992
0.839979 -4.232807 -0.957304
0.844552 -4.231981 -0.944910
0.860551 -4.222904 -0.965329
0.866133 -4.224371 -0.960597
0.869305 -4.229740 -0.940060
0.911777 -4.218992 -0.938394
0.923600 -4.210871 -0.969066
0.924985 -4.220875 -0.959509
0.931553 -4.218344 -0.956067
0.952341 -4.214257 -0.956625
0.966447 -4.229219 -0.977422
0.999427 -4.214622 -0.951379
0.997657 -4.219121 -0.957606
1.005111 -4.233261 -0.978140
1.036651 -4.224720 -0.973738
1.037868 -4.216720 -0.953964
1.058716 -4.206584 -0.950672
1.064500 -4.214134 -0.963698
1.084056 -4.216622 -0.961110
1.100938 -4.217617 -0.969474
1.106409 -4.198185 -0.959963
1.119156 -4.194550 -0.940776
1.112421 -4.204007 -0.956286
1.141076 -4.211718 -0.969827
1.137307 -4.200953 -0.954658
1.168897 -4.193612 -0.957335
1.196103 -4.198630 -0.967229
1.211870 -4.213646 -0.979040
1.208355 -4.207290 -0.956524
1.236344 -4.200704 -0.977412
1.237771 -4.192818 -0.958782
1.253490 -4.206645 -0.964115
1.265434 -4.197555 -0.987321
1.285208 -4.215547 -0.963355
1.293904 -4.198234 -0.971133
1.293734 -4.165256 -0.968306
1.300503 -4.195714 -0.995027
1.339903 -4.190883 -0.980107
1.353543 -4.195604 -0.979735
1.356271 -4.185310 -0.967044
1.380118 -4.189352 -0.980911
1.386525 -4.181516 -0.977731
1.406853 -4.176235 -0.965879
1.409573 -4.194287 -0.974959
1.438061 -4.181995 -0.981495
1.443125 -4.178774 -0.963267
1.456143 -4.180165 -0.995666
1.469948 -4.200058 -0.984264
1.484784 -4.180820 -0.976818
1.511397 -4.174854 -0.994776
1.515377 -4.158734 -0.979321
1.529537 -4.190659 -0.992526
1.550910 -4.147765 -0.990429
1.551389 -4.182252 -0.989229
1.573928 -4.168617 -0.986267
1.584383 -4.172394 -1.002020
1.594210 -4.154293 -0.978129
1.606315 -4.170360 -0.980430
1.628218 -4.193031 -1.002011
1.647330 -4.158665 -1.006660
1.665538 -4.158649 -0.991313
1.686678 -4.165985 -0.997852
1.692543 -4.162000 -0.980386
1.697198 -4.148965 -0.980515
1.726047 -4.169546 -0.991371
1.748065 -4.150775 -0.999517
1.735542 -4.146157 -1.010006
1.752136 -4.141734 -0.987826
1.772048 -4.150351 -0.992330
1.791736 -4.152735 -1.010109
1.801671 -4.164718 -1.008355
1.828478 -4.150146 -0.986443
1.824841 -4.146422 -0.994341
1.853681 -4.146966 -1.008324
1.853156 -4.150537 -1.022099
1.885346 -4.145195 -1.015552
1.886265 -4.133781 -1.000373
1.911531 -4.144536 -0.988803
1.922070 -4.145266 -1.011034
1.930298 -4.143097 -1.025058
1.934576 -4.126935 -1.021992
1.970984 -4.137663 -1.018233
1.984780 -4.136442 -1.005866
2.000117 -4.126977 -1.017819
2.006453 -4.134565 -1.012722
2.030509 -4.136125 -1.017393
2.038101 -4.136062 -1.010584
2.037270 -4.127107 -1.038916
2.065979 -4.145683 -1.027985
2.076148 -4.122848 -1.009258
2.112906 -4.119576 -1.026859
2.127208 -4.149840 -1.027425
2.148975 -4.150854 -1.014416
2.138575 -4.126228 -1.028917
2.154137 -4.150483 -1.044987
2.185347 -4.147091 -1.027098
2.202997 -4.109893 -1.027283
2.207942 -4.119852 -1.028175
2.237416 -4.118345 -1.029644
2.244040 -4.131891 -1.053344
2.246497 -4.116006 -1.052142
2.284893 -4.124082 -1.044714
2.288255 -4.105184 -1.050068
2.309894 -4.113654 -1.068523
2.350287 -4.131781 -1.058980
2.337362 -4.126664 -1.047274
2.366416 -4.127169 -1.058444
2.361383 -4.114790 -1.048042
2.404119 -4.123949 -1.039399
2.396807 -4.124206 -1.056140
2.431996 -4.105042 -1.066213
2.442052 -4.111631 -1.066520
2.453597 -4.120083 -1.073509
2.476843 -4.132874 -1.042829
2.514576 -4.112926 -1.073786
2.490849 -4.098779 -1.064764
2.523602 -4.107334 -1.074676
2.535609 -4.111038 -1.073758
2.556951 -4.108133 -1.066067
2.586372 -4.108016 -1.088037
2.587799 -4.112697 -1.073776
2.601974 -4.111612 -1.052847
2.605303 -4.061217 -1.071920
2.629477 -4.081973 -1.089430
2.636566 -4.067028 -1.072256
2.666630 -4.072853 -1.094574
2.683285 -4.065997 -1.078856
2.665685 -4.063971 -1.074465
2.695462 -4.035208 -1.087133
2.712011 -4.021857 -1.072648
2.721911 -4.009651 -1.086082
2.733987 -4.006883 -1.098634
2.735656 -4.007018 -1.090927
2.749299 -3.972264 -1.087407
2.756704 -3.974325 -1.048658
2.772516 -3.974592 -1.094403
2.773607 -3.975132 -1.094103
2.785890 -3.971208 -1.071677
2.818926 -3.956065 -1.072666
2.834429 -3.950665 -1.084299
2.823766 -3.940107 -1.080168
2.845805 -3.934119 -1.076426
2.865240 -3.901341 -1.075131
2.874927 -3.919828 -1.074146
2.903381 -3.904596 -1.064322
2.900108 -3.890525 -1.077289
2.916285 -3.884240 -1.068516
2.919056 -3.861795 -1.066136
2.944290 -3.884788 -1.096303
2.953790 -3.854251 -1.084339
2.946518 -3.833963 -1.063449
2.965821 -3.835827 -1.069577
2.997592 -3.850064 -1.084827
2.989298 -3.803409 -1.056152
3.003078 -3.792717 -1.089169
3.021123 -3.815888 -1.061179
3.046280 -3.793008 -1.077100
3.031718 -3.787020 -1.070364
3.064990 -3.769711 -1.071723
3.067822 -3.767125 -1.064720
3.077921 -3.771501 -1.084434
3.082597 -3.735450 -1.076635
3.094448 -3.735420 -1.065174
3.130396 -3.732624 -1.072315
3.122144 -3.722758 -1.068995
3.133078 -3.700426 -1.103097
3.161756 -3.706813 -1.077384
3.149483 -3.693909 -1.083683
3.161642 -3.683046 -1.064851
3.172149 -3.672620 -1.079004
3.200442 -3.664846 -1.087492
3.200735 -3.641071 -1.081433
3.212645 -3.658611 -1.066927
3.233738 -3.618645 -1.062947
3.259404 -3.631403 -1.075534
3.245977 -3.616415 -1.076146
3.245540 -3.597512 -1.068288
3.240147 -3.591498 -1.073441
3.295187 -3.579020 -1.069467
3.294192 -3.562998 -1.074237
3.295893 -3.558199 -1.064510
3.322826 -3.525469 -1.090474
3.311696 -3.531676 -1.071438
3.352324 -3.502541 -1.089214
3.350295 -3.528251 -1.095517
3.369051 -3.516035 -1.071221
3.364224 -3.513791 -1.094868
3.368427 -3.466051 -1.075958
3.374461 -3.493167 -1.070503
3.379428 -3.471892 -1.070288
3.419826 -3.456685 -1.088347
3.387743 -3.425528 -1.075390
3.437598 -3.441192 -1.071014
3.429697 -3.421748 -1.086476
3.443532 -3.415548 -1.083345
3.467164 -3.401722 -1.056739
3.498597 -3.386265 -1.077622
3.484400 -3.394636 -1.065404
3.501627 -3.369153 -1.088118
3.515978 -3.366650 -1.052417
3.517312 -3.361794 -1.088658
3.530753 -3.348197 -1.077449
3.544014 -3.325804 -1.083147
3.540109 -3.337664 -1.083323
3.560023 -3.309518 -1.062989
3.561505 -3.287548 -1.072526
3.579716 -3.275283 -1.062251
3.590278 -3.292015 -1.073112
3.591568 -3.254312 -1.091037
3.606683 -3.233007 -1.081091
3.606355 -3.239847 -1.082596
3.616520 -3.204614 -1.064819
3.623343 -3.232272 -1.081851
3.660014 -3.206452 -1.083247
3.653813 -3.196950 -1.074103
3.662319 -3.186934 -1.068815
3.669522 -3.162923 -1.077616
3.701437 -3.164750 -1.078891
3.683196 -3.171597 -1.080755
3.711507 -3.133829 -1.061904
3.704823 -3.124568 -1.067494
3.720123 -3.118629 -1.074952
3.731251 -3.127084 -1.067517
3.742117 -3.088458 -1.075716
3.771835 -3.083604 -1.079629
3.776381 -3.046495 -1.080838
3.762314 -3.071012 -1.086323
3.789140 -3.036694 -1.079875
3.800354 -3.036037 -1.077395
3.810513 -3.023863 -1.068408
3.804208 -3.010742 -1.067259
3.833231 -2.977067 -1.089129
3.820615 -2.986734 -1.072555
3.819210 -2.969879 -1.067514
3.834869 -2.956996 -1.073424
3.872044 -2.959353 -1.067866
3.857553 -2.950525 -1.065475
3.882436 -2.926913 -1.073948
3.875705 -2.936661 -1.066985
3.894170 -2.920818 -1.097475
3.899242 -2.888196 -1.051479
3.907190 -2.875998 -1.099115
3.913887 -2.882332 -1.071263
3.892620 -2.835944 -1.075640
3.934991 -2.837064 -1.077905
3.948018 -2.841256 -1.070549
3.969508 -2.826356 -1.068682
3.969649 -2.816211 -1.085502
3.951870 -2.780195 -1.094675
3.967896 -2.789076 -1.074291
3.980089 -2.799746 -1.067727
4.022279 -2.765812 -1.075604
4.008958 -2.744551 -1.079893
4.015657 -2.743144 -1.077009
4.019787 -2.726672 -1.062467
4.030454 -2.714000 -1.082673
4.039344 -2.703482 -1.074850
4.062922 -2.696689 -1.087059
4.044995 -2.649328 -1.062626
4.063122 -2.651849 -1.082689
4.056306 -2.640476 -1.074181
4.081336 -2.640606 -1.079501
4.087522 -2.633539 -1.094558
4.091783 -2.610387 -1.072403
4.113563 -2.594758 -1.062413
4.092780 -2.572948 -1.076758
4.127855 -2.590290 -1.069326
4.108750 -2.543451 -1.091445
4.127575 -2.545920 -1.070738
4.133874 -2.538875 -1.074558
4.146153 -2.529917 -1.064261
4.164999 -2.510413 -1.084453
4.169682 -2.493969 -1.081797
4.168726 -2.477024 -1.070292
4.198934 -2.471523 -1.089534
4.187693 -2.454970 -1.065758
4.195477 -2.440409 -1.051812
4.203971 -2.434775 -1.083807
4.205781 -2.434838 -1.071026
4.219276 -2.401716 -1.077980
4.211600 -2.401506 -1.080745
4.219381 -2.398080 -1.071205
4.255841 -2.365927 -1.068399
4.241554 -2.369616 -1.060491
4.262913 -2.335819 -1.065386
4.264838 -2.331277 -1.067791
4.272430 -2.314199 -1.090869
4.252593 -2.311685 -1.063626
4.261228 -2.297551 -1.081996
4.301669 -2.265678 -1.076720
4.291465 -2.259096 -1.068654
4.313448 -2.237092 -1.076815
4.304511 -2.241504 -1.052958
4.315250 -2.217177 -1.073665
4.304888 -2.199340 -1.084158
4.332639 -2.225697 -1.069227
4.342688 -2.185644 -1.089672
4.362720 -2.180260 -1.081613
3.521583 -1.740524 -0.872765
3.492671 -1.726604 -0.863815
3.482658 -1.727891 -0.854816
3.523276 -1.688020 -0.849517
3.488484 -1.695396 -0.851907
3.513911 -1.679484 -0.866689
4.381454 -2.087501 -1.068260
4.395727 -2.063385 -1.077061
4.404735 -2.041387 -1.082602
4.391049 -2.029754 -1.072001
4.407526 -2.025553 -1.082412
4.406209 -2.012304 -1.078414
4.434789 -1.988227 -1.074914
4.435738 -1.992835 -1.075710
4.437329 -1.975844 -1.076085
4.431599 -1.945608 -1.070869
4.443470 -1.937753 -1.069926
4.428571 -1.924665 -1.070242
4.473114 -1.897476 -1.069706
4.481650 -1.877289 -1.076926
4.490798 -1.882958 -1.061899
4.467444 -1.873549 -1.082103
4.398488 -1.828287 -1.038098
4.356359 -1.792892 -1.065700
4.394018 -1.798770 -1.044140
4.386065 -1.771141 -1.084738
4.387880 -1.755700 -1.049645
4.402130 -1.734846 -1.037233
4.388229 -1.736561 -1.047490
4.400712 -1.706273 -1.054514
4.399472 -1.697981 -1.054374
4.422297 -1.686032 -1.065883
4.428963 -1.682818 -1.035969
4.444238 -1.647860 -1.061123
4.434547 -1.661359 -1.046949
4.446317 -1.632660 -1.033338
4.460706 -1.625933 -1.035202
4.561682 -1.659180 -1.077916
4.569410 -1.621700 -1.070032
4.575523 -1.619716 -1.086158
4.586441 -1.597052 -1.073581
4.602456 -1.585354 -1.068294
4.602638 -1.592872 -1.070830
4.575053 -1.580343 -1.092953
4.599213 -1.551392 -1.091808
4.604960 -1.526630 -1.084863
4.620211 -1.524244 -1.068413
4.624694 -1.524465 -1.066598
4.625478 -1.525613 -1.064924
4.627779 -1.483971 -1.080415
4.640031 -1.450790 -1.069141
4.627512 -1.460094 -1.063736
4.625445 -1.433562 -1.062276
4.623569 -1.424839 -1.070898
4.651895 -1.423387 -1.072516
4.640724 -1.395617 -1.067433
4.656240 -1.381559 -1.082716
4.678965 -1.359364 -1.080240
4.664098 -1.363289 -1.067579
4.672894 -1.351748 -1.072301
4.667017 -1.348967 -1.081059
4.684845 -1.312639 -1.065389
4.680576 -1.311277 -1.082786
4.673327 -1.287513 -1.078313
4.695823 -1.274867 -1.067521
4.700210 -1.253710 -1.072329
4.704831 -1.232131 -1.075690
4.706838 -1.223927 -1.078576
4.699183 -1.201469 -1.080957
4.697453 -1.196019 -1.084164
4.696423 -1.179162 -1.061246
4.716944 -1.151985 -1.078295
4.744527 -1.144981 -1.078040
4.719728 -1.136355 -1.066141
4.733519 -1.125205 -1.075667
4.720600 -1.112131 -1.075997
4.723684 -1.092358 -1.075799
4.729667 -1.086182 -1.057867
4.740901 -1.063231 -1.085085
4.721753 -1.043663 -1.090744
4.745385 -1.017470 -1.084116
4.745545 -1.014593 -1.062084
4.749886 -1.013188 -1.086324
4.749511 -0.988855 -1.085425
4.748767 -0.962505 -1.077888
4.767586 -0.959569 -1.086950
4.744463 -0.956149 -1.077302
4.752725 -0.943906 -1.077624
4.757518 -0.921829 -1.073031
4.780207 -0.913988 -1.070653
4.773165 -0.891461 -1.073530
4.775285 -0.866567 -1.073494
4.792296 -0.852908 -1.095670
4.787894 -0.842687 -1.071053
4.795382 -0.831848 -1.089400
4.772740 -0.809793 -1.073999
4.806733 -0.802132 -1.084242
4.789136 -0.774902 -1.080831
4.794425 -0.784417 -1.093626
4.815785 -0.768462 -1.086807
4.810522 -0.733537 -1.075113
4.796807 -0.711379 -1.075006
4.818669 -0.704264 -1.074380
4.811197 -0.682627 -1.087810
4.817680 -0.680082 -1.060061
4.807394 -0.666971 -1.074984
4.810938 -0.671044 -1.075216
4.807428 -0.638309 -1.056181
4.830300 -0.629860 -1.074888
4.819110 -0.598745 -1.077352
4.820975 -0.579239 -1.080585
4.804629 -0.580732 -1.064297
4.818154 -0.565157 -1.072971
4.841657 -0.544132 -1.076841
4.828815 -0.541117 -1.073025
4.831975 -0.517112 -1.074640
4.825671 -0.508556 -1.072013
4.850053 -0.488357 -1.081655
4.841544 -0.461261 -1.094711
4.826134 -0.462644 -1.090433
4.830226 -0.445719 -1.062271
4.834235 -0.445377 -1.077247
4.837499 -0.422125 -1.072860
4.827465 -0.408238 -1.076732
4.837363 -0.395483 -1.071235
4.846949 -0.352759 -1.073516
4.840992 -0.344859 -1.084961
4.838751 -0.341429 -1.068588
4.839665 -0.316823 -1.083994
4.843798 -0.321224 -1.072588
4.851042 -0.307217 -1.064610
4.856725 -0.291607 -1.079564
4.849379 -0.266484 -1.065470
4.854699 -0.256350 -1.092650
4.839904 -0.228382 -1.084307
4.858692 -0.231046 -1.086210
4.847415 -0.213811 -1.060570
4.859298 -0.193941 -1.069845
4.855050 -0.165379 -1.062052
4.855104 -0.173891 -1.089339
4.855103 -0.138903 -1.068627
4.873128 -0.120456 -1.079754
4.836476 -0.131717 -1.088622
4.859372 -0.103371 -1.065977
4.854607 -0.098812 -1.073702
4.846764 -0.089251 -1.075406
4.850721 -0.052094 -1.075779
4.862650 -0.024955 -1.060457
4.871265 -0.032521 -1.070183
4.854562 -0.022870 -1.059380
4.864600 -0.003943 -1.070108
4.847458 0.010871 -1.085833
4.864557 0.027026 -1.080132
4.851229 0.041888 -1.063346
4.861749 0.044138 -1.045849
4.854144 0.078846 -1.073506
4.854817 0.097445 -1.073025
4.876987 0.099551 -1.052289
4.853336 0.117392 -1.066283
4.863059 0.147830 -1.067404
4.855701 0.148794 -1.081223
4.851127 0.150654 -1.072888
4.841290 0.185206 -1.065778
4.852404 0.201342 -1.050675
4.818429 0.211056 -1.058806
4.855146 0.207331 -1.067052
4.858484 0.248329 -1.074458
4.843669 0.267336 -1.079378
4.852479 0.287444 -1.075611
4.854077 0.273533 -1.076806
4.858613 0.303785 -1.057171
4.851676 0.306079 -1.087245
4.850513 0.330105 -1.070438
4.841317 0.342999 -1.082529
4.836339 0.357749 -1.066118
4.836834 0.381492 -1.069559
4.823961 0.401605 -1.061889
4.827259 0.420845 -1.063507
4.829324 0.416821 -1.080897
4.830538 0.428959 -1.065013
4.845366 0.452127 -1.077578
4.845765 0.443889 -1.080483
4.838839 0.484012 -1.074958
4.831979 0.484549 -1.083766
4.836853 0.501568 -1.065570
4.846790 0.509535 -1.083633
4.816425 0.548452 -1.083463
4.825556 0.576870 -1.075293
4.807410 0.574685 -1.063263
4.816728 0.574530 -1.071758
4.807600 0.601008 -1.071568
4.809124 0.614542 -1.071201
4.821233 0.626065 -1.074529
4.805941 0.633160 -1.064508
4.816942 0.650450 -1.074713
4.805802 0.676468 -1.070666
4.807524 0.694973 -1.074220
4.797800 0.694588 -1.088268
4.802742 0.704259 -1.068568
4.811637 0.744566 -1.071173
4.795676 0.754568 -1.081188
4.800963 0.758182 -1.071071
4.784381 0.784104 -1.064671
4.790920 0.786652 -1.061222
4.796887 0.785540 -1.065649
4.788121 0.805088 -1.091927
4.800536 0.816858 -1.077454
4.769418 0.843804 -1.083134
4.776824 0.866014 -1.092282
4.788362 0.865007 -1.067776
4.771673 0.884681 -1.078855
4.748476 0.897333 -1.070725
4.763516 0.919137 -1.080720
4.774253 0.938796 -1.092743
4.764503 0.939138 -1.068907
4.755083 0.964270 -1.053989
4.741949 0.984800 -1.087130
4.757911 0.983706 -1.080858
4.755400 1.020209 -1.064534
4.754719 1.020041 -1.080051
4.744287 1.042786 -1.066093
4.754658 1.057990 -1.067889
4.742421 1.062857 -1.067540
4.733167 1.083497 -1.065592
4.722992 1.100915 -1.074937
4.729659 1.106943 -1.074610
4.724357 1.126753 -1.077792
4.720705 1.130946 -1.069989
4.731198 1.154637 -1.073964
4.702755 1.163066 -1.064757
4.714034 1.179804 -1.088875
4.698171 1.209461 -1.058103
4.721891 1.225464 -1.071281
4.683860 1.223504 -1.068654
4.692555 1.255952 -1.079445
4.687115 1.266971 -1.078552
4.680202 1.254850 -1.062647
4.692779 1.287549 -1.081648
4.676438 1.285797 -1.082536
4.681450 1.321975 -1.077385
4.685070 1.325282 -1.052520
4.669964 1.337983 -1.067365
4.649014 1.356520 -1.081460
4.652936 1.363425 -1.090458
4.659328 1.371897 -1.057548
4.678878 1.390270 -1.069979
4.643994 1.408545 -1.069743
4.637914 1.429998 -1.069328
4.656055 1.438992 -1.068047
4.641428 1.462204 -1.091327
4.646868 1.456918 -1.059642
4.611567 1.501138 -1.070555
4.614524 1.499273 -1.076169
4.600921 1.506951 -1.071115
4.625120 1.520419 -1.081292
4.583272 1.524180 -1.091087
4.600772 1.530004 -1.063151
4.588984 1.558527 -1.064058
4.596789 1.575183 -1.067251
4.585780 1.603535 -1.090669
4.588928 1.612404 -1.074823
4.565152 1.628820 -1.074837
4.572006 1.639083 -1.088951
4.549839 1.643893 -1.075544
4.553838 1.665405 -1.068374
4.557939 1.692037 -1.077930
4.450008 1.650078 -1.050054
4.447673 1.652161 -1.041239
4.437573 1.667509 -1.077002
4.433670 1.696688 -1.048771
4.417113 1.703828 -1.042736
4.402137 1.732240 -1.060080
4.398077 1.713232 -1.030239
4.388874 1.736392 -1.030595
4.392094 1.750774 -1.059914
4.379456 1.784344 -1.043042
4.389387 1.793360 -1.041831
4.371192 1.795296 -1.034262
4.388135 1.802309 -1.053935
4.353016 1.844699 -1.043560
4.413344 1.837735 -1.055372
4.459798 1.897042 -1.085331
4.464026 1.911965 -1.072937
4.456785 1.928816 -1.076908
4.438466 1.936210 -1.081717
4.435324 1.971685 -1.057304
4.423391 1.985902 -1.076244
4.442050 1.976211 -1.073032
4.418638 1.995408 -1.069756
4.421653 2.006310 -1.057430
4.418742 2.012984 -1.085663
4.405680 2.048345 -1.075277
4.406064 2.026659 -1.050185
4.376878 2.050912 -1.067323
4.388431 2.074191 -1.082747
4.394820 2.093865 -1.064350
4.391078 2.100240 -1.077299
4.385770 2.114194 -1.076501
4.351820 2.130876 -1.076697
4.369645 2.133120 -1.095963
4.356391 2.150269 -1.088118
4.350026 2.155729 -1.066287
4.336568 2.170399 -1.065631
4.328875 2.212509 -1.079401
3.443227 1.766745 -0.843800
3.420085 1.755899 -0.849126
3.431945 1.758067 -0.849120
3.419611 1.780997 -0.840284
3.379081 1.762676 -0.863495
3.420455 1.815186 -0.852114
4.273845 2.298533 -1.074893
4.252416 2.294731 -1.071743
4.263642 2.336399 -1.090310
4.262616 2.325638 -1.090278
4.236833 2.332912 -1.066831
4.233387 2.369547 -1.069300
4.231901 2.380751 -1.081530
4.227009 2.378412 -1.073354
4.231296 2.396463 -1.075363
4.205819 2.417772 -1.063392
4.219196 2.416558 -1.066320
4.216214 2.440564 -1.087895
4.198261 2.427333 -1.072347
4.179702 2.472527 -1.062575
4.173167 2.476376 -1.062530
4.152534 2.470089 -1.070168
4.146925 2.501819 -1.071105
4.154021 2.492823 -1.080478
4.147551 2.527992 -1.076797
4.156821 2.546244 -1.071435
4.125852 2.542672 -1.092275
4.115577 2.568220 -1.042734
4.118987 2.573316 -1.078820
4.109603 2.566345 -1.090784
4.101407 2.616568 -1.084423
4.095966 2.608930 -1.059498
4.095826 2.631198 -1.077328
4.071778 2.637138 -1.078999
4.061079 2.645028 -1.081426
4.064993 2.662363 -1.070742
4.036977 2.688909 -1.083513
4.050353 2.685448 -1.088403
4.026457 2.680534 -1.081324
4.041901 2.714832 -1.080955
3.996687 2.727851 -1.077262
4.021463 2.747115 -1.068150
3.988857 2.756813 -1.075736
4.004019 2.752276 -1.084333
3.985720 2.784574 -1.083048
3.982145 2.806431 -1.099567
3.983448 2.802429 -1.061060
3.958166 2.801995 -1.092466
3.956305 2.805890 -1.062249
3.946925 2.835622 -1.086694
3.923071 2.850706 -1.075601
3.923512 2.869173 -1.081297
3.909731 2.871719 -1.077597
3.896009 2.899188 -1.093914
3.894780 2.888392 -1.080236
3.893082 2.900128 -1.066903
3.884830 2.904868 -1.065793
3.861270 2.931788 -1.098208
3.866097 2.926541 -1.062630
3.854221 2.962028 -1.076002
3.858706 2.976996 -1.058786
3.844993 2.964340 -1.068205
3.825253 2.981811 -1.070479
3.814069 3.005106 -1.076380
3.812521 3.010430 -1.069131
3.803788 3.027269 -1.082063
3.769448 3.040082 -1.072460
3.774359 3.055409 -1.070696
3.767426 3.052048 -1.063319
3.761355 3.063186 -1.074269
3.757540 3.068483 -1.058264
3.731299 3.094634 -1.067576
3.733781 3.112106 -1.074847
3.701725 3.119543 -1.083421
3.719476 3.131125 -1.072333
3.714869 3.153936 -1.073127
3.675256 3.135774 -1.072713
3.695039 3.176356 -1.087070
3.685200 3.170934 -1.073337
3.667188 3.181327 -1.091856
3.655138 3.193468 -1.054963
3.643157 3.181680 -1.075614
3.623944 3.217728 -1.083085
3.628253 3.238705 -1.080578
3.617999 3.244220 -1.088708
3.607770 3.259952 -1.068159
3.595229 3.262685 -1.079163
3.577713 3.270814 -1.060602
3.580488 3.278989 -1.058147
3.543675 3.271676 -1.084846
3.557555 3.303693 -1.082160
3.545261 3.324082 -1.080799
3.531827 3.323404 -1.066965
3.533073 3.355882 -1.088918
3.522276 3.345233 -1.068226
3.503689 3.356472 -1.078095
3.471928 3.376853 -1.062866
3.484852 3.385567 -1.058884
3.495324 3.386202 -1.082514
3.461830 3.419788 -1.090307
3.446778 3.403935 -1.085142
3.453047 3.420190 -1.078254
3.436263 3.426951 -1.065709
3.428365 3.452622 -1.082890
3.421246 3.446975 -1.074964
3.406428 3.464323 -1.085846
3.384258 3.484679 -1.091149
3.375907 3.496009 -1.071169
3.368511 3.497543 -1.084150
3.363175 3.537470 -1.084587
3.345530 3.525820 -1.060797
3.330621 3.531510 -1.071488
3.301041 3.536945 -1.057124
3.313144 3.542710 -1.072333
3.300282 3.566574 -1.075837
3.295758 3.577351 -1.066899
3.270829 3.579537 -1.066178
3.295607 3.589498 -1.069155
3.261440 3.586039 -1.073734
3.232963 3.627351 -1.080354
3.235281 3.608495 -1.077262
3.226126 3.622911 -1.061464
3.228462 3.646997 -1.073585
3.188605 3.644644 -1.102857
3.193706 3.649550 -1.071227
3.192890 3.664563 -1.088479
3.168937 3.690343 -1.074487
3.148819 3.683020 -1.089391
3.151651 3.687404 -1.077617
3.139910 3.721924 -1.068260
3.143237 3.732295 -1.082082
3.112793 3.718200 -1.070975
3.096860 3.738014 -1.101584
3.101280 3.750607 -1.076423
3.064119 3.776545 -1.078789
3.061263 3.758597 -1.085312
3.049752 3.790047 -1.073936
3.039295 3.796370 -1.079204
3.036976 3.785425 -1.079869
3.018697 3.780338 -1.080628
3.035525 3.820983 -1.076303
2.991442 3.822521 -1.075238
2.989361 3.823818 -1.072527
2.978778 3.838973 -1.068562
2.955411 3.859318 -1.078414
2.936372 3.862935 -1.086404
2.930963 3.874100 -1.071553
2.899714 3.870107 -1.071187
2.914686 3.878464 -1.066618
2.902069 3.899491 -1.080318
2.884970 3.892784 -1.073290
2.878141 3.912031 -1.075884
2.870816 3.919475 -1.050845
2.867866 3.938206 -1.084422
2.838425 3.912367 -1.085317
2.831509 3.934276 -1.077367
2.807805 3.948887 -1.070893
2.785153 3.962997 -1.075298
2.780187 3.957520 -1.079667
2.786597 3.970071 -1.075851
2.753366 4.003804 -1.075608
2.758330 3.988913 -1.073046
2.736263 4.016117 -1.081172
2.744305 4.001353 -1.066473
2.707616 4.032866 -1.071652
2.691303 4.025171 -1.087793
2.696939 4.033002 -1.060822
2.680936 4.041677 -1.068869
2.657137 4.061568 -1.082428
2.654629 4.056491 -1.091739
2.632930 4.059556 -1.072001
2.626268 4.072292 -1.068132
2.621464 4.088478 -1.067209
2.606640 4.066303 -1.067291
2.602190 4.089480 -1.074204
2.585080 4.107258 -1.079488
2.571588 4.111620 -1.053461
2.561399 4.136359 -1.072990
2.520038 4.143480 -1.073015
2.530614 4.159339 -1.068602
2.531395 4.152629 -1.055047
2.527140 4.182085 -1.069563
2.500458 4.173208 -1.067292
2.469305 4.178227 -1.065397
2.445050 4.183978 -1.082333
2.459411 4.180395 -1.066466
2.448124 4.199293 -1.071816
2.421349 4.199949 -1.087256
2.424455 4.208680 -1.074764
2.406030 4.227969 -1.074151
2.381940 4.240821 -1.082602
2.372272 4.230397 -1.056116
2.355529 4.241070 -1.078320
2.355800 4.262141 -1.065981
2.344719 4.255388 -1.065793
2.320667 4.266958 -1.084471
2.331978 4.262126 -1.060816
2.302917 4.271159 -1.074626
2.292457 4.277279 -1.088765
2.262742 4.294716 -1.069581
2.258410 4.291580 -1.070786
2.237966 4.304755 -1.075726
2.234173 4.311700 -1.066285
2.225733 4.321383 -1.062188
2.185410 4.337603 -1.081685
2.186810 4.328862 -1.076625
2.178517 4.349400 -1.072904
2.165987 4.361036 -1.075446
2.145167 4.378570 -1.077072
2.151285 4.346898 -1.064331
2.118855 4.360030 -1.069943
2.103053 4.356076 -1.078631
2.082112 4.387529 -1.074788
2.086618 4.387539 -1.051476
2.072216 4.368140 -1.085782
2.059935 4.403733 -1.092996
2.058396 4.383586 -1.071799
2.045884 4.411948 -1.057651
2.022984 4.415631 -1.087640
2.006599 4.408772 -1.065895
1.986992 4.445715 -1.070865
1.966835 4.426039 -1.085502
1.974621 4.442488 -1.064411
1.939330 4.449624 -1.065581
1.934033 4.449216 -1.078053
1.905446 4.451316 -1.082773
1.901155 4.472908 -1.086787
1.885372 4.484658 -1.072232
1.874389 4.461814 -1.075330
1.862608 4.494026 -1.067751
1.863019 4.490480 -1.069993
1.820509 4.486906 -1.090259
1.828499 4.482251 -1.055342
1.800543 4.484370 -1.074764
1.804017 4.493746 -1.081216
1.787797 4.505908 -1.066858
1.764117 4.542043 -1.083943
1.756871 4.532526 -1.077044
1.727382 4.551097 -1.077371
1.719390 4.528390 -1.082205
1.735325 4.528460 -1.086884
1.688873 4.540266 -1.079086
1.693132 4.548925 -1.070571
1.675037 4.547832 -1.076059
1.658849 4.551557 -1.080161
1.662835 4.572801 -1.082345
1.643809 4.571298 -1.084358
1.620074 4.568212 -1.063842
1.615811 4.598881 -1.071299
1.571743 4.583559 -1.078006
1.578153 4.587950 -1.083440
1.553465 4.598462 -1.083229
1.557254 4.624119 -1.063043
1.528181 4.588358 -1.066761
1.512805 4.602941 -1.082578
1.492346 4.636777 -1.060358
1.492413 4.625523 -1.092898
1.477337 4.611167 -1.070964
1.459623 4.646363 -1.072280
1.459192 4.626172 -1.075451
1.437800 4.642072 -1.086889
1.419259 4.640883 -1.063151
1.405750 4.646443 -1.074684
1.385027 4.649023 -1.068004
1.362652 4.638370 -1.070857
1.344962 4.651199 -1.081754
1.339551 4.664548 -1.079211
1.343168 4.669004 -1.059245
1.323132 4.670833 -1.079563
1.314045 4.687920 -1.075360
1.304062 4.665514 -1.081863
1.283088 4.686062 -1.058800
1.277058 4.684604 -1.079705
1.256688 4.690469 -1.074237
1.236146 4.705585 -1.067174
1.228611 4.711914 -1.083577
1.189278 4.703493 -1.078776
1.193262 4.710558 -1.087920
1.167777 4.704966 -1.065478
1.161398 4.708978 -1.090959
1.149944 4.715735 -1.061409
1.132628 4.718793 -1.063966
1.118055 4.720330 -1.062978
1.096579 4.732424 -1.077461
1.086860 4.733139 -1.085921
1.058417 4.729717 -1.084448
1.059965 4.746128 -1.089474
1.025733 4.757036 -1.078032
1.024561 4.744367 -1.098652
1.026775 4.741541 -1.062663
1.002376 4.727053 -1.089143
0.985503 4.754213 -1.085314
0.975743 4.763314 -1.078846
0.935790 4.743284 -1.084479
0.924635 4.758463 -1.092794
0.912642 4.768308 -1.071875
0.915639 4.762812 -1.060140
0.901639 4.771686 -1.083219
0.882211 4.784956 -1.069838
0.875013 4.752423 -1.075739
0.846605 4.767255 -1.064800
0.820303 4.782257 -1.070139
0.816323 4.812086 -1.075226
0.806449 4.782194 -1.065895
0.794526 4.794641 -1.075344
0.794815 4.803624 -1.075230
0.777892 4.798214 -1.090250
0.746437 4.793893 -1.062166
0.735672 4.780224 -1.075067
0.713920 4.806494 -1.087250
0.706720 4.793931 -1.069868
0.695707 4.807772 -1.075819
0.676064 4.823437 -1.084797
0.651692 4.800508 -1.072416
0.644957 4.817176 -1.070997
0.622151 4.798044 -1.062796
0.614561 4.810405 -1.084180
0.594739 4.821952 -1.056135
0.595520 4.810578 -1.075328
0.567380 4.825214 -1.091529
0.552211 4.813557 -1.093552
0.537359 4.840446 -1.085805
0.517974 4.825513 -1.074509
0.513163 4.821133 -1.090364
0.513036 4.826187 -1.066306
0.485155 4.844886 -1.056541
0.477973 4.824110 -1.065665
0.450836 4.833649 -1.074562
0.429357 4.818742 -1.072104
0.432513 4.837619 -1.087889
0.419644 4.839025 -1.056333
0.399827 4.856706 -1.063699
0.374508 4.834337 -1.091348
0.356048 4.838402 -1.058863
0.369919 4.844680 -1.086995
0.345405 4.830169 -1.086518
0.304618 4.840858 -1.071816
0.308138 4.833997 -1.081917
0.291837 4.841414 -1.070311
0.254440 4.843553 -1.099362
0.261581 4.849028 -1.095662
0.231333 4.865194 -1.078674
0.228013 4.836272 -1.065858
0.225223 4.823133 -1.088220
0.209540 4.854479 -1.081560
0.181279 4.850817 -1.074499
0.163338 4.860390 -1.086923
0.166701 4.848035 -1.060715
0.143437 4.846066 -1.065955
0.116528 4.833095 -1.087988
0.110300 4.855738 -1.083240
0.089102 4.867935 -1.067708
0.084439 4.851361 -1.077380
0.071767 4.877555 -1.081779
0.035875 4.856670 -1.089503
0.039697 4.857705 -1.075658
0.015141 4.851351 -1.066920
0.024338 4.844182 -1.081340
-0.001029 4.854418 -1.071170
0.007572 -4.290243 -0.908913
0.027238 -4.297047 -0.902647
0.030411 -4.299305 -0.920939
0.050281 -4.302202 -0.901990
0.066531 -4.292647 -0.929963
0.062312 -4.298518 -0.915970
0.081660 -4.316466 -0.919833
0.099621 -4.284532 -0.914127
0.102979 -4.295586 -0.911385
0.118689 -4.274814 -0.909013
0.151179 -4.305319 -0.918626
0.164122 -4.290418 -0.904705
0.154955 -4.295576 -0.916008
0.185162 -4.298744 -0.936935
0.199179 -4.285522 -0.904449
0.228850 -4.304080 -0.911842
0.215824 -4.288902 -0.911534
0.223878 -4.282567 -0.920097
0.253645 -4.285335 -0.896917
0.240817 -4.283722 -0.913588
0.283587 -4.292843 -0.916312
0.285180 -4.288596 -0.915106
0.290429 -4.282998 -0.924344
0.315280 -4.296951 -0.909959
0.327361 -4.293523 -0.922783
0.343325 -4.284513 -0.910844
0.329680 -4.290949 -0.909413
0.357049 -4.297636 -0.920646
0.382119 -4.284903 -0.913144
0.374507 -4.283080 -0.924316
0.395702 -4.282478 -0.901908
0.416361 -4.279953 -0.926983
0.423581 -4.287312 -0.922311
0.446344 -4.270662 -0.919363
0.457130 -4.273963 -0.927539
0.486884 -4.275939 -0.899637
0.469753 -4.258067 -0.888873
0.492293 -4.290025 -0.918267
0.500072 -4.278567 -0.906101
0.517146 -4.268365 -0.919774
0.534829 -4.275078 -0.906888
0.544669 -4.268581 -0.905936
0.548711 -4.262903 -0.909117
0.578048 -4.262912 -0.916691
0.590354 -4.262607 -0.920355
0.603516 -4.283381 -0.910769
0.623472 -4.261218 -0.928859
0.631514 -4.272156 -0.914715
0.645845 -4.271333 -0.914284
0.639207 -4.251659 -0.915107
0.682867 -4.271626 -0.906856
0.689548 -4.250521 -0.913329
0.690280 -4.266656 -0.908175
0.704330 -4.267406 -0.914867
0.743697 -4.273030 -0.921465
0.749704 -4.258651 -0.922437
0.744578 -4.273028 -0.911569
0.767370 -4.269512 -0.921575
0.786758 -4.258862 -0.908690
0.790159 -4.258996 -0.918990
0.813294 -4.252629 -0.914420
0.825160 -4.259586 -0.928431
0.828750 -4.257462 -0.911943
0.840946 -4.259883 -0.910634
0.854754 -4.254179 -0.935487
0.871206 -4.227195 -0.917777
0.878396 -4.255990 -0.914608
0.887843 -4.250235 -0.937168
0.906505 -4.248153 -0.918555
0.907440 -4.243905 -0.934206
0.914172 -4.238990 -0.928790
0.942819 -4.234469 -0.941124
0.964683 -4.249496 -0.939090
0.976674 -4.253287 -0.942562
0.989665 -4.259381 -0.921417
1.012026 -4.249762 -0.913802
1.001907 -4.246816 -0.922094
1.034538 -4.229937 -0.916961
1.034142 -4.239160 -0.930697
1.037758 -4.252428 -0.928441
1.083416 -4.225776 -0.929837
1.074748 -4.233997 -0.925273
1.101886 -4.230672 -0.939971
1.114612 -4.253752 -0.924535
1.112900 -4.230532 -0.919713
1.135214 -4.242541 -0.927688
1.152230 -4.236176 -0.937869
1.152557 -4.214518 -0.938857
1.184178 -4.236411 -0.940583
1.202864 -4.229176 -0.930769
1.189264 -4.228693 -0.933301
1.214331 -4.241047 -0.935810
1.253978 -4.225028 -0.944636
1.260741 -4.239298 -0.931567
1.251732 -4.230213 -0.936064
1.271365 -4.228886 -0.944060
1.295288 -4.213761 -0.938828
1.317705 -4.226211 -0.906817
1.317738 -4.231688 -0.927904
1.339450 -4.218742 -0.938504
1.341965 -4.234735 -0.934758
1.359475 -4.206734 -0.922191
1.374833 -4.227467 -0.935012
1.405012 -4.216623 -0.948523
1.419514 -4.199516 -0.936884
1.411452 -4.211582 -0.951642
1.444972 -4.201426 -0.946540
1.445436 -4.205608 -0.958139
1.468588 -4.219328 -0.946166
1.498459 -4.216536 -0.935252
1.512577 -4.200330 -0.939767
1.502132 -4.204382 -0.950966
1.504492 -4.218805 -0.955715
1.522927 -4.190839 -0.941827
1.538965 -4.209026 -0.945582
1.553055 -4.201180 -0.924876
1.560634 -4.205266 -0.955874
1.570689 -4.193505 -0.963826
1.598443 -4.198209 -0.947199
1.619706 -4.206984 -0.950530
1.619342 -4.213747 -0.945540
1.641988 -4.186236 -0.972147
1.644530 -4.190988 -0.958862
1.658807 -4.193599 -0.967027
1.683250 -4.170549 -0.957954
1.723409 -4.185702 -0.955467
1.708467 -4.179482 -0.960354
1.715643 -4.188714 -0.966110
1.739888 -4.176711 -0.963334
1.763541 -4.207837 -0.978730
1.778453 -4.184945 -0.956432
1.788742 -4.177014 -0.957795
1.801648 -4.193907 -0.967388
1.809443 -4.163355 -0.972534
1.819866 -4.177831 -0.976111
1.844668 -4.170587 -0.956741
1.873575 -4.164114 -0.958100
1.889017 -4.155648 -0.971032
1.878932 -4.167993 -0.945440
1.905667 -4.172793 -0.976369
1.904438 -4.167274 -0.976815
1.941542 -4.165492 -0.981788
1.964362 -4.161424 -0.977725
1.951298 -4.157188 -0.980431
1.979232 -4.163358 -0.975347
1.995652 -4.170855 -0.967109
2.004146 -4.160601 -1.020228
2.009981 -4.145278 -0.997411
2.052298 -4.149875 -0.990048
2.039009 -4.168537 -0.993402
2.069181 -4.148353 -0.980053
2.093566 -4.157403 -0.997446
2.089306 -4.136735 -0.991560
2.094812 -4.152833 -0.969608
2.126575 -4.123086 -0.999532
2.143357 -4.147561 -1.008358
2.161303 -4.146702 -0.978640
2.172837 -4.137535 -0.996159
2.203116 -4.131045 -0.984506
2.198101 -4.134990 -0.991310
2.225576 -4.121468 -0.995077
2.236206 -4.143447 -1.000429
2.241468 -4.114995 -0.984942
2.255934 -4.129266 -0.985323
2.283925 -4.125968 -0.997742
2.310280 -4.129003 -0.989295
2.324940 -4.104439 -0.999266
2.329693 -4.132798 -1.009279
2.339457 -4.111842 -0.995715
2.359478 -4.129504 -1.005635
2.359863 -4.113005 -1.005504
2.398511 -4.125604 -0.999498
2.399773 -4.113017 -1.013656
2.421787 -4.093086 -1.022327
2.447039 -4.112156 -1.007731
2.457833 -4.104671 -1.026807
2.479409 -4.092763 -0.995604
2.484666 -4.106811 -0.999133
2.504912 -4.129828 -1.012303
2.523292 -4.119723 -1.026474
2.556328 -4.115273 -1.009410
2.571292 -4.118468 -1.022203
2.571531 -4.095936 -1.022299
2.599564 -4.103411 -1.033999
2.610400 -4.099424 -1.024646
2.631448 -4.105130 -1.036017
2.645684 -4.103019 -1.040138
2.661461 -4.120790 -1.050438
2.670582 -4.099674 -1.045130
2.694669 -4.107243 -1.043020
2.701184 -4.094369 -1.046196
2.738024 -4.091483 -1.037809
2.747741 -4.110608 -1.033613
2.774257 -4.095853 -1.052628
2.781377 -4.102401 -1.069573
2.821007 -4.109840 -1.071346
2.824150 -4.081397 -1.042331
2.834536 -4.110237 -1.049374
2.867571 -4.107002 -1.058534
2.865507 -4.079774 -1.057251
2.902325 -4.076121 -1.075824
2.911041 -4.095427 -1.063959
2.933478 -4.080900 -1.060847
2.954213 -4.075181 -1.056922
2.978745 -4.085619 -1.076035
2.987638 -4.085437 -1.074579
3.013035 -4.079775 -1.070636
3.019313 -4.079591 -1.089515
3.031676 -4.064733 -1.066187
3.036673 -4.053899 -1.064156
3.049134 -4.025557 -1.064315
3.066639 -4.044950 -1.077148
3.080034 -4.014871 -1.073995
3.090552 -4.017275 -1.089422
3.107334 -4.001941 -1.059772
3.090700 -3.993370 -1.054278
3.127066 -3.984715 -1.063813
3.135535 -3.988789 -1.066071
3.159943 -3.957886 -1.078586
3.150058 -3.951953 -1.083550
3.162156 -3.940072 -1.084324
3.190431 -3.951488 -1.057493
3.189259 -3.940315 -1.074100
3.201650 -3.924573 -1.076132
3.222078 -3.911319 -1.079526
3.225162 -3.894012 -1.072258
3.229347 -3.893009 -1.065798
3.267848 -3.869942 -1.057580
3.254336 -3.857012 -1.065020
3.270787 -3.853620 -1.054708
3.289954 -3.853470 -1.078713
3.289343 -3.839864 -1.081518
3.317649 -3.836360 -1.052225
3.322117 -3.830248 -1.086147
3.331795 -3.814505 -1.052864
3.346272 -3.790460 -1.088821
3.359739 -3.774198 -1.088418
3.369203 -3.764754 -1.074470
3.386930 -3.757546 -1.091219
3.406086 -3.760610 -1.082560
3.412267 -3.738019 -1.082204
3.412969 -3.728828 -1.083375
3.442214 -3.721106 -1.065206
3.424050 -3.710344 -1.075920
3.442317 -3.699632 -1.055428
3.466234 -3.684774 -1.075933
3.484441 -3.691473 -1.077551
3.488314 -3.663369 -1.063960
3.491075 -3.674071 -1.068108
3.504583 -3.647022 -1.044919
3.547565 -3.615986 -1.066714
3.530335 -3.615314 -1.071203
3.544000 -3.619564 -1.086473
3.554234 -3.602044 -1.066101
3.567634 -3.601622 -1.076073
3.571738 -3.569553 -1.077428
3.597100 -3.577411 -1.068687
3.603534 -3.570298 -1.078857
3.627910 -3.541075 -1.083733
3.624760 -3.518879 -1.087326
3.635396 -3.522506 -1.077140
3.626057 -3.501053 -1.078951
3.657844 -3.493056 -1.076174
3.667894 -3.495138 -1.074139
3.682605 -3.500341 -1.058506
3.675672 -3.482158 -1.075814
3.698898 -3.462620 -1.076975
3.708712 -3.458562 -1.070626
3.716038 -3.434936 -1.069274
3.734380 -3.432581 -1.079055
3.723446 -3.425360 -1.086485
3.750848 -3.404402 -1.072486
3.761988 -3.398260 -1.066449
3.770449 -3.392822 -1.095126
3.802428 -3.374011 -1.082536
3.782739 -3.345149 -1.077656
3.807427 -3.346532 -1.074227
3.835720 -3.325814 -1.064692
3.832444 -3.329115 -1.078133
3.838629 -3.313415 -1.062699
3.823061 -3.292528 -1.076387
3.839861 -3.285757 -1.079071
3.850570 -3.264240 -1.089797
3.869967 -3.263146 -1.077598
3.887921 -3.257145 -1.083087
3.875399 -3.227475 -1.068849
3.902753 -3.238045 -1.075751
3.926005 -3.215549 -1.067662
3.922610 -3.212165 -1.070453
3.921725 -3.211498 -1.068485
3.942355 -3.168486 -1.075281
3.931336 -3.165551 -1.065922
3.964616 -3.140092 -1.076520
3.968265 -3.144175 -1.075778
3.979403 -3.111167 -1.095821
4.003908 -3.114505 -1.095915
4.010615 -3.103318 -1.090815
4.005399 -3.080097 -1.082361
4.010864 -3.089734 -1.073415
4.036839 -3.071874 -1.087452
4.049486 -3.057460 -1.078319
4.056409 -3.046614 -1.080469
4.052792 -3.021752 -1.063753
4.070083 -3.014927 -1.066545
4.081060 -3.007416 -1.067869
4.099451 -2.985723 -1.072093
4.080636 -2.986085 -1.079122
4.105425 -2.976235 -1.082700
4.116763 -2.952071 -1.074675
4.130892 -2.940216 -1.083137
4.108899 -2.935327 -1.069549
4.135763 -2.925774 -1.063273
4.144491 -2.903271 -1.069932
4.155294 -2.896355 -1.069911
4.173185 -2.888546 -1.073968
4.166478 -2.870062 -1.064040
4.172630 -2.866879 -1.083261
4.190932 -2.828398 -1.078324
4.190911 -2.838213 -1.066482
4.198918 -2.803864 -1.065657
4.221698 -2.798144 -1.073186
4.235785 -2.773738 -1.069869
4.226247 -2.773605 -1.077499
4.240435 -2.778686 -1.084924
4.244134 -2.742891 -1.072358
4.254766 -2.747239 -1.083107
4.271347 -2.734663 -1.068182
4.287646 -2.705447 -1.079117
4.290136 -2.697135 -1.064470
4.302455 -2.663817 -1.064676
4.289676 -2.675053 -1.069727
4.311019 -2.673997 -1.069112
4.313226 -2.658839 -1.063000
4.340374 -2.632385 -1.067988
4.331995 -2.618965 -1.059187
4.321587 -2.596576 -1.072178
4.340355 -2.587671 -1.066797
4.357934 -2.573304 -1.073702
4.379068 -2.568496 -1.074523
4.389462 -2.553796 -1.059274
4.393106 -2.537175 -1.070347
4.379998 -2.542995 -1.086626
4.411558 -2.502944 -1.069405
4.400181 -2.506378 -1.071426
4.406183 -2.491859 -1.071926
4.412619 -2.461312 -1.071726
4.440857 -2.440601 -1.062206
4.432151 -2.447495 -1.082061
4.448931 -2.427136 -1.092809
4.434829 -2.413946 -1.080816
4.446380 -2.401942 -1.069239
4.471929 -2.384992 -1.084226
4.475354 -2.379372 -1.081618
4.459217 -2.359651 -1.037820
4.472836 -2.332736 -1.088494
4.490462 -2.330831 -1.070299
4.505077 -2.300140 -1.074089
4.494871 -2.319966 -1.076256
4.521364 -2.298673 -1.067659
4.516130 -2.282420 -1.061782
4.533409 -2.256721 -1.082097
4.535072 -2.243956 -1.073634
3.494551 -1.719498 -0.831862
3.510258 -1.700459 -0.825496
3.483425 -1.705997 -0.826244
3.538166 -1.686807 -0.819615
4.577783 -2.179898 -1.064681
4.581621 -2.174766 -1.053015
4.589760 -2.156973 -1.083331
4.603395 -2.146234 -1.066933
4.587028 -2.136237 -1.062012
4.608217 -2.104561 -1.069178
4.613281 -2.103826 -1.069810
4.616576 -2.106302 -1.067969
4.631110 -2.080279 -1.050631
4.630158 -2.049279 -1.078062
4.643950 -2.029138 -1.082183
4.627085 -2.022305 -1.080570
4.649342 -1.997887 -1.089628
4.648528 -1.985127 -1.074409
4.665766 -1.973203 -1.066553
4.661122 -1.966237 -1.074169
4.674677 -1.951176 -1.080256
4.668796 -1.940686 -1.070197
4.708163 -1.926660 -1.061822
4.680392 -1.916954 -1.081212
4.430149 -1.777814 -0.998075
4.394425 -1.757555 -0.995734
4.412087 -1.744627 -1.005483
4.387005 -1.754886 -1.010728
4.392854 -1.735519 -1.012732
4.405966 -1.698038 -0.996684
4.425913 -1.696381 -1.010835
4.445452 -1.684873 -1.016855
4.457497 -1.681294 -1.001771
4.756358 -1.750958 -1.081087
4.745478 -1.771992 -1.075711
4.759687 -1.718787 -1.079461
4.761541 -1.710529 -1.070355
4.769845 -1.703616 -1.088219
4.768683 -1.691440 -1.067639
4.786595 -1.661481 -1.057239
4.796712 -1.665074 -1.093186
4.772373 -1.666698 -1.075166
4.815083 -1.628351 -1.089389
4.785980 -1.632538 -1.065272
4.809026 -1.599255 -1.070320
4.798897 -1.588296 -1.062218
4.815910 -1.559621 -1.082047
4.808852 -1.555106 -1.066523
4.836674 -1.542144 -1.078340
4.835842 -1.536267 -1.097630
4.838538 -1.520430 -1.056466
4.842568 -1.501905 -1.075811
4.848288 -1.500624 -1.060254
4.862036 -1.469916 -1.081926
4.866948 -1.464180 -1.093124
4.860963 -1.444037 -1.068110
4.859520 -1.434217 -1.068403
4.860831 -1.428919 -1.076098
4.877673 -1.405353 -1.075706
4.876561 -1.384600 -1.074094
4.852260 -1.360000 -1.059534
4.889673 -1.355285 -1.090539
4.894380 -1.338166 -1.065950
4.890359 -1.306625 -1.088545
4.893424 -1.314412 -1.055537
4.890525 -1.266364 -1.076411
4.887915 -1.274026 -1.080909
4.916671 -1.259669 -1.075306
4.900344 -1.252046 -1.089993
4.920146 -1.213902 -1.070829
4.903421 -1.211290 -1.067784
4.904369 -1.202915 -1.070393
4.934687 -1.186938 -1.063310
4.941561 -1.161990 -1.070972
4.919065 -1.158388 -1.076494
4.929966 -1.135893 -1.085904
4.946521 -1.119435 -1.077224
4.938684 -1.132448 -1.068765
4.946327 -1.087604 -1.088907
4.961357 -1.086869 -1.067487
4.954127 -1.062596 -1.066823
4.967587 -1.049120 -1.088752
4.967321 -1.060645 -1.066802
4.960973 -1.025835 -1.092635
4.958389 -1.010430 -1.079711
4.958375 -0.979276 -1.075051
4.975270 -0.988473 -1.082987
4.968362 -0.951060 -1.077005
4.966639 -0.916653 -1.077774
4.961928 -0.932895 -1.079935
4.993720 -0.903068 -1.071210
4.995236 -0.894944 -1.072586
4.973827 -0.896840 -1.073315
4.987131 -0.893812 -1.069762
4.993913 -0.861604 -1.070352
4.979312 -0.832449 -1.087028
4.996409 -0.829416 -1.084179
5.004839 -0.806191 -1.071082
4.973637 -0.794758 -1.071628
4.999659 -0.780326 -1.069929
5.005583 -0.753868 -1.068264
5.012472 -0.742358 -1.075763
5.015530 -0.736800 -1.071379
5.012263 -0.708715 -1.076760
5.016506 -0.692675 -1.070364
5.016448 -0.668993 -1.055773
5.018508 -0.673310 -1.069564
5.024331 -0.654979 -1.076991
5.014380 -0.630479 -1.069502
5.026765 -0.613891 -1.069410
5.015380 -0.608428 -1.086549
5.026371 -0.590070 -1.081465
5.016660 -0.556469 -1.062813
5.018494 -0.571967 -1.085825
5.030841 -0.553174 -1.054354
5.050703 -0.519190 -1.077237
5.032016 -0.510027 -1.088485
5.061156 -0.521788 -1.074101
5.031400 -0.489996 -1.077497
5.051255 -0.454625 -1.070463
5.033968 -0.433975 -1.066817
5.038596 -0.433452 -1.058628
5.046747 -0.426159 -1.077916
5.041473 -0.400269 -1.081065
5.066200 -0.390800 -1.080106
5.070539 -0.377250 -1.094465
5.055893 -0.382507 -1.076774
5.061018 -0.331748 -1.067713
5.049756 -0.333192 -1.078218
5.058599 -0.322551 -1.083831
5.051871 -0.296573 -1.064114
5.052992 -0.292431 -1.076009
5.038849 -0.261569 -1.075665
5.046050 -0.246799 -1.074650
5.063909 -0.229600 -1.077273
5.061686 -0.213868 -1.063297
5.048679 -0.205004 -1.077089
5.051514 -0.170675 -1.077171
5.056983 -0.163081 -1.065145
5.060740 -0.164829 -1.066795
5.060110 -0.132030 -1.068372
5.057219 -0.121582 -1.063317
5.074348 -0.103971 -1.053788
5.070929 -0.104102 -1.092893
5.081756 -0.085216 -1.056646
5.063874 -0.061751 -1.071999
5.043758 -0.041456 -1.061194
5.041517 -0.026557 -1.069366
5.040509 -0.015700 -1.071656
5.068432 -0.006401 -1.088771
5.047478 0.007189 -1.073038
5.079583 0.038919 -1.075982
5.065191 0.050604 -1.084195
5.070774 0.071687 -1.083911
5.064761 0.079860 -1.076372
5.074999 0.084553 -1.087420
5.047462 0.115486 -1.087727
5.053421 0.125220 -1.078163
5.060409 0.136487 -1.071873
5.067499 0.154480 -1.075503
5.060215 0.178506 -1.076030
5.059582 0.191432 -1.090429
5.044371 0.192208 -1.081223
5.068073 0.214904 -1.082964
5.062203 0.243146 -1.067025
5.060046 0.250387 -1.073528
5.044642 0.273961 -1.078912
5.065825 0.283380 -1.065203
5.079207 0.290126 -1.074015
5.051509 0.309045 -1.073382
5.051532 0.317566 -1.070906
5.057161 0.328756 -1.074427
5.047469 0.356980 -1.070794
5.048149 0.380573 -1.085515
5.047434 0.382564 -1.078488
5.041459 0.390056 -1.075278
5.046765 0.404571 -1.062048
5.035300 0.443709 -1.072003
5.033771 0.452661 -1.082640
5.033884 0.461136 -1.068361
5.027584 0.483216 -1.086683
5.039308 0.496746 -1.093674
5.031841 0.504896 -1.098057
5.043252 0.532171 -1.080995
5.041926 0.546490 -1.085607
5.025827 0.567591 -1.092534
5.018856 0.568255 -1.074636
5.031713 0.589323 -1.068831
5.022058 0.598064 -1.077036
5.028415 0.630567 -1.086965
5.019079 0.636442 -1.059307
5.002288 0.641823 -1.088407
5.021247 0.667492 -1.070377
5.038742 0.671944 -1.063519
5.018374 0.718259 -1.062884
5.014345 0.711389 -1.072206
5.011611 0.721833 -1.072999
4.996951 0.720422 -1.072594
5.018656 0.750081 -1.076543
5.017282 0.771072 -1.078004
4.996917 0.787431 -1.077832
4.999310 0.800486 -1.076360
4.984885 0.795572 -1.054579
4.968762 0.836093 -1.069865
4.989838 0.861790 -1.063008
4.989243 0.873548 -1.072320
4.980680 0.873112 -1.077153
4.987259 0.908847 -1.078374
4.978871 0.897850 -1.073206
5.004328 0.924965 -1.068117
4.961079 0.937079 -1.082075
4.980792 0.951159 -1.066209
4.965412 0.970471 -1.082249
4.963911 0.969502 -1.059069
4.972171 1.010634 -1.078265
4.947696 1.027801 -1.075606
4.955518 1.022463 -1.074584
4.980683 1.039177 -1.074194
4.948822 1.055425 -1.082649
4.946550 1.064372 -1.065306
4.942468 1.092206 -1.074547
4.947266 1.101373 -1.077289
4.934021 1.124757 -1.063046
4.920328 1.137910 -1.070334
4.952853 1.172679 -1.070150
4.911417 1.171555 -1.068184
4.928465 1.192768 -1.070716
4.913900 1.203337 -1.063173
4.916657 1.212064 -1.082752
4.930717 1.243381 -1.085607
4.919134 1.241426 -1.073722
4.907279 1.278838 -1.064979
4.906567 1.273840 -1.071322
4.891181 1.295914 -1.076220
4.882100 1.297637 -1.060505
4.905006 1.316378 -1.074740
4.880140 1.341933 -1.061691
4.888702 1.350197 -1.070371
4.885585 1.372333 -1.054544
4.869979 1.384177 -1.075021
4.856627 1.389477 -1.082886
4.853614 1.421031 -1.061058
4.868255 1.423744 -1.073789
4.845123 1.439766 -1.067349
4.836200 1.459866 -1.076229
4.835776 1.460033 -1.066016
4.845748 1.479406 -1.066633
4.848715 1.519265 -1.104660
4.843439 1.530241 -1.081432
4.839720 1.538076 -1.069831
4.841945 1.541931 -1.066054
4.801245 1.563174 -1.071778
4.818395 1.578241 -1.086602
4.799020 1.595425 -1.066709
4.800788 1.603717 -1.067650
4.789124 1.610513 -1.067414
4.793561 1.641297 -1.079228
4.788192 1.635869 -1.055883
4.779186 1.668570 -1.086517
4.798331 1.687564 -1.074465
4.772127 1.667902 -1.077741
4.760279 1.720513 -1.082944
4.764576 1.710131 -1.086909
4.756077 1.727722 -1.077255
4.754420 1.772817 -1.078920
4.768075 1.763206 -1.084959
4.749615 1.777905 -1.058872
4.480789 1.700545 -1.013358
4.440310 1.699895 -0.994379
4.405514 1.707331 -1.005773
4.412131 1.743626 -1.001110
4.395844 1.733220 -1.012047
4.407273 1.735784 -1.004604
4.390620 1.755121 -1.017351
4.411468 1.800377 -1.016702
4.392411 1.822311 -1.014237
4.409287 1.822310 -1.006650
4.677046 1.961153 -1.060518
4.675941 1.945920 -1.070222
4.670093 1.952658 -1.066404
4.664087 1.986457 -1.076550
4.641761 1.989976 -1.073619
4.644777 2.018665 -1.083505
4.649239 2.021872 -1.055913
4.627721 2.032346 -1.079385
4.616014 2.056576 -1.062962
4.631951 2.072861 -1.065526
4.619180 2.095400 -1.082582
4.607774 2.094222 -1.066879
4.595477 2.121848 -1.070670
4.588464 2.113049 -1.072152
4.598941 2.139538 -1.084951
4.580473 2.139850 -1.084624
4.588412 2.170973 -1.089762
4.567539 2.186588 -1.078607
4.560188 2.194266 -1.066276
4.542661 2.203058 -1.066192
4.546129 2.233405 -1.083666
4.558297 2.237946 -1.080687
4.542402 2.243402 -1.096195
4.526986 2.273098 -1.064622
4.507161 2.285148 -1.053914
4.517011 2.291767 -1.066448
4.488344 2.308796 -1.093135
3.430365 1.746542 -0.833533
3.418909 1.784744 -0.798075
3.419585 1.788599 -0.792413
3.401977 1.807624 -0.821076
4.479481 2.376976 -1.082154
4.457024 2.379851 -1.080988
4.446882 2.378433 -1.084215
4.452292 2.432752 -1.064638
4.459558 2.428489 -1.064297
4.429420 2.441360 -1.078784
4.421800 2.451122 -1.073413
4.426341 2.480299 -1.071265
4.413204 2.504697 -1.069169
4.397251 2.490867 -1.090942
4.414978 2.492039 -1.066050
4.376061 2.518975 -1.063521
4.394077 2.520577 -1.058385
4.363039 2.546345 -1.068984
4.368247 2.559030 -1.052316
4.351493 2.588998 -1.079602
4.336154 2.593208 -1.067532
4.358791 2.615582 -1.075529
4.323535 2.612070 -1.078675
4.312098 2.643573 -1.080060
4.314680 2.663343 -1.063807
4.316687 2.664195 -1.065387
4.293395 2.676647 -1.078957
4.272897 2.694064 -1.069066
4.292907 2.700577 -1.093630
4.277696 2.705235 -1.073648
4.264445 2.730970 -1.087444
4.253775 2.759830 -1.060956
4.249530 2.766638 -1.070757
4.239424 2.760703 -1.073530
4.227376 2.772856 -1.100754
4.231393 2.800285 -1.071778
4.200580 2.807447 -1.065824
4.218531 2.814517 -1.069899
4.189987 2.819869 -1.094092
4.203332 2.841544 -1.075038
4.190355 2.853359 -1.064226
4.190127 2.861602 -1.081861
4.181769 2.873556 -1.067565
4.143883 2.903377 -1.067913
4.127202 2.913533 -1.079122
4.125313 2.910367 -1.057163
4.143886 2.924173 -1.073583
4.110725 2.947756 -1.081131
4.121924 2.964537 -1.088282
4.099372 2.974157 -1.078934
4.081533 2.956785 -1.080474
4.075309 2.994607 -1.067849
4.050468 3.003175 -1.077466
4.066768 2.996125 -1.074780
4.064997 3.029736 -1.085078
4.043082 3.054469 -1.074080
4.041334 3.043972 -1.057575
4.011618 3.076226 -1.066777
4.018407 3.064068 -1.067995
4.016189 3.101960 -1.062878
4.002179 3.108536 -1.078010
3.991521 3.116001 -1.073138
3.991692 3.142200 -1.072200
3.983968 3.139069 -1.072188
3.955992 3.170469 -1.089685
3.957269 3.155996 -1.073363
3.954789 3.174421 -1.061535
3.935508 3.208753 -1.057606
3.913152 3.204207 -1.082584
3.916081 3.211693 -1.062670
3.905935 3.247062 -1.074734
3.885145 3.240739 -1.068430
3.878934 3.250870 -1.089996
3.877133 3.256576 -1.073471
3.863010 3.272110 -1.071439
3.858344 3.292212 -1.059587
3.842877 3.295692 -1.078850
3.819362 3.313565 -1.072112
3.811911 3.338146 -1.081227
3.806761 3.354667 -1.059096
3.798726 3.347116 -1.099765
3.791173 3.347448 -1.077075
3.789312 3.370485 -1.085691
3.771571 3.379113 -1.074336
3.772365 3.373673 -1.077725
3.750722 3.410043 -1.073087
3.738548 3.419995 -1.074558
3.724170 3.434252 -1.062691
3.718364 3.419195 -1.071103
3.708975 3.448427 -1.099265
3.706318 3.447522 -1.071783
3.677872 3.474940 -1.058679
3.680227 3.488631 -1.079443
3.659664 3.502642 -1.070550
3.669467 3.512446 -1.092893
3.647782 3.522265 -1.076290
3.649191 3.533604 -1.071312
3.626569 3.532350 -1.068275
3.606960 3.554269 -1.082081
3.599692 3.559376 -1.063576
3.586324 3.560797 -1.069940
3.582447 3.570365 -1.043510
3.559955 3.602866 -1.069333
3.545695 3.615752 -1.063218
3.552224 3.608534 -1.087552
3.529140 3.629214 -1.082172
3.523923 3.638958 -1.090815
3.506884 3.645471 -1.064336
3.495855 3.645634 -1.078476
3.488623 3.672446 -1.062708
3.490374 3.664992 -1.068371
3.457022 3.699926 -1.071275
3.445295 3.690172 -1.072899
3.441496 3.708385 -1.069840
3.438796 3.731810 -1.080660
3.424563 3.729001 -1.066306
3.392232 3.759960 -1.077662
3.394556 3.746127 -1.065807
3.392039 3.776178 -1.074161
3.369477 3.775779 -1.085616
3.355367 3.794273 -1.076825
3.350861 3.799860 -1.066413
3.333071 3.822639 -1.062810
3.315019 3.809775 -1.100301
3.317931 3.805590 -1.074019
3.296293 3.852356 -1.090013
3.286069 3.839089 -1.067161
3.290789 3.848160 -1.068769
3.274818 3.866435 -1.068061
3.264135 3.859908 -1.079357
3.235746 3.897246 -1.068020
3.211199 3.891880 -1.082710
3.211367 3.912017 -1.086069
3.193161 3.898110 -1.081719
3.183596 3.935604 -1.084903
3.183216 3.914591 -1.070626
3.164086 3.956919 -1.073629
3.163398 3.949178 -1.086383
3.143523 3.961069 -1.073270
3.147572 3.969710 -1.077642
3.120105 3.973244 -1.052774
3.107172 3.995735 -1.077898
3.111481 3.999108 -1.055178
3.075319 4.041345 -1.070389
3.075946 4.020865 -1.070836
3.058354 4.040234 -1.074524
3.054488 4.038333 -1.069836
3.028358 4.052016 -1.089395
3.013950 4.068657 -1.069823
3.020250 4.061729 -1.077139
3.016494 4.095345 -1.079588
2.992635 4.106921 -1.078727
2.989331 4.101593 -1.056558
2.980686 4.129630 -1.085588
2.940601 4.109948 -1.073834
2.933192 4.120538 -1.084685
2.911500 4.121762 -1.060491
2.915038 4.128869 -1.070806
2.902950 4.142836 -1.067706
2.879725 4.166042 -1.077927
2.871781 4.166318 -1.058292
2.868829 4.183830 -1.042390
2.855048 4.177409 -1.093502
2.828234 4.218354 -1.069464
2.833168 4.182261 -1.061005
2.795322 4.226551 -1.078963
2.786397 4.221021 -1.084359
2.781168 4.213058 -1.083855
2.766130 4.243153 -1.063274
2.750505 4.232174 -1.075859
2.728560 4.251998 -1.072519
2.729297 4.257534 -1.057399
2.711735 4.263870 -1.070823
2.719077 4.256999 -1.070158
2.703183 4.304333 -1.073426
2.681561 4.290951 -1.058772
2.665279 4.287118 -1.053782
2.653484 4.312241 -1.074253
2.657645 4.321467 -1.078030
2.628380 4.333659 -1.078859
2.620534 4.335913 -1.068745
2.616390 4.354232 -1.069816
2.574729 4.359533 -1.059582
2.575582 4.355824 -1.059880
2.558726 4.375483 -1.074600
2.547880 4.385683 -1.087845
2.514035 4.372352 -1.085739
2.530728 4.386001 -1.065508
2.512193 4.402527 -1.076929
2.490161 4.409673 -1.079569
2.485297 4.404009 -1.071548
2.481024 4.420214 -1.091808
2.442070 4.418463 -1.097688
2.438580 4.418672 -1.072614
2.424583 4.442932 -1.080665
2.409762 4.447438 -1.080327
2.394764 4.463338 -1.075269
2.380705 4.465286 -1.070395
2.373168 4.484833 -1.059749
2.348359 4.502200 -1.068092
2.332803 4.503460 -1.049666
2.332426 4.500476 -1.075861
2.321022 4.495542 -1.077327
2.299013 4.509829 -1.082777
2.284639 4.528852 -1.069774
2.267396 4.521033 -1.053792
2.259896 4.536646 -1.060845
2.232243 4.535728 -1.069956
2.225053 4.521739 -1.065018
2.213011 4.557766 -1.085658
2.208091 4.565552 -1.068324
2.204062 4.564397 -1.072582
2.168842 4.573315 -1.082890
2.162927 4.596224 -1.067553
2.148337 4.576606 -1.068058
2.154655 4.592343 -1.090706
2.120151 4.590594 -1.057123
2.084996 4.625822 -1.081102
2.091159 4.611566 -1.063785
2.069153 4.627632 -1.054512
2.067630 4.639883 -1.072303
2.059309 4.664416 -1.068128
2.040996 4.632166 -1.081263
2.012363 4.645406 -1.083516
1.992003 4.637690 -1.081326
1.974138 4.659429 -1.081813
1.978836 4.669018 -1.070132
1.965438 4.675031 -1.078800
1.951396 4.673726 -1.065153
1.937586 4.671873 -1.088422
1.919550 4.676495 -1.062768
1.889563 4.697975 -1.080361
1.891775 4.700452 -1.070350
1.880262 4.705016 -1.084402
1.859500 4.706317 -1.062934
1.854730 4.718385 -1.063510
1.830217 4.719313 -1.082871
1.814085 4.735023 -1.073692
1.807082 4.752492 -1.080248
1.776316 4.750154 -1.063439
1.778455 4.742155 -1.077914
1.748456 4.741485 -1.081139
1.742222 4.770585 -1.056587
1.719723 4.765305 -1.062742
1.718117 4.757552 -1.079106
1.717611 4.781608 -1.065174
1.679710 4.780559 -1.061043
1.658374 4.780306 -1.059246
1.653561 4.784445 -1.075685
1.637233 4.790995 -1.066364
1.633429 4.789974 -1.067736
1.610433 4.796298 -1.062128
1.606717 4.822392 -1.066669
1.585079 4.815745 -1.085296
1.555989 4.812026 -1.084775
1.553519 4.829690 -1.086515
1.539493 4.831921 -1.076888
1.532419 4.814018 -1.077448
1.513688 4.838912 -1.068228
1.497786 4.840191 -1.075768
1.459871 4.846351 -1.075044
1.458157 4.859697 -1.067524
1.463088 4.861001 -1.080721
1.433876 4.857387 -1.062717
1.428782 4.848420 -1.085043
1.405486 4.858678 -1.069474
1.371737 4.878175 -1.050110
1.385190 4.873826 -1.069189
1.371343 4.864400 -1.063727
1.349755 4.879917 -1.043219
1.321012 4.867642 -1.070926
1.310102 4.881561 -1.062778
1.302731 4.887829 -1.071116
1.286504 4.896091 -1.068525
1.267834 4.885551 -1.082515
1.262180 4.911122 -1.071830
1.235967 4.922085 -1.067142
1.222656 4.914792 -1.061883
1.212808 4.917349 -1.071627
1.196086 4.928493 -1.071559
1.177487 4.919486 -1.064720
1.160194 4.944168 -1.084458
1.141891 4.946139 -1.080978
1.131807 4.943397 -1.065591
1.109181 4.926626 -1.073293
1.099585 4.942928 -1.064900
1.096550 4.957243 -1.080975
1.061320 4.962601 -1.061133
1.073187 4.942602 -1.069885
1.030256 4.959621 -1.084034
1.016562 4.972596 -1.088344
1.013134 4.958477 -1.078193
1.006754 4.961342 -1.082813
0.984574 4.964414 -1.065731
0.965377 4.994397 -1.085985
0.962399 4.971046 -1.083070
0.951663 4.968269 -1.059274
0.916437 4.978130 -1.068857
0.904950 4.993123 -1.059658
0.910922 4.967224 -1.088621
0.868044 4.987421 -1.070109
0.852423 4.982513 -1.082090
0.824448 4.987599 -1.069492
0.810351 4.991231 -1.067823
0.811280 4.977060 -1.063968
0.807502 4.987544 -1.087646
0.778460 5.003948 -1.062807
0.753146 5.004837 -1.068906
0.740266 5.015198 -1.067195
0.731109 5.021658 -1.080851
0.739558 4.989416 -1.075638
0.714537 5.009086 -1.072435
0.677969 5.024570 -1.067926
0.685462 5.013437 -1.065888
0.657047 5.030415 -1.095203
0.638535 5.019531 -1.068361
0.630147 5.012576 -1.072824
0.605928 5.019825 -1.066510
0.593795 5.017987 -1.077225
0.572447 5.031120 -1.065714
0.566023 5.019188 -1.063969
0.555749 5.009624 -1.052820
0.528957 5.039601 -1.087302
0.497565 5.028445 -1.067340
0.521653 5.038377 -1.094941
0.497605 5.034598 -1.099066
0.480325 5.030005 -1.057776
0.469222 5.045442 -1.076268
0.428350 5.034557 -1.054276
0.423650 5.056233 -1.094275
0.424469 5.041533 -1.071955
0.407991 5.055066 -1.067756
0.386733 5.056412 -1.070820
0.366734 5.043725 -1.071716
0.346807 5.056930 -1.076531
0.340228 5.047967 -1.084098
0.315384 5.030880 -1.069521
0.319550 5.057925 -1.088849
0.283076 5.064095 -1.064150
0.273467 5.048478 -1.085513
0.268056 5.065878 -1.073800
0.236651 5.059173 -1.094564
0.228096 5.049383 -1.085847
0.223953 5.043058 -1.066264
0.197475 5.056012 -1.069684
0.191839 5.052839 -1.085058
0.160926 5.072609 -1.065562
0.167716 5.064370 -1.073003
0.130123 5.051642 -1.062620
0.118475 5.048967 -1.080732
0.099476 5.053160 -1.069829
0.079614 5.062528 -1.082550
0.064980 5.060418 -1.063556
0.076114 5.055167 -1.060760
0.041348 5.046875 -1.083344
0.038609 5.048173 -1.063029
0.027202 5.059095 -1.093677
-0.011779 5.065887 -1.082974
0.021455 -4.321371 -0.868722
0.017556 -4.321822 -0.880790
0.017377 -4.328654 -0.880183
0.023850 -4.339573 -0.870596
0.051231 -4.324415 -0.871330
0.065505 -4.321486 -0.881066
0.112847 -4.312691 -0.877711
0.093368 -4.337438 -0.870138
0.111130 -4.331305 -0.865778
0.124668 -4.328093 -0.869975
0.135624 -4.317748 -0.868879
0.152068 -4.327888 -0.872020
0.168862 -4.316407 -0.885476
0.173028 -4.326330 -0.883625
0.200473 -4.309017 -0.871182
0.216717 -4.327403 -0.888163
0.220405 -4.305238 -0.869691
0.246447 -4.315925 -0.890166
0.235362 -4.314111 -0.890840
0.266092 -4.328278 -0.880081
0.268173 -4.318595 -0.878406
0.291341 -4.303157 -0.888508
0.301152 -4.321876 -0.883213
0.312550 -4.315938 -0.866034
0.344478 -4.313947 -0.875793
0.334760 -4.301129 -0.878661
0.347898 -4.316857 -0.874865
0.360445 -4.303750 -0.888069
0.365175 -4.306823 -0.863922
0.400801 -4.297452 -0.871964
0.413809 -4.321369 -0.873311
0.419946 -4.307988 -0.893509
0.431941 -4.310412 -0.877068
0.433361 -4.303701 -0.891367
0.446067 -4.313429 -0.886534
0.488038 -4.311529 -0.889258
0.478956 -4.299391 -0.875375
0.492024 -4.294473 -0.885700
0.511261 -4.313355 -0.880824
0.524650 -4.298718 -0.884532
0.536692 -4.296704 -0.868533
0.549736 -4.298143 -0.878670
0.564404 -4.303686 -0.877074
0.582635 -4.289767 -0.866295
0.580347 -4.278206 -0.879580
0.605974 -4.296304 -0.882379
0.624122 -4.306707 -0.879147
0.629981 -4.282389 -0.867689
0.649947 -4.273814 -0.881775
0.671617 -4.293741 -0.867251
0.660761 -4.293877 -0.881215
0.690891 -4.302901 -0.887055
0.692830 -4.293329 -0.883332
0.708155 -4.277735 -0.896082
0.721952 -4.288498 -0.883984
0.741253 -4.284897 -0.874082
0.749544 -4.289663 -0.896007
0.768415 -4.280173 -0.897094
0.781308 -4.287722 -0.885999
0.787316 -4.290628 -0.895786
0.799318 -4.280803 -0.903299
0.833609 -4.292342 -0.872583
0.826387 -4.286771 -0.888310
0.824084 -4.293753 -0.870755
0.860553 -4.266855 -0.884059
0.886880 -4.284051 -0.868732
0.887378 -4.289335 -0.884803
0.901033 -4.274854 -0.882351
0.916741 -4.268507 -0.888468
0.930710 -4.276670 -0.887383
0.950449 -4.269673 -0.895851
0.933860 -4.252327 -0.899627
0.966498 -4.277694 -0.884348
0.973147 -4.289063 -0.872321
0.978402 -4.278043 -0.892349
1.001182 -4.272610 -0.911342
1.028321 -4.278531 -0.892971
1.037345 -4.265224 -0.909159
1.043917 -4.278129 -0.885658
1.068207 -4.269733 -0.886629
1.082426 -4.273075 -0.885356
1.105210 -4.265431 -0.904749
1.121580 -4.261018 -0.878337
1.130386 -4.257542 -0.895512
1.142743 -4.267143 -0.890512
1.143494 -4.268625 -0.913539
1.163234 -4.243674 -0.908998
1.172236 -4.274293 -0.899983
1.180024 -4.267796 -0.890792
1.200678 -4.265295 -0.896333
1.218548 -4.264755 -0.881875
1.213650 -4.258278 -0.915096
1.250070 -4.253270 -0.892825
1.242504 -4.247390 -0.907894
1.286982 -4.259796 -0.883173
1.278439 -4.259851 -0.907987
1.307356 -4.243673 -0.901631
1.320426 -4.255860 -0.888717
1.329166 -4.220143 -0.900581
1.352142 -4.241885 -0.906064
1.361893 -4.251693 -0.895353
1.383143 -4.259235 -0.907334
1.386544 -4.243843 -0.911459
1.402165 -4.245964 -0.913118
1.411704 -4.237370 -0.917305
1.426425 -4.241693 -0.904711
1.422448 -4.250748 -0.912533
1.465791 -4.232515 -0.904521
1.460649 -4.234160 -0.932775
1.479416 -4.242857 -0.910129
1.508877 -4.228776 -0.909827
1.513137 -4.237036 -0.901804
1.529118 -4.238893 -0.904817
1.527633 -4.250338 -0.933626
1.556182 -4.220174 -0.900880
1.568666 -4.238531 -0.911359
1.582425 -4.230676 -0.888077
1.600232 -4.232959 -0.909850
1.587476 -4.240668 -0.914439
1.621807 -4.231963 -0.908951
1.636950 -4.218828 -0.910881
1.669500 -4.210799 -0.924631
1.664019 -4.231688 -0.924289
1.668689 -4.233372 -0.915614
1.696199 -4.227318 -0.927855
1.708259 -4.218920 -0.917332
1.731216 -4.217461 -0.933727
1.738349 -4.229213 -0.913006
1.749757 -4.214709 -0.927214
1.764355 -4.212599 -0.930304
1.764744 -4.211489 -0.931069
1.795377 -4.202000 -0.935454
1.808406 -4.197750 -0.915403
1.823410 -4.194393 -0.922444
1.848762 -4.209076 -0.916487
1.861553 -4.217101 -0.936967
1.871690 -4.177174 -0.947646
1.879400 -4.201190 -0.931618
1.892804 -4.182423 -0.945765
1.920994 -4.200114 -0.939332
1.935110 -4.173987 -0.925417
1.952426 -4.191314 -0.937884
1.957616 -4.203380 -0.937046
1.985316 -4.191030 -0.936624
1.986309 -4.179276 -0.928917
2.011426 -4.199449 -0.956256
2.025176 -4.180650 -0.926112
2.055707 -4.180792 -0.941178
2.060901 -4.171351 -0.958066
2.059640 -4.188236 -0.957750
2.084969 -4.180767 -0.931980
2.106568 -4.162266 -0.944361
2.117155 -4.170943 -0.936815
2.119980 -4.162796 -0.948346
2.154234 -4.176180 -0.948768
2.158646 -4.173215 -0.941511
2.169859 -4.171170 -0.943586
2.176705 -4.173079 -0.956007
2.191331 -4.175672 -0.960599
2.223734 -4.160703 -0.960431
2.239602 -4.178190 -0.955983
2.249776 -4.168202 -0.957759
2.277604 -4.162352 -0.961613
2.281138 -4.153746 -0.969353
2.303586 -4.144600 -0.965088
2.322976 -4.156228 -0.968265
2.317962 -4.149876 -0.962396
2.337638 -4.152990 -0.969670
2.373836 -4.162487 -0.965289
2.386213 -4.163524 -0.958479
2.396224 -4.148666 -0.970593
2.422513 -4.141901 -0.965950
2.429705 -4.153673 -0.981517
2.450145 -4.138707 -0.970187
2.466591 -4.148088 -0.971858
2.480399 -4.149233 -0.979457
2.496282 -4.141795 -0.966599
2.504772 -4.128839 -0.975243
2.531871 -4.130085 -0.972911
2.524469 -4.122727 -0.992044
2.545561 -4.106597 -0.985874
2.580256 -4.112525 -0.995052
2.596643 -4.132151 -0.986530
2.618595 -4.127016 -0.992257
2.638222 -4.141857 -0.984975
2.634429 -4.140615 -0.994458
2.644289 -4.118813 -1.002624
2.688813 -4.114280 -0.987751
2.710892 -4.106095 -1.001455
2.708985 -4.121687 -1.010394
2.710162 -4.120186 -0.994975
2.744765 -4.115513 -1.005304
2.760967 -4.112583 -0.998307
2.775602 -4.112679 -0.998689
2.796777 -4.098320 -1.011332
2.819651 -4.089421 -1.018192
2.831790 -4.108301 -1.000259
2.828317 -4.089489 -1.010601
2.842136 -4.079485 -1.024583
2.856809 -4.086947 -1.018649
2.889985 -4.076847 -1.029970
2.901916 -4.081040 -1.016098
2.927382 -4.079121 -1.012601
2.939957 -4.092985 -1.027295
2.967750 -4.080756 -1.020879
2.986217 -4.087699 -1.049130
2.994929 -4.084198 -1.017220
3.013690 -4.073217 -1.026389
3.054282 -4.068827 -1.034154
3.042289 -4.074601 -1.049271
3.081721 -4.090677 -1.039918
3.096503 -4.063803 -1.030359
3.113561 -4.066357 -1.042960
3.158773 -4.069671 -1.050509
3.141371 -4.065785 -1.039659
3.190552 -4.078768 -1.042013
3.199205 -4.071690 -1.037655
3.234733 -4.078186 -1.046802
3.241447 -4.064187 -1.065415
3.241814 -4.065839 -1.066996
3.263460 -4.047103 -1.051350
3.287844 -4.092768 -1.078057
3.317157 -4.051576 -1.050009
3.319743 -4.066503 -1.068577
3.370305 -4.066134 -1.068813
3.361160 -4.075553 -1.092042
3.399379 -4.060908 -1.098989
3.407718 -4.042593 -1.064394
3.432123 -4.032938 -1.064573
3.414874 -4.037099 -1.075045
3.451952 -4.029169 -1.071074
3.451952 -4.026870 -1.078708
3.455269 -3.982604 -1.079290
3.479334 -3.970645 -1.071431
3.490269 -3.967289 -1.060709
3.496917 -3.978926 -1.078537
3.492371 -3.968744 -1.069614
3.529305 -3.977309 -1.068330
3.522718 -3.923335 -1.074271
3.551599 -3.906711 -1.080454
3.556838 -3.898554 -1.077082
3.584030 -3.887076 -1.077374
3.584205 -3.886901 -1.061531
3.619524 -3.877440 -1.080073
3.596532 -3.865477 -1.072178
3.622319 -3.854871 -1.075573
3.623609 -3.845987 -1.067655
3.648031 -3.851768 -1.080465
3.655564 -3.831453 -1.056495
3.648833 -3.808373 -1.080165
3.665128 -3.821511 -1.061276
3.695789 -3.782050 -1.067542
3.688842 -3.789227 -1.080217
3.710377 -3.777470 -1.069503
3.731769 -3.756380 -1.073325
3.734056 -3.746101 -1.066103
3.746495 -3.726523 -1.064417
3.757347 -3.717908 -1.064841
3.776248 -3.703065 -1.073150
3.775065 -3.683771 -1.067948
3.798238 -3.676255 -1.073026
3.795183 -3.669627 -1.063794
3.830073 -3.643146 -1.071468
3.846779 -3.652146 -1.055778
3.819798 -3.644434 -1.074873
3.851404 -3.622339 -1.067164
3.859926 -3.620078 -1.064936
3.857851 -3.603986 -1.081205
3.878566 -3.597717 -1.070310
3.904625 -3.579200 -1.075643
3.914813 -3.584244 -1.076263
3.913536 -3.551705 -1.070573
3.921561 -3.553425 -1.070006
3.938324 -3.525643 -1.063943
3.955468 -3.515077 -1.069964
3.964904 -3.511371 -1.074752
3.977139 -3.496540 -1.072320
3.993425 -3.475205 -1.071757
4.009796 -3.471563 -1.091262
4.004608 -3.438545 -1.048758
4.018369 -3.468414 -1.082070
4.014279 -3.435353 -1.071194
4.041300 -3.414434 -1.061243
4.051411 -3.404912 -1.078004
4.046642 -3.386471 -1.075631
4.050067 -3.377415 -1.061024
4.085681 -3.387869 -1.065536
4.088905 -3.356433 -1.067354
4.097606 -3.352337 -1.080184
4.104519 -3.351576 -1.062586
4.121524 -3.322797 -1.077196
4.118240 -3.313070 -1.056173
4.143003 -3.292588 -1.080566
4.144153 -3.288866 -1.086053
4.172841 -3.268673 -1.063503
4.155313 -3.265582 -1.067902
4.192723 -3.250951 -1.078304
4.189257 -3.233314 -1.090259
4.190681 -3.213733 -1.070890
4.216501 -3.187252 -1.082135
4.230156 -3.189664 -1.062915
4.222790 -3.172268 -1.073227
4.235043 -3.155997 -1.086258
4.248750 -3.166831 -1.055327
4.254897 -3.148756 -1.082221
4.261658 -3.132856 -1.068536
4.258393 -3.114499 -1.055353
4.291342 -3.091012 -1.070908
4.299778 -3.102855 -1.059185
4.307546 -3.079770 -1.053130
4.304108 -3.065368 -1.069564
4.314193 -3.051063 -1.077784
4.333399 -3.041267 -1.085040
4.337803 -3.011208 -1.082409
4.350732 -3.007541 -1.072056
4.354780 -3.006552 -1.079437
4.369586 -2.972450 -1.077327
4.375269 -2.989686 -1.074241
4.366301 -2.951737 -1.079574
4.396238 -2.943232 -1.059607
4.412510 -2.911351 -1.072238
4.411012 -2.918110 -1.083020
4.422754 -2.910283 -1.066926
4.441703 -2.863440 -1.077668
4.440673 -2.865318 -1.067434
4.438881 -2.859513 -1.069515
4.471802 -2.831475 -1.073503
4.449761 -2.820458 -1.093655
4.478256 -2.817994 -1.089047
4.485568 -2.807982 -1.081339
4.485421 -2.792283 -1.075047
4.503776 -2.759939 -1.070454
4.493080 -2.753981 -1.045142
4.525749 -2.759510 -1.080253
4.526398 -2.731117 -1.062947
4.517006 -2.714915 -1.062887
4.547297 -2.702864 -1.077560
4.555287 -2.696359 -1.069780
4.550301 -2.677264 -1.076348
4.573092 -2.655401 -1.074014
4.580311 -2.654772 -1.063163
4.585898 -2.647684 -1.078416
4.610284 -2.627165 -1.085185
4.588302 -2.612240 -1.075864
4.602952 -2.588656 -1.069369
4.603692 -2.575103 -1.074334
4.615320 -2.566568 -1.064585
4.631103 -2.550548 -1.088346
4.630442 -2.528848 -1.084219
4.670303 -2.526518 -1.087270
4.634487 -2.496919 -1.077703
4.674651 -2.504822 -1.074050
4.662433 -2.472232 -1.050102
4.680343 -2.456608 -1.054989
4.699892 -2.463989 -1.078403
4.689875 -2.449684 -1.076991
4.680236 -2.417977 -1.068217
4.703485 -2.406097 -1.071622
4.711838 -2.402931 -1.073024
4.727859 -2.392224 -1.087275
4.719872 -2.370914 -1.076301
4.732250 -2.346752 -1.069453
3.523302 -1.725518 -0.784625
3.514405 -1.706098 -0.795351
3.516551 -1.715657 -0.800658
3.510285 -1.678450 -0.791008
4.791657 -2.280968 -1.076384
4.788230 -2.261397 -1.085013
4.787185 -2.243671 -1.076235
4.795589 -2.213343 -1.079374
4.804027 -2.211021 -1.066463
4.822120 -2.215860 -1.085308
4.813040 -2.196094 -1.048764
4.803473 -2.179428 -1.076600
4.819403 -2.172758 -1.067654
4.828763 -2.159400 -1.064806
4.847047 -2.132867 -1.070624
4.846325 -2.125014 -1.070130
4.867147 -2.108346 -1.088521
4.865560 -2.092667 -1.093721
4.854023 -2.064263 -1.063747
4.875137 -2.052465 -1.083725
4.876697 -2.054245 -1.095591
4.894732 -2.016443 -1.074089
4.908242 -2.002070 -1.060005
4.902655 -2.014454 -1.075994
4.888076 -1.969048 -1.055530
4.420454 -1.777406 -0.970103
4.401471 -1.760720 -0.965120
4.417410 -1.734785 -0.959372
4.411006 -1.708111 -0.953578
4.419383 -1.725242 -0.985474
4.436271 -1.698940 -0.966142
4.450135 -1.679124 -0.944841
4.463256 -1.666611 -0.960180
4.960504 -1.831182 -1.088738
4.963987 -1.820753 -1.076899
4.974175 -1.824279 -1.093613
4.971539 -1.805660 -1.083652
4.989041 -1.793784 -1.082138
4.981084 -1.771166 -1.076780
4.989206 -1.741880 -1.060600
4.983415 -1.730702 -1.073722
4.996021 -1.725255 -1.071789
4.998370 -1.697943 -1.061288
5.002803 -1.681061 -1.072463
5.014442 -1.670574 -1.060460
5.012654 -1.666712 -1.081098
5.056653 -1.654467 -1.073379
5.029353 -1.634087 -1.086056
5.042726 -1.619558 -1.069802
5.040993 -1.599391 -1.088594
5.047199 -1.596500 -1.063706
5.041523 -1.559399 -1.072409
5.052749 -1.557111 -1.074851
5.049270 -1.543657 -1.070888
5.087694 -1.526798 -1.070489
5.064280 -1.505624 -1.060705
5.082941 -1.486412 -1.068739
5.074481 -1.480158 -1.083570
5.073585 -1.455502 -1.066455
5.094483 -1.444037 -1.090114
5.093986 -1.445524 -1.066811
5.092695 -1.409690 -1.079095
5.114070 -1.396216 -1.080066
5.092014 -1.395681 -1.078294
5.124509 -1.361232 -1.075135
5.100481 -1.353481 -1.092820
5.106634 -1.351325 -1.075304
5.107549 -1.306692 -1.075819
5.123226 -1.297137 -1.070473
5.122430 -1.289582 -1.083752
5.130082 -1.296792 -1.092898
5.163445 -1.246499 -1.073227
5.146598 -1.232060 -1.086509
5.139993 -1.225384 -1.064968
5.162798 -1.206777 -1.058464
5.162264 -1.202958 -1.063334
5.158291 -1.181663 -1.079688
5.161479 -1.166550 -1.094601
5.152634 -1.145391 -1.061640
5.160717 -1.129580 -1.062392
5.164069 -1.101154 -1.057088
5.174922 -1.100329 -1.068841
5.186172 -1.067314 -1.047115
5.175378 -1.045288 -1.063407
5.173482 -1.062087 -1.064790
5.206704 -1.017512 -1.054403
5.190741 -1.012829 -1.084215
5.205730 -0.997438 -1.071069
5.185842 -0.984641 -1.063467
5.205447 -0.960635 -1.069220
5.185190 -0.959697 -1.089564
5.210529 -0.943824 -1.094299
5.192609 -0.916090 -1.080225
5.221719 -0.921526 -1.070460
5.227607 -0.898416 -1.072312
5.214240 -0.859230 -1.051284
5.222064 -0.838438 -1.077917
5.214292 -0.845836 -1.060646
5.245105 -0.828735 -1.078064
5.232464 -0.801211 -1.057856
5.212243 -0.782411 -1.072673
5.222266 -0.799202 -1.085141
5.228191 -0.763745 -1.065219
5.225898 -0.745155 -1.074459
5.220581 -0.720280 -1.056459
5.235047 -0.708724 -1.060998
5.242562 -0.671859 -1.066185
5.254015 -0.674159 -1.064834
5.237513 -0.664958 -1.085127
5.265235 -0.655191 -1.069023
5.253767 -0.633651 -1.088287
5.258265 -0.591736 -1.069299
5.249239 -0.595880 -1.069842
5.244800 -0.578172 -1.061578
5.271170 -0.582231 -1.079623
5.259032 -0.557262 -1.088796
5.274107 -0.539429 -1.055602
5.247424 -0.519307 -1.061480
5.266712 -0.487364 -1.073056
5.259853 -0.490141 -1.080316
5.258487 -0.483337 -1.064743
5.262176 -0.444282 -1.079463
5.261815 -0.446182 -1.079950
5.269029 -0.423126 -1.057536
5.264033 -0.406485 -1.078712
5.273312 -0.394745 -1.069202
5.284927 -0.376840 -1.066744
5.279086 -0.361666 -1.075618
5.278689 -0.353199 -1.083730
5.279691 -0.331186 -1.068656
5.285757 -0.318086 -1.070585
5.271511 -0.297969 -1.070237
5.292660 -0.291041 -1.068059
5.280947 -0.255266 -1.077564
5.276163 -0.255282 -1.058835
5.276526 -0.236877 -1.064840
5.297644 -0.217395 -1.078723
5.293675 -0.174964 -1.079961
5.286037 -0.177983 -1.074348
5.279339 -0.161688 -1.070702
5.284886 -0.147232 -1.077944
5.286959 -0.126643 -1.085017
5.278040 -0.104317 -1.087641
5.292015 -0.102559 -1.072213
5.293235 -0.089074 -1.069943
5.296481 -0.063627 -1.080402
5.268548 -0.065843 -1.074341
5.284159 -0.030095 -1.066141
5.292707 -0.007974 -1.082359
5.281619 -0.002563 -1.068460
5.280644 0.007253 -1.087554
5.283086 0.036742 -1.087870
5.303489 0.068771 -1.075712
5.310381 0.078667 -1.071433
5.279607 0.081048 -1.070863
5.289837 0.066260 -1.079664
5.288650 0.116604 -1.073603
5.289213 0.124201 -1.097812
5.285569 0.156020 -1.064644
5.292209 0.171092 -1.065827
5.276246 0.191658 -1.072605
5.291489 0.185406 -1.079588
5.284601 0.216924 -1.083392
5.284102 0.215856 -1.073161
5.277612 0.261732 -1.071189
5.281620 0.257016 -1.062789
5.277928 0.260674 -1.061479
5.288918 0.312904 -1.068019
5.273869 0.292213 -1.057289
5.280258 0.325872 -1.069788
5.274895 0.359254 -1.062234
5.253909 0.340535 -1.081956
5.273074 0.387138 -1.064316
5.270560 0.381189 -1.078226
5.275611 0.401034 -1.056943
5.258509 0.432012 -1.068407
5.266485 0.436539 -1.083463
5.264756 0.453635 -1.074263
5.274068 0.456704 -1.096544
5.266318 0.491539 -1.082375
5.264204 0.500091 -1.068459
5.255053 0.513543 -1.077393
5.255633 0.543400 -1.068033
5.238293 0.544842 -1.085366
5.261819 0.567928 -1.076706
5.262037 0.586599 -1.075051
5.251055 0.612838 -1.087169
5.252555 0.620187 -1.089290
5.236125 0.641023 -1.056600
5.255399 0.657423 -1.069282
5.249953 0.673280 -1.064766
5.239703 0.688314 -1.079040
5.229977 0.694004 -1.073914
5.229461 0.723205 -1.065413
5.233964 0.735458 -1.074497
5.235657 0.733084 -1.063126
5.223461 0.765678 -1.074984
5.249118 0.794720 -1.101538
5.238577 0.794757 -1.078398
5.239902 0.806529 -1.074720
5.220682 0.820426 -1.065489
5.226322 0.847261 -1.064115
5.206286 0.849973 -1.069773
5.213598 0.880339 -1.044873
5.210490 0.891694 -1.083698
5.211414 0.892058 -1.068900
5.207606 0.911441 -1.077302
5.205403 0.950225 -1.073344
5.190831 0.976526 -1.082647
5.178522 0.973418 -1.080285
5.209177 0.992335 -1.084349
5.203626 1.011904 -1.082267
5.191186 1.019024 -1.073457
5.194798 1.045966 -1.062040
5.196043 1.050587 -1.076906
5.182170 1.071832 -1.071515
5.199521 1.065555 -1.064459
5.163671 1.084669 -1.071180
5.163062 1.119416 -1.053311
5.166762 1.134421 -1.048088
5.152601 1.134505 -1.067201
5.154088 1.164989 -1.085492
5.159453 1.190197 -1.070403
5.139711 1.194698 -1.071956
5.164104 1.193615 -1.070373
5.144425 1.235136 -1.089115
5.147995 1.228226 -1.058818
5.138673 1.246081 -1.079293
5.131791 1.273186 -1.092832
5.131265 1.274803 -1.088519
5.132875 1.296016 -1.069865
5.121676 1.305010 -1.074662
5.114908 1.339808 -1.070412
5.118715 1.352715 -1.086275
5.118687 1.373427 -1.084690
5.103325 1.388615 -1.072123
5.107848 1.404140 -1.062022
5.123367 1.401951 -1.077309
5.104444 1.417114 -1.078331
5.083438 1.447145 -1.061258
5.084419 1.452468 -1.059767
5.078503 1.470087 -1.068154
5.072088 1.500885 -1.081229
5.069859 1.495999 -1.063276
5.047573 1.506558 -1.068353
5.054625 1.556153 -1.068682
5.043662 1.571803 -1.071714
5.062303 1.554006 -1.070878
5.041490 1.581981 -1.072896
5.046438 1.597417 -1.068800
5.044684 1.611600 -1.066750
5.036577 1.621759 -1.066778
5.034405 1.650914 -1.051868
5.020560 1.668517 -1.076994
5.027236 1.669842 -1.071521
5.012903 1.701669 -1.063020
5.010224 1.721890 -1.085557
4.990751 1.722293 -1.084393
4.990852 1.734476 -1.079548
4.980101 1.750123 -1.078377
4.996280 1.757668 -1.075173
4.975583 1.799416 -1.069707
4.982238 1.798336 -1.087215
4.957735 1.843642 -1.074098
4.965479 1.829274 -1.094002
4.956199 1.862389 -1.065300
4.943884 1.866964 -1.083346
4.957430 1.875657 -1.073011
4.465700 1.702817 -0.952350
4.429339 1.730254 -0.959111
4.414554 1.734254 -0.966903
4.403745 1.732474 -0.951918
4.409143 1.758606 -0.956650
4.406687 1.762976 -0.952052
4.394525 1.776151 -0.961677
4.407298 1.804456 -0.976269
4.880077 2.011672 -1.065276
4.871069 2.023067 -1.064270
4.876976 2.025332 -1.072061
4.860524 2.051645 -1.066956
4.859172 2.076318 -1.075347
4.866633 2.087515 -1.090477
4.865074 2.111598 -1.076486
4.821235 2.115706 -1.088767
4.844586 2.138965 -1.053132
4.830792 2.129784 -1.057439
4.838031 2.167490 -1.066560
4.824577 2.184967 -1.080490
4.818835 2.188425 -1.065692
4.805754 2.205588 -1.065998
4.790400 2.218155 -1.068527
4.806735 2.246981 -1.062411
4.793685 2.227014 -1.074273
4.785651 2.266552 -1.072256
4.775440 2.274537 -1.064004
4.765685 2.282861 -1.081708
4.747831 2.320831 -1.079861
4.767373 2.328567 -1.084854
4.739673 2.341761 -1.058291
4.736985 2.346759 -1.068653
4.726738 2.371983 -1.076084
4.711122 2.371073 -1.080919
4.697405 2.375983 -1.066209
4.691410 2.419066 -1.067866
3.437080 1.761134 -0.775289
3.412060 1.769557 -0.767224
3.421437 1.793796 -0.790457
3.443161 1.804219 -0.780615
4.649514 2.477912 -1.065486
4.673480 2.494223 -1.071617
4.657937 2.504665 -1.064257
4.649163 2.523887 -1.094493
4.646241 2.542995 -1.067126
4.630163 2.562759 -1.069833
4.625927 2.566446 -1.088615
4.614814 2.580718 -1.053443
4.583063 2.607284 -1.063615
4.604728 2.621377 -1.073311
4.593562 2.629125 -1.068314
4.577648 2.627641 -1.064393
4.585079 2.660065 -1.071745
4.555558 2.653260 -1.091891
4.567438 2.665653 -1.077779
4.560050 2.692877 -1.077662
4.551595 2.701982 -1.058576
4.545890 2.711932 -1.083197
4.541426 2.741346 -1.082408
4.504152 2.769747 -1.054399
4.506521 2.746169 -1.067530
4.502688 2.773970 -1.076529
4.485859 2.782321 -1.093008
4.510541 2.817098 -1.071336
4.477518 2.809001 -1.081953
4.471354 2.821526 -1.062304
4.449659 2.842122 -1.092942
4.450712 2.844257 -1.059241
4.447196 2.867941 -1.073731
4.427033 2.897690 -1.063928
4.428272 2.893036 -1.075192
4.417104 2.906721 -1.049513
4.400642 2.923758 -1.091373
4.402160 2.943732 -1.067364
4.391543 2.956114 -1.081627
4.365983 2.966219 -1.085847
4.368279 2.987675 -1.052554
4.359165 2.983823 -1.075867
4.336292 3.011233 -1.046810
4.330692 3.024453 -1.077784
4.332376 3.051169 -1.067887
4.328021 3.041187 -1.063469
4.308167 3.059927 -1.065220
4.308871 3.076170 -1.061208
4.299941 3.075770 -1.087228
4.273817 3.106637 -1.067949
4.283812 3.115728 -1.067141
4.265357 3.129577 -1.078205
4.250049 3.159065 -1.085397
4.249161 3.146634 -1.071092
4.215103 3.162869 -1.076000
4.251040 3.182320 -1.065081
4.211671 3.189501 -1.074575
4.189984 3.226482 -1.080292
4.214240 3.224837 -1.060479
4.206864 3.227261 -1.073386
4.171771 3.240176 -1.069374
4.180342 3.261284 -1.080985
4.159936 3.270828 -1.064046
4.131935 3.264101 -1.063165
4.148700 3.297154 -1.065208
4.126402 3.316647 -1.088913
4.117486 3.331434 -1.071463
4.094363 3.326832 -1.066673
4.095640 3.326685 -1.057781
4.082038 3.376993 -1.051252
4.079902 3.362541 -1.039217
4.067043 3.384426 -1.080518
4.060758 3.407370 -1.055319
4.036347 3.406397 -1.086262
4.042404 3.421929 -1.073798
4.033000 3.423192 -1.082580
4.020334 3.445715 -1.070255
3.995987 3.479671 -1.090043
3.981307 3.464612 -1.070801
3.984989 3.464216 -1.085517
3.968558 3.498027 -1.085469
3.954108 3.504127 -1.053437
3.958512 3.515456 -1.076965
3.944255 3.534938 -1.085197
3.936553 3.545894 -1.085281
3.919250 3.551019 -1.056785
3.908284 3.561890 -1.068733
3.875183 3.568566 -1.072924
3.890254 3.592566 -1.066103
3.855928 3.592395 -1.068281
3.835439 3.599594 -1.078613
3.836388 3.639101 -1.091261
3.850077 3.652535 -1.071119
3.829258 3.661306 -1.081401
3.834021 3.663944 -1.068766
3.822758 3.672253 -1.062229
3.795046 3.687162 -1.052307
3.768550 3.691716 -1.086407
3.787354 3.718826 -1.070354
3.767219 3.733191 -1.079464
3.756973 3.734772 -1.075215
3.758163 3.747499 -1.064656
3.722138 3.757181 -1.059903
3.718265 3.759526 -1.068837
3.717805 3.800833 -1.079591
3.702751 3.811641 -1.078904
3.681262 3.792621 -1.084314
3.668852 3.821051 -1.070134
3.644631 3.845819 -1.073064
3.660440 3.850594 -1.064992
3.632356 3.853415 -1.071774
3.619863 3.875653 -1.080032
3.616065 3.864060 -1.067616
3.601548 3.887912 -1.084104
3.591636 3.900327 -1.059146
3.566761 3.893735 -1.073817
3.569936 3.896106 -1.070499
3.539601 3.924593 -1.072757
3.543542 3.933216 -1.054415
3.514272 3.956605 -1.078427
3.517740 3.944958 -1.074770
3.514505 3.958057 -1.089542
3.481464 3.978493 -1.080929
3.473184 3.969066 -1.055927
3.473169 3.996198 -1.068218
3.461142 4.006166 -1.076468
3.442765 4.009490 -1.067638
3.425932 4.034083 -1.069697
3.403520 4.046692 -1.078614
3.386547 4.046808 -1.075141
3.393231 4.047798 -1.086101
3.364330 4.079545 -1.065090
3.377241 4.088491 -1.070629
3.335042 4.096041 -1.054942
3.335613 4.114540 -1.056951
3.315540 4.118752 -1.069593
3.316076 4.126299 -1.083930
3.300791 4.141731 -1.059093
3.280091 4.155259 -1.062413
3.287218 4.172485 -1.069823
3.266623 4.155266 -1.067217
3.253229 4.179929 -1.079107
3.238450 4.174002 -1.068194
3.221090 4.197389 -1.082138
3.218843 4.199012 -1.060246
3.198910 4.208498 -1.073032
3.185174 4.224870 -1.072873
3.178313 4.234016 -1.080048
3.149328 4.253286 -1.077114
3.137706 4.247541 -1.065853
3.137833 4.261670 -1.048901
3.116880 4.269991 -1.095349
3.131947 4.271669 -1.076920
3.101178 4.307467 -1.057697
3.076235 4.304385 -1.086219
3.049841 4.310319 -1.067706
3.049033 4.327621 -1.077641
3.047605 4.342107 -1.076672
3.021505 4.344710 -1.036543
3.026212 4.332885 -1.073547
3.005847 4.350181 -1.070945
3.010738 4.373120 -1.083460
2.991395 4.381530 -1.053369
2.961324 4.365683 -1.073547
2.942672 4.390722 -1.078338
2.943674 4.410382 -1.073157
2.908705 4.406992 -1.076030
2.922714 4.425058 -1.068834
2.882251 4.440213 -1.086921
2.881466 4.438293 -1.063948
2.874798 4.457264 -1.080553
2.864724 4.452180 -1.068990
2.844039 4.463321 -1.079637
2.822326 4.469053 -1.079382
2.801507 4.462609 -1.075108
2.806505 4.501797 -1.076480
2.792620 4.497231 -1.078987
2.783348 4.512436 -1.064078
2.740865 4.529823 -1.068137
2.734914 4.504467 -1.073215
2.715092 4.540698 -1.067267
2.704682 4.544489 -1.060045
2.711319 4.546658 -1.079445
2.664389 4.558558 -1.080925
2.680335 4.565453 -1.077772
2.662968 4.560788 -1.073383
2.640438 4.575250 -1.070514
2.640207 4.586682 -1.061715
2.610879 4.600259 -1.088696
2.602276 4.611147 -1.101713
2.588054 4.618803 -1.062070
2.550014 4.607536 -1.073061
2.575582 4.613916 -1.081417
2.540310 4.625315 -1.086177
2.527365 4.643568 -1.078800
2.511802 4.658974 -1.071522
2.486561 4.661342 -1.073324
2.489023 4.680613 -1.078044
2.474858 4.667178 -1.075991
2.479172 4.679018 -1.059317
2.436339 4.672941 -1.070621
2.444305 4.697543 -1.067425
2.429911 4.700424 -1.081344
2.390460 4.710251 -1.069677
2.392314 4.711384 -1.091599
2.373671 4.730113 -1.076227
2.350986 4.751255 -1.076524
2.342534 4.730858 -1.074916
2.347154 4.757659 -1.083925
2.308153 4.764281 -1.082492
2.314961 4.766369 -1.080232
2.288389 4.751909 -1.073059
2.277207 4.775041 -1.063150
2.257939 4.768687 -1.063217
2.236497 4.796034 -1.066885
2.226889 4.818021 -1.062062
2.216479 4.794867 -1.073833
2.200921 4.813918 -1.076193
2.173993 4.817301 -1.082883
2.182719 4.828878 -1.054262
2.152153 4.824246 -1.077088
2.158085 4.842747 -1.087951
2.124436 4.831429 -1.075648
2.101215 4.845030 -1.064420
2.091777 4.862004 -1.067726
2.085464 4.871509 -1.070189
2.059120 4.846791 -1.067694
2.047568 4.867277 -1.055932
2.019342 4.886419 -1.059121
2.017946 4.873072 -1.081619
2.011445 4.884093 -1.053087
2.004458 4.887486 -1.046068
1.976583 4.921576 -1.059808
1.951138 4.914291 -1.082250
1.939139 4.917230 -1.076217
1.943709 4.921383 -1.074447
1.917957 4.943475 -1.079228
1.900792 4.921906 -1.085763
1.865914 4.946067 -1.072975
1.879318 4.954972 -1.069044
1.870255 4.961400 -1.063145
1.841241 4.963520 -1.080656
1.817590 4.974249 -1.072847
1.809950 4.978230 -1.069390
1.773412 4.975782 -1.066134
1.803043 4.972494 -1.082318
1.763909 4.987581 -1.063394
1.745392 5.002481 -1.079676
1.752395 4.988570 -1.078307
1.705426 5.016185 -1.095886
1.698206 4.999275 -1.069273
1.677601 5.008212 -1.072215
1.675301 5.008072 -1.077677
1.645101 5.021897 -1.053679
1.631393 5.014987 -1.067460
1.607923 5.040251 -1.064576
1.598150 5.024746 -1.081771
1.591991 5.063002 -1.067806
1.572109 5.043335 -1.070703
1.542487 5.049785 -1.074163
1.519535 5.050586 -1.069334
1.536370 5.060366 -1.086467
1.517102 5.075053 -1.072563
1.485508 5.083293 -1.068222
1.497312 5.080321 -1.069486
1.470161 5.099776 -1.062839
1.448517 5.087033 -1.075037
1.444485 5.095718 -1.067030
1.433323 5.105984 -1.072771
1.389663 5.101662 -1.067230
1.374983 5.104404 -1.078752
1.384405 5.121976 -1.057682
1.353665 5.092950 -1.081639
1.347157 5.114396 -1.076426
1.332163 5.111921 -1.064658
1.309504 5.130436 -1.067627
1.283362 5.143375 -1.078784
1.267801 5.130914 -1.068206
1.257216 5.141016 -1.089565
1.236176 5.154739 -1.083546
1.251318 5.149955 -1.081440
1.213752 5.154191 -1.064226
1.193509 5.136705 -1.067230
1.198565 5.136393 -1.066047
1.170669 5.155802 -1.057668
1.141666 5.185912 -1.086604
1.129859 5.153603 -1.061364
1.127692 5.165020 -1.081418
1.119312 5.159721 -1.088797
1.089974 5.174524 -1.063452
1.077430 5.186022 -1.087248
1.074690 5.186104 -1.074921
1.057864 5.184515 -1.063981
1.021368 5.191430 -1.087572
1.018139 5.196139 -1.077888
1.002504 5.207463 -1.053324
0.977181 5.193501 -1.086861
0.962221 5.196454 -1.067305
0.942441 5.210976 -1.071205
0.930951 5.223160 -1.058348
0.927743 5.207563 -1.063311
0.879447 5.210115 -1.061937
0.887907 5.203973 -1.072578
0.870859 5.212332 -1.059334
0.839044 5.211786 -1.081877
0.836575 5.213872 -1.069952
0.819896 5.234060 -1.057215
0.803243 5.214906 -1.064471
0.776167 5.248608 -1.073175
0.762111 5.238455 -1.078618
0.756428 5.245677 -1.066740
0.752397 5.227015 -1.091086
0.725464 5.229494 -1.058910
0.703573 5.237263 -1.077231
0.683960 5.247122 -1.067305
0.652721 5.245841 -1.088109
0.650161 5.256145 -1.082769
0.637584 5.251205 -1.082911
0.623638 5.256184 -1.067978
0.610141 5.242275 -1.064134
0.596753 5.268211 -1.071125
0.570747 5.269355 -1.088137
0.557898 5.270221 -1.074801
0.547707 5.284593 -1.088342
0.519234 5.264288 -1.071970
0.514219 5.261765 -1.070798
0.484315 5.262231 -1.081061
0.480728 5.271862 -1.064777
0.467063 5.258944 -1.082380
0.451392 5.258585 -1.069859
0.435367 5.269315 -1.084426
0.427413 5.267323 -1.078820
0.398500 5.283019 -1.063920
0.382891 5.283895 -1.086809
0.377583 5.286999 -1.066068
0.354216 5.268258 -1.064133
0.323692 5.282820 -1.069188
0.313066 5.284007 -1.092734
0.291029 5.287200 -1.067893
0.278169 5.283544 -1.078113
0.285187 5.266829 -1.070287
0.253237 5.284891 -1.065493
0.243471 5.295634 -1.080764
0.236665 5.281082 -1.074926
0.210696 5.274816 -1.092075
0.186936 5.277678 -1.060320
0.145985 5.284497 -1.069272
0.150577 5.289972 -1.080723
0.132874 5.287272 -1.067916
0.113798 5.268629 -1.060259
0.116524 5.281347 -1.073871
0.089660 5.269415 -1.069605
0.070492 5.303909 -1.064171
0.069809 5.286814 -1.073211
0.045340 5.278446 -1.060427
0.035975 5.294074 -1.080004
0.010054 5.289714 -1.075206
-0.008839 5.275843 -1.081573
0.003412 -4.343705 -0.850325
0.006669 -4.342837 -0.838667
0.035377 -4.363125 -0.834098
0.047594 -4.341039 -0.852167
0.051412 -4.347899 -0.847274
0.078228 -4.362300 -0.831839
0.080956 -4.348912 -0.831295
0.106809 -4.342104 -0.837389
0.121424 -4.348199 -0.852768
0.120084 -4.350855 -0.827466
0.133257 -4.348093 -0.854515
0.162445 -4.340558 -0.837267
0.166818 -4.354898 -0.857535
0.177370 -4.332946 -0.835373
0.204303 -4.344745 -0.846609
0.203759 -4.344069 -0.845109
0.208694 -4.350405 -0.854770
0.236044 -4.358369 -0.852595
0.237175 -4.322581 -0.823085
0.271200 -4.338760 -0.838130
0.280312 -4.335208 -0.837398
0.285968 -4.334427 -0.848856
0.268782 -4.324120 -0.851236
0.302312 -4.342259 -0.834828
0.318494 -4.347540 -0.857116
0.343122 -4.356376 -0.855651
0.354702 -4.349574 -0.834464
0.369498 -4.362460 -0.857333
0.384264 -4.316283 -0.834129
0.392177 -4.340784 -0.843924
0.405095 -4.337113 -0.846822
0.424969 -4.330495 -0.849861
0.436396 -4.321852 -0.846646
0.449961 -4.329776 -0.825082
0.470979 -4.338627 -0.854279
0.465207 -4.322491 -0.846603
0.501254 -4.310894 -0.849429
0.518540 -4.342774 -0.843749
0.521686 -4.326641 -0.850086
0.523273 -4.328741 -0.853022
0.555990 -4.328618 -0.858194
0.547231 -4.329629 -0.862749
0.559666 -4.327606 -0.865454
0.578671 -4.329671 -0.841503
0.594159 -4.326823 -0.831888
0.618711 -4.337074 -0.843377
0.638608 -4.331560 -0.847423
0.616748 -4.322120 -0.842108
0.637061 -4.323770 -0.847293
0.644787 -4.323156 -0.834118
0.692952 -4.322972 -0.852409
0.685636 -4.310720 -0.857346
0.697560 -4.319880 -0.842301
0.721370 -4.307689 -0.845432
0.720217 -4.309212 -0.866927
0.729511 -4.317865 -0.822442
0.751823 -4.329051 -0.836366
0.768794 -4.304580 -0.842964
0.773955 -4.316132 -0.834848
0.791906 -4.312891 -0.854567
0.811602 -4.319828 -0.844171
0.830187 -4.321284 -0.855826
0.842485 -4.299272 -0.847476
0.839863 -4.308529 -0.830676
0.864307 -4.311072 -0.835470
0.881008 -4.306010 -0.842006
0.885683 -4.308833 -0.855391
0.907499 -4.292099 -0.856368
0.915583 -4.295845 -0.840802
0.912591 -4.309695 -0.863958
0.947581 -4.302238 -0.857754
0.980856 -4.282989 -0.844556
0.983832 -4.296119 -0.867401
0.967546 -4.307241 -0.853465
0.995150 -4.295088 -0.853667
1.012839 -4.322843 -0.858815
1.028774 -4.290890 -0.846504
1.050495 -4.295991 -0.861883
1.051111 -4.304552 -0.861278
1.040676 -4.314087 -0.844262
1.083739 -4.295253 -0.848977
1.097076 -4.283418 -0.850338
1.113336 -4.277674 -0.866265
1.107384 -4.294302 -0.850768
1.138150 -4.293385 -0.873466
1.150244 -4.287162 -0.842101
1.169413 -4.291184 -0.866451
1.177450 -4.290483 -0.863192
1.205120 -4.287176 -0.854677
1.190820 -4.287395 -0.872773
1.222298 -4.285231 -0.884327
1.233939 -4.288494 -0.861060
1.245422 -4.288173 -0.875538
1.263739 -4.284309 -0.856924
1.269430 -4.279827 -0.862451
1.283937 -4.273595 -0.873958
1.311850 -4.275077 -0.854612
1.305133 -4.271578 -0.879063
1.315261 -4.269302 -0.876996
1.351103 -4.268384 -0.865916
1.357280 -4.264870 -0.851583
1.389252 -4.271877 -0.861725
1.382466 -4.275051 -0.854432
1.412795 -4.268251 -0.869468
1.400671 -4.276659 -0.880441
1.444802 -4.262040 -0.890534
1.425841 -4.252837 -0.885748
1.469418 -4.276352 -0.868681
1.480951 -4.278979 -0.870386
1.492136 -4.248480 -0.867136
1.515474 -4.261589 -0.860852
1.524753 -4.279039 -0.856419
1.525069 -4.254688 -0.887214
1.546439 -4.262136 -0.886203
1.552071 -4.247770 -0.885856
1.591021 -4.263976 -0.875425
1.578949 -4.259564 -0.869464
1.608690 -4.260340 -0.880444
1.620589 -4.242673 -0.870107
1.649762 -4.247254 -0.884454
1.653480 -4.246279 -0.877285
1.676188 -4.242790 -0.894458
1.691554 -4.266311 -0.901815
1.697540 -4.247988 -0.905854
1.711478 -4.250145 -0.890737
1.716965 -4.230926 -0.870968
1.753642 -4.236398 -0.880979
1.753122 -4.221072 -0.880605
1.765770 -4.227453 -0.895571
1.761494 -4.249544 -0.886974
1.799108 -4.227805 -0.880291
1.777552 -4.246146 -0.899838
1.819804 -4.243876 -0.900471
1.843435 -4.241295 -0.889403
1.845814 -4.232506 -0.882749
1.862047 -4.226571 -0.889232
1.886852 -4.225716 -0.904157
1.905835 -4.228908 -0.899615
1.907951 -4.235887 -0.906758
1.933769 -4.232829 -0.873412
1.958808 -4.213602 -0.910142
1.953937 -4.214884 -0.908204
1.960704 -4.189844 -0.876923
1.963039 -4.209095 -0.908838
2.011108 -4.209723 -0.909385
2.018401 -4.219932 -0.920442
2.035920 -4.205840 -0.905167
2.036433 -4.212254 -0.922821
2.064065 -4.214598 -0.905638
2.065325 -4.212331 -0.914213
2.084143 -4.212993 -0.919212
2.115254 -4.200150 -0.904955
2.141482 -4.203452 -0.917296
2.139242 -4.189330 -0.914454
2.151834 -4.196513 -0.910991
2.186395 -4.218764 -0.907677
2.190138 -4.207824 -0.906142
2.213608 -4.209618 -0.921285
2.229710 -4.196035 -0.923742
2.246294 -4.184485 -0.929335
2.244523 -4.186323 -0.919082
2.290133 -4.185022 -0.921617
2.302886 -4.175148 -0.936845
2.288631 -4.187433 -0.927131
2.307148 -4.174663 -0.919549
2.356302 -4.181011 -0.915257
2.363999 -4.192878 -0.924040
2.354033 -4.186409 -0.930258
2.372651 -4.170385 -0.935727
2.409067 -4.194329 -0.913683
2.416356 -4.181189 -0.947414
2.425735 -4.175498 -0.944028
2.439084 -4.166564 -0.935283
2.454535 -4.166111 -0.933238
2.484380 -4.181728 -0.927460
2.499190 -4.167095 -0.933541
2.507331 -4.156894 -0.952568
2.551268 -4.175509 -0.946063
2.529966 -4.160320 -0.946691
2.566199 -4.151128 -0.963075
2.584049 -4.157206 -0.937420
2.588554 -4.154464 -0.963785
2.622627 -4.157774 -0.960397
2.627969 -4.151144 -0.960817
2.634839 -4.141765 -0.961553
2.676359 -4.162490 -0.942047
2.671952 -4.157699 -0.966717
2.703646 -4.155907 -0.969061
2.682673 -4.145811 -0.970392
2.718284 -4.135718 -0.953854
2.746764 -4.138331 -0.968177
2.770941 -4.141832 -0.951337
2.787525 -4.152258 -0.972674
2.773878 -4.138902 -0.956693
2.810590 -4.126301 -0.955426
2.814464 -4.126387 -0.962384
2.835636 -4.132183 -0.961850
2.847735 -4.114146 -0.963290
2.872153 -4.116780 -0.976487
2.889033 -4.106686 -0.963638
2.898758 -4.114796 -0.966869
2.916111 -4.092962 -0.968507
2.926710 -4.111742 -0.972405
2.971709 -4.098924 -0.984841
2.954777 -4.105475 -0.985396
3.009135 -4.101166 -0.984723
3.028814 -4.098522 -0.981833
3.045254 -4.085649 -0.974506
3.046684 -4.082108 -0.968273
3.056175 -4.090986 -0.972701
3.089212 -4.092250 -0.992461
3.086196 -4.101405 -0.989872
3.131867 -4.081635 -1.010730
3.119792 -4.084360 -0.992743
3.146588 -4.086414 -0.991315
3.170764 -4.070141 -1.008695
3.185727 -4.073465 -1.000714
3.220310 -4.081002 -1.011936
3.246149 -4.068009 -1.010983
3.267748 -4.078249 -0.993476
3.283236 -4.074334 -0.988203
3.273340 -4.090769 -1.003395
3.303218 -4.083349 -1.014124
3.334978 -4.042036 -1.021858
3.335979 -4.066687 -1.018707
3.376607 -4.042928 -1.022470
3.385413 -4.050390 -1.023296
3.407324 -4.066549 -1.029543
3.453056 -4.080753 -1.020663
3.450635 -4.065285 -1.041556
3.475387 -4.054053 -1.047110
3.501254 -4.070635 -1.043374
3.512185 -4.052800 -1.041047
3.562634 -4.081410 -1.027375
3.574382 -4.060205 -1.054133
3.589100 -4.062758 -1.037437
3.616224 -4.041579 -1.043648
3.619647 -4.043832 -1.046313
3.651386 -4.052485 -1.051232
3.682453 -4.047184 -1.055242
3.691306 -4.060987 -1.061244
3.703951 -4.045343 -1.063495
3.709477 -4.056620 -1.060240
3.760306 -4.046927 -1.060088
3.777907 -4.047573 -1.069765
3.785792 -4.049225 -1.076892
3.800596 -4.040915 -1.085237
3.807846 -4.013019 -1.056526
3.807891 -3.996596 -1.074163
3.845554 -3.989201 -1.089846
3.858807 -3.969174 -1.073434
3.868639 -3.947552 -1.068436
3.874684 -3.933775 -1.100433
3.896382 -3.946962 -1.071055
3.898090 -3.939084 -1.079730
3.906800 -3.898068 -1.061665
3.930478 -3.903234 -1.059339
3.924841 -3.894104 -1.051381
3.932220 -3.872359 -1.068570
3.962791 -3.851992 -1.056095
3.970524 -3.860771 -1.077122
3.975367 -3.841778 -1.075286
4.009736 -3.825088 -1.073833
4.007057 -3.816439 -1.085480
4.033089 -3.807249 -1.078553
4.041201 -3.796930 -1.074926
4.051291 -3.793184 -1.075621
4.061619 -3.769298 -1.066995
4.050456 -3.754313 -1.053456
4.097879 -3.719132 -1.081543
4.092119 -3.742802 -1.068543
4.114852 -3.720595 -1.054890
4.114420 -3.719804 -1.075590
4.138089 -3.690435 -1.064009
4.122231 -3.694313 -1.077164
4.142983 -3.670618 -1.079714
4.149585 -3.651084 -1.079065
4.161856 -3.634947 -1.081127
4.161727 -3.615191 -1.059373
4.198901 -3.620523 -1.061706
4.205923 -3.613239 -1.076928
4.221764 -3.600773 -1.063361
4.221637 -3.584144 -1.085442
4.241901 -3.567789 -1.073495
4.237932 -3.571797 -1.059362
4.256023 -3.536451 -1.063886
4.284383 -3.531577 -1.077438
4.290329 -3.523131 -1.082381
4.292772 -3.507511 -1.086150
4.293957 -3.479963 -1.057597
4.330001 -3.473401 -1.064060
4.323484 -3.475678 -1.063517
4.342794 -3.449968 -1.085265
4.348372 -3.426794 -1.075895
4.353127 -3.393135 -1.068058
4.382865 -3.424026 -1.073762
4.377903 -3.375654 -1.080901
4.375319 -3.393664 -1.050474
4.393258 -3.371571 -1.074229
4.397379 -3.365286 -1.073231
4.418807 -3.361966 -1.068010
4.410984 -3.330571 -1.074550
4.458097 -3.295839 -1.083027
4.426383 -3.310725 -1.084167
4.447123 -3.286854 -1.060882
4.470292 -3.269301 -1.054339
4.480254 -3.272228 -1.066040
4.493363 -3.227763 -1.078012
4.511431 -3.242926 -1.071370
4.514398 -3.220374 -1.077690
4.524224 -3.205842 -1.089572
4.535982 -3.187736 -1.068513
4.551355 -3.176056 -1.078272
4.540122 -3.174547 -1.066882
4.556439 -3.144375 -1.073498
4.569038 -3.164332 -1.093814
4.585641 -3.118466 -1.074160
4.583399 -3.121158 -1.077191
4.598299 -3.090616 -1.067035
4.601347 -3.078031 -1.084409
4.604121 -3.062747 -1.075010
4.629799 -3.022167 -1.061069
4.624411 -3.042090 -1.086914
4.629105 -3.026491 -1.045837
4.649861 -3.028252 -1.055758
4.676628 -3.004296 -1.053835
4.663298 -2.982367 -1.065290
4.669032 -2.967466 -1.074668
4.701253 -2.949432 -1.076879
4.698689 -2.930565 -1.076586
4.708435 -2.925973 -1.082964
4.706852 -2.909852 -1.072846
4.716012 -2.879793 -1.061500
4.735668 -2.883633 -1.076392
4.734129 -2.850899 -1.082442
4.742824 -2.860524 -1.061670
4.745848 -2.855212 -1.066027
4.759522 -2.819191 -1.072223
4.768914 -2.802933 -1.047154
4.774705 -2.783729 -1.059919
4.784682 -2.767689 -1.082620
4.806017 -2.759049 -1.056793
4.799123 -2.746850 -1.077541
4.809671 -2.721790 -1.074740
4.838832 -2.722355 -1.064576
4.838602 -2.674969 -1.081344
4.854205 -2.678820 -1.084653
4.849955 -2.686702 -1.061699
4.856095 -2.666983 -1.090101
4.857078 -2.658544 -1.062353
4.865779 -2.632880 -1.053010
4.884073 -2.608085 -1.087390
4.896395 -2.587682 -1.065824
4.904714 -2.575140 -1.074621
4.909576 -2.587305 -1.052931
4.917297 -2.578063 -1.070485
4.916174 -2.540711 -1.081712
4.933212 -2.508096 -1.068980
4.915693 -2.506756 -1.081808
4.951344 -2.499625 -1.068956
4.943233 -2.475658 -1.073953
4.953046 -2.471982 -1.060612
4.960105 -2.440607 -1.050537
4.987029 -2.405713 -1.059601
4.974591 -2.416502 -1.067194
4.984134 -2.410477 -1.059993
4.998462 -2.392579 -1.065827
4.981854 -2.373542 -1.084704
5.034631 -2.351890 -1.063164
5.033549 -2.333324 -1.083925
5.038184 -2.319618 -1.070438
5.027960 -2.327360 -1.071585
5.054203 -2.295617 -1.071282
5.051996 -2.263375 -1.058163
5.061280 -2.282831 -1.077059
5.059581 -2.252036 -1.076061
5.062647 -2.232903 -1.072675
5.083167 -2.212554 -1.073444
5.085457 -2.181176 -1.076976
5.081885 -2.191556 -1.053604
5.081577 -2.177166 -1.082718
5.095322 -2.153293 -1.071963
5.106912 -2.127767 -1.055990
5.122450 -2.125961 -1.089875
5.120488 -2.101740 -1.075944
5.123546 -2.091691 -1.060116
5.145410 -2.099691 -1.082376
4.430458 -1.768363 -0.899128
4.426457 -1.755668 -0.924530
4.404510 -1.747661 -0.911511
4.404554 -1.734352 -0.916767
4.416755 -1.714594 -0.911979
4.452294 -1.684295 -0.922542
4.464027 -1.676477 -0.907135
5.196990 -1.954545 -1.071343
5.176154 -1.921604 -1.065857
5.192865 -1.915675 -1.077020
5.219303 -1.894550 -1.065654
5.229134 -1.878563 -1.077591
5.210964 -1.882614 -1.077774
5.224929 -1.868493 -1.062331
5.225498 -1.838389 -1.073881
5.222544 -1.807843 -1.075831
5.233059 -1.816758 -1.074207
5.243626 -1.783307 -1.050500
5.241400 -1.780952 -1.074735
5.272130 -1.751719 -1.071225
5.243726 -1.738242 -1.075255
5.266684 -1.705217 -1.053132
5.261329 -1.706324 -1.087608
5.264816 -1.675678 -1.089409
5.300633 -1.676755 -1.074554
5.276381 -1.652382 -1.080677
5.308795 -1.628670 -1.069657
5.286873 -1.614644 -1.087589
5.299509 -1.613127 -1.069809
5.291351 -1.582063 -1.075742
5.303288 -1.588981 -1.075223
5.319672 -1.572146 -1.069074
5.327911 -1.535354 -1.087948
5.324787 -1.534297 -1.069056
5.337218 -1.530007 -1.063676
5.321569 -1.482138 -1.053154
5.354358 -1.477418 -1.064484
5.346219 -1.447371 -1.062767
5.350632 -1.462296 -1.070286
5.356562 -1.430427 -1.072496
5.365445 -1.398262 -1.046409
5.375796 -1.408967 -1.067184
5.361266 -1.368552 -1.074775
5.371586 -1.368731 -1.074107
5.372608 -1.334353 -1.067063
5.364329 -1.316859 -1.083562
5.407338 -1.325207 -1.065963
5.380742 -1.288035 -1.062209
5.385862 -1.284546 -1.068979
5.398824 -1.261632 -1.075477
5.386243 -1.252027 -1.066611
5.402796 -1.222901 -1.057539
5.397645 -1.217636 -1.077114
5.400217 -1.200419 -1.074871
5.406344 -1.203940 -1.077906
5.416850 -1.155168 -1.068837
5.419185 -1.146951 -1.074501
5.423489 -1.131114 -1.096516
5.439380 -1.101199 -1.080431
5.439475 -1.097710 -1.071231
5.456820 -1.077983 -1.072594
5.444304 -1.087289 -1.061047
5.445525 -1.041846 -1.061390
5.448315 -1.030202 -1.066487
5.443232 -1.023754 -1.071744
5.429475 -1.013498 -1.083751
5.461369 -0.984762 -1.052563
5.445055 -0.967459 -1.078452
5.452738 -0.939768 -1.066385
5.448421 -0.920683 -1.060111
5.460788 -0.916772 -1.092818
5.463480 -0.891778 -1.070036
5.477132 -0.881486 -1.085326
5.470468 -0.856554 -1.081914
5.465026 -0.831172 -1.046883
5.470831 -0.833694 -1.080045
5.484899 -0.808049 -1.074825
5.475078 -0.787117 -1.068662
5.468647 -0.789391 -1.063721
5.479024 -0.782151 -1.085353
5.489301 -0.736325 -1.069959
5.493538 -0.731228 -1.063011
5.487085 -0.703909 -1.070403
5.500714 -0.703003 -1.083197
5.501573 -0.680574 -1.086286
5.483011 -0.659985 -1.078872
5.501316 -0.654189 -1.074568
5.495455 -0.622023 -1.066296
5.507429 -0.592492 -1.067992
5.508262 -0.609051 -1.066581
5.522613 -0.573159 -1.075015
5.500290 -0.543512 -1.065807
5.494011 -0.556601 -1.076595
5.506980 -0.544851 -1.075425
5.506586 -0.499407 -1.089596
5.514660 -0.487472 -1.084094
5.515193 -0.467898 -1.083682
5.513531 -0.462022 -1.071108
5.524397 -0.419768 -1.072642
5.513296 -0.416785 -1.071669
5.524938 -0.411285 -1.070983
5.514961 -0.390612 -1.075540
5.522613 -0.387977 -1.075085
5.526278 -0.347655 -1.071372
5.527418 -0.352738 -1.071014
5.537478 -0.309172 -1.066030
5.531542 -0.317644 -1.069815
5.528592 -0.271533 -1.065911
5.530591 -0.260105 -1.069989
5.534739 -0.256017 -1.067531
5.525699 -0.224666 -1.075448
5.530803 -0.226321 -1.073436
5.531750 -0.196052 -1.056945
5.538156 -0.186991 -1.087357
5.531734 -0.169795 -1.075210
5.519502 -0.150054 -1.067775
5.549611 -0.148254 -1.071322
5.538030 -0.108379 -1.058646
5.530003 -0.103517 -1.098672
5.529761 -0.081698 -1.071509
5.555002 -0.054878 -1.067123
5.533129 -0.043928 -1.086418
5.553847 -0.019755 -1.065739
5.546788 -0.000011 -1.055250
5.538336 0.009155 -1.077250
5.535030 0.017655 -1.066100
5.554994 0.028220 -1.071734
5.544672 0.044104 -1.077117
5.518685 0.083395 -1.070065
5.517144 0.088428 -1.062982
5.538067 0.106090 -1.090723
5.540346 0.122936 -1.073398
5.526173 0.157117 -1.073095
5.520838 0.164437 -1.061388
5.535498 0.173910 -1.073005
5.524004 0.179627 -1.079732
5.542288 0.207050 -1.064877
5.532873 0.227577 -1.085842
5.538684 0.246369 -1.067974
5.521385 0.253279 -1.067209
5.529176 0.260564 -1.083138
5.523522 0.296746 -1.068596
5.527662 0.309012 -1.068418
5.533177 0.316340 -1.068362
5.534772 0.335978 -1.061574
5.538280 0.378324 -1.076286
5.540566 0.377413 -1.080472
5.521147 0.401789 -1.071358
5.524985 0.415242 -1.052827
5.540801 0.415832 -1.058830
5.521150 0.423966 -1.085123
5.527487 0.466862 -1.088850
5.509806 0.482096 -1.082163
5.519773 0.507601 -1.066100
5.509358 0.510000 -1.077314
5.510506 0.530907 -1.078801
5.528607 0.545854 -1.083374
5.499868 0.563651 -1.066627
5.501035 0.570914 -1.086723
5.496965 0.585178 -1.052810
5.514668 0.583999 -1.079454
5.490020 0.641012 -1.061148
5.497643 0.649712 -1.077777
5.497014 0.667316 -1.074438
5.496594 0.675821 -1.076535
5.500643 0.697864 -1.088328
5.488004 0.705813 -1.049420
5.475185 0.727019 -1.057357
5.502066 0.751547 -1.080372
5.485909 0.766193 -1.089960
5.489518 0.790750 -1.070035
5.493411 0.793306 -1.044172
5.475436 0.818673 -1.075072
5.457833 0.832181 -1.072645
5.494880 0.867454 -1.069056
5.490701 0.867617 -1.073387
5.466527 0.875058 -1.065988
5.460574 0.885048 -1.071481
5.450613 0.916723 -1.061482
5.467343 0.938348 -1.069754
5.457841 0.949191 -1.064312
5.450036 0.937759 -1.076546
5.442481 0.982886 -1.067789
5.434615 0.995784 -1.074053
5.423411 1.020121 -1.083650
5.442261 1.018059 -1.075070
5.457241 1.046879 -1.065002
5.422522 1.067998 -1.076706
5.428596 1.077367 -1.070819
5.422352 1.108907 -1.092506
5.417288 1.112179 -1.060932
5.426650 1.104378 -1.069350
5.399286 1.151238 -1.061544
5.405316 1.148366 -1.070862
5.397647 1.184322 -1.069496
5.409064 1.212711 -1.074927
5.395318 1.214344 -1.055921
5.411154 1.234132 -1.076773
5.390563 1.233384 -1.060306
5.386630 1.260259 -1.080249
5.396223 1.293270 -1.072913
5.373283 1.291168 -1.072781
5.380179 1.299807 -1.073879
5.379778 1.317695 -1.065706
5.356645 1.357185 -1.075212
5.368139 1.370906 -1.078137
5.360294 1.401045 -1.074193
5.362167 1.397955 -1.071766
5.348312 1.415201 -1.071384
5.356081 1.430839 -1.060621
5.341654 1.454868 -1.076305
5.327116 1.467393 -1.068904
5.327639 1.476164 -1.082370
5.329228 1.492622 -1.077955
5.320975 1.504786 -1.070021
5.332701 1.531488 -1.057168
5.320630 1.538049 -1.089294
5.294737 1.558921 -1.092544
5.307818 1.573468 -1.065412
5.319476 1.576145 -1.070389
5.308853 1.608099 -1.081431
5.295661 1.638377 -1.072938
5.272255 1.633523 -1.062080
5.283908 1.650542 -1.082873
5.285461 1.679098 -1.056959
5.276633 1.692590 -1.077770
5.276298 1.718238 -1.074212
5.276926 1.733075 -1.083120
5.271624 1.737496 -1.077553
5.237996 1.761940 -1.067237
5.223691 1.778709 -1.089295
5.235931 1.797434 -1.079147
5.244235 1.800339 -1.070318
5.223418 1.816408 -1.079150
5.228800 1.843923 -1.083458
5.224203 1.839527 -1.080392
5.206100 1.878428 -1.062242
5.216770 1.883747 -1.067775
5.181666 1.891255 -1.056952
5.202407 1.916018 -1.071001
5.187503 1.949801 -1.063170
5.165473 1.930696 -1.063321
5.181019 1.951854 -1.071756
5.188178 1.961374 -1.066830
4.437013 1.719452 -0.932629
4.435627 1.715019 -0.920852
4.429219 1.716527 -0.939559
4.404279 1.751299 -0.928084
4.408883 1.764023 -0.920280
4.412743 1.781445 -0.920745
4.434739 1.810507 -0.926692
5.128180 2.100737 -1.079777
5.099878 2.124682 -1.068214
5.109536 2.138034 -1.061376
5.121105 2.163928 -1.081953
5.088564 2.156906 -1.091048
5.087490 2.200371 -1.068607
5.066494 2.195939 -1.078002
5.066052 2.221556 -1.059312
5.069237 2.216501 -1.057998
5.067625 2.242743 -1.053319
5.063955 2.263380 -1.073930
5.037279 2.264591 -1.061412
5.035837 2.304301 -1.075704
5.026146 2.291344 -1.070686
5.022256 2.318566 -1.059719
5.010905 2.342024 -1.076480
5.008838 2.343495 -1.069364
4.993680 2.376434 -1.081855
4.981716 2.378557 -1.065814
5.005176 2.378812 -1.059876
4.974665 2.391851 -1.071115
4.969142 2.444906 -1.046756
4.965312 2.450846 -1.061404
4.975909 2.446339 -1.057018
4.959114 2.470549 -1.063464
4.953266 2.494313 -1.075667
4.925354 2.515791 -1.084431
4.938457 2.536843 -1.068393
4.924515 2.539866 -1.075242
4.920685 2.583493 -1.078336
4.910294 2.552983 -1.075555
4.906799 2.559017 -1.074889
4.881894 2.609365 -1.069011
4.899992 2.633672 -1.084917
4.881455 2.635537 -1.077123
4.861661 2.624782 -1.070772
4.855308 2.647244 -1.089764
4.842181 2.676892 -1.078831
4.846410 2.685657 -1.059574
4.841103 2.692283 -1.072759
4.816020 2.717022 -1.076726
4.813921 2.707633 -1.066652
4.810353 2.735680 -1.051282
4.798170 2.763173 -1.075467
4.791345 2.787450 -1.073872
4.789181 2.797769 -1.081822
4.763965 2.798702 -1.062519
4.766502 2.807380 -1.082998
4.755237 2.822130 -1.077581
4.756168 2.852899 -1.079270
4.739032 2.863025 -1.063908
4.724442 2.880943 -1.054582
4.718681 2.897909 -1.080622
4.709827 2.910805 -1.077911
4.685799 2.928884 -1.080624
4.708216 2.926888 -1.050247
4.692802 2.953566 -1.066483
4.669078 2.967169 -1.089640
4.654285 2.989400 -1.071414
4.649762 2.984952 -1.062873
4.670964 2.988953 -1.091594
4.630350 3.025709 -1.070480
4.623158 3.037452 -1.063294
4.627669 3.035579 -1.068100
4.615138 3.076517 -1.073681
4.578208 3.088302 -1.057754
4.604542 3.095224 -1.059588
4.596889 3.120203 -1.070284
4.556724 3.114950 -1.091766
4.563146 3.127649 -1.078527
4.546190 3.147340 -1.075646
4.557950 3.170472 -1.073857
4.516871 3.176788 -1.047394
4.521447 3.187196 -1.068445
4.520175 3.191757 -1.055961
4.515718 3.207585 -1.069605
4.500335 3.234176 -1.070017
4.492929 3.240027 -1.058089
4.474165 3.263278 -1.071083
4.478815 3.270629 -1.086681
4.451766 3.283688 -1.082176
4.438178 3.311495 -1.079472
4.439379 3.318048 -1.077861
4.421799 3.326547 -1.074640
4.434584 3.333947 -1.087304
4.420911 3.357173 -1.063792
4.396322 3.370808 -1.079214
4.388967 3.361143 -1.084719
4.359383 3.389847 -1.083100
4.362025 3.427423 -1.085050
4.340938 3.431195 -1.072955
4.327466 3.428532 -1.071379
4.327443 3.445038 -1.074525
4.329320 3.467095 -1.057058
4.300179 3.468302 -1.066694
4.306101 3.491408 -1.075868
4.291203 3.501420 -1.060553
4.282022 3.527218 -1.079019
4.263663 3.521437 -1.081829
4.244802 3.524171 -1.055187
4.245509 3.561910 -1.073524
4.224368 3.579069 -1.068964
4.230866 3.593780 -1.074449
4.195752 3.585797 -1.064494
4.206094 3.597064 -1.086918
4.190367 3.608004 -1.085383
4.171767 3.644686 -1.084988
4.170209 3.642214 -1.081160
4.144215 3.654801 -1.097591
4.139377 3.674176 -1.071793
4.135834 3.690348 -1.063415
4.110480 3.695790 -1.064224
4.107512 3.701960 -1.067960
4.103139 3.721562 -1.061364
4.084969 3.740490 -1.068661
4.066031 3.747060 -1.064431
4.080719 3.770839 -1.071127
4.044608 3.775954 -1.063642
4.048131 3.776441 -1.071911
4.023230 3.798230 -1.071120
4.009140 3.803364 -1.069745
4.010948 3.816692 -1.087624
4.004920 3.823266 -1.055336
3.994745 3.856993 -1.065211
3.977878 3.849202 -1.085256
3.959076 3.885712 -1.077326
3.952984 3.877382 -1.074079
3.941643 3.893290 -1.078361
3.912260 3.896449 -1.051199
3.902471 3.919307 -1.065936
3.895374 3.914688 -1.076492
3.882202 3.946967 -1.071738
3.865982 3.946674 -1.060954
3.856668 3.971303 -1.064821
3.852040 3.974091 -1.080103
3.826777 3.989956 -1.064306
3.834718 4.007684 -1.071418
3.818371 4.025220 -1.074888
3.803500 4.024583 -1.077895
3.786531 4.022620 -1.067722
3.774316 4.062497 -1.074982
3.770363 4.070845 -1.072747
3.751806 4.075557 -1.056525
3.740269 4.089070 -1.094387
3.718262 4.096486 -1.072739
3.704808 4.095235 -1.060295
3.708953 4.127484 -1.066687
3.687982 4.115870 -1.070685
3.667804 4.119337 -1.079131
3.678361 4.125206 -1.078946
3.664265 4.173766 -1.073488
3.638933 4.174304 -1.081262
3.619339 4.173534 -1.068695
3.615863 4.191743 -1.079356
3.593507 4.193383 -1.081744
3.596153 4.218256 -1.070592
3.576610 4.227234 -1.060953
3.570500 4.235522 -1.061980
3.535492 4.257633 -1.052336
3.529106 4.244043 -1.069608
3.522021 4.274432 -1.073203
3.508164 4.266016 -1.071295
3.493007 4.283612 -1.054081
3.479569 4.305339 -1.065018
3.477858 4.316766 -1.067943
3.468161 4.317952 -1.068145
3.433907 4.332213 -1.072666
3.427608 4.338038 -1.073411
3.414018 4.344429 -1.066356
3.390455 4.370056 -1.064982
3.383692 4.377336 -1.077534
3.377266 4.386500 -1.073879
3.361956 4.406919 -1.084940
3.364228 4.421445 -1.054641
3.326073 4.406488 -1.070113
3.317353 4.415127 -1.075595
3.304950 4.447713 -1.070301
3.292468 4.473030 -1.084293
3.268827 4.466920 -1.056063
3.255743 4.457145 -1.103924
3.256842 4.480479 -1.069867
3.254668 4.486175 -1.075302
3.227200 4.503853 -1.053053
3.202516 4.492913 -1.075933
3.204669 4.513562 -1.094003
3.185226 4.547141 -1.073216
3.169584 4.559335 -1.066862
3.163080 4.546371 -1.076913
3.137643 4.551056 -1.065471
3.136991 4.565175 -1.074242
3.103260 4.578846 -1.075804
3.082379 4.576805 -1.073179
3.077381 4.591201 -1.078688
3.079612 4.619380 -1.075732
3.067995 4.606040 -1.064520
3.048407 4.609679 -1.069548
3.018641 4.634227 -1.061762
3.030674 4.647521 -1.080828
3.008570 4.661017 -1.051293
3.008682 4.675617 -1.071434
2.976370 4.674457 -1.089500
2.967311 4.684998 -1.058858
2.944034 4.706119 -1.054534
2.943028 4.714753 -1.082519
2.909142 4.700423 -1.090793
2.894501 4.717459 -1.072191
2.887212 4.733437 -1.081415
2.858781 4.745314 -1.068814
2.850139 4.771456 -1.052544
2.835851 4.732611 -1.053635
2.812516 4.752072 -1.074296
2.818578 4.784372 -1.075365
2.795430 4.786805 -1.073254
2.774689 4.790697 -1.062879
2.765418 4.765790 -1.075159
2.758131 4.791335 -1.082234
2.738389 4.801022 -1.071822
2.718563 4.830295 -1.080002
2.706510 4.832322 -1.088095
2.702684 4.832866 -1.062075
2.675218 4.848179 -1.078987
2.674995 4.861627 -1.074815
2.647549 4.863255 -1.077992
2.651232 4.861650 -1.053288
2.633191 4.870773 -1.074410
2.617684 4.888806 -1.057234
2.592059 4.887199 -1.080080
2.560285 4.890711 -1.084930
2.571293 4.925323 -1.085088
2.550920 4.918228 -1.074820
2.525159 4.924041 -1.077955
2.512808 4.924081 -1.055535
2.497595 4.934699 -1.074564
2.497689 4.957259 -1.073355
2.460884 4.930561 -1.070829
2.451852 4.978186 -1.088292
2.442986 4.974214 -1.077960
2.414596 4.964885 -1.075111
2.427354 5.004967 -1.064171
2.388535 4.980655 -1.079989
2.386201 4.996136 -1.078325
2.343300 5.015865 -1.077284
2.343346 5.028347 -1.078275
2.340575 5.020513 -1.082335
2.317993 5.036585 -1.069260
2.306003 5.011488 -1.075432
2.290618 5.048429 -1.082134
2.260102 5.057687 -1.075246
2.260052 5.046944 -1.063587
2.218216 5.075364 -1.082175
2.224678 5.086880 -1.073149
2.196874 5.089081 -1.051811
2.195241 5.056212 -1.078390
2.179107 5.093714 -1.083918
2.159339 5.093723 -1.059765
2.135942 5.102658 -1.059158
2.125707 5.101989 -1.064682
2.110156 5.117346 -1.068472
2.099499 5.114651 -1.075328
2.065433 5.116075 -1.077052
2.065886 5.136852 -1.089124
2.050524 5.154340 -1.085080
2.021972 5.145657 -1.064093
2.011456 5.163416 -1.095799
1.997349 5.165499 -1.070118
1.973296 5.170401 -1.070195
1.983171 5.167040 -1.073880
1.930454 5.195554 -1.074149
1.939296 5.189626 -1.072957
1.917819 5.200886 -1.085771
1.918536 5.195771 -1.067972
1.893331 5.199773 -1.071351
1.865920 5.192389 -1.071777
1.867833 5.207351 -1.063181
1.841258 5.205614 -1.069146
1.833534 5.239589 -1.081490
1.808077 5.238362 -1.078052
1.791723 5.224534 -1.076913
1.780952 5.242770 -1.063617
1.763875 5.236731 -1.065713
1.736350 5.257145 -1.060174
1.731959 5.269247 -1.068889
1.704715 5.263397 -1.080818
1.706260 5.269683 -1.066003
1.693468 5.264309 -1.077743
1.674837 5.266928 -1.065811
1.643782 5.292965 -1.072603
1.623932 5.299968 -1.081066
1.621140 5.292982 -1.058496
1.623546 5.311185 -1.070791
1.594683 5.308517 -1.057439
1.576392 5.310137 -1.072512
1.553995 5.315635 -1.067292
1.564275 5.324741 -1.067716
1.529765 5.320028 -1.073659
1.490588 5.335538 -1.057202
1.479890 5.330048 -1.072027
1.452451 5.332353 -1.064215
1.452613 5.341130 -1.056304
1.449028 5.348966 -1.095081
1.411797 5.343430 -1.070297
1.404695 5.334394 -1.064547
1.388970 5.363611 -1.089835
1.362687 5.361904 -1.049586
1.363423 5.371535 -1.058733
1.336436 5.362652 -1.067508
1.309931 5.361908 -1.100601
1.305122 5.390496 -1.054155
1.307624 5.369514 -1.069343
1.268738 5.374352 -1.068026
1.258791 5.380559 -1.070856
1.236074 5.393586 -1.064961
1.201112 5.412249 -1.061550
1.212048 5.414289 -1.068502
1.202223 5.419334 -1.088207
1.167075 5.424575 -1.078818
1.155475 5.411655 -1.082550
1.132369 5.410340 -1.076581
1.115146 5.413538 -1.072760
1.105685 5.425222 -1.056174
1.075157 5.430374 -1.054732
1.064694 5.430484 -1.066868
1.059895 5.432260 -1.073151
1.038983 5.438628 -1.068316
1.035653 5.436572 -1.073898
1.009678 5.444188 -1.069575
0.991702 5.442183 -1.086215
0.987393 5.459113 -1.068937
0.977291 5.460457 -1.070589
0.932035 5.467813 -1.067032
0.922059 5.452333 -1.077564
0.911471 5.459799 -1.085547
0.890738 5.486663 -1.079236
0.853727 5.448220 -1.079593
0.848400 5.454823 -1.054374
0.859719 5.480657 -1.077976
0.821888 5.493993 -1.076692
0.776040 5.472627 -1.085820
0.792349 5.489500 -1.075838
0.757183 5.475068 -1.058974
0.758845 5.472828 -1.061530
0.744690 5.462578 -1.052555
0.681651 5.491258 -1.066753
0.701923 5.471872 -1.072260
0.694660 5.473982 -1.066036
0.662647 5.480262 -1.054813
0.663232 5.460586 -1.064417
0.637859 5.469508 -1.076547
0.606269 5.459928 -1.068145
0.592514 5.501932 -1.055967
0.581454 5.485709 -1.063405
0.553092 5.482099 -1.069062
0.546743 5.479079 -1.064593
0.529206 5.456266 -1.076816
0.525720 5.490027 -1.083942
0.514741 5.461755 -1.056541
0.468080 5.491139 -1.071065
0.459467 5.488765 -1.065451
0.435323 5.461299 -1.044847
0.429796 5.475374 -1.051886
0.399631 5.476332 -1.037854
0.408975 5.454984 -1.071792
0.381226 5.482423 -1.084002
0.365815 5.488324 -1.080793
0.342115 5.479542 -1.069517
0.339506 5.486376 -1.055244
0.296574 5.470573 -1.040388
0.292725 5.475093 -1.060876
0.266504 5.476170 -1.062718
0.266079 5.482652 -1.089196
0.260831 5.476265 -1.040225
0.234219 5.486720 -1.060552
0.218238 5.467646 -1.061723
0.186929 5.466196 -1.044583
0.163415 5.474430 -1.074010
0.171790 5.492632 -1.076891
0.137044 5.474175 -1.061277
0.131476 5.465816 -1.074521
0.103418 5.481785 -1.060139
0.102457 5.465541 -1.053083
0.085913 5.486868 -1.055871
0.043790 5.469126 -1.063314
0.039136 5.481833 -1.057383
0.042951 5.475139 -1.059402
-0.006932 5.487934 -1.068666
0.004413 5.480625 -1.071013
-0.003214 -4.376122 -0.795166
0.034977 -4.371675 -0.792863
0.037496 -4.367679 -0.811071
0.039400 -4.373343 -0.805483
0.045268 -4.392658 -0.810735
0.080570 -4.372814 -0.825763
0.093797 -4.384888 -0.815200
0.102477 -4.371127 -0.807675
0.112943 -4.375455 -0.809153
0.133913 -4.381146 -0.815869
0.134642 -4.367871 -0.824670
0.162656 -4.374893 -0.794772
0.150014 -4.367597 -0.807846
0.187241 -4.375215 -0.788680
0.186477 -4.365083 -0.792992
0.226244 -4.383287 -0.808436
0.227719 -4.367710 -0.809128
0.242401 -4.369277 -0.790639
0.236005 -4.375747 -0.799938
0.259278 -4.363090 -0.805080
0.272714 -4.378973 -0.804966
0.289413 -4.367065 -0.817403
0.321688 -4.360526 -0.809031
0.318237 -4.358698 -0.822491
0.329820 -4.369168 -0.778605
0.355348 -4.379583 -0.814858
0.367249 -4.366487 -0.800025
0.363796 -4.378764 -0.792274
0.384417 -4.361144 -0.813474
0.385885 -4.350198 -0.814306
0.411848 -4.350096 -0.821994
0.408651 -4.387366 -0.801934
0.440583 -4.362962 -0.805334
0.456791 -4.371984 -0.792732
0.480125 -4.365870 -0.797562
0.478190 -4.361418 -0.814704
0.495330 -4.368715 -0.826223
0.508198 -4.363656 -0.814910
0.514678 -4.327733 -0.804867
0.532883 -4.370812 -0.818357
0.539929 -4.376589 -0.803843
0.540185 -4.356924 -0.826121
0.572882 -4.352918 -0.810917
0.574524 -4.349992 -0.808751
0.592711 -4.353042 -0.820331
0.607904 -4.348808 -0.812806
0.639348 -4.353969 -0.805817
0.636214 -4.352036 -0.813179
0.660488 -4.339464 -0.798948
0.670052 -4.359872 -0.816795
0.686734 -4.352956 -0.815489
0.691171 -4.345869 -0.806076
0.705835 -4.360998 -0.815427
0.717244 -4.350040 -0.812013
0.730699 -4.343078 -0.818439
0.753806 -4.355129 -0.817800
0.760231 -4.358228 -0.795649
0.780406 -4.352719 -0.816723
0.794664 -4.375188 -0.809867
0.784469 -4.334566 -0.813682
0.818248 -4.331734 -0.803264
0.818650 -4.336328 -0.836867
0.854105 -4.328078 -0.831310
0.874865 -4.326424 -0.822346
0.860838 -4.332766 -0.806084
0.881754 -4.345117 -0.811951
0.915251 -4.353873 -0.816369
0.895939 -4.329327 -0.820857
0.907131 -4.331482 -0.823155
0.939863 -4.337669 -0.820346
0.958827 -4.325619 -0.840879
0.970831 -4.338453 -0.822119
0.964385 -4.329588 -0.819245
0.979804 -4.324748 -0.841769
1.002730 -4.344622 -0.830491
1.020552 -4.331359 -0.807955
1.040375 -4.336268 -0.821029
1.051297 -4.304075 -0.814517
1.058022 -4.309336 -0.803639
1.084997 -4.310501 -0.826471
1.100752 -4.327335 -0.829009
1.094333 -4.307380 -0.828934
1.138108 -4.325593 -0.821977
1.125658 -4.322349 -0.826049
1.148665 -4.309911 -0.814322
1.155573 -4.322495 -0.839116
1.173718 -4.323205 -0.814423
1.199561 -4.339142 -0.816666
1.200469 -4.320971 -0.822877
1.224371 -4.317605 -0.832181
1.235891 -4.307604 -0.822768
1.233655 -4.308612 -0.839079
1.250535 -4.304656 -0.813857
1.282626 -4.306338 -0.841088
1.302217 -4.301553 -0.809928
1.311032 -4.295806 -0.827797
1.316740 -4.292858 -0.833622
1.338469 -4.294554 -0.837171
1.333396 -4.303818 -0.835641
1.361904 -4.296517 -0.819056
1.366955 -4.322140 -0.827491
1.386634 -4.307385 -0.845704
1.396834 -4.304419 -0.826359
1.395648 -4.300902 -0.829552
1.427196 -4.292432 -0.830868
1.445535 -4.291506 -0.833543
1.466488 -4.293864 -0.842680
1.473514 -4.301398 -0.821489
1.494691 -4.285724 -0.838716
1.477224 -4.301929 -0.845805
1.517213 -4.288017 -0.850404
1.518566 -4.291878 -0.829072
1.561435 -4.269468 -0.837080
1.569565 -4.280565 -0.850786
1.559665 -4.284266 -0.840650
1.587657 -4.265355 -0.838473
1.603426 -4.291712 -0.847675
1.601274 -4.279926 -0.862973
1.633958 -4.265460 -0.847134
1.626013 -4.267884 -0.856569
1.668636 -4.285803 -0.854028
1.675691 -4.268363 -0.852752
1.708150 -4.259941 -0.855949
1.721666 -4.284916 -0.858006
1.711571 -4.275241 -0.846882
1.735600 -4.268509 -0.870134
1.737713 -4.268528 -0.845108
1.763563 -4.270169 -0.840203
1.771782 -4.281664 -0.861710
1.788687 -4.278868 -0.851925
1.817446 -4.279435 -0.857368
1.843166 -4.269226 -0.853662
1.842947 -4.266453 -0.858443
1.845612 -4.274114 -0.837370
1.867361 -4.277544 -0.857894
1.897350 -4.259431 -0.854561
1.886893 -4.261428 -0.861546
1.918043 -4.253691 -0.864446
1.914467 -4.270286 -0.865645
1.943159 -4.267118 -0.852207
1.964184 -4.256411 -0.850364
1.977365 -4.254802 -0.862125
1.981954 -4.257666 -0.864413
2.014292 -4.241900 -0.868899
2.032889 -4.255505 -0.863007
2.033451 -4.244636 -0.879745
2.028525 -4.238140 -0.876881
2.067675 -4.234585 -0.878142
2.071999 -4.249457 -0.884225
2.099389 -4.240833 -0.865634
2.096568 -4.231492 -0.866357
2.121311 -4.226717 -0.872869
2.138983 -4.232430 -0.879484
2.164232 -4.241088 -0.875800
2.180611 -4.229463 -0.896339
2.193535 -4.229538 -0.855490
2.212664 -4.215407 -0.886710
2.226110 -4.226578 -0.859089
2.227143 -4.220135 -0.863498
2.253880 -4.216395 -0.864194
2.295309 -4.221684 -0.875353
2.284109 -4.200846 -0.898426
2.287521 -4.230862 -0.882580
2.315828 -4.233356 -0.884196
2.327180 -4.223363 -0.890988
2.341531 -4.211298 -0.890194
2.354725 -4.203792 -0.887561
2.366641 -4.215041 -0.885340
2.404553 -4.194373 -0.911193
2.416848 -4.205317 -0.911222
2.418124 -4.202671 -0.893323
2.443820 -4.200746 -0.894833
2.458539 -4.191821 -0.891643
2.480951 -4.190472 -0.907848
2.509574 -4.188588 -0.919708
2.517147 -4.197619 -0.902245
2.526598 -4.198800 -0.903716
2.546959 -4.176774 -0.899369
2.558812 -4.183155 -0.911455
2.567041 -4.195976 -0.897301
2.605170 -4.194470 -0.892939
2.615779 -4.176068 -0.911727
2.617176 -4.193151 -0.918983
2.648908 -4.171390 -0.900593
2.655384 -4.176645 -0.903418
2.672515 -4.166658 -0.917216
2.694927 -4.186242 -0.902545
2.700962 -4.176731 -0.919797
2.742036 -4.169481 -0.947474
2.741231 -4.187888 -0.931183
2.741265 -4.169279 -0.920166
2.783402 -4.188584 -0.915752
2.794951 -4.158001 -0.924515
2.825553 -4.166827 -0.941753
2.830487 -4.169517 -0.928610
2.836147 -4.156897 -0.938168
2.880812 -4.140678 -0.930284
2.869386 -4.169860 -0.943268
2.888917 -4.140200 -0.919709
2.913509 -4.140949 -0.936603
2.922897 -4.156260 -0.933788
2.952764 -4.129442 -0.949800
2.976231 -4.157268 -0.941838
2.988649 -4.133309 -0.942468
3.009264 -4.137747 -0.922697
3.040905 -4.158744 -0.936249
3.038817 -4.114941 -0.954004
3.047657 -4.122597 -0.939115
3.068751 -4.121000 -0.952649
3.108546 -4.132251 -0.954800
3.103876 -4.095980 -0.952500
3.119646 -4.123851 -0.956566
3.141623 -4.113164 -0.957384
3.171024 -4.120811 -0.949379
3.183051 -4.136429 -0.984866
3.202837 -4.126201 -0.958033
3.233687 -4.120259 -0.963261
3.234397 -4.090057 -0.956191
3.261756 -4.114710 -0.973862
3.270264 -4.100196 -0.990810
3.308813 -4.102300 -0.970241
3.304672 -4.084293 -0.985978
3.329670 -4.101199 -0.969489
3.347123 -4.088494 -0.959966
3.351073 -4.079827 -0.983762
3.372650 -4.099830 -0.986361
3.417406 -4.096986 -0.974905
3.426757 -4.061236 -0.980809
3.463467 -4.066975 -0.995518
3.455012 -4.094619 -0.989288
3.471146 -4.072633 -0.985552
3.517563 -4.060731 -0.982827
3.529240 -4.074500 -0.988276
3.553508 -4.068504 -0.984087
3.565709 -4.058858 -1.005213
3.598761 -4.058745 -1.002287
3.615563 -4.079037 -0.990127
3.644602 -4.067945 -0.986413
3.638870 -4.060280 -1.016641
3.649203 -4.037829 -1.005636
3.717830 -4.039989 -1.024416
3.701347 -4.051936 -0.999440
3.737265 -4.043679 -1.019509
3.741478 -4.040535 -1.028551
3.765905 -4.051474 -1.039644
3.804246 -4.042989 -1.020994
3.822855 -4.052310 -1.029166
3.845173 -4.048790 -1.030711
3.877531 -4.054500 -1.046288
3.881826 -4.053699 -1.023517
3.918294 -4.047705 -1.040381
3.937195 -4.041989 -1.041457
3.969902 -4.024160 -1.050979
3.982392 -4.044838 -1.038531
3.997268 -4.035107 -1.021761
4.035226 -4.030535 -1.052558
4.058281 -4.041942 -1.065827
4.095040 -4.035321 -1.073029
4.104649 -4.017119 -1.048895
4.126249 -4.007442 -1.048895
4.152611 -4.038356 -1.061010
4.178110 -4.017347 -1.074808
4.184463 -4.029037 -1.060687
4.192478 -4.003403 -1.069780
4.215661 -3.987266 -1.089029
4.226760 -3.977007 -1.078215
4.229228 -3.966496 -1.060164
4.248127 -3.945842 -1.082420
4.258070 -3.943079 -1.043156
4.286999 -3.925378 -1.081953
4.286015 -3.913918 -1.066676
4.290337 -3.887137 -1.074041
4.315639 -3.899657 -1.066599
4.306786 -3.882586 -1.068002
4.340846 -3.860768 -1.076723
4.349770 -3.833663 -1.068724
4.388766 -3.834605 -1.070016
4.367560 -3.817019 -1.057228
4.378314 -3.834424 -1.071844
4.404760 -3.791131 -1.091867
4.403644 -3.781697 -1.077091
4.415079 -3.776224 -1.067849
4.416733 -3.759140 -1.089026
4.441922 -3.750835 -1.078508
4.447275 -3.739000 -1.058583
4.461899 -3.733342 -1.086269
4.494678 -3.700379 -1.077532
4.485432 -3.692231 -1.074800
4.498289 -3.672388 -1.073220
4.510859 -3.645582 -1.070883
4.508243 -3.647040 -1.072618
4.527461 -3.635445 -1.078521
4.555596 -3.616641 -1.076862
4.559377 -3.597908 -1.083968
4.544394 -3.577636 -1.044093
4.564451 -3.566556 -1.087374
4.581399 -3.569483 -1.082608
4.604498 -3.546354 -1.081761
4.611475 -3.526207 -1.082916
4.621167 -3.513251 -1.078328
4.626398 -3.510065 -1.066652
4.666203 -3.494790 -1.070600
4.653267 -3.462207 -1.053685
4.641071 -3.451951 -1.060380
4.687463 -3.437985 -1.067964
4.678293 -3.426887 -1.065660
4.685081 -3.416061 -1.062415
4.711562 -3.414678 -1.071389
4.710858 -3.363001 -1.073566
4.738156 -3.375873 -1.076003
4.732218 -3.379121 -1.060694
4.727730 -3.341326 -1.087595
4.758156 -3.316088 -1.073275
4.783024 -3.283163 -1.057102
4.764597 -3.294927 -1.071684
4.803660 -3.293522 -1.059448
4.781703 -3.263080 -1.074104
4.805203 -3.243062 -1.085492
4.838558 -3.249138 -1.061831
4.827605 -3.244823 -1.064581
4.823709 -3.223739 -1.089837
4.846236 -3.194750 -1.067969
4.859801 -3.187013 -1.069848
4.852256 -3.184282 -1.075721
4.880713 -3.133871 -1.077265
4.891780 -3.144961 -1.072111
4.903007 -3.125666 -1.063258
4.798866 -3.046171 -1.048269
4.802510 -3.032703 -1.040862
4.818451 -3.015605 -1.055401
4.861339 -3.016935 -1.071151
4.947385 -3.045260 -1.080582
4.962891 -3.028841 -1.060648
4.964344 -3.021078 -1.057660
4.971830 -3.000055 -1.072600
4.978448 -2.973579 -1.069300
4.984153 -2.966824 -1.062562
4.998411 -2.969507 -1.078297
5.017879 -2.946294 -1.080231
5.011981 -2.941862 -1.070845
5.020801 -2.890375 -1.063598
5.035531 -2.920027 -1.056277
5.042727 -2.894654 -1.084489
5.056178 -2.862959 -1.080180
5.067330 -2.847371 -1.077108
5.057593 -2.834546 -1.060623
5.079956 -2.815742 -1.085590
5.090186 -2.794374 -1.084515
5.107600 -2.771044 -1.070337
5.099523 -2.762254 -1.055284
5.107934 -2.732624 -1.072170
5.113278 -2.743576 -1.087502
5.125691 -2.727868 -1.094486
5.139183 -2.699235 -1.073936
5.149055 -2.670551 -1.066624
5.159264 -2.681277 -1.062195
5.170110 -2.679610 -1.069850
5.171039 -2.641752 -1.068142
5.173240 -2.604495 -1.086049
5.171537 -2.621308 -1.075424
5.196407 -2.607955 -1.073414
5.203825 -2.600791 -1.075324
5.202686 -2.558668 -1.056091
5.211003 -2.549818 -1.055318
5.242831 -2.528623 -1.076047
5.236799 -2.510053 -1.066650
5.235698 -2.483598 -1.062919
5.245440 -2.476849 -1.055835
5.253788 -2.473243 -1.068990
5.266171 -2.457687 -1.071036
5.270583 -2.432159 -1.068459
5.290679 -2.414118 -1.071223
5.290866 -2.401950 -1.076476
5.302227 -2.384419 -1.062881
5.295571 -2.390272 -1.076695
5.320425 -2.374344 -1.086803
5.306930 -2.339716 -1.086339
5.321737 -2.313354 -1.085631
5.353217 -2.293908 -1.059805
5.335723 -2.291944 -1.067553
5.352647 -2.275024 -1.081264
5.352403 -2.249148 -1.077454
5.362291 -2.239865 -1.069883
5.363677 -2.211761 -1.064303
5.378570 -2.202651 -1.078388
5.372312 -2.189311 -1.072018
5.379657 -2.172080 -1.062303
5.387988 -2.172750 -1.069289
4.425752 -1.779659 -0.877602
4.428372 -1.736557 -0.889800
4.429227 -1.724001 -0.873648
4.432817 -1.715435 -0.865938
4.456197 -1.708513 -0.870653
5.429907 -2.026748 -1.061584
5.444426 -2.053669 -1.072541
5.453177 -2.009949 -1.068525
5.453978 -2.036071 -1.069534
5.449191 -1.984661 -1.063198
5.460827 -1.963565 -1.058652
5.468926 -1.955036 -1.065421
5.457851 -1.931319 -1.080026
5.453971 -1.929582 -1.081448
5.480610 -1.902730 -1.064945
5.483015 -1.904193 -1.068519
5.484456 -1.876020 -1.060346
5.506844 -1.859845 -1.077797
5.493989 -1.831783 -1.087553
5.460924 -1.798573 -1.066161
5.419844 -1.771625 -1.054265
5.423869 -1.740592 -1.054850
5.415453 -1.732656 -1.052749
5.428514 -1.707454 -1.038643
5.419372 -1.697865 -1.041966
5.419766 -1.684899 -1.046449
5.416851 -1.657629 -1.047329
5.424935 -1.657560 -1.059271
5.445676 -1.630239 -1.044218
5.448292 -1.621358 -1.053843
5.492023 -1.608776 -1.056646
5.565278 -1.623655 -1.079684
5.573647 -1.603012 -1.066897
5.591029 -1.583878 -1.077114
5.575024 -1.565649 -1.070809
5.609826 -1.570816 -1.081828
5.596188 -1.538720 -1.086471
5.601754 -1.523723 -1.068352
5.624205 -1.484460 -1.075724
5.617261 -1.476541 -1.071665
5.630603 -1.474342 -1.061740
5.620102 -1.445492 -1.067615
5.624352 -1.434275 -1.070469
5.641663 -1.409101 -1.047303
5.639686 -1.407689 -1.072777
5.635094 -1.372648 -1.056753
5.650413 -1.363476 -1.083409
5.652796 -1.359583 -1.052678
5.651051 -1.319624 -1.075628
5.673001 -1.302958 -1.075587
5.673689 -1.295750 -1.078722
5.672270 -1.270983 -1.071924
5.666590 -1.247962 -1.056494
5.679345 -1.250175 -1.071464
5.671055 -1.223054 -1.070854
5.683510 -1.197567 -1.076577
5.674622 -1.192338 -1.075687
5.686893 -1.169845 -1.082098
5.691735 -1.149046 -1.074460
5.711694 -1.124943 -1.064179
5.683665 -1.123704 -1.079455
5.708601 -1.098568 -1.080172
5.698460 -1.065926 -1.068917
5.703192 -1.056210 -1.078849
5.719558 -1.074332 -1.081755
5.724944 -1.006698 -1.085866
5.716668 -1.033505 -1.082702
5.725491 -1.013387 -1.081239
5.734781 -0.970238 -1.063423
5.706541 -0.971083 -1.071800
5.719450 -0.935020 -1.065552
5.745728 -0.923456 -1.080523
5.743838 -0.895862 -1.072632
5.733652 -0.875535 -1.065138
5.736901 -0.861967 -1.083103
5.740030 -0.866662 -1.070732
5.749368 -0.825118 -1.059559
5.740928 -0.805528 -1.075783
5.742552 -0.795137 -1.082410
5.731029 -0.773046 -1.070547
5.753864 -0.759818 -1.061194
5.763881 -0.732206 -1.054639
5.762294 -0.734961 -1.068813
5.763260 -0.705539 -1.059473
5.757274 -0.694605 -1.074247
5.770887 -0.675878 -1.076168
5.762949 -0.669800 -1.081529
5.763227 -0.633387 -1.065993
5.777670 -0.619191 -1.066709
5.778966 -0.616556 -1.077863
5.781269 -0.594580 -1.072411
5.759225 -0.575308 -1.073956
5.777146 -0.559207 -1.066622
5.772380 -0.535310 -1.074513
5.775256 -0.514806 -1.053466
5.777889 -0.488606 -1.056593
5.794260 -0.474414 -1.076637
5.783186 -0.473409 -1.072673
5.819337 -0.428908 -1.067266
5.797327 -0.410568 -1.076654
5.784492 -0.403508 -1.066176
5.792768 -0.398189 -1.068442
5.797660 -0.360740 -1.073067
5.787084 -0.343428 -1.072038
5.801817 -0.348281 -1.073281
5.789609 -0.323784 -1.078651
5.788097 -0.305504 -1.073819
5.807136 -0.290230 -1.080972
5.800126 -0.277740 -1.070226
5.807755 -0.252780 -1.063205
5.812584 -0.224845 -1.061877
5.818031 -0.217429 -1.065380
5.806321 -0.184084 -1.080996
5.798159 -0.186315 -1.071656
5.824916 -0.169173 -1.063087
5.784986 -0.158464 -1.062395
5.811377 -0.132695 -1.068256
5.801296 -0.116613 -1.065246
5.784993 -0.093358 -1.079457
5.810795 -0.083569 -1.101586
5.821428 -0.054705 -1.055602
5.808403 -0.040661 -1.073253
5.791631 -0.011695 -1.101528
5.814013 -0.010425 -1.080314
5.796707 0.004516 -1.063568
5.810866 0.027523 -1.081178
5.800830 0.059369 -1.068565
5.797131 0.053565 -1.058504
5.795637 0.096278 -1.067238
5.806489 0.097069 -1.074595
5.811872 0.105261 -1.070457
5.806150 0.153792 -1.090008
5.830052 0.150975 -1.087267
5.809266 0.171994 -1.064524
5.803993 0.199406 -1.070975
5.802840 0.218637 -1.058188
5.815882 0.222474 -1.067336
5.787921 0.251660 -1.083479
5.814481 0.262516 -1.063123
5.814321 0.279669 -1.078114
5.811610 0.305318 -1.074309
5.790801 0.315597 -1.065686
5.799669 0.326993 -1.077194
5.805202 0.366389 -1.059516
5.793787 0.376772 -1.050956
5.781972 0.391087 -1.073786
5.799969 0.406997 -1.074788
5.797622 0.398103 -1.077368
5.797276 0.446476 -1.071744
5.805039 0.463480 -1.063985
5.786693 0.469081 -1.069512
5.776607 0.498262 -1.074304
5.780236 0.504347 -1.085788
5.769783 0.550948 -1.079906
5.776008 0.530042 -1.081109
5.773706 0.582382 -1.055203
5.779075 0.605635 -1.062398
5.779993 0.609035 -1.067628
5.780806 0.629767 -1.061140
5.773132 0.644282 -1.076830
5.769875 0.641597 -1.075333
5.767568 0.678129 -1.073264
5.751759 0.698391 -1.060091
5.747339 0.682508 -1.084218
5.748967 0.735451 -1.087543
5.772341 0.753062 -1.084457
5.757832 0.754541 -1.068478
5.748177 0.796531 -1.063406
5.765647 0.793102 -1.060663
5.752892 0.822370 -1.067218
5.751169 0.833657 -1.062367
5.736316 0.863031 -1.086322
5.751225 0.885545 -1.074018
5.729132 0.887050 -1.079311
5.725552 0.922004 -1.077108
5.730819 0.936152 -1.077641
5.738986 0.944170 -1.064687
5.717604 0.982242 -1.065748
5.735622 0.989166 -1.082642
5.716314 0.982152 -1.070106
5.726334 1.013288 -1.088075
5.695891 1.037102 -1.081412
5.708376 1.064752 -1.091357
5.721620 1.068878 -1.081813
5.694482 1.076301 -1.064816
5.709105 1.091119 -1.078804
5.690176 1.121668 -1.067685
5.687111 1.133622 -1.071002
5.706744 1.151510 -1.086744
5.677239 1.184358 -1.076831
5.687175 1.167138 -1.066693
5.673714 1.181610 -1.071608
5.695801 1.220294 -1.056424
5.665549 1.236954 -1.071005
5.659124 1.247760 -1.079689
5.689497 1.272950 -1.072389
5.657570 1.299858 -1.062881
5.648862 1.326271 -1.074132
5.660996 1.328669 -1.080834
5.652450 1.346199 -1.074069
5.650822 1.360774 -1.077402
5.642026 1.401671 -1.070749
5.629424 1.401066 -1.052964
5.617404 1.420138 -1.060396
5.623335 1.413350 -1.074012
5.615855 1.448360 -1.062288
5.631947 1.448660 -1.046985
5.626384 1.470037 -1.064071
5.618053 1.498744 -1.085267
5.622974 1.513204 -1.075368
5.599335 1.529932 -1.072957
5.613633 1.558293 -1.082903
5.577294 1.563213 -1.055067
5.588834 1.586486 -1.081695
5.590698 1.608062 -1.082020
5.575282 1.610468 -1.061289
5.576680 1.646232 -1.072640
5.561695 1.649337 -1.067897
5.567084 1.641201 -1.056888
5.519999 1.679804 -1.084618
5.488204 1.686606 -1.056741
5.474672 1.688642 -1.049199
5.465927 1.695218 -1.059495
5.476149 1.736408 -1.064402
5.455105 1.732858 -1.056105
5.461875 1.753077 -1.040009
5.437859 1.774072 -1.050360
5.439848 1.798339 -1.052773
5.458245 1.835173 -1.050618
5.457724 1.854102 -1.073258
5.487374 1.877768 -1.075500
5.497814 1.881131 -1.092312
5.483572 1.908842 -1.077222
5.487726 1.892697 -1.069085
5.474675 1.942003 -1.079926
5.467914 1.955410 -1.075048
5.440483 1.976157 -1.076793
5.447752 1.979581 -1.064900
5.465540 2.017302 -1.065857
5.441566 2.033367 -1.065694
5.446737 2.032541 -1.056877
5.422837 2.046507 -1.072755
5.423280 2.071540 -1.067322
4.479945 1.737896 -0.875761
4.447463 1.742980 -0.898419
4.426786 1.728258 -0.881815
4.408610 1.767654 -0.875700
4.418150 1.777302 -0.887767
4.442878 1.776170 -0.894946
5.394770 2.191332 -1.082805
5.367754 2.201742 -1.079649
5.378398 2.223725 -1.056473
5.346347 2.224133 -1.069311
5.352160 2.269756 -1.076964
5.343313 2.269701 -1.077735
5.337008 2.300728 -1.075100
5.328284 2.290238 -1.067207
5.318790 2.339000 -1.079805
5.324825 2.334938 -1.080923
5.292666 2.357599 -1.073708
5.314902 2.375400 -1.089477
5.290439 2.386461 -1.075101
5.303710 2.400720 -1.057614
5.275976 2.411946 -1.073642
5.260416 2.430103 -1.073396
5.263369 2.454139 -1.060848
5.254626 2.471652 -1.058089
5.252999 2.493788 -1.058392
5.232962 2.510163 -1.078911
5.232620 2.510195 -1.068869
5.215117 2.538769 -1.080486
5.215043 2.558278 -1.062625
5.216524 2.582848 -1.064890
5.196688 2.571362 -1.078798
5.195501 2.567383 -1.056536
5.185982 2.602863 -1.059856
5.163860 2.640456 -1.058356
5.183339 2.655392 -1.081872
5.180314 2.654191 -1.071934
5.155094 2.697705 -1.073475
5.149031 2.682203 -1.069250
5.153831 2.696072 -1.061577
5.114110 2.726440 -1.093948
5.126451 2.731328 -1.081055
5.121473 2.746705 -1.050070
5.108029 2.779021 -1.061238
5.083936 2.776638 -1.073637
5.071294 2.800382 -1.080601
5.092735 2.807624 -1.071300
5.075201 2.826728 -1.084687
5.039887 2.855414 -1.064776
5.044492 2.879283 -1.074631
5.038724 2.874765 -1.065027
5.018898 2.892779 -1.050433
5.033535 2.901395 -1.065992
5.002273 2.936691 -1.067419
5.002191 2.940764 -1.064786
4.990048 2.957297 -1.062148
4.973991 2.985797 -1.080862
4.988616 2.985779 -1.046771
4.968027 2.998065 -1.074751
4.960079 3.031916 -1.059803
4.940526 3.037800 -1.066375
4.934633 3.042422 -1.074984
4.944354 3.068681 -1.072016
4.920068 3.094035 -1.076442
4.914309 3.114252 -1.081545
4.901996 3.104441 -1.055277
4.900005 3.119470 -1.081584
4.905956 3.142123 -1.078652
4.888185 3.140992 -1.067879
4.859475 3.192825 -1.080025
4.851195 3.182294 -1.044972
4.846636 3.177914 -1.066660
4.840580 3.228827 -1.069379
4.826139 3.230094 -1.084282
4.826537 3.247009 -1.080221
4.803463 3.247766 -1.068408
4.762910 3.276296 -1.076086
4.774435 3.285982 -1.089124
4.778177 3.301316 -1.067138
4.754964 3.329814 -1.080705
4.761811 3.330346 -1.076875
4.741443 3.357187 -1.072967
4.744206 3.345950 -1.067008
4.720515 3.393483 -1.059018
4.711655 3.411390 -1.061707
4.693980 3.394598 -1.066924
4.689744 3.410792 -1.080326
4.698972 3.426811 -1.064167
4.662322 3.455881 -1.079496
4.664313 3.467876 -1.067852
4.635986 3.482572 -1.072533
4.656207 3.504693 -1.045046
4.636271 3.504792 -1.086091
4.616780 3.503432 -1.084319
4.600873 3.548796 -1.070754
4.588964 3.540022 -1.086052
4.579577 3.544639 -1.085537
4.580114 3.595332 -1.074155
4.582187 3.595381 -1.049966
4.549131 3.594290 -1.067918
4.537447 3.626898 -1.094249
4.537117 3.619400 -1.089425
4.534469 3.630129 -1.073442
4.503632 3.652894 -1.059772
4.509936 3.660855 -1.066840
4.460413 3.691615 -1.086833
4.466094 3.694635 -1.076625
4.461271 3.710001 -1.072431
4.451977 3.739031 -1.066826
4.426411 3.738348 -1.053285
4.418041 3.747170 -1.050967
4.414160 3.771917 -1.069217
4.418159 3.792042 -1.069098
4.401635 3.811333 -1.068623
4.381785 3.805023 -1.076171
4.378675 3.816592 -1.069827
4.365044 3.842642 -1.103705
4.356573 3.843362 -1.084772
4.336267 3.862215 -1.064763
4.319252 3.865544 -1.067692
4.315380 3.884521 -1.079377
4.303726 3.907477 -1.077467
4.298010 3.915415 -1.062310
4.276199 3.928949 -1.060680
4.272378 3.946631 -1.072132
4.241964 3.953873 -1.074891
4.248765 3.967661 -1.073560
4.216464 4.000124 -1.078900
4.222211 3.986102 -1.073326
4.217574 3.983802 -1.063294
4.192921 4.026501 -1.066096
4.173777 4.026945 -1.055102
4.167804 4.043656 -1.075428
4.165972 4.069458 -1.061060
4.169060 4.065466 -1.077189
4.131716 4.090215 -1.072435
4.110514 4.103621 -1.077788
4.089799 4.098345 -1.064883
4.091151 4.136979 -1.082075
4.066779 4.125409 -1.059649
4.061132 4.141003 -1.068606
4.046887 4.158005 -1.062030
4.038379 4.188117 -1.072135
4.033753 4.188375 -1.071474
4.012598 4.200584 -1.067541
4.021216 4.198309 -1.063813
3.981292 4.224044 -1.067707
3.974280 4.241517 -1.060949
3.966146 4.241142 -1.070807
3.946573 4.270463 -1.066671
3.944720 4.258866 -1.043642
3.922048 4.286831 -1.067371
3.923644 4.290504 -1.077003
3.914794 4.317249 -1.065623
3.892981 4.319297 -1.066727
3.875118 4.316478 -1.075752
3.850317 4.339548 -1.096506
3.828546 4.365627 -1.078475
3.813972 4.366876 -1.066286
3.801631 4.374207 -1.072433
3.814049 4.378992 -1.078244
3.784289 4.377131 -1.073619
3.785561 4.396549 -1.079099
3.771605 4.404653 -1.074177
3.756485 4.449675 -1.065722
3.745240 4.441930 -1.072749
3.721902 4.449718 -1.060232
3.713577 4.461458 -1.082339
3.681793 4.476560 -1.082318
3.681483 4.516418 -1.073781
3.651434 4.499804 -1.060377
3.635354 4.506307 -1.083679
3.640493 4.508363 -1.066468
3.615268 4.551680 -1.072730
3.624602 4.542730 -1.068283
3.604850 4.564790 -1.078900
3.576406 4.562599 -1.073788
3.571029 4.589866 -1.074594
3.562778 4.598186 -1.061413
3.522776 4.607269 -1.045437
3.535937 4.614619 -1.076621
3.512340 4.619606 -1.064676
3.495894 4.640106 -1.058474
3.477707 4.633655 -1.061144
3.475988 4.666802 -1.078699
3.455556 4.661990 -1.074592
3.444316 4.697292 -1.064378
3.438416 4.672064 -1.086402
3.396808 4.690952 -1.081162
3.405568 4.724890 -1.067222
3.381797 4.727198 -1.066133
3.371994 4.731304 -1.065099
3.340414 4.728332 -1.053134
3.315101 4.738830 -1.071996
3.312889 4.757699 -1.078763
3.301688 4.777629 -1.085826
3.300971 4.800508 -1.073585
3.285494 4.795721 -1.062358
3.274721 4.816790 -1.073756
3.268155 4.811602 -1.069256
3.252317 4.830151 -1.066250
3.215168 4.818382 -1.063782
3.203612 4.843918 -1.050234
3.166714 4.838258 -1.067917
3.175300 4.842249 -1.071036
3.167805 4.854780 -1.075831
3.149913 4.882446 -1.052297
3.119851 4.894158 -1.077914
3.115904 4.916435 -1.065956
3.107980 4.907601 -1.081001
3.079661 4.925652 -1.078998
3.067098 4.924947 -1.056628
3.047410 4.955532 -1.061019
3.045746 4.941262 -1.067390
3.035722 4.972289 -1.066341
3.007634 4.974284 -1.071913
2.986624 4.970593 -1.075304
2.993958 4.996077 -1.057496
2.964679 4.985705 -1.074181
2.950348 5.006055 -1.068981
2.947267 4.998049 -1.082488
2.928486 5.022489 -1.074363
2.883014 5.036116 -1.075662
2.881852 5.035678 -1.063718
2.875630 5.046641 -1.075200
2.854360 5.038775 -1.070961
2.824542 5.065543 -1.071198
2.838246 5.087889 -1.066085
2.813213 5.063751 -1.055913
2.802833 5.083640 -1.076056
2.775074 5.103578 -1.070083
2.755427 5.103424 -1.066108
2.735484 5.091944 -1.056761
2.733347 5.120894 -1.077504
2.717533 5.130508 -1.070086
2.691326 5.152562 -1.079829
2.681202 5.149637 -1.080968
2.676216 5.141205 -1.073128
2.656084 5.175147 -1.054258
2.641336 5.172942 -1.083588
2.596996 5.174106 -1.070211
2.600521 5.166191 -1.081100
2.604074 5.181406 -1.080637
2.583917 5.206983 -1.057731
2.546496 5.188147 -1.071030
2.544555 5.226526 -1.061646
2.548254 5.239045 -1.072670
2.515637 5.213519 -1.066988
2.502288 5.248192 -1.054965
2.491309 5.252414 -1.062412
2.462805 5.242781 -1.051332
2.445617 5.267789 -1.068725
2.432980 5.284836 -1.075458
2.417738 5.269095 -1.070129
2.405668 5.269720 -1.072447
2.384811 5.288846 -1.065013
2.361293 5.310767 -1.087195
2.344070 5.323191 -1.063762
2.308774 5.325665 -1.080177
2.307261 5.338206 -1.065535
2.304179 5.338727 -1.067143
2.285156 5.327275 -1.076307
2.279504 5.334077 -1.077731
2.226621 5.341308 -1.062332
2.225393 5.363796 -1.067606
2.217712 5.366388 -1.077973
2.208190 5.364689 -1.071293
2.199681 5.395660 -1.070543
2.163559 5.390553 -1.079733
2.148389 5.382378 -1.058456
2.150335 5.393757 -1.063712
2.111864 5.408223 -1.061921
2.087100 5.408413 -1.052346
2.076457 5.433772 -1.063551
2.069952 5.413015 -1.083913
2.058036 5.432789 -1.087998
2.033713 5.446366 -1.070708
2.007932 5.448273 -1.083166
1.995482 5.445642 -1.068525
1.977909 5.452137 -1.066950
1.964164 5.463397 -1.060962
1.952139 5.473028 -1.086653
1.923139 5.466302 -1.058501
1.897979 5.487168 -1.065259
1.892983 5.475767 -1.070247
1.885796 5.455330 -1.052412
1.862434 5.475224 -1.069542
1.853424 5.483780 -1.044385
1.824541 5.463867 -1.064659
1.806225 5.464635 -1.062269
1.760669 5.484125 -1.046701
1.745354 5.479078 -1.055064
1.740120 5.463215 -1.061770
1.711997 5.472632 -1.064950
1.717809 5.472984 -1.053128
1.682997 5.475241 -1.044012
1.675604 5.464129 -1.067549
1.618853 5.473080 -1.056210
1.618466 5.469003 -1.061737
1.602901 5.472902 -1.057920
1.607459 5.480948 -1.051872
1.582796 5.466935 -1.041246
1.569790 5.472421 -1.043156
1.537764 5.480169 -1.062426
1.514786 5.482030 -1.049204
1.498631 5.452929 -1.037006
1.495249 5.471142 -1.059818
1.463526 5.469839 -1.054016
1.451643 5.473043 -1.065334
1.412949 5.464300 -1.042059
1.416817 5.483266 -1.051121
1.374997 5.463490 -1.053377
1.396878 5.482093 -1.052044
1.387139 5.454458 -1.039231
1.372901 5.464556 -1.046684
1.329656 5.473623 -1.028952
1.299319 5.470230 -1.020240
1.265604 5.469114 -1.043694
1.276201 5.473070 -1.016739
1.237486 5.461307 -1.037226
1.252583 5.461339 -1.015353
1.213148 5.474826 -1.025868
1.206549 5.490899 -1.029724
1.178932 5.474232 -1.029539
1.153334 5.469096 -1.040591
1.137803 5.469668 -1.020234
1.157196 5.474050 -1.032252
1.105939 5.459803 -1.023022
1.112596 5.469427 -1.022820
1.074509 5.459090 -1.024542
1.080780 5.484064 -1.012323
1.050136 5.469447 -1.042192
1.024180 5.470127 -1.024623
1.006078 5.468774 -1.016157
1.016221 5.467225 -1.015057
0.987740 5.475804 -1.020221
0.960033 5.459839 -1.024603
0.931308 5.476111 -1.035011
0.912867 5.470005 -1.020513
0.932570 5.459810 -1.006023
0.894251 5.465720 -1.034711
0.892077 5.466804 -1.034622
0.856667 5.475665 -1.031855
0.847190 5.475726 -1.023550
0.805900 5.454573 -1.004931
0.803491 5.468224 -1.006518
0.788837 5.473268 -1.012355
0.774254 5.473022 -1.011200
0.742358 5.458138 -1.024637
0.722964 5.465866 -1.025738
0.716850 5.469707 -1.007931
0.685427 5.477160 -1.026688
0.701317 5.486534 -1.009374
0.672314 5.467454 -1.015473
0.647647 5.458796 -1.005347
0.643625 5.484533 -1.012426
0.611168 5.467475 -1.028327
0.608910 5.475528 -1.035521
0.582868 5.463960 -1.022018
0.563456 5.481779 -1.016380
0.551697 5.482259 -1.016580
0.538597 5.471866 -1.003639
0.507856 5.446306 -1.013445
0.495800 5.480589 -1.020145
0.471856 5.474860 -1.024287
0.471347 5.471340 -1.043553
0.448357 5.484806 -1.017555
0.439441 5.474025 -1.006217
0.416832 5.478371 -1.016465
0.380750 5.468538 -1.015211
0.357740 5.477244 -1.010027
0.378004 5.478431 -1.009192
0.343649 5.464985 -1.010397
0.336750 5.470693 -1.012155
0.293963 5.486566 -1.015558
0.302192 5.470810 -1.028968
0.264403 5.473510 -1.002295
0.263041 5.479623 -1.014429
0.258381 5.470294 -1.022335
0.220883 5.470674 -1.006487
0.223406 5.486747 -1.005285
0.210676 5.479454 -1.001463
0.173243 5.460487 -1.006794
0.144194 5.477393 -1.020339
0.147413 5.472894 -1.005292
0.136710 5.467384 -1.013467
0.105779 5.484378 -0.996854
0.099353 5.480092 -1.004021
0.078330 5.478216 -1.021032
0.070141 5.474531 -1.008960
0.036028 5.481917 -1.019216
0.018819 5.463050 -1.014851
0.018275 5.468091 -1.013859
0.013002 5.484606 -0.992564
0.011646 -4.392962 -0.759567
0.009644 -4.410926 -0.766505
0.014542 -4.403652 -0.767553
0.048816 -4.388649 -0.776282
0.069703 -4.395881 -0.787651
0.052952 -4.401459 -0.762565
0.096147 -4.403510 -0.773876
0.094906 -4.404665 -0.759422
0.141712 -4.396127 -0.776449
0.114781 -4.405384 -0.765619
0.143424 -4.383764 -0.777254
0.161731 -4.411362 -0.765172
0.190965 -4.405001 -0.779430
0.201725 -4.404838 -0.765531
0.201098 -4.398794 -0.773567
0.201042 -4.400565 -0.776471
0.226625 -4.411854 -0.770478
0.244410 -4.415965 -0.763285
0.254195 -4.392272 -0.768196
0.274140 -4.396620 -0.774275
0.267233 -4.391308 -0.760485
0.272476 -4.389361 -0.764957
0.329507 -4.392255 -0.773110
0.326287 -4.390251 -0.771759
0.333329 -4.405745 -0.782112
0.346929 -4.401919 -0.764651
0.355467 -4.382649 -0.750287
0.376210 -4.387224 -0.771991
0.373070 -4.386560 -0.762633
0.409102 -4.389000 -0.775678
0.407991 -4.385441 -0.773301
0.425898 -4.406047 -0.784689
0.441919 -4.381321 -0.770772
0.468687 -4.381133 -0.783756
0.463733 -4.388664 -0.776079
0.482837 -4.392222 -0.785485
0.504157 -4.402830 -0.793266
0.512193 -4.374393 -0.760715
0.513044 -4.392755 -0.773042
0.513146 -4.393270 -0.770373
0.550897 -4.381279 -0.762143
0.557306 -4.388916 -0.777440
0.571513 -4.392366 -0.764261
0.579630 -4.404763 -0.776941
0.610217 -4.367760 -0.777092
0.590672 -4.396803 -0.764960
0.626140 -4.389430 -0.768569
0.634341 -4.380285 -0.770978
0.655386 -4.381378 -0.770529
0.664844 -4.385331 -0.778227
0.680455 -4.374274 -0.788954
0.695318 -4.361166 -0.779712
0.702279 -4.384227 -0.767469
0.722174 -4.374073 -0.766596
0.743306 -4.394025 -0.779883
0.734993 -4.375758 -0.783750
0.775900 -4.368357 -0.773480
0.773535 -4.367580 -0.772848
0.818589 -4.357761 -0.775823
0.797603 -4.375455 -0.800677
0.820379 -4.367186 -0.763374
0.839144 -4.349558 -0.772389
0.861075 -4.356709 -0.765727
0.871924 -4.365607 -0.791076
0.881456 -4.345613 -0.757406
0.888185 -4.370564 -0.793102
0.890681 -4.372024 -0.781023
0.932585 -4.369768 -0.772008
0.911397 -4.356844 -0.784359
0.944049 -4.368065 -0.782384
0.943321 -4.350745 -0.781893
0.966910 -4.367214 -0.776464
0.978074 -4.354597 -0.795584
1.019192 -4.348955 -0.788921
1.033731 -4.344407 -0.789775
1.024388 -4.372846 -0.775344
1.048460 -4.351752 -0.773116
1.055014 -4.352697 -0.771500
1.085640 -4.332739 -0.771992
1.087348 -4.344960 -0.784115
1.107051 -4.336842 -0.784493
1.105533 -4.340111 -0.797322
1.112071 -4.346642 -0.797841
1.151075 -4.317767 -0.796328
1.147445 -4.353256 -0.784636
1.176128 -4.339931 -0.774419
1.173934 -4.333744 -0.802908
1.203762 -4.335958 -0.785601
1.219802 -4.350968 -0.802123
1.213367 -4.346947 -0.795171
1.251417 -4.351901 -0.780421
1.257643 -4.329812 -0.793098
1.276534 -4.345434 -0.806046
1.301163 -4.338770 -0.800362
1.307905 -4.321968 -0.789987
1.307073 -4.338259 -0.778865
1.324497 -4.325890 -0.802127
1.344237 -4.340819 -0.804276
1.351485 -4.334646 -0.788890
1.383365 -4.328859 -0.791794
1.390833 -4.328781 -0.802445
1.406716 -4.323317 -0.787193
1.403770 -4.347478 -0.792432
1.416823 -4.322176 -0.802784
1.437370 -4.341180 -0.806973
1.450948 -4.316860 -0.803714
1.470683 -4.328298 -0.819373
1.480314 -4.310050 -0.806296
1.474397 -4.324157 -0.781826
1.518148 -4.325684 -0.807671
1.514675 -4.319318 -0.805221
1.521462 -4.324696 -0.798443
1.560214 -4.330628 -0.810356
1.577555 -4.313289 -0.798850
1.572915 -4.332393 -0.805061
1.603407 -4.314919 -0.808356
1.624418 -4.309891 -0.799581
1.609495 -4.306484 -0.797253
1.630459 -4.316719 -0.801573
1.655655 -4.296133 -0.803599
1.688604 -4.314104 -0.797071
1.680885 -4.299593 -0.801696
1.710878 -4.307901 -0.794908
1.713205 -4.303544 -0.805461
1.740951 -4.304878 -0.818500
1.731632 -4.299141 -0.819222
1.754043 -4.315093 -0.812460
1.763886 -4.297437 -0.805635
1.807800 -4.306841 -0.823354
1.806675 -4.313443 -0.811404
1.823086 -4.300537 -0.795780
1.826952 -4.277850 -0.827720
1.837673 -4.262473 -0.818791
1.868900 -4.282413 -0.824915
1.861439 -4.288990 -0.820362
1.909192 -4.294920 -0.827366
1.929363 -4.283556 -0.810049
1.936771 -4.288027 -0.810429
1.940739 -4.283442 -0.834835
1.952869 -4.263552 -0.823432
1.986253 -4.299268 -0.823681
1.983682 -4.280069 -0.815111
1.998012 -4.264712 -0.827065
2.024079 -4.263185 -0.830408
2.043638 -4.279593 -0.828532
2.043420 -4.277776 -0.841110
2.058532 -4.288704 -0.811274
2.078783 -4.272948 -0.829788
2.098255 -4.276822 -0.810137
2.115744 -4.274166 -0.840565
2.122924 -4.263390 -0.844075
2.145830 -4.277442 -0.825875
2.155676 -4.249344 -0.843861
2.166745 -4.262780 -0.850003
2.159755 -4.265162 -0.841799
2.202590 -4.234941 -0.851131
2.240470 -4.244265 -0.841272
2.230432 -4.266631 -0.849048
2.247702 -4.247139 -0.863836
2.259884 -4.245834 -0.845532
2.276201 -4.251735 -0.857099
2.307007 -4.259831 -0.859273
2.302878 -4.236771 -0.853038
2.313560 -4.240291 -0.843297
2.350908 -4.240914 -0.856648
2.360173 -4.240835 -0.852520
2.392624 -4.240178 -0.848600
2.409449 -4.237308 -0.854313
2.414248 -4.233060 -0.852682
2.440792 -4.234387 -0.852804
2.417758 -4.233761 -0.848136
2.472295 -4.206524 -0.872893
2.468116 -4.229535 -0.854557
2.508538 -4.229663 -0.859147
2.525194 -4.227047 -0.873828
2.511016 -4.234056 -0.860054
2.541740 -4.222332 -0.860120
2.558717 -4.221914 -0.869213
2.579133 -4.214187 -0.861618
2.590658 -4.234426 -0.852661
2.609062 -4.222420 -0.867478
2.608091 -4.218461 -0.852794
2.661877 -4.213254 -0.871444
2.642367 -4.217600 -0.881512
2.677242 -4.189359 -0.863294
2.706498 -4.209582 -0.876896
2.707952 -4.210211 -0.895364
2.704748 -4.210809 -0.889910
2.755097 -4.191681 -0.863566
2.759181 -4.197938 -0.864788
2.787782 -4.209459 -0.899222
2.796918 -4.196482 -0.880004
2.834407 -4.207638 -0.884847
2.817496 -4.204480 -0.897218
2.862061 -4.195182 -0.891781
2.866563 -4.191792 -0.890030
2.898423 -4.171514 -0.896023
2.896228 -4.191135 -0.887783
2.921181 -4.181553 -0.903535
2.921994 -4.171296 -0.896109
2.937762 -4.160117 -0.893515
2.964146 -4.184135 -0.886907
2.967287 -4.176708 -0.918297
3.024411 -4.157587 -0.898142
3.013850 -4.165711 -0.894329
3.031878 -4.152073 -0.896162
3.060718 -4.182570 -0.910180
3.068527 -4.154595 -0.906237
3.105507 -4.153477 -0.905237
3.107614 -4.147812 -0.902239
3.135657 -4.149309 -0.901347
3.148714 -4.147905 -0.902302
3.156212 -4.131892 -0.924024
3.191621 -4.150682 -0.914954
3.215093 -4.130134 -0.925479
3.222675 -4.170918 -0.933995
3.246128 -4.136872 -0.908841
3.258816 -4.135010 -0.915603
3.276879 -4.138318 -0.925688
3.295618 -4.151100 -0.937807
3.323518 -4.148446 -0.948187
3.334489 -4.125455 -0.926864
3.371381 -4.118535 -0.933053
3.380875 -4.114153 -0.931626
3.398819 -4.130841 -0.940679
3.420031 -4.115174 -0.936066
3.449370 -4.106129 -0.926458
3.461091 -4.104663 -0.941470
3.466126 -4.103231 -0.942980
3.493727 -4.106843 -0.937303
3.514360 -4.086410 -0.937502
3.530066 -4.117023 -0.959176
3.546418 -4.084353 -0.946171
3.564842 -4.109881 -0.957778
3.589957 -4.096031 -0.944150
3.607842 -4.087427 -0.964636
3.652460 -4.095111 -0.965177
3.636167 -4.076131 -0.956109
3.670147 -4.081640 -0.971056
3.700213 -4.088894 -0.975674
3.721652 -4.094968 -0.976990
3.737793 -4.077610 -0.978384
3.773923 -4.072576 -0.964553
3.751714 -4.090658 -0.978488
3.795486 -4.092503 -0.998481
3.836574 -4.063307 -0.972657
3.826543 -4.054010 -0.975727
3.868786 -4.064705 -0.986587
3.879454 -4.059613 -0.986172
3.910570 -4.060323 -0.989195
3.933153 -4.058046 -0.988379
3.939623 -4.051333 -0.989624
3.963754 -4.058681 -0.996169
3.998448 -4.050914 -0.997598
4.030176 -4.033827 -0.990553
4.047770 -4.045273 -1.001219
4.056117 -4.032151 -1.017424
4.089411 -4.045102 -0.998497
4.098341 -4.043634 -0.998229
4.121055 -4.020861 -1.019384
4.146496 -4.042750 -1.030349
4.169694 -4.042228 -1.016720
4.197442 -4.046439 -1.007268
4.241580 -4.026767 -1.036410
4.234831 -4.030238 -0.999349
4.276965 -4.046459 -1.017657
4.286739 -4.023751 -1.045148
4.316022 -4.016415 -1.049872
4.364579 -4.024982 -1.049629
4.377530 -4.026354 -1.036097
4.399197 -3.998369 -1.052022
4.432181 -4.008852 -1.043042
4.454692 -3.999183 -1.042529
4.486147 -4.025915 -1.071484
4.515930 -4.022732 -1.061743
4.527084 -3.997559 -1.061794
4.586351 -4.025632 -1.062394
4.585203 -4.010761 -1.069929
4.598230 -4.011464 -1.073570
4.621975 -3.987976 -1.062078
4.625932 -3.987703 -1.068539
4.648206 -3.970952 -1.080789
4.673306 -3.938481 -1.077094
4.671391 -3.931360 -1.049174
4.680270 -3.901660 -1.068987
4.693514 -3.920782 -1.059460
4.704050 -3.897352 -1.072072
4.716610 -3.851124 -1.077326
4.744010 -3.850571 -1.044919
4.745521 -3.844496 -1.064320
4.748220 -3.823359 -1.067695
4.758573 -3.818677 -1.097894
4.761837 -3.817618 -1.058502
4.789689 -3.788509 -1.066084
4.810284 -3.796345 -1.078485
4.818287 -3.767071 -1.078814
4.818051 -3.742447 -1.066545
4.833163 -3.747520 -1.070388
4.841480 -3.708199 -1.056101
4.853587 -3.700550 -1.075689
4.873407 -3.674808 -1.069536
4.868838 -3.684086 -1.055284
4.882361 -3.646748 -1.057272
4.908655 -3.627208 -1.061454
4.899998 -3.617681 -1.049134
4.929011 -3.609809 -1.073002
4.939809 -3.604082 -1.049257
4.948691 -3.588611 -1.075283
4.954864 -3.559382 -1.081993
4.954660 -3.538589 -1.061544
4.960000 -3.527234 -1.078105
4.972896 -3.515805 -1.090295
5.006747 -3.499369 -1.080447
5.015173 -3.501367 -1.095196
5.014024 -3.475346 -1.063500
5.036497 -3.463547 -1.064223
5.026049 -3.450434 -1.058955
5.045942 -3.432732 -1.074272
5.059586 -3.418031 -1.067454
5.058737 -3.375563 -1.067126
5.070243 -3.390977 -1.060987
5.084551 -3.357061 -1.062858
5.110179 -3.355954 -1.054920
5.126754 -3.322667 -1.066614
5.128923 -3.309191 -1.081504
5.114681 -3.293052 -1.068268
5.148145 -3.283376 -1.074928
4.795944 -3.054724 -0.993292
4.791919 -3.029841 -0.974255
4.825613 -3.009690 -0.993908
4.826244 -3.006246 -0.982428
5.187672 -3.203880 -1.074557
5.203798 -3.186088 -1.067556
5.229445 -3.160610 -1.085275
5.223390 -3.140804 -1.079201
5.216984 -3.134460 -1.069876
5.246307 -3.130856 -1.082273
5.242362 -3.113885 -1.097768
5.268530 -3.076811 -1.076139
5.249834 -3.054359 -1.074476
5.284276 -3.036351 -1.067890
5.284567 -3.039625 -1.083156
5.303076 -3.043613 -1.056363
5.301356 -3.024276 -1.044473
5.329979 -2.987625 -1.091318
5.332173 -2.973912 -1.081097
5.331222 -2.958938 -1.075700
5.345113 -2.938188 -1.076272
5.344051 -2.933560 -1.065567
5.365377 -2.901239 -1.074509
5.373678 -2.871439 -1.074570
5.408581 -2.879915 -1.073316
5.384567 -2.868924 -1.061249
5.326708 -2.799660 -1.045672
5.321061 -2.793716 -1.047323
5.370171 -2.797576 -1.054661
5.421236 -2.803877 -1.071544
5.375095 -2.745254 -1.050442
5.438747 -2.765279 -1.065909
5.431211 -2.761737 -1.061185
5.471390 -2.729094 -1.080949
5.460005 -2.712141 -1.066428
5.476076 -2.690235 -1.072038
5.503828 -2.674822 -1.039553
5.493889 -2.682064 -1.072143
5.484119 -2.638900 -1.070584
5.500181 -2.605725 -1.061311
5.512110 -2.599242 -1.078569
5.521353 -2.606954 -1.047066
5.523410 -2.576679 -1.065382
5.544322 -2.557109 -1.062132
5.553242 -2.532428 -1.074239
5.552004 -2.522863 -1.064681
5.566820 -2.510867 -1.066498
5.562841 -2.501540 -1.068585
5.571442 -2.470958 -1.090696
5.595166 -2.442051 -1.076160
5.605764 -2.440500 -1.073568
5.608542 -2.417899 -1.073936
5.625003 -2.394844 -1.079052
5.613708 -2.381864 -1.077291
5.634062 -2.374908 -1.069893
5.624192 -2.370028 -1.057827
5.614347 -2.353161 -1.070801
5.642572 -2.322329 -1.056296
5.641131 -2.318938 -1.048089
5.659319 -2.298357 -1.073452
5.667945 -2.266886 -1.086528
5.657025 -2.269128 -1.080864
4.430873 -1.743585 -0.847239
4.432221 -1.723984 -0.826428
4.438098 -1.702581 -0.832681
4.472493 -1.712664 -0.843056
5.706744 -2.172318 -1.063887
5.725558 -2.134346 -1.072607
5.726432 -2.136184 -1.072376
5.745276 -2.120019 -1.062835
5.747851 -2.083162 -1.052402
5.739835 -2.071777 -1.076544
5.759957 -2.029724 -1.080933
5.742353 -2.031918 -1.056826
5.736987 -2.027972 -1.080543
5.761092 -2.011529 -1.062016
5.770274 -1.988517 -1.075374
5.781463 -1.979453 -1.065132
5.776290 -1.938741 -1.069317
5.791342 -1.928409 -1.078233
5.788619 -1.921739 -1.069863
5.789626 -1.913759 -1.060593
5.476974 -1.775446 -1.008430
5.456281 -1.752690 -0.996017
5.453893 -1.717280 -1.020054
5.475685 -1.718047 -1.040632
5.475284 -1.692235 -1.006185
5.489145 -1.680070 -1.010172
5.491911 -1.673324 -1.019261
5.506070 -1.673987 -1.004326
5.832463 -1.723688 -1.089229
5.840504 -1.728374 -1.055148
5.865876 -1.701693 -1.070999
5.872311 -1.696028 -1.071405
5.877301 -1.648554 -1.072280
5.865694 -1.682411 -1.072267
5.896538 -1.620693 -1.075554
5.874002 -1.599003 -1.063069
5.907486 -1.606027 -1.074726
5.902140 -1.575253 -1.083004
5.903608 -1.556859 -1.078648
5.908274 -1.543864 -1.067603
5.907397 -1.521815 -1.046973
5.905603 -1.523029 -1.072172
5.922635 -1.509607 -1.073783
5.929106 -1.443161 -1.068648
5.930719 -1.435385 -1.050004
5.936766 -1.423683 -1.069029
5.928408 -1.405538 -1.050382
5.936323 -1.421347 -1.076471
5.947630 -1.374705 -1.061800
5.947778 -1.363121 -1.064644
5.948492 -1.337092 -1.073975
5.960158 -1.325133 -1.056863
5.943575 -1.309804 -1.077345
5.967495 -1.282752 -1.069003
5.981959 -1.256717 -1.065662
5.973347 -1.242981 -1.070292
5.964882 -1.222141 -1.060275
5.987625 -1.222416 -1.075265
5.982504 -1.198401 -1.065455
5.978273 -1.177499 -1.053017
6.001630 -1.156923 -1.068372
6.017794 -1.135651 -1.067778
5.996751 -1.110883 -1.071054
6.008840 -1.094759 -1.068816
6.009611 -1.096048 -1.048167
6.015460 -1.065770 -1.042234
6.024022 -1.038729 -1.084355
6.008182 -1.031165 -1.057227
6.018228 -0.999673 -1.081510
6.036682 -0.988106 -1.071279
6.035281 -0.962810 -1.079325
6.011085 -0.963481 -1.076646
6.028129 -0.921040 -1.074134
6.047188 -0.906094 -1.078754
6.043839 -0.873308 -1.064811
6.028314 -0.866091 -1.067929
6.051673 -0.860137 -1.069996
6.028528 -0.845711 -1.070551
6.060118 -0.815442 -1.073200
6.045338 -0.815473 -1.072273
6.054576 -0.783270 -1.069518
6.069687 -0.759897 -1.080994
6.048376 -0.751890 -1.066271
6.058517 -0.721008 -1.082103
6.080943 -0.708694 -1.061537
6.069142 -0.687305 -1.065102
6.060309 -0.682051 -1.066304
6.066334 -0.658602 -1.069761
6.087324 -0.621728 -1.087697
6.071415 -0.620797 -1.075142
6.072922 -0.598923 -1.065684
6.073194 -0.602151 -1.072605
6.082759 -0.583283 -1.058874
6.071732 -0.551396 -1.070962
6.101442 -0.508059 -1.048218
6.082127 -0.516987 -1.081783
6.095165 -0.473922 -1.075246
6.075233 -0.462417 -1.066210
6.093614 -0.443198 -1.054439
6.082176 -0.432440 -1.079205
6.075423 -0.401822 -1.091973
6.090399 -0.415662 -1.046745
6.108305 -0.381256 -1.069008
6.096439 -0.342024 -1.081551
6.096639 -0.327535 -1.066809
6.094031 -0.312198 -1.082532
6.085928 -0.305017 -1.062067
6.094121 -0.264053 -1.054414
6.107440 -0.247963 -1.079116
6.094466 -0.239500 -1.060500
6.085588 -0.205451 -1.064227
6.094880 -0.208233 -1.053537
6.103240 -0.200614 -1.074363
6.105373 -0.158274 -1.067348
6.094603 -0.152106 -1.067153
6.099357 -0.122568 -1.053985
6.085601 -0.102103 -1.074367
6.113249 -0.100904 -1.074691
6.102669 -0.095605 -1.067067
6.122802 -0.070895 -1.073748
6.108299 -0.035754 -1.078487
6.098700 -0.027304 -1.075279
6.083893 0.025029 -1.054992
6.102594 0.020083 -1.078593
6.117481 0.039233 -1.079384
6.100747 0.051726 -1.097273
6.105242 0.091147 -1.076981
6.084734 0.096839 -1.069834
6.121857 0.106392 -1.067501
6.104690 0.117578 -1.064521
6.099087 0.144975 -1.071367
6.096393 0.153345 -1.075812
6.097154 0.200966 -1.089966
6.092862 0.184118 -1.077643
6.111560 0.238907 -1.083329
6.097175 0.245445 -1.032987
6.108857 0.253232 -1.067787
6.108678 0.289499 -1.070587
6.095319 0.300400 -1.056852
6.091042 0.313852 -1.081226
6.101064 0.335611 -1.079100
6.096509 0.353541 -1.072524
6.103434 0.375388 -1.057570
6.099895 0.401787 -1.070618
6.098248 0.412981 -1.067869
6.101350 0.422651 -1.069177
6.088978 0.450038 -1.062925
6.079430 0.477136 -1.080086
6.092460 0.499602 -1.081301
6.093955 0.523195 -1.062507
6.068058 0.520735 -1.060265
6.089018 0.544196 -1.081471
6.078578 0.582594 -1.078245
6.091414 0.602303 -1.080531
6.058625 0.599530 -1.083624
6.069877 0.642346 -1.052088
6.083260 0.644521 -1.080575
6.073195 0.650236 -1.074775
6.072233 0.673084 -1.082434
6.058288 0.682087 -1.055936
6.064339 0.706870 -1.063025
6.033943 0.744295 -1.066775
6.044807 0.727234 -1.082808
6.048246 0.776440 -1.078322
6.040751 0.773419 -1.062924
6.035933 0.806380 -1.061031
6.053466 0.841659 -1.081086
6.046592 0.829575 -1.055752
6.047733 0.859143 -1.080374
6.042573 0.876561 -1.082068
6.033970 0.896586 -1.066220
6.033917 0.911415 -1.061450
6.018068 0.932971 -1.050476
6.044398 0.922964 -1.073714
6.020538 0.962323 -1.065105
6.020542 0.985946 -1.056210
6.008556 1.003997 -1.081659
6.022864 1.018513 -1.062478
6.002031 1.049949 -1.077954
6.012736 1.061029 -1.075610
6.026265 1.076138 -1.081448
5.991530 1.087105 -1.059383
6.002138 1.119734 -1.068311
5.988201 1.130666 -1.082129
5.989451 1.160062 -1.067889
5.982872 1.178976 -1.071106
5.963959 1.181435 -1.055089
5.978306 1.205569 -1.068233
5.992186 1.238249 -1.089414
5.975740 1.239651 -1.076148
5.975204 1.265251 -1.084232
5.965490 1.296771 -1.078189
5.981764 1.301167 -1.059913
5.951309 1.322428 -1.037799
5.954821 1.343647 -1.073172
5.951980 1.360895 -1.070014
5.944890 1.392970 -1.054896
5.944279 1.391705 -1.075856
5.942555 1.412269 -1.054618
5.921440 1.432396 -1.061911
5.920721 1.441957 -1.073717
5.925328 1.476146 -1.066804
5.919353 1.495419 -1.061161
5.920017 1.511981 -1.058036
5.913943 1.513756 -1.073714
5.908651 1.551239 -1.073918
5.915369 1.566281 -1.086112
5.892056 1.583897 -1.075958
5.905807 1.590920 -1.061498
5.899378 1.619527 -1.059739
5.861999 1.636588 -1.047972
5.866244 1.654212 -1.046780
5.853661 1.658457 -1.061281
5.873508 1.683632 -1.073228
5.860089 1.718267 -1.053902
5.848641 1.711052 -1.061354
5.865461 1.735714 -1.069762
5.845525 1.749123 -1.050876
5.840441 1.772073 -1.068910
5.586255 1.720438 -1.047471
5.536655 1.703285 -1.016838
5.503955 1.737484 -1.018894
5.508786 1.750483 -1.008186
5.483851 1.768157 -1.001008
5.492414 1.783358 -0.989985
5.493833 1.784321 -1.026720
5.494871 1.812704 -1.015019
5.783630 1.930198 -1.080381
5.768605 1.942652 -1.070208
5.784117 1.974389 -1.063227
5.781455 1.993029 -1.072469
5.745633 2.000639 -1.065542
5.754887 2.033243 -1.048014
5.752998 2.038586 -1.067523
5.750386 2.057241 -1.075647
5.757871 2.087135 -1.084143
5.736872 2.100337 -1.069062
5.736491 2.095481 -1.075141
5.718955 2.117143 -1.089558
5.703354 2.132066 -1.075135
5.717446 2.154476 -1.067106
5.699631 2.182213 -1.076193
5.723717 2.207720 -1.077340
4.441892 1.718610 -0.851128
4.448810 1.738111 -0.832777
4.431095 1.768659 -0.824271
4.430388 1.766168 -0.834073
5.652222 2.294311 -1.070502
5.649777 2.307657 -1.067660
5.633139 2.316180 -1.065035
5.653390 2.344365 -1.065744
5.642572 2.347362 -1.071297
5.628827 2.370241 -1.070536
5.637178 2.376874 -1.077325
5.595033 2.407553 -1.070839
5.587209 2.420738 -1.081593
5.592485 2.465232 -1.051641
5.611143 2.461430 -1.067538
5.572620 2.483845 -1.065363
5.582918 2.491399 -1.067806
5.553142 2.508549 -1.072368
5.562816 2.533867 -1.057350
5.557697 2.528035 -1.075480
5.528645 2.563765 -1.076460
5.537084 2.570407 -1.074833
5.515521 2.599374 -1.076291
5.529279 2.614356 -1.079152
5.508395 2.614747 -1.064864
5.494823 2.636431 -1.071249
5.496834 2.648627 -1.057413
5.498383 2.677486 -1.082912
5.478038 2.691522 -1.061693
5.457673 2.707318 -1.074109
5.471735 2.743523 -1.071084
5.453938 2.742933 -1.081920
5.454550 2.768636 -1.067066
5.431115 2.779354 -1.068793
5.430394 2.793244 -1.052945
5.412096 2.835912 -1.055781
5.424997 2.833095 -1.079646
5.397133 2.838650 -1.058219
5.393304 2.866795 -1.070932
5.373505 2.870942 -1.077291
5.384642 2.880238 -1.063537
5.370108 2.925077 -1.058891
5.357624 2.929451 -1.066895
5.343606 2.948165 -1.055826
5.342774 2.949390 -1.050634
5.341413 2.976952 -1.070901
5.316476 2.982227 -1.071064
5.308916 3.013855 -1.070822
5.299812 3.016209 -1.059669
5.280035 3.035753 -1.058884
5.291529 3.065465 -1.072297
5.278284 3.085266 -1.076400
5.253859 3.092264 -1.077581
5.237038 3.100364 -1.083158
5.232720 3.123455 -1.056091
5.232651 3.134609 -1.063549
5.236677 3.159151 -1.060289
5.227285 3.150731 -1.072125
5.200189 3.180559 -1.086712
5.201796 3.200219 -1.072492
5.170367 3.216721 -1.080367
5.170782 3.252091 -1.076671
5.143416 3.254430 -1.051001
5.153792 3.270734 -1.060798
5.137123 3.294167 -1.068450
5.152250 3.300880 -1.074912
5.104916 3.317151 -1.084490
5.109304 3.307718 -1.059729
5.116265 3.328934 -1.067274
5.092655 3.359696 -1.062094
5.069317 3.375422 -1.066041
5.083427 3.403440 -1.077233
5.056653 3.409458 -1.060475
5.046437 3.426342 -1.085846
5.038223 3.451335 -1.060413
5.052195 3.470346 -1.075741
4.999884 3.451858 -1.054546
5.006074 3.474926 -1.054750
5.000231 3.502212 -1.084924
4.996374 3.532491 -1.061935
4.965149 3.510010 -1.072599
4.955884 3.533782 -1.071131
4.947162 3.567754 -1.053268
4.941792 3.568481 -1.060634
4.950311 3.584589 -1.076366
4.889232 3.606723 -1.076031
4.898836 3.633028 -1.069673
4.901288 3.657799 -1.057676
4.908149 3.681399 -1.075436
4.881700 3.654331 -1.060268
4.873277 3.673900 -1.067416
4.845527 3.679286 -1.065823
4.850489 3.716370 -1.069905
4.831923 3.734773 -1.072785
4.819002 3.760265 -1.073354
4.812706 3.756055 -1.066402
4.803617 3.776772 -1.078182
4.798618 3.797496 -1.074021
4.794050 3.819632 -1.068316
4.757888 3.817490 -1.080711
4.764809 3.850841 -1.072312
4.735246 3.845463 -1.066688
4.730678 3.852629 -1.057257
4.709112 3.872514 -1.062273
4.698158 3.889772 -1.064061
4.706152 3.912007 -1.074872
4.685785 3.931556 -1.095898
4.667375 3.924798 -1.063256
4.655004 3.939676 -1.072693
4.642066 3.953486 -1.066416
4.623057 3.975916 -1.075362
4.625121 4.012254 -1.084454
4.613663 4.014719 -1.065231
4.595186 4.016118 -1.056734
4.586085 4.038068 -1.078189
4.569618 4.053370 -1.052138
4.536996 4.086164 -1.073233
4.545431 4.070418 -1.078729
4.529398 4.077107 -1.059289
4.520490 4.110677 -1.074621
4.512359 4.110534 -1.065657
4.493373 4.105807 -1.049253
4.472705 4.142437 -1.066474
4.474226 4.153167 -1.064133
4.461009 4.167532 -1.058960
4.433312 4.170724 -1.056861
4.419875 4.201343 -1.056218
4.413816 4.225646 -1.083228
4.392941 4.221015 -1.074684
4.396088 4.244092 -1.086324
4.382767 4.254009 -1.074793
4.366329 4.244523 -1.068243
4.346087 4.281590 -1.072733
4.343057 4.299980 -1.053934
4.325602 4.319721 -1.081997
4.321328 4.306152 -1.070820
4.316154 4.346328 -1.078491
4.271619 4.337794 -1.071707
4.273072 4.346816 -1.074384
4.267330 4.367031 -1.067326
4.264155 4.395361 -1.057537
4.239647 4.410322 -1.068902
4.218785 4.415755 -1.086082
4.201778 4.413472 -1.068144
4.199172 4.441837 -1.050073
4.172478 4.457134 -1.070269
4.152601 4.448827 -1.055110
4.163347 4.473674 -1.073141
4.148986 4.481831 -1.068690
4.113062 4.502938 -1.080496
4.112302 4.532918 -1.058104
4.082254 4.526917 -1.074727
4.071153 4.543216 -1.075868
4.094678 4.564070 -1.065362
4.057019 4.548010 -1.066884
4.032945 4.575449 -1.072600
4.025835 4.585773 -1.069141
4.020018 4.592290 -1.076573
4.005872 4.596139 -1.061281
3.991509 4.620844 -1.080992
3.960064 4.628153 -1.077184
3.944202 4.657705 -1.082616
3.942978 4.683765 -1.070592
3.920697 4.673459 -1.074448
3.931943 4.678834 -1.078914
3.882279 4.693314 -1.069697
3.893958 4.714637 -1.069853
3.875322 4.716818 -1.078614
3.856686 4.750603 -1.065077
3.838644 4.747076 -1.067852
3.814561 4.759403 -1.066097
3.811971 4.760874 -1.076452
3.805885 4.767588 -1.072750
3.771253 4.779584 -1.074953
3.767131 4.816371 -1.068729
3.752631 4.810535 -1.075290
3.737811 4.808602 -1.086430
3.727181 4.826679 -1.081895
3.690268 4.859815 -1.056581
3.689490 4.868698 -1.069937
3.687164 4.877590 -1.054945
3.661712 4.883458 -1.078644
3.650152 4.902824 -1.063184
3.641813 4.896294 -1.052029
3.614756 4.926851 -1.082180
3.596534 4.925058 -1.049897
3.587578 4.923898 -1.071679
3.553863 4.943656 -1.073579
3.587502 4.963081 -1.073542
3.541403 4.957912 -1.077058
3.515799 4.994011 -1.070574
3.517091 4.991570 -1.065231
3.501984 5.002997 -1.071661
3.497320 5.018676 -1.072442
3.462342 5.027944 -1.070439
3.438785 5.053840 -1.070877
3.434567 5.048763 -1.086993
3.419221 5.079907 -1.092207
3.417674 5.070559 -1.053406
3.395190 5.072617 -1.074660
3.380752 5.076521 -1.077400
3.363651 5.103797 -1.054581
3.341110 5.111624 -1.088019
3.318535 5.134842 -1.077980
3.315418 5.128671 -1.064185
3.266249 5.137293 -1.057978
3.268387 5.148725 -1.076532
3.254277 5.144717 -1.067039
3.244558 5.169936 -1.069941
3.220118 5.189795 -1.056311
3.218251 5.195895 -1.063956
3.179103 5.207992 -1.064448
3.185212 5.199913 -1.086618
3.163313 5.218531 -1.077995
3.141075 5.212035 -1.077325
3.133150 5.233354 -1.077796
3.107225 5.238970 -1.063829
3.102697 5.253295 -1.072213
3.070591 5.266493 -1.066099
3.072912 5.263567 -1.061674
3.057227 5.293214 -1.055636
3.022903 5.298065 -1.059174
3.025296 5.296199 -1.070157
3.001851 5.294653 -1.075234
2.982528 5.337255 -1.058513
2.977307 5.343885 -1.070765
2.964790 5.350787 -1.064554
2.948079 5.354356 -1.071263
2.903826 5.351052 -1.066774
2.914198 5.361156 -1.060697
2.864884 5.370367 -1.080513
2.882655 5.398178 -1.077120
2.859215 5.404199 -1.064096
2.816864 5.387265 -1.075655
2.812766 5.397485 -1.079315
2.803449 5.423532 -1.086484
2.792189 5.415710 -1.066192
2.778195 5.429182 -1.079926
2.745126 5.442761 -1.070593
2.730565 5.447309 -1.076366
2.721606 5.469015 -1.070922
2.703652 5.479868 -1.076618
2.668510 5.463471 -1.070529
2.662055 5.466777 -1.063207
2.645949 5.447803 -1.068111
2.604595 5.449302 -1.066922
2.579200 5.471487 -1.082633
2.582923 5.465755 -1.056426
2.556983 5.466923 -1.061482
2.533889 5.470315 -1.054491
2.503538 5.463339 -1.045479
2.504728 5.460729 -1.072038
2.477180 5.448085 -1.075358
2.475108 5.456002 -1.046178
2.446354 5.457863 -1.051952
2.411264 5.471817 -1.060941
2.398312 5.460490 -1.049951
2.362879 5.464823 -1.051784
2.356097 5.462584 -1.030938
2.343867 5.451751 -1.035381
2.312080 5.476506 -1.036765
2.302192 5.477401 -1.020729
2.269808 5.471877 -1.048579
2.261794 5.455145 -1.038727
2.235246 5.474174 -1.025086
2.221244 5.487957 -1.027656
2.201672 5.472617 -1.037824
2.161165 5.479337 -1.031564
2.157254 5.474571 -1.016130
2.140933 5.462729 -1.040695
2.127651 5.443039 -1.016106
2.109182 5.454792 -1.014922
2.095753 5.451880 -1.027083
2.068099 5.473107 -1.026399
2.041551 5.473206 -1.021043
2.023990 5.472163 -1.028663
2.004344 5.471323 -1.031604
1.985903 5.468472 -1.049437
1.965515 5.477793 -1.017080
1.961388 5.485412 -1.025439
1.939042 5.470298 -1.024623
1.920937 5.461496 -1.023844
1.893051 5.480733 -1.007295
1.880457 5.448148 -1.002650
1.858451 5.455651 -1.019706
1.842235 5.452009 -1.017086
1.804585 5.485806 -0.995224
1.828722 5.459773 -1.011351
1.793079 5.463962 -1.002133
1.762165 5.461633 -0.997481
1.753585 5.477320 -1.006351
1.719782 5.459197 -1.003092
1.703651 5.467214 -1.021094
1.677883 5.460959 -1.015012
1.680376 5.445237 -0.997312
1.657200 5.472472 -0.999067
1.646119 5.458019 -1.010492
1.616970 5.445536 -1.009070
1.587306 5.473060 -0.991106
1.582018 5.468986 -0.999124
1.543472 5.457240 -0.982328
1.546613 5.459734 -0.984423
1.532115 5.452229 -0.998990
1.501963 5.467712 -0.986689
1.487099 5.456924 -1.005603
1.483054 5.472518 -0.975099
1.454952 5.468358 -0.991655
1.444263 5.469554 -0.991490
1.415722 5.476298 -0.990562
1.390803 5.446599 -0.989265
1.371857 5.489395 -0.992104
1.370380 5.462744 -0.983193
1.332703 5.468926 -0.982262
1.325726 5.462684 -0.976025
1.321191 5.458389 -0.986663
1.277740 5.472345 -0.998167
1.301489 5.472785 -0.968657
1.247466 5.483384 -0.979155
1.244802 5.484251 -0.970972
1.232513 5.485764 -0.973249
1.222515 5.465117 -0.977513
1.178855 5.479030 -0.982619
1.171960 5.469049 -0.975445
1.150539 5.452438 -0.969549
1.133468 5.469975 -0.967700
1.116548 5.465542 -0.990693
1.085892 5.472243 -0.969789
1.075772 5.453375 -0.971004
1.073449 5.470505 -0.977491
1.028444 5.458354 -0.971361
1.023216 5.475204 -0.966076
1.018168 5.462870 -0.987203
1.007937 5.473486 -0.958640
0.972224 5.472561 -0.964351
0.970420 5.493223 -0.955422
0.943092 5.484939 -0.962281
0.929445 5.490306 -0.969609
0.896435 5.462356 -0.955381
0.870345 5.475800 -0.972201
0.874271 5.458376 -0.953619
0.844749 5.490683 -0.980604
0.863734 5.474864 -0.973034
0.836278 5.464161 -0.962410
0.818004 5.438086 -0.978241
0.782449 5.492234 -0.984158
0.776146 5.468840 -0.981310
0.738939 5.479452 -0.973144
0.720158 5.471028 -0.962608
0.707213 5.481084 -0.965496
0.698578 5.476003 -0.949313
0.673080 5.485091 -0.959519
0.669240 5.485389 -0.980426
0.657042 5.482346 -0.971478
0.642913 5.464915 -0.977599
0.608961 5.461800 -0.974482
0.600910 5.472544 -0.976961
0.586581 5.482345 -0.956264
0.569804 5.459918 -0.966990
0.542664 5.470862 -0.966112
0.546722 5.453979 -0.974210
0.512005 5.470605 -0.964539
0.488515 5.484292 -0.967311
0.482839 5.471431 -0.961510
0.457127 5.494892 -0.957449
0.440594 5.472194 -0.957822
0.422806 5.466207 -0.964252
0.406458 5.471547 -0.963714
0.415379 5.474580 -0.969247
0.367104 5.484689 -0.968197
0.358617 5.474404 -0.973884
0.363862 5.477639 -0.961819
0.340641 5.479191 -0.970486
0.294530 5.480056 -0.960031
0.290619 5.481285 -0.951129
0.273805 5.494033 -0.958520
0.255559 5.460864 -0.965416
0.249139 5.482873 -0.957384
0.224253 5.465226 -0.972132
0.226112 5.479640 -0.973317
0.177644 5.464100 -0.965132
0.186209 5.481069 -0.959114
0.170789 5.479393 -0.950992
0.141186 5.481595 -0.936101
0.123501 5.465814 -0.963560
0.107290 5.479980 -0.958626
0.085504 5.473350 -0.943788
0.082614 5.457916 -0.952409
0.047400 5.467951 -0.965744
0.055290 5.482071 -0.951859
0.042401 5.466115 -0.969983
0.008159 5.494624 -0.955802
0.008726 5.477479 -0.969040
0.011271 -4.434272 -0.742896
0.023128 -4.422647 -0.741673
0.026472 -4.444620 -0.729536
0.031448 -4.420599 -0.756142
0.057077 -4.426445 -0.728211
0.077311 -4.437288 -0.742152
0.112832 -4.439277 -0.744602
0.105268 -4.423247 -0.723749
0.120504 -4.398995 -0.722609
0.156305 -4.429566 -0.747765
0.128932 -4.458005 -0.739447
0.165189 -4.418881 -0.714473
0.180029 -4.436681 -0.734214
0.175780 -4.418340 -0.741608
0.174425 -4.421861 -0.756176
0.219541 -4.425779 -0.752137
0.218528 -4.418732 -0.757175
0.237061 -4.425271 -0.737361
0.249890 -4.422687 -0.740195
0.278952 -4.430056 -0.738389
0.278384 -4.430657 -0.732895
0.285469 -4.427557 -0.745254
0.322878 -4.440377 -0.752280
0.328572 -4.421574 -0.749266
0.331359 -4.430453 -0.733024
0.334616 -4.414036 -0.734837
0.354737 -4.409914 -0.721683
0.356684 -4.430161 -0.736972
0.400316 -4.422071 -0.716246
0.392247 -4.426259 -0.724522
0.422745 -4.414241 -0.739998
0.435343 -4.432111 -0.738996
0.450128 -4.413279 -0.739856
0.462726 -4.409738 -0.742205
0.475652 -4.414805 -0.755408
0.472660 -4.425170 -0.755533
0.490466 -4.418277 -0.730665
0.491960 -4.423554 -0.739698
0.531067 -4.417869 -0.746721
0.526598 -4.409136 -0.749256
0.553658 -4.414045 -0.741276
0.572217 -4.398157 -0.736851
0.576485 -4.412537 -0.736506
0.587036 -4.389648 -0.738403
0.579592 -4.406308 -0.736370
0.617449 -4.422267 -0.753550
0.639390 -4.405871 -0.743772
0.658340 -4.405124 -0.759587
0.663239 -4.408125 -0.728784
0.685627 -4.406688 -0.724715
0.686121 -4.399967 -0.749302
0.712236 -4.407707 -0.749727
0.720019 -4.396994 -0.746460
0.719787 -4.404035 -0.744051
0.740506 -4.407561 -0.748137
0.770207 -4.402166 -0.741682
0.790149 -4.380039 -0.752051
0.791076 -4.393419 -0.745900
0.812563 -4.403961 -0.724915
0.818161 -4.381887 -0.764395
0.837397 -4.393973 -0.733198
0.820837 -4.383967 -0.737786
0.855139 -4.379660 -0.748015
0.854705 -4.398180 -0.741720
0.876986 -4.398343 -0.753019
0.920937 -4.386299 -0.744499
0.919441 -4.396047 -0.737139
0.923694 -4.399527 -0.731123
0.931934 -4.396211 -0.727586
0.951847 -4.366873 -0.739815
0.961991 -4.396140 -0.739517
0.974148 -4.384062 -0.746905
0.980637 -4.397325 -0.757071
1.015976 -4.373381 -0.743805
1.015978 -4.368794 -0.735954
1.040881 -4.384982 -0.737143
1.051089 -4.373864 -0.751107
1.075518 -4.367065 -0.763593
1.089273 -4.382256 -0.744294
1.095348 -4.384876 -0.764956
1.110138 -4.383142 -0.764976
1.126692 -4.367993 -0.740894
1.130595 -4.384811 -0.755953
1.141129 -4.377325 -0.767197
1.166741 -4.376714 -0.759998
1.167330 -4.382959 -0.750146
1.179354 -4.372190 -0.767086
1.219055 -4.383783 -0.748180
1.189413 -4.376699 -0.731064
1.236155 -4.361431 -0.744089
1.256028 -4.384707 -0.750009
1.247428 -4.364351 -0.743304
1.263261 -4.390839 -0.749564
1.289758 -4.361635 -0.768132
1.291611 -4.348860 -0.764655
1.311010 -4.372165 -0.771173
1.356664 -4.376859 -0.763773
1.349754 -4.352897 -0.751427
1.372514 -4.358763 -0.750446
1.359393 -4.380649 -0.737450
1.383799 -4.354409 -0.750246
1.409164 -4.342364 -0.751618
1.439594 -4.374324 -0.757168
1.427969 -4.362280 -0.746869
1.442750 -4.334752 -0.776113
1.466534 -4.351988 -0.745144
1.498003 -4.347447 -0.760355
1.490632 -4.342291 -0.762256
1.498881 -4.355056 -0.771044
1.521632 -4.343280 -0.756927
1.536973 -4.350646 -0.780113
1.557738 -4.335959 -0.766375
1.587516 -4.345600 -0.773099
1.573051 -4.333613 -0.768358
1.594366 -4.342959 -0.752724
1.598013 -4.335594 -0.755345
1.610851 -4.347534 -0.758994
1.627631 -4.330967 -0.775678
1.663537 -4.337528 -0.771293
1.662673 -4.344512 -0.776870
1.678918 -4.344757 -0.790541
1.715363 -4.347407 -0.780861
1.703491 -4.335547 -0.772608
1.731094 -4.336415 -0.765359
1.737621 -4.338638 -0.786680
1.745533 -4.327198 -0.775281
1.769974 -4.319776 -0.777509
1.795831 -4.323912 -0.777262
1.798714 -4.324763 -0.778700
1.802831 -4.310208 -0.785562
1.834311 -4.330662 -0.765466
1.834614 -4.312267 -0.779086
1.861629 -4.340853 -0.780955
1.885284 -4.310525 -0.785234
1.908119 -4.328790 -0.778688
1.918233 -4.318926 -0.800318
1.915088 -4.317867 -0.781755
1.951381 -4.308731 -0.778632
1.960889 -4.318701 -0.790447
1.963467 -4.308517 -0.786670
1.986699 -4.294118 -0.777202
2.019721 -4.309386 -0.785739
2.012342 -4.297367 -0.806435
2.032448 -4.306801 -0.800008
2.035892 -4.281314 -0.794968
2.062564 -4.303325 -0.791637
2.065971 -4.314040 -0.796053
2.096786 -4.302658 -0.781892
2.099114 -4.299123 -0.803756
2.134723 -4.290824 -0.789183
2.144834 -4.287360 -0.793740
2.159311 -4.274384 -0.801440
2.179306 -4.292641 -0.797741
2.196132 -4.305748 -0.804251
2.208035 -4.290151 -0.803945
2.210964 -4.297717 -0.820105
2.244575 -4.281624 -0.806638
2.250809 -4.287410 -0.791534
2.268792 -4.289690 -0.809192
2.296486 -4.287426 -0.799013
2.307345 -4.285836 -0.811230
2.314760 -4.300023 -0.821630
2.338434 -4.281029 -0.802672
2.360195 -4.294100 -0.807605
2.368330 -4.282190 -0.820131
2.390220 -4.270201 -0.813086
2.402802 -4.275167 -0.789918
2.412293 -4.279467 -0.805929
2.425244 -4.258240 -0.846686
2.456996 -4.257577 -0.822809
2.451477 -4.268838 -0.812517
2.497646 -4.259542 -0.815166
2.491099 -4.254473 -0.841998
2.518236 -4.268564 -0.817878
2.527904 -4.261703 -0.828526
2.535349 -4.253447 -0.813444
2.567583 -4.255937 -0.834247
2.590448 -4.251497 -0.844006
2.586945 -4.251781 -0.830265
2.592608 -4.273725 -0.840507
2.638839 -4.247108 -0.827180
2.635172 -4.253695 -0.836692
2.667276 -4.251955 -0.827171
2.672469 -4.225873 -0.830413
2.707419 -4.219411 -0.821194
2.712525 -4.233316 -0.828020
2.732306 -4.242537 -0.836530
2.756392 -4.245824 -0.831059
2.769016 -4.239831 -0.839946
2.762525 -4.235835 -0.843816
2.827447 -4.226877 -0.827363
2.844062 -4.231154 -0.842410
2.835840 -4.208251 -0.815644
2.840301 -4.217487 -0.839319
2.866338 -4.208325 -0.843025
2.889914 -4.211170 -0.852210
2.905072 -4.201646 -0.849369
2.923495 -4.207275 -0.852438
2.926853 -4.198359 -0.860904
2.950838 -4.203366 -0.842294
2.992143 -4.194395 -0.856763
2.998708 -4.204584 -0.857837
3.019805 -4.191746 -0.861525
3.017386 -4.199495 -0.871536
3.043475 -4.205615 -0.871205
3.055174 -4.189305 -0.868579
3.085407 -4.191361 -0.852444
3.092146 -4.181531 -0.886271
3.119993 -4.206497 -0.865057
3.129693 -4.184458 -0.877900
3.153186 -4.175139 -0.868840
3.171516 -4.177375 -0.869345
3.185878 -4.166489 -0.883793
3.230160 -4.186027 -0.866410
3.238724 -4.178876 -0.878977
3.269258 -4.165973 -0.869707
3.267716 -4.177804 -0.883056
3.303118 -4.161284 -0.852722
3.311430 -4.152355 -0.874370
3.320776 -4.160537 -0.886308
3.343979 -4.139719 -0.890800
3.367841 -4.158818 -0.891593
3.384180 -4.153456 -0.887567
3.394795 -4.164813 -0.877063
3.428987 -4.157865 -0.891403
3.442083 -4.151153 -0.890332
3.461806 -4.152674 -0.922160
3.484936 -4.142480 -0.875266
3.493533 -4.154150 -0.911856
3.532496 -4.133039 -0.899876
3.553233 -4.132321 -0.917308
3.552603 -4.146725 -0.917468
3.581592 -4.149780 -0.922300
3.601522 -4.116121 -0.887197
3.627575 -4.122207 -0.908784
3.650131 -4.125010 -0.908928
3.666513 -4.125688 -0.918143
3.704740 -4.103180 -0.918044
3.691004 -4.135718 -0.935239
3.726912 -4.112288 -0.925419
3.752225 -4.111301 -0.918566
3.769817 -4.105303 -0.918366
3.793973 -4.114002 -0.923660
3.814485 -4.132728 -0.924822
3.828428 -4.126772 -0.921003
3.849273 -4.114494 -0.939565
3.884263 -4.109981 -0.914764
3.872104 -4.095924 -0.930910
3.928553 -4.112854 -0.938496
3.940897 -4.113197 -0.937858
3.940786 -4.088029 -0.945201
3.971295 -4.070904 -0.944885
4.015706 -4.095628 -0.943414
4.038943 -4.091099 -0.939378
4.032897 -4.076181 -0.940707
4.058565 -4.069909 -0.965085
4.077666 -4.084495 -0.966283
4.118862 -4.058549 -0.956221
4.149496 -4.081962 -0.964596
4.162861 -4.072486 -0.967183
4.197275 -4.043921 -0.966129
4.201223 -4.033136 -0.986576
4.219608 -4.077507 -0.980083
4.243733 -4.060963 -0.963284
4.251482 -4.056056 -0.981726
4.296720 -4.051552 -0.986308
4.330647 -4.059978 -0.977570
4.347548 -4.051749 -1.002043
4.366848 -4.036486 -0.997917
4.392134 -4.036859 -0.995294
4.417198 -4.030479 -1.001235
4.440823 -4.034376 -1.001829
4.449220 -4.018918 -0.996354
4.484620 -4.034987 -1.019608
4.499870 -4.004062 -1.024451
4.540530 -4.017977 -0.996356
4.549869 -4.018238 -1.011051
4.587615 -4.025826 -1.020249
4.608872 -4.005112 -0.995487
4.647532 -4.026444 -0.997806
4.676891 -4.005014 -1.027124
4.694110 -4.004530 -1.000274
4.715152 -4.011081 -1.029906
4.738893 -4.002464 -1.020731
4.771861 -4.006780 -1.038343
4.791910 -3.998834 -1.028660
4.836674 -3.994894 -1.042317
4.872839 -4.003564 -1.029584
4.903118 -4.007967 -1.039908
4.938446 -3.992132 -1.053783
4.949134 -4.004536 -1.052872
5.001103 -3.997326 -1.059644
5.017980 -3.995384 -1.058706
5.017270 -3.950209 -1.051934
5.053515 -3.998634 -1.076671
5.075496 -3.963605 -1.070778
5.074952 -3.951535 -1.063721
5.083309 -3.926291 -1.080499
5.097053 -3.903256 -1.081410
5.111124 -3.884374 -1.080562
5.113257 -3.866269 -1.070408
5.126794 -3.892121 -1.092818
5.174653 -3.852203 -1.078221
5.149164 -3.850860 -1.069360
5.173973 -3.828789 -1.055746
5.179562 -3.807080 -1.079467
5.194485 -3.787054 -1.073687
5.213986 -3.762407 -1.052005
5.217080 -3.741776 -1.058598
5.237245 -3.745937 -1.069600
5.250466 -3.737112 -1.060013
5.014254 -3.520061 -1.021535
5.039476 -3.537041 -1.024986
5.071485 -3.540889 -1.013239
5.312673 -3.656623 -1.064445
5.303936 -3.638189 -1.062409
5.331456 -3.632864 -1.056402
5.318674 -3.609359 -1.085334
5.329616 -3.612533 -1.083088
5.361309 -3.574924 -1.074773
5.364519 -3.554904 -1.070476
5.374363 -3.517985 -1.062440
5.361467 -3.539310 -1.070489
5.395473 -3.512343 -1.058682
5.401219 -3.485995 -1.057773
5.410716 -3.496233 -1.088656
5.424358 -3.455915 -1.076468
4.819112 -3.048573 -0.945504
4.792035 -3.040277 -0.958348
4.812856 -3.005893 -0.936460
4.856839 -2.990687 -0.945339
5.486179 -3.389275 -1.056317
5.496704 -3.364247 -1.082647
5.485091 -3.348962 -1.057307
5.510455 -3.325594 -1.048657
5.495849 -3.311234 -1.069343
5.530857 -3.282106 -1.071326
5.544190 -3.265790 -1.064658
5.542001 -3.256192 -1.059906
5.544963 -3.226895 -1.064129
5.543284 -3.230012 -1.063622
5.582405 -3.213521 -1.071794
5.573400 -3.187875 -1.054898
5.602738 -3.180756 -1.090923
5.605822 -3.159609 -1.092947
5.606145 -3.150975 -1.053069
5.638163 -3.148046 -1.069363
5.638777 -3.125494 -1.083070
5.645363 -3.087160 -1.060542
5.661386 -3.068400 -1.064131
5.668149 -3.048578 -1.063340
5.664912 -3.026155 -1.071653
5.678525 -3.019406 -1.061189
5.328478 -2.808460 -0.991759
5.329967 -2.799089 -0.987631
5.703617 -2.978441 -1.070863
5.723079 -2.936910 -1.066895
5.730357 -2.937153 -1.078247
5.752811 -2.914185 -1.081557
5.740784 -2.895135 -1.062612
5.737505 -2.860601 -1.065623
5.730476 -2.860903 -1.069209
5.782456 -2.846765 -1.064402
5.768644 -2.805759 -1.051522
5.774570 -2.806358 -1.064772
5.792156 -2.797446 -1.076867
5.816510 -2.767544 -1.066294
5.823842 -2.747128 -1.070320
5.819546 -2.744870 -1.078687
5.833313 -2.722684 -1.084420
5.829565 -2.701996 -1.072094
5.839555 -2.684158 -1.066836
5.869413 -2.654674 -1.055938
5.868986 -2.638069 -1.068836
5.874525 -2.627700 -1.061989
5.872613 -2.616793 -1.077839
5.895946 -2.583801 -1.068876
5.904694 -2.568384 -1.068117
5.898662 -2.537722 -1.083129
5.913375 -2.544666 -1.076900
5.909124 -2.519581 -1.078484
5.935069 -2.478502 -1.060130
5.945685 -2.497580 -1.075937
5.947992 -2.463007 -1.057755
5.950917 -2.426119 -1.065935
5.977216 -2.424028 -1.080275
5.960233 -2.393770 -1.064995
5.973420 -2.385417 -1.065823
6.004470 -2.361428 -1.074768
4.453161 -1.772222 -0.776452
4.458276 -1.726540 -0.808658
4.467651 -1.709516 -0.793431
6.011472 -2.303668 -1.050080
6.012494 -2.276712 -1.064899
6.015026 -2.245020 -1.078304
6.040837 -2.236017 -1.049827
6.032312 -2.218218 -1.071682
6.043045 -2.209707 -1.091906
6.067024 -2.186638 -1.062462
6.050548 -2.169584 -1.077383
6.052015 -2.128464 -1.074991
6.060321 -2.141276 -1.049411
6.076488 -2.108851 -1.063040
6.070477 -2.092061 -1.085061
6.095866 -2.087797 -1.066189
6.088891 -2.048567 -1.059375
6.094699 -2.039827 -1.071961
6.113552 -2.002594 -1.056837
6.118656 -2.011256 -1.077733
6.126545 -1.988250 -1.053462
5.472765 -1.770211 -0.956028
5.479230 -1.727120 -0.932886
5.462964 -1.709777 -0.952466
5.460735 -1.695182 -0.939915
5.484373 -1.686123 -0.964494
5.497711 -1.674670 -0.940130
6.151147 -1.826644 -1.069464
6.147945 -1.834052 -1.075408
6.177035 -1.814563 -1.077913
6.172327 -1.784422 -1.072377
6.180069 -1.779339 -1.075438
6.182627 -1.758839 -1.071036
6.185815 -1.738219 -1.054173
6.208217 -1.715094 -1.063455
6.198808 -1.710456 -1.065689
6.201678 -1.697109 -1.079001
6.203712 -1.661524 -1.071620
6.233235 -1.644601 -1.074994
6.223121 -1.626482 -1.066192
6.234753 -1.591972 -1.068120
6.214551 -1.592624 -1.074363
6.231794 -1.550215 -1.077396
6.239766 -1.543106 -1.057837
6.234061 -1.513197 -1.078318
6.242558 -1.494944 -1.066579
6.266094 -1.494653 -1.074193
6.267827 -1.478025 -1.066825
6.268944 -1.444736 -1.062349
6.267308 -1.417302 -1.062075
6.264148 -1.402898 -1.069158
6.279113 -1.390744 -1.063322
6.281235 -1.358632 -1.057355
6.294127 -1.350343 -1.100581
6.289251 -1.328157 -1.065257
6.302574 -1.313122 -1.073396
6.315217 -1.285793 -1.065805
6.303517 -1.277945 -1.063130
6.297428 -1.250143 -1.053302
6.313597 -1.239121 -1.080945
6.317757 -1.225183 -1.055645
6.318514 -1.193004 -1.078358
6.324161 -1.176986 -1.059457
6.335082 -1.152951 -1.072621
6.327228 -1.124714 -1.070739
6.335460 -1.132810 -1.060503
6.327129 -1.105686 -1.065691
6.334050 -1.066898 -1.052651
6.336880 -1.047539 -1.058964
6.335281 -1.026703 -1.055152
6.341302 -1.010739 -1.054276
6.347041 -0.980846 -1.057654
6.346078 -0.981836 -1.058413
6.371018 -0.956306 -1.075755
6.368286 -0.938958 -1.065971
6.375776 -0.921089 -1.061451
6.359556 -0.909108 -1.074787
6.381024 -0.892963 -1.063146
6.377860 -0.875336 -1.065355
6.390497 -0.858927 -1.063278
6.385970 -0.835765 -1.058287
6.412495 -0.809268 -1.070311
6.374205 -0.795681 -1.074599
6.385985 -0.766900 -1.063283
6.389771 -0.762801 -1.063599
6.393198 -0.713527 -1.086450
6.382436 -0.692684 -1.086954
6.407941 -0.686533 -1.062796
6.401619 -0.666686 -1.071856
6.417838 -0.634977 -1.079142
6.415027 -0.637235 -1.058991
6.407730 -0.616094 -1.071013
6.411955 -0.588062 -1.073562
6.419063 -0.580600 -1.060190
6.414319 -0.555160 -1.069845
6.417500 -0.517705 -1.069460
6.402647 -0.512484 -1.061130
6.406281 -0.487882 -1.053500
6.416980 -0.463131 -1.078895
6.428518 -0.459617 -1.078048
6.418888 -0.442340 -1.061077
6.419229 -0.420849 -1.086399
6.425984 -0.372153 -1.074711
6.430516 -0.364906 -1.066526
6.405674 -0.352265 -1.058723
6.405918 -0.341557 -1.064488
6.407320 -0.317952 -1.050657
6.440724 -0.297834 -1.057312
6.416401 -0.273537 -1.082511
6.427982 -0.249608 -1.066135
6.435349 -0.228558 -1.066718
6.403811 -0.213242 -1.059420
6.437120 -0.200222 -1.075876
6.439415 -0.171283 -1.046420
6.436230 -0.150965 -1.071766
6.433225 -0.152319 -1.071992
6.437904 -0.119346 -1.063892
6.412059 -0.094720 -1.059450
6.429451 -0.083194 -1.074634
6.434173 -0.066755 -1.087054
6.438918 -0.038905 -1.044781
6.423737 -0.010978 -1.056886
6.426055 0.006510 -1.085110
6.433626 0.007967 -1.053403
6.439802 0.043109 -1.063952
6.445874 0.057177 -1.085395
6.428523 0.083286 -1.044006
6.440851 0.108948 -1.070368
6.439532 0.107457 -1.086446
6.419017 0.123259 -1.065676
6.420453 0.155138 -1.066814
6.424800 0.172402 -1.082251
6.436943 0.206364 -1.059652
6.421769 0.209525 -1.054314
6.415866 0.241476 -1.074460
6.433956 0.255175 -1.062731
6.408448 0.256740 -1.075036
6.424862 0.305698 -1.075850
6.406507 0.315642 -1.066616
6.432316 0.335220 -1.071746
6.418777 0.362465 -1.050023
6.415570 0.354240 -1.064315
6.416627 0.398144 -1.079115
6.420185 0.413003 -1.056361
6.420677 0.436263 -1.065933
6.421397 0.442340 -1.052873
6.427303 0.481524 -1.060333
6.408545 0.490602 -1.057690
6.418813 0.510609 -1.078788
6.399058 0.518992 -1.053713
6.422822 0.546970 -1.058626
6.401555 0.577898 -1.075496
6.416314 0.588289 -1.065087
6.396987 0.620064 -1.063149
6.389907 0.618051 -1.056654
6.400218 0.645345 -1.071870
6.388769 0.671050 -1.068687
6.400773 0.677873 -1.075844
6.389756 0.694216 -1.061443
6.402467 0.739125 -1.069114
6.386853 0.737458 -1.077091
6.377449 0.769551 -1.064412
6.375072 0.805705 -1.079456
6.395691 0.800715 -1.080962
6.382608 0.817736 -1.071081
6.390588 0.847391 -1.077205
6.380417 0.875932 -1.057071
6.367122 0.900387 -1.054248
6.350514 0.901295 -1.074282
6.372071 0.919356 -1.080249
6.367226 0.945442 -1.065095
6.359091 0.973737 -1.081075
6.375648 0.962001 -1.060055
6.354856 1.007703 -1.058155
6.349710 1.022057 -1.070416
6.357488 1.049958 -1.056872
6.343476 1.054003 -1.068042
6.360131 1.064493 -1.066188
6.346332 1.092516 -1.053188
6.336489 1.114365 -1.067545
6.324542 1.147709 -1.076978
6.314549 1.139755 -1.073551
6.332666 1.185872 -1.044355
6.319229 1.204895 -1.068917
6.299810 1.216646 -1.065653
6.301859 1.242946 -1.058104
6.327001 1.256376 -1.068909
6.309582 1.273291 -1.079036
6.298812 1.306816 -1.068332
6.309566 1.304929 -1.084018
6.303480 1.325588 -1.058018
6.291303 1.344951 -1.064837
6.281584 1.362043 -1.049688
6.305406 1.387523 -1.065742
6.268021 1.406506 -1.059360
6.249759 1.434077 -1.074268
6.269826 1.488209 -1.079682
6.271873 1.481180 -1.063657
6.249467 1.490000 -1.054990
6.257491 1.506848 -1.065475
6.249468 1.532252 -1.058941
6.234656 1.550535 -1.065715
6.247456 1.573911 -1.047202
6.256213 1.588613 -1.074665
6.215805 1.606233 -1.077286
6.228814 1.612836 -1.075641
6.225743 1.632992 -1.066279
6.222145 1.651754 -1.074439
6.212180 1.673901 -1.073140
6.197435 1.706397 -1.061994
6.199816 1.721498 -1.073281
6.190671 1.722869 -1.076779
6.195259 1.753561 -1.063646
6.177031 1.765910 -1.067209
6.182785 1.800310 -1.076199
6.178545 1.805981 -1.058941
6.169439 1.838948 -1.076279
6.144150 1.858229 -1.055196
6.157632 1.875872 -1.060301
6.160170 1.900353 -1.054906
5.543334 1.712347 -0.967210
5.520305 1.749544 -0.959406
5.496382 1.759242 -0.965316
5.500059 1.768164 -0.957899
5.507957 1.785710 -0.978076
5.508073 1.838395 -0.968033
5.529721 1.833375 -0.970904
6.101850 2.030526 -1.064405
6.086685 2.059288 -1.064883
6.088471 2.073200 -1.067181
6.071688 2.096577 -1.055393
6.075016 2.108796 -1.079017
6.068070 2.141943 -1.076245
6.086309 2.159094 -1.071601
6.060211 2.185032 -1.068108
6.073031 2.192924 -1.055416
6.028427 2.192090 -1.071906
6.049083 2.226787 -1.060954
6.012965 2.239629 -1.083163
6.021375 2.270851 -1.073866
6.010898 2.277783 -1.063079
5.982954 2.294615 -1.076474
5.974923 2.313776 -1.086899
6.006475 2.345600 -1.069025
4.457153 1.766349 -0.793496
4.439408 1.776248 -0.795711
4.444327 1.756640 -0.798939
5.964367 2.406892 -1.061555
5.985200 2.436709 -1.069437
5.948410 2.445218 -1.040874
5.923946 2.469530 -1.055634
5.931847 2.492993 -1.065784
5.909420 2.504366 -1.053174
5.928370 2.519506 -1.072399
5.911381 2.541789 -1.085543
5.888076 2.557734 -1.073629
5.915050 2.573033 -1.073564
5.889269 2.596493 -1.066923
5.906731 2.615882 -1.072436
5.872139 2.627621 -1.055174
5.861945 2.646412 -1.065489
5.868795 2.672786 -1.070366
5.856355 2.681921 -1.061646
5.848455 2.708522 -1.068594
5.828939 2.709809 -1.080446
5.813207 2.726151 -1.049739
5.805460 2.751351 -1.050321
5.807542 2.776400 -1.078371
5.796584 2.800003 -1.078271
5.781847 2.818675 -1.069400
5.767623 2.828449 -1.070531
5.774713 2.845161 -1.084257
5.751953 2.856821 -1.072882
5.771495 2.875153 -1.076092
5.725584 2.895350 -1.049842
5.740816 2.927362 -1.075970
5.756825 2.943032 -1.058877
5.687950 2.946615 -1.062307
5.692140 2.939385 -1.078276
5.691827 2.990780 -1.088615
5.703290 3.024541 -1.054563
5.675021 3.011408 -1.078376
5.671978 3.033906 -1.071747
5.665504 3.066273 -1.054850
5.672846 3.072510 -1.072490
5.648623 3.091214 -1.079187
5.646721 3.093293 -1.058771
5.608592 3.106046 -1.070581
5.626357 3.140404 -1.053632
5.589165 3.154056 -1.067862
5.582220 3.169818 -1.061110
5.588301 3.183142 -1.079654
5.589456 3.197438 -1.069437
5.565673 3.232345 -1.070504
5.572566 3.237530 -1.050723
5.523128 3.255820 -1.066189
5.516982 3.277981 -1.070231
5.537845 3.266027 -1.072620
5.504641 3.291892 -1.080379
5.503619 3.338356 -1.073633
5.499518 3.362832 -1.071240
5.499090 3.368020 -1.081273
5.474667 3.363325 -1.050777
5.472733 3.390671 -1.055480
5.434692 3.428055 -1.064914
5.464492 3.414905 -1.070379
5.426301 3.441967 -1.078525
5.422154 3.473104 -1.061961
5.400049 3.473751 -1.061051
5.401711 3.470383 -1.061370
5.378070 3.513458 -1.087245
5.379807 3.534782 -1.050187
5.377341 3.564199 -1.076073
5.358697 3.570810 -1.070207
5.342049 3.594044 -1.046988
5.317877 3.581296 -1.077459
5.326297 3.602342 -1.068673
5.323469 3.613145 -1.072138
5.306290 3.661794 -1.045368
5.290326 3.666168 -1.062431
5.298836 3.682844 -1.059365
5.268044 3.690443 -1.087286
5.243544 3.702920 -1.068933
5.223111 3.727508 -1.079762
5.233333 3.752321 -1.082834
5.223892 3.754066 -1.048591
5.220877 3.772409 -1.073697
5.175737 3.789232 -1.051008
5.173799 3.799672 -1.048506
5.170439 3.828682 -1.065082
5.159209 3.835127 -1.075342
5.166216 3.840822 -1.054355
5.151985 3.847240 -1.043690
5.119957 3.883162 -1.073957
5.119760 3.911057 -1.062683
5.098902 3.910388 -1.077472
5.102304 3.918935 -1.094140
5.081877 3.944700 -1.064186
5.078867 3.963698 -1.072437
5.057844 3.980199 -1.057207
5.021490 4.005147 -1.069570
5.030926 3.998034 -1.071754
5.027143 4.015340 -1.063101
5.006377 4.050094 -1.066296
5.001767 4.049790 -1.069506
4.971272 4.046509 -1.070257
4.974219 4.086903 -1.067749
4.957028 4.100966 -1.068100
4.932522 4.124055 -1.074687
4.937765 4.122961 -1.063907
4.919516 4.151906 -1.054656
4.910189 4.164807 -1.080845
4.892322 4.172814 -1.068901
4.883447 4.203448 -1.074682
4.877025 4.204930 -1.069578
4.863477 4.225278 -1.061827
4.833637 4.228313 -1.076444
4.833596 4.253274 -1.053439
4.820979 4.265198 -1.060730
4.795724 4.281932 -1.077942
4.794132 4.303888 -1.075650
4.769156 4.307024 -1.075105
4.773244 4.318058 -1.064407
4.744036 4.345427 -1.049988
4.735821 4.345242 -1.054490
4.723645 4.377052 -1.088112
4.702693 4.401049 -1.060524
4.704247 4.395075 -1.067022
4.692205 4.403803 -1.061358
4.662941 4.436994 -1.064457
4.645624 4.449485 -1.058365
4.639060 4.462129 -1.082542
4.639981 4.479607 -1.070834
4.615478 4.485480 -1.062163
4.590322 4.504597 -1.079418
4.582960 4.514097 -1.073995
4.569769 4.516665 -1.073165
4.566453 4.541712 -1.070214
4.566388 4.542742 -1.063062
4.540770 4.556327 -1.081435
4.519616 4.558086 -1.063960
4.498915 4.615325 -1.076370
4.496093 4.611075 -1.086049
4.487113 4.627256 -1.071965
4.453659 4.639507 -1.063474
4.451726 4.650236 -1.077614
4.421794 4.649725 -1.061491
4.401288 4.673931 -1.091564
4.409861 4.699388 -1.071531
4.399043 4.706766 -1.083090
4.373396 4.707189 -1.076207
4.362297 4.739394 -1.070533
4.365796 4.751864 -1.078353
4.322545 4.760792 -1.051400
4.317885 4.763591 -1.084557
4.286865 4.781916 -1.074144
4.300497 4.793572 -1.077688
4.289251 4.807223 -1.071872
4.272471 4.818313 -1.056478
4.231122 4.837504 -1.066463
4.230831 4.847489 -1.078156
4.199303 4.858788 -1.068156
4.207542 4.872149 -1.071548
4.184835 4.895410 -1.070905
4.169603 4.915007 -1.072785
4.133096 4.925349 -1.069884
4.156153 4.934400 -1.061510
4.138593 4.945940 -1.077652
4.114024 4.938614 -1.075824
4.090395 4.960754 -1.067647
4.080555 4.966148 -1.081286
4.055748 4.990067 -1.070733
4.041143 4.995008 -1.066461
4.029274 5.020890 -1.057182
4.025743 5.016922 -1.076493
4.005990 5.027831 -1.066816
4.004078 5.053282 -1.071511
3.963587 5.063565 -1.054587
3.959260 5.077171 -1.076719
3.926662 5.078906 -1.064149
3.914911 5.084622 -1.067304
3.894776 5.118754 -1.075139
3.896688 5.125387 -1.080348
3.873018 5.140186 -1.064142
3.865479 5.143583 -1.059090
3.845334 5.157474 -1.052832
3.826199 5.166873 -1.075283
3.803752 5.183168 -1.074187
3.809263 5.175212 -1.085864
3.768656 5.188441 -1.060549
3.778592 5.238268 -1.077546
3.728322 5.241709 -1.074070
3.717617 5.229598 -1.068928
3.700541 5.258799 -1.073389
3.705234 5.258138 -1.078564
3.678483 5.264781 -1.069957
3.651603 5.288064 -1.059711
3.656706 5.297438 -1.076998
3.635674 5.302746 -1.054386
3.600724 5.327486 -1.082836
3.606749 5.338169 -1.051094
3.589425 5.321653 -1.061902
3.565503 5.361947 -1.081108
3.544442 5.353338 -1.060777
3.529541 5.377119 -1.073460
3.524477 5.384994 -1.080363
3.504319 5.395899 -1.078515
3.484278 5.403665 -1.045339
3.479011 5.447691 -1.055084
3.461828 5.416523 -1.061339
3.434868 5.434679 -1.071577
3.415878 5.467931 -1.074981
3.413954 5.461895 -1.066108
3.390971 5.471464 -1.081142
3.357807 5.459008 -1.058898
3.326549 5.478207 -1.063615
3.299378 5.474653 -1.059932
3.293831 5.475477 -1.055320
3.263591 5.484304 -1.069377
3.224975 5.490479 -1.052648
3.210365 5.471730 -1.070652
3.198067 5.464928 -1.050176
3.187552 5.454072 -1.045316
3.146271 5.465637 -1.056559
3.109371 5.460085 -1.055698
3.110821 5.462349 -1.053223
3.096234 5.465653 -1.042235
3.052617 5.475680 -1.059539
3.061400 5.475693 -1.023557
3.013670 5.470499 -1.036495
3.008546 5.463987 -1.044588
2.977299 5.468404 -1.040065
2.958203 5.466107 -1.023242
2.946782 5.459778 -1.031676
2.898651 5.470331 -1.010653
2.895874 5.451694 -1.038684
2.885164 5.470923 -1.039767
2.851688 5.481341 -1.048048
2.850047 5.475429 -1.017675
2.799904 5.465899 -1.019064
2.789357 5.486850 -1.025425
2.766696 5.468627 -1.018391
2.728118 5.472158 -1.011863
2.706057 5.474199 -1.021930
2.696483 5.463662 -1.015768
2.693165 5.458898 -1.026459
2.656298 5.465237 -1.001448
2.640529 5.473228 -0.997631
2.611451 5.466563 -1.029323
2.606732 5.462255 -1.006226
2.579489 5.465551 -1.000624
2.555273 5.465508 -1.000174
2.555888 5.469361 -1.007824
2.522841 5.463870 -0.982407
2.489990 5.458882 -0.994747
2.479602 5.462361 -0.988544
2.430776 5.444422 -0.995781
2.429631 5.474353 -0.979050
2.423207 5.471616 -0.978944
2.395820 5.463643 -0.985868
2.366821 5.455427 -0.970182
2.353936 5.465296 -0.997026
2.327232 5.472387 -0.974160
2.318899 5.460898 -0.966195
2.306400 5.446726 -0.988109
2.289926 5.490705 -0.978141
2.271323 5.465938 -0.981647
2.226869 5.452777 -0.979211
2.224264 5.459892 -0.972102
2.204110 5.472530 -0.972722
2.180806 5.474396 -0.989346
2.177462 5.476204 -0.980716
2.129186 5.479607 -0.964250
2.121360 5.470113 -0.968993
2.099535 5.456306 -0.971554
2.074871 5.450478 -0.966481
2.069265 5.473220 -0.972995
2.046370 5.470845 -0.971802
2.023274 5.479227 -0.981324
2.003239 5.462744 -0.972450
1.972834 5.477952 -0.956709
1.958565 5.463320 -0.967874
1.933187 5.464753 -0.966289
1.944123 5.469762 -0.972299
1.913955 5.473950 -0.962904
1.902911 5.470946 -0.957934
1.862315 5.466733 -0.967203
1.846770 5.472627 -0.959415
1.842370 5.461168 -0.962764
1.812920 5.470047 -0.950732
1.792467 5.470462 -0.939332
1.781168 5.467693 -0.952258
1.764223 5.469039 -0.951693
1.757180 5.461795 -0.957614
1.716727 5.468338 -0.946390
1.730015 5.477210 -0.950547
1.674929 5.462777 -0.944438
1.666021 5.474239 -0.971197
1.655629 5.462652 -0.954153
1.641179 5.467062 -0.961281
1.617362 5.466633 -0.945073
1.599999 5.467386 -0.952061
1.577932 5.447576 -0.953906
1.558169 5.481738 -0.950825
1.543660 5.469407 -0.941003
1.523479 5.478337 -0.938831
1.496406 5.474305 -0.941801
1.484096 5.469502 -0.955747
1.480616 5.476126 -0.946764
1.460625 5.459765 -0.922281
1.436771 5.477013 -0.944763
1.413875 5.468688 -0.937368
1.389062 5.459228 -0.939729
1.372560 5.451575 -0.929757
1.355833 5.473978 -0.923261
1.348136 5.481664 -0.934875
1.331906 5.467802 -0.923478
1.313480 5.467708 -0.928849
1.301740 5.465691 -0.906974
1.273398 5.473194 -0.928548
1.257327 5.465943 -0.937607
1.246287 5.467019 -0.935391
1.225427 5.468050 -0.935597
1.224961 5.479300 -0.936000
1.184655 5.474934 -0.938798
1.180918 5.462035 -0.918916
1.131138 5.469562 -0.931975
1.120999 5.475367 -0.931126
1.107573 5.473545 -0.952624
1.097542 5.477757 -0.945448
1.059713 5.481747 -0.925708
1.059133 5.457447 -0.908812
1.051926 5.477294 -0.929236
1.037506 5.468611 -0.920647
1.004320 5.471439 -0.928814
0.977473 5.477571 -0.935731
0.970044 5.493104 -0.924644
0.954464 5.488085 -0.920641
0.948673 5.454707 -0.909443
0.910851 5.478053 -0.920685
0.908463 5.459587 -0.930321
0.889345 5.456478 -0.925595
0.870317 5.473467 -0.917413
0.855423 5.469308 -0.897352
0.822733 5.473442 -0.893072
0.836588 5.472404 -0.911730
0.794626 5.468302 -0.927359
0.782243 5.473021 -0.904648
0.765763 5.462093 -0.933049
0.746920 5.464732 -0.915614
0.729044 5.466584 -0.894286
0.705918 5.471511 -0.909547
0.720027 5.461231 -0.908944
0.680919 5.482433 -0.919922
0.670618 5.483772 -0.914669
0.646531 5.471906 -0.929300
0.641952 5.477729 -0.911276
0.596690 5.463787 -0.917217
0.591053 5.464430 -0.923904
0.583031 5.480148 -0.904098
0.573322 5.472386 -0.937726
0.545658 5.468339 -0.932237
0.556919 5.461824 -0.900863
0.518792 5.486747 -0.936029
0.501248 5.477451 -0.913212
0.484249 5.479494 -0.900586
0.482537 5.451765 -0.908855
0.446683 5.486068 -0.903530
0.432227 5.490731 -0.908877
0.414351 5.467336 -0.934951
0.408887 5.478449 -0.915696
0.383352 5.478611 -0.896105
0.359331 5.469185 -0.902069
0.356583 5.476336 -0.906288
0.328850 5.476097 -0.935248
0.318832 5.487237 -0.905199
0.285681 5.480062 -0.916914
0.272889 5.473121 -0.898351
0.265988 5.490012 -0.903431
0.247393 5.489482 -0.897386
0.216173 5.482487 -0.896968
0.209889 5.491372 -0.916529
0.194627 5.468224 -0.930705
0.185488 5.479969 -0.907850
0.175626 5.470464 -0.914256
0.159047 5.487388 -0.914308
0.130196 5.484396 -0.916513
0.114806 5.494500 -0.899930
0.093018 5.489437 -0.898304
0.077162 5.471728 -0.912641
0.045188 5.463015 -0.909593
0.027110 5.468872 -0.902433
0.024194 5.462997 -0.907053
0.019279 5.487829 -0.923277
-0.018497 5.496512 -0.910006
-0.006477 -4.455251 -0.694852
0.025504 -4.468866 -0.694606
0.039422 -4.472276 -0.712187
0.063563 -4.452416 -0.708274
0.061676 -4.463395 -0.704142
0.065881 -4.468128 -0.700537
0.100218 -4.462226 -0.691622
0.104046 -4.482080 -0.695694
0.113103 -4.442146 -0.697228
0.143072 -4.457070 -0.703681
0.149308 -4.468936 -0.694052
0.152713 -4.444510 -0.692290
0.158805 -4.472953 -0.686761
0.185634 -4.454589 -0.705856
0.200576 -4.452063 -0.686318
0.225258 -4.449087 -0.696036
0.214639 -4.453581 -0.691889
0.244934 -4.445427 -0.704362
0.242521 -4.440795 -0.692165
0.269565 -4.448975 -0.695981
0.285115 -4.437447 -0.699645
0.291136 -4.457252 -0.706157
0.293732 -4.464060 -0.705121
0.313349 -4.464780 -0.708778
0.338077 -4.448302 -0.700954
0.344354 -4.457950 -0.681925
0.361672 -4.450725 -0.702494
0.379604 -4.441625 -0.694626
0.402360 -4.441431 -0.711985
0.387454 -4.450428 -0.693166
0.416291 -4.436833 -0.705157
0.424541 -4.450346 -0.698860
0.444823 -4.449232 -0.700995
0.444076 -4.445868 -0.712745
0.463270 -4.443859 -0.696256
0.488653 -4.449728 -0.703238
0.511913 -4.453591 -0.697093
0.530083 -4.452775 -0.714797
0.525023 -4.441997 -0.691463
0.528722 -4.433148 -0.702555
0.552718 -4.442925 -0.710298
0.560991 -4.437598 -0.701966
0.593239 -4.441153 -0.687610
0.587065 -4.439897 -0.710998
0.602830 -4.436282 -0.708804
0.648904 -4.433470 -0.705716
0.641971 -4.424590 -0.705292
0.629023 -4.450173 -0.709295
0.662458 -4.450396 -0.714896
0.663518 -4.416514 -0.722630
0.686581 -4.434332 -0.699743
0.702319 -4.444692 -0.704020
0.730237 -4.449206 -0.702073
0.739802 -4.436813 -0.718943
0.745157 -4.428674 -0.708961
0.790341 -4.425197 -0.711625
0.766604 -4.418664 -0.702919
0.766043 -4.444314 -0.708158
0.809111 -4.429932 -0.709905
0.831826 -4.415318 -0.699309
0.844758 -4.423448 -0.717658
0.825335 -4.413382 -0.701797
0.853452 -4.424246 -0.711755
0.859347 -4.421999 -0.717893
0.879941 -4.414540 -0.693996
0.894615 -4.412259 -0.707081
0.917920 -4.423158 -0.693743
0.938766 -4.424725 -0.701236
0.951552 -4.405466 -0.711450
0.956045 -4.430070 -0.703742
0.973727 -4.404321 -0.702407
1.005097 -4.410690 -0.707231
0.979712 -4.403648 -0.710403
1.001021 -4.399497 -0.719897
1.023051 -4.402077 -0.714161
1.055781 -4.419410 -0.695901
1.049746 -4.408333 -0.723763
1.064422 -4.413488 -0.712307
1.082261 -4.421612 -0.713462
1.109990 -4.420472 -0.735862
1.115650 -4.411451 -0.715019
1.145338 -4.399717 -0.727817
1.144051 -4.408714 -0.723572
1.166528 -4.423810 -0.704276
1.163141 -4.394504 -0.708504
1.186063 -4.397856 -0.723581
1.189842 -4.383886 -0.714471
1.210019 -4.406132 -0.715676
1.222779 -4.394713 -0.711059
1.252916 -4.388544 -0.705256
1.261606 -4.396194 -0.727323
1.274567 -4.390644 -0.715398
1.280705 -4.400931 -0.719947
1.291710 -4.376388 -0.711122
1.319569 -4.403055 -0.732073
1.319753 -4.395978 -0.729223
1.326045 -4.383376 -0.741284
1.349923 -4.390016 -0.722768
1.370383 -4.376573 -0.714697
1.377780 -4.392892 -0.723710
1.390538 -4.380487 -0.722783
1.413084 -4.383825 -0.721849
1.434568 -4.379366 -0.741037
1.444086 -4.385777 -0.710181
1.461902 -4.380628 -0.705742
1.483749 -4.386608 -0.752351
1.485415 -4.370315 -0.713545
1.504219 -4.374463 -0.731180
1.504385 -4.393466 -0.727880
1.541441 -4.371472 -0.722703
1.548272 -4.375598 -0.726614
1.561623 -4.394990 -0.723267
1.585823 -4.368523 -0.710629
1.594716 -4.370432 -0.714658
1.599937 -4.380786 -0.751308
1.612829 -4.381092 -0.727594
1.630516 -4.364492 -0.740660
1.647928 -4.373128 -0.727066
1.678521 -4.375543 -0.729578
1.672884 -4.341170 -0.714661
1.686292 -4.367783 -0.718525
1.699448 -4.378931 -0.724984
1.723699 -4.377568 -0.740079
1.747394 -4.359319 -0.734508
1.750190 -4.363600 -0.744302
1.753670 -4.352408 -0.730674
1.790105 -4.375667 -0.726719
1.777348 -4.347082 -0.739844
1.804097 -4.355549 -0.738574
1.842883 -4.335743 -0.737056
1.842430 -4.331990 -0.746607
1.848115 -4.355188 -0.746989
1.878312 -4.331590 -0.741464
1.882122 -4.351624 -0.758244
1.903868 -4.330791 -0.744563
1.923120 -4.343121 -0.730315
1.931188 -4.363698 -0.764215
1.949583 -4.349754 -0.747978
1.967123 -4.329558 -0.721288
1.977789 -4.338185 -0.737278
1.984124 -4.344914 -0.762827
2.020246 -4.342595 -0.745174
2.037561 -4.341207 -0.783905
2.044072 -4.353818 -0.769646
2.036598 -4.316077 -0.755469
2.068161 -4.346396 -0.748346
2.101734 -4.325315 -0.753874
2.114123 -4.330333 -0.764808
2.096177 -4.321452 -0.748173
2.155236 -4.340079 -0.775808
2.156868 -4.329106 -0.770719
2.168696 -4.325221 -0.741312
2.181890 -4.335149 -0.762473
2.205369 -4.311627 -0.748650
2.203069 -4.330009 -0.781833
2.226135 -4.318809 -0.750055
2.243638 -4.308688 -0.749487
2.267724 -4.313140 -0.747205
2.279750 -4.313463 -0.773798
2.292696 -4.304205 -0.771539
2.302544 -4.321642 -0.758272
2.318536 -4.317988 -0.777819
2.342007 -4.328524 -0.788504
2.345656 -4.330613 -0.758932
2.377762 -4.310728 -0.764454
2.391987 -4.301222 -0.767666
2.410266 -4.301832 -0.789771
2.421237 -4.304368 -0.780915
2.445738 -4.295332 -0.793431
2.463945 -4.297665 -0.791112
2.467641 -4.302675 -0.781764
2.501585 -4.285742 -0.794885
2.518796 -4.277443 -0.772302
2.517785 -4.307907 -0.799693
2.546356 -4.288733 -0.775305
2.566724 -4.279663 -0.775520
2.574356 -4.286757 -0.780408
2.584711 -4.286568 -0.786719
2.622233 -4.288559 -0.789845
2.625592 -4.279002 -0.792334
2.647946 -4.277253 -0.797851
2.649722 -4.270392 -0.813451
2.678148 -4.291703 -0.784955
2.701570 -4.276642 -0.804598
2.704780 -4.280352 -0.795468
2.738042 -4.254724 -0.800456
2.753941 -4.261342 -0.773071
2.767672 -4.267097 -0.802683
2.779357 -4.270258 -0.796192
2.825323 -4.270593 -0.813498
2.807121 -4.268693 -0.796289
2.834996 -4.247730 -0.801890
2.862966 -4.268289 -0.794066
2.871893 -4.249559 -0.821513
2.916469 -4.253111 -0.789619
2.908541 -4.263797 -0.810387
2.937485 -4.254791 -0.816669
2.927140 -4.246442 -0.834303
2.966702 -4.242454 -0.812489
2.984230 -4.233357 -0.815981
2.988026 -4.239707 -0.817357
3.016311 -4.226871 -0.812992
3.028156 -4.242209 -0.819017
3.067985 -4.233726 -0.825379
3.063359 -4.227340 -0.822348
3.091949 -4.225190 -0.812020
3.106414 -4.227316 -0.822391
3.116748 -4.233321 -0.824295
3.146057 -4.216413 -0.832097
3.175016 -4.202218 -0.826225
3.190533 -4.223345 -0.830154
3.183910 -4.208935 -0.823329
3.210167 -4.211209 -0.829878
3.234640 -4.188928 -0.822807
3.253656 -4.208540 -0.847317
3.274674 -4.200328 -0.843981
3.290521 -4.188543 -0.852161
3.328730 -4.219232 -0.825946
3.341930 -4.189465 -0.847992
3.345949 -4.185883 -0.816927
3.384812 -4.197057 -0.837419
3.369814 -4.194298 -0.856558
3.423058 -4.178808 -0.835153
3.415747 -4.199742 -0.838195
3.445487 -4.165740 -0.865565
3.465500 -4.192860 -0.829737
3.520114 -4.188347 -0.858460
3.498651 -4.188485 -0.845632
3.515685 -4.188933 -0.863440
3.546943 -4.154599 -0.855142
3.577513 -4.174813 -0.853270
3.579368 -4.164642 -0.869698
3.624642 -4.166351 -0.861526
3.629454 -4.179384 -0.871145
3.656735 -4.178577 -0.865275
3.659175 -4.169208 -0.890861
3.699415 -4.172743 -0.872965
3.725111 -4.149260 -0.868276
3.728871 -4.159845 -0.873020
3.770142 -4.161466 -0.888092
3.776759 -4.151507 -0.889187
3.791412 -4.144140 -0.887615
3.826981 -4.138282 -0.881224
3.844733 -4.155468 -0.876758
3.869286 -4.128519 -0.877685
3.890656 -4.130206 -0.878848
3.904892 -4.147846 -0.873850
3.929347 -4.141985 -0.889315
3.969421 -4.135486 -0.891663
3.996108 -4.136006 -0.894319
4.001694 -4.125401 -0.893196
4.013915 -4.120063 -0.897577
4.056376 -4.104749 -0.906012
4.067579 -4.126573 -0.904164
4.080071 -4.113652 -0.915987
4.096395 -4.095892 -0.917340
4.127848 -4.111114 -0.909447
4.160477 -4.099631 -0.909008
4.165792 -4.125063 -0.942438
4.201803 -4.087564 -0.926713
4.208997 -4.119323 -0.924875
4.239981 -4.089354 -0.924101
4.245185 -4.088639 -0.926686
4.292474 -4.068069 -0.921341
4.298064 -4.083280 -0.948637
4.335821 -4.076759 -0.932562
4.362087 -4.078392 -0.944781
4.374283 -4.081237 -0.941743
4.402162 -4.053755 -0.938687
4.425329 -4.084551 -0.946305
4.450804 -4.063576 -0.946557
4.474247 -4.054952 -0.944489
4.503368 -4.048437 -0.960876
4.514469 -4.058054 -0.948231
4.541453 -4.056560 -0.959771
4.572775 -4.051089 -0.938725
4.612359 -4.064597 -0.958085
4.629697 -4.027165 -0.962734
4.659300 -4.048256 -0.958549
4.694194 -4.036086 -0.966096
4.683996 -4.026777 -0.976889
4.732236 -4.044612 -0.981744
4.743239 -4.021399 -0.965853
4.773487 -4.019886 -0.983260
4.800709 -4.026075 -0.995394
4.822974 -4.001476 -0.981416
4.857524 -4.012581 -1.006813
4.873812 -4.031736 -0.990661
4.914658 -3.996966 -1.006470
4.939305 -4.009687 -0.984943
4.945364 -4.017520 -0.974327
4.979860 -3.997303 -0.996697
5.023836 -4.001048 -1.002321
5.054536 -4.019630 -0.994857
5.070088 -4.016766 -1.020726
5.088694 -3.997033 -1.012335
5.136687 -3.997354 -1.014015
5.168773 -3.990119 -1.024791
5.209429 -3.973895 -1.019927
5.233336 -3.975811 -1.032058
5.272339 -3.966857 -1.036688
5.307036 -4.000799 -1.033623
5.323810 -3.992247 -1.027754
5.357826 -3.985441 -1.036165
5.406829 -3.957368 -1.040778
5.426409 -3.972124 -1.076009
5.452422 -3.962792 -1.071907
5.499063 -3.969231 -1.064600
5.508889 -3.965817 -1.059876
5.534451 -3.926515 -1.053999
5.531939 -3.927267 -1.065130
5.008633 -3.536725 -0.950900
5.028098 -3.537745 -0.978017
5.073614 -3.530060 -0.967530
5.598676 -3.880857 -1.062583
5.591053 -3.835824 -1.059624
5.604175 -3.824878 -1.077539
5.616547 -3.803005 -1.057506
5.638433 -3.791109 -1.067932
5.638762 -3.780758 -1.055858
5.667708 -3.763599 -1.056042
5.683814 -3.742812 -1.089292
5.670550 -3.728047 -1.071191
5.696775 -3.732846 -1.068532
5.706856 -3.686203 -1.079001
5.708529 -3.693769 -1.048115
5.722201 -3.649939 -1.066426
4.805680 -3.026467 -0.896707
4.805449 -3.019223 -0.893699
4.799164 -3.021947 -0.889888
4.836194 -2.998043 -0.900259
5.775424 -3.577054 -1.069360
5.807823 -3.554904 -1.061986
5.802351 -3.522846 -1.070752
5.807315 -3.504039 -1.073379
5.520527 -3.325219 -1.009350
5.579235 -3.304215 -1.032606
5.571190 -3.293015 -0.996180
5.872339 -3.442090 -1.064508
5.855546 -3.396697 -1.062255
5.869009 -3.407580 -1.068477
5.872825 -3.399634 -1.059566
5.918671 -3.366733 -1.069415
5.891479 -3.357657 -1.069600
5.913075 -3.350980 -1.060150
5.943128 -3.302530 -1.084709
5.952600 -3.308256 -1.071332
5.950715 -3.273842 -1.050175
5.969254 -3.282074 -1.062386
5.973035 -3.234257 -1.084122
5.973071 -3.237448 -1.084045
5.997827 -3.211533 -1.063266
6.006764 -3.190253 -1.090554
5.322644 -2.829621 -0.962089
5.336723 -2.804831 -0.947744
6.051111 -3.118277 -1.068228
6.037122 -3.126419 -1.075467
6.038962 -3.098152 -1.056803
6.048157 -3.072065 -1.071771
6.054222 -3.057373 -1.073460
6.063892 -3.048207 -1.055374
6.093812 -2.997748 -1.081000
6.101456 -3.012310 -1.062469
6.108329 -2.976098 -1.069929
6.134902 -2.960179 -1.083200
6.117495 -2.949880 -1.040156
6.128450 -2.912177 -1.078169
6.141841 -2.915808 -1.066580
6.158141 -2.887706 -1.057894
6.152284 -2.888516 -1.054730
6.163316 -2.869090 -1.064835
6.153197 -2.826944 -1.083436
6.184770 -2.807449 -1.073734
6.203736 -2.780735 -1.067974
6.190258 -2.777739 -1.067541
6.211666 -2.772532 -1.074517
6.229123 -2.737322 -1.057939
6.231033 -2.713782 -1.076552
6.238652 -2.692001 -1.077936
6.239028 -2.697145 -1.085957
6.251204 -2.651947 -1.052303
6.255278 -2.640088 -1.062527
6.266974 -2.619695 -1.062248
6.280296 -2.600332 -1.067690
6.295117 -2.584059 -1.060934
6.283008 -2.558679 -1.063207
6.293160 -2.551101 -1.066346
6.321510 -2.525058 -1.058421
6.294971 -2.500618 -1.080410
6.344811 -2.493026 -1.070475
6.349554 -2.445570 -1.060031
6.325624 -2.451953 -1.071274
6.351224 -2.440269 -1.060160
6.358083 -2.402788 -1.057870
6.365439 -2.390848 -1.066480
6.382224 -2.369630 -1.061647
6.398958 -2.351729 -1.072001
6.394180 -2.321735 -1.066073
6.417070 -2.325126 -1.068252
6.383812 -2.295863 -1.048987
6.401746 -2.272298 -1.069183
6.423702 -2.260028 -1.071020
6.411531 -2.217679 -1.069491
6.420739 -2.205891 -1.057860
6.433030 -2.205428 -1.073683
6.430048 -2.184772 -1.063533
6.441392 -2.171840 -1.044020
6.444668 -2.132844 -1.057473
6.469326 -2.110563 -1.058461
6.473268 -2.099018 -1.062332
6.473925 -2.068704 -1.071391
5.474457 -1.737335 -0.894998
5.473729 -1.708271 -0.917963
5.493853 -1.682658 -0.917146
5.496567 -1.684805 -0.910737
5.507806 -1.664934 -0.893053
6.506447 -1.966017 -1.071881
6.524386 -1.946941 -1.066166
6.520269 -1.928567 -1.067026
6.511132 -1.917308 -1.056156
6.520960 -1.874276 -1.048429
6.541455 -1.843512 -1.063824
6.400619 -1.774488 -1.026896
6.396853 -1.777598 -1.034778
6.404796 -1.751828 -1.057500
6.381949 -1.733757 -1.034366
6.402421 -1.718225 -1.053546
6.404527 -1.684814 -1.041982
6.428324 -1.685956 -1.051659
6.439596 -1.667815 -1.059560
6.421212 -1.618143 -1.031989
6.442830 -1.600990 -1.038322
6.498340 -1.611714 -1.055436
6.608686 -1.614915 -1.074855
6.608698 -1.584761 -1.064910
6.614508 -1.576422 -1.065904
6.593133 -1.535623 -1.031365
6.606703 -1.526752 -1.068598
6.620595 -1.522581 -1.063608
6.633024 -1.487947 -1.063645
6.630504 -1.476815 -1.073141
6.614523 -1.444782 -1.057906
6.656257 -1.409102 -1.068708
6.644743 -1.406685 -1.071886
6.650128 -1.380574 -1.062984
6.661782 -1.366095 -1.066964
6.652521 -1.344851 -1.066693
6.674274 -1.335784 -1.060421
6.672520 -1.307044 -1.046368
6.683380 -1.275649 -1.060058
6.688056 -1.261645 -1.063707
6.681608 -1.237332 -1.079236
6.698510 -1.231477 -1.064918
6.662260 -1.205054 -1.079571
6.685016 -1.191033 -1.066889
6.695976 -1.178976 -1.058939
6.695565 -1.150448 -1.064870
6.688887 -1.133811 -1.070704
6.722690 -1.106437 -1.065980
6.716183 -1.067087 -1.061204
6.729021 -1.050526 -1.074375
6.714446 -1.030973 -1.049018
6.747861 -1.016197 -1.049958
6.716253 -0.995897 -1.063446
6.706951 -0.971667 -1.050543
6.721416 -0.945170 -1.068581
6.723926 -0.923329 -1.055909
6.744048 -0.918790 -1.051739
6.749889 -0.911957 -1.053816
6.733139 -0.883138 -1.059613
6.728496 -0.851850 -1.053126
6.746436 -0.826682 -1.073469
6.748604 -0.819538 -1.065804
6.751956 -0.767973 -1.058480
6.763251 -0.763638 -1.065148
6.742411 -0.740540 -1.069769
6.755585 -0.730118 -1.066416
6.786693 -0.714366 -1.071611
6.758625 -0.695031 -1.073983
6.762925 -0.656992 -1.078443
6.769833 -0.617129 -1.054193
6.743084 -0.617135 -1.078516
6.766579 -0.616026 -1.048392
6.767868 -0.560171 -1.068897
6.766053 -0.557786 -1.073186
6.754429 -0.543246 -1.066524
6.762305 -0.531946 -1.077591
6.775528 -0.520653 -1.066643
6.782449 -0.467211 -1.062195
6.769452 -0.471562 -1.076317
6.781408 -0.460370 -1.068058
6.786600 -0.428876 -1.077747
6.783363 -0.398852 -1.076687
6.789780 -0.391931 -1.047153
6.789677 -0.345390 -1.065737
6.789983 -0.342316 -1.079215
6.784309 -0.305926 -1.077454
6.802996 -0.292096 -1.060553
6.802645 -0.261197 -1.045535
6.794421 -0.253068 -1.058588
6.792318 -0.240692 -1.060836
6.769210 -0.206932 -1.067123
6.808537 -0.186766 -1.089662
6.798073 -0.178192 -1.069517
6.791735 -0.153753 -1.076968
6.808173 -0.126666 -1.075108
6.783896 -0.112505 -1.064219
6.791532 -0.085947 -1.057446
6.782275 -0.057694 -1.045694
6.811814 -0.044368 -1.083723
6.791331 -0.004573 -1.069075
6.782990 -0.001029 -1.062036
6.791008 0.010081 -1.057365
6.794463 0.053869 -1.069561
6.797256 0.051944 -1.065891
6.811095 0.082421 -1.066629
6.808468 0.111806 -1.068767
6.814423 0.124897 -1.061432
6.792754 0.138613 -1.054672
6.787724 0.178028 -1.057636
6.797284 0.188779 -1.061694
6.790326 0.208741 -1.055632
6.787104 0.241068 -1.058695
6.784985 0.257796 -1.057557
6.799232 0.275256 -1.073867
6.802451 0.289103 -1.069850
6.809228 0.313646 -1.062029
6.789530 0.326761 -1.075881
6.778703 0.350049 -1.065614
6.789009 0.376535 -1.056254
6.783497 0.414592 -1.074092
6.782840 0.426001 -1.065925
6.772712 0.435111 -1.056892
6.777026 0.482640 -1.077766
6.774386 0.492441 -1.049695
6.790150 0.497982 -1.044124
6.780342 0.535038 -1.059766
6.774677 0.538147 -1.064621
6.779357 0.553911 -1.059596
6.779457 0.584929 -1.069840
6.770406 0.617127 -1.072180
6.773856 0.621571 -1.069677
6.767519 0.655305 -1.073298
6.762105 0.670000 -1.071576
6.775866 0.694614 -1.057816
6.758208 0.701296 -1.053452
6.761868 0.717910 -1.059151
6.759666 0.774888 -1.074341
6.747772 0.776896 -1.075611
6.765231 0.790360 -1.080104
6.740973 0.830581 -1.054202
6.750377 0.847303 -1.074221
6.728322 0.864532 -1.086815
6.752698 0.853435 -1.054069
6.726622 0.890708 -1.082083
6.726470 0.917952 -1.067963
6.751145 0.953604 -1.070233
6.713183 0.944224 -1.072087
6.748518 0.972876 -1.066275
6.722172 1.003451 -1.065009
6.715730 1.016101 -1.071734
6.717944 1.031539 -1.055099
6.711625 1.055526 -1.060855
6.705182 1.076997 -1.061635
6.717693 1.108959 -1.059502
6.709698 1.137989 -1.066709
6.682570 1.131437 -1.062555
6.712685 1.161792 -1.069349
6.693087 1.178046 -1.075428
6.696510 1.203158 -1.057637
6.677496 1.212175 -1.055369
6.684365 1.249927 -1.058891
6.672049 1.262724 -1.069218
6.686179 1.294883 -1.071051
6.690399 1.292914 -1.069294
6.658667 1.318958 -1.070075
6.663456 1.360111 -1.053044
6.674991 1.369941 -1.067233
6.659286 1.377634 -1.057694
6.654393 1.412336 -1.065335
6.635189 1.430905 -1.077594
6.632360 1.446029 -1.078442
6.623829 1.470283 -1.066124
6.616596 1.489852 -1.056842
6.631220 1.505730 -1.076475
6.628077 1.518450 -1.073552
6.597897 1.552942 -1.061917
6.606351 1.557626 -1.076061
6.612821 1.582669 -1.076586
6.612298 1.614667 -1.056206
6.609043 1.640811 -1.069509
6.569060 1.644295 -1.048537
6.573958 1.655131 -1.060683
6.560127 1.689621 -1.063729
6.534747 1.708238 -1.061550
6.533518 1.735958 -1.056436
6.522470 1.757771 -1.086966
6.532835 1.758834 -1.045241
6.500610 1.774619 -1.060232
6.506340 1.809526 -1.061183
6.518594 1.803522 -1.060638
6.523569 1.844951 -1.080368
6.512189 1.859656 -1.070195
6.551095 1.889766 -1.067522
6.522913 1.900478 -1.075529
6.518777 1.941126 -1.072061
6.501525 1.947890 -1.088864
6.514525 1.971371 -1.071858
6.506667 1.995054 -1.053433
6.506959 2.007835 -1.063649
5.526569 1.719771 -0.910700
5.527915 1.770931 -0.918171
5.499859 1.774896 -0.905302
5.510903 1.772445 -0.916100
5.519511 1.828666 -0.929290
6.445035 2.134188 -1.066367
6.428173 2.143749 -1.080799
6.428846 2.170277 -1.064221
6.430360 2.200642 -1.062054
6.423040 2.208238 -1.060594
6.422532 2.217498 -1.075602
6.407542 2.254300 -1.063045
6.397280 2.261008 -1.054502
6.406165 2.302153 -1.061198
6.397411 2.320554 -1.061135
6.391792 2.336681 -1.074259
6.378080 2.364738 -1.071480
6.380454 2.378777 -1.074472
6.359579 2.391199 -1.070175
6.352634 2.424601 -1.088789
6.347459 2.434361 -1.070072
6.340930 2.475174 -1.060013
6.335063 2.468742 -1.059183
6.326028 2.480969 -1.074549
6.315962 2.505711 -1.065079
6.308778 2.531210 -1.068913
6.286244 2.559361 -1.061013
6.289853 2.571380 -1.057128
6.292492 2.568603 -1.065971
6.283962 2.612863 -1.051905
6.266970 2.636426 -1.079034
6.258746 2.638046 -1.063316
6.251931 2.660976 -1.063580
6.252801 2.680057 -1.060177
6.221462 2.689522 -1.064359
6.224000 2.722015 -1.072180
6.220687 2.729815 -1.076022
6.214943 2.752445 -1.054804
6.199559 2.748124 -1.071442
6.196720 2.796904 -1.067701
6.196059 2.823549 -1.074510
6.171618 2.848769 -1.065320
6.161065 2.844950 -1.064190
6.155981 2.894306 -1.064046
6.167117 2.881204 -1.074884
6.144596 2.896102 -1.063220
6.143864 2.938589 -1.077373
6.131659 2.946814 -1.088012
6.121263 2.962752 -1.077665
6.099571 2.987022 -1.079483
6.097945 3.010171 -1.057785
6.087490 3.031593 -1.066873
6.079203 3.030793 -1.072436
6.064667 3.070067 -1.063649
6.049167 3.089650 -1.062788
6.049256 3.094455 -1.054607
6.043175 3.127954 -1.051460
6.038761 3.118879 -1.074392
5.993214 3.150892 -1.058537
6.014307 3.147219 -1.059327
6.002612 3.186254 -1.056896
5.974355 3.209336 -1.091185
5.991615 3.220269 -1.072552
5.973277 3.247078 -1.069458
5.967401 3.266495 -1.076382
5.964567 3.274528 -1.062765
5.946649 3.291753 -1.078688
5.946666 3.316601 -1.062891
5.912940 3.332762 -1.068558
5.913136 3.357158 -1.056921
5.922325 3.353817 -1.069476
5.886099 3.398821 -1.063975
5.873456 3.394657 -1.071943
5.867821 3.436898 -1.077409
5.861639 3.449898 -1.066972
5.854416 3.466189 -1.050402
5.825632 3.469893 -1.063677
5.819127 3.493154 -1.056690
5.806089 3.526977 -1.061989
5.798606 3.543777 -1.065335
5.801556 3.537679 -1.064550
5.790210 3.553594 -1.063828
5.763500 3.586881 -1.077180
5.761023 3.608575 -1.077232
5.751522 3.623827 -1.045594
5.723644 3.645053 -1.054605
5.739677 3.661145 -1.077427
5.723489 3.675089 -1.077816
5.708283 3.683693 -1.062314
5.693103 3.707909 -1.050594
5.657539 3.714418 -1.065946
5.669133 3.743147 -1.072174
5.666650 3.774196 -1.075819
5.652800 3.787293 -1.080234
5.637084 3.801281 -1.074947
5.620985 3.806854 -1.064905
5.614549 3.832921 -1.060391
5.591091 3.868369 -1.087965
5.606362 3.864836 -1.075829
5.574814 3.899260 -1.063513
5.577202 3.908496 -1.062846
5.559515 3.905375 -1.068902
5.526391 3.941989 -1.069266
5.516579 3.968370 -1.069666
5.520715 3.956732 -1.065656
5.494189 4.006462 -1.068339
5.487406 4.022175 -1.070005
5.501825 4.030632 -1.074586
5.474154 4.055854 -1.071872
5.440397 4.053362 -1.086229
5.435392 4.062662 -1.064628
5.434418 4.085935 -1.057550
5.401588 4.099397 -1.078135
5.408215 4.126621 -1.057254
5.381717 4.114297 -1.060163
5.371176 4.156406 -1.064533
5.372467 4.169968 -1.048720
5.364687 4.185867 -1.062868
5.335226 4.200130 -1.074601
5.342710 4.223873 -1.073208
5.304128 4.232450 -1.055810
5.299308 4.244736 -1.064130
5.306954 4.258783 -1.061564
5.277603 4.282614 -1.062149
5.271712 4.316352 -1.061588
5.251420 4.303946 -1.085439
5.227052 4.334410 -1.062842
5.233272 4.343606 -1.095206
5.216750 4.371013 -1.058268
5.212667 4.376743 -1.075734
5.182311 4.394742 -1.058275
5.152961 4.409056 -1.064276
5.164164 4.415760 -1.055757
5.136442 4.434278 -1.058018
5.113496 4.461026 -1.076174
5.133096 4.493110 -1.064242
5.097235 4.494946 -1.072319
5.089967 4.496564 -1.062214
5.072852 4.521408 -1.070676
5.067056 4.539140 -1.062762
5.040618 4.543490 -1.060980
5.038821 4.563168 -1.064091
5.008019 4.583583 -1.051636
4.989810 4.598031 -1.080365
4.984290 4.605080 -1.062138
4.979106 4.636695 -1.069896
4.970508 4.637328 -1.069896
4.948717 4.691436 -1.062719
4.925441 4.670824 -1.086587
4.908204 4.669126 -1.059908
4.910476 4.688706 -1.079328
4.879523 4.701923 -1.054096
4.865357 4.721013 -1.064404
4.853449 4.744219 -1.061254
4.827475 4.760450 -1.070067
4.831291 4.778304 -1.061358
4.806472 4.793891 -1.073874
4.770902 4.800072 -1.061143
4.795740 4.822824 -1.055116
4.772655 4.840247 -1.072567
4.760824 4.841341 -1.055501
4.743551 4.865434 -1.056888
4.720716 4.890597 -1.073843
4.708764 4.906460 -1.083772
4.700909 4.906041 -1.064077
4.689298 4.920244 -1.057658
4.657582 4.925244 -1.069232
4.634418 4.939819 -1.079328
4.647913 4.952737 -1.053547
4.621942 4.980348 -1.064939
4.603752 4.996333 -1.060125
4.593272 5.005325 -1.054582
4.574173 5.030868 -1.069089
4.551707 5.063444 -1.054468
4.528116 5.080945 -1.076039
4.513042 5.066546 -1.055713
4.525578 5.087591 -1.071871
4.496531 5.080629 -1.052383
4.479720 5.114309 -1.069358
4.456888 5.115404 -1.079488
4.438132 5.136751 -1.060543
4.421439 5.143975 -1.076135
4.423712 5.147852 -1.075252
4.396973 5.172482 -1.067203
4.390362 5.181264 -1.070763
4.370725 5.199279 -1.065760
4.352740 5.219980 -1.082024
4.370735 5.242414 -1.080209
4.314899 5.240357 -1.074978
4.286532 5.246785 -1.062646
4.288356 5.272090 -1.083381
4.274890 5.286615 -1.077387
4.254799 5.284456 -1.082735
4.261806 5.313160 -1.084375
4.209870 5.306219 -1.086327
4.219090 5.330393 -1.065018
4.189403 5.368815 -1.083949
4.184578 5.353220 -1.054052
4.170166 5.355151 -1.062961
4.135356 5.389009 -1.062939
4.132919 5.408968 -1.066558
4.100078 5.417997 -1.078862
4.099356 5.426079 -1.071811
4.097946 5.433713 -1.086723
4.067804 5.452223 -1.062074
4.051820 5.473174 -1.056698
4.014117 5.449642 -1.078898
3.979483 5.443804 -1.076871
3.953092 5.467180 -1.048499
3.938251 5.446779 -1.064720
3.915201 5.460444 -1.045025
3.881770 5.455087 -1.051648
3.873842 5.475770 -1.049551
3.835755 5.456925 -1.027466
3.835972 5.452009 -1.022984
3.780711 5.444731 -1.051912
3.765019 5.459573 -1.041669
3.730119 5.437749 -1.033455
3.718533 5.469789 -1.030734
3.685054 5.468789 -1.055235
3.654293 5.466683 -1.020540
3.652372 5.464930 -1.033836
3.607827 5.463936 -1.019552
3.594338 5.449577 -1.033952
3.575021 5.443412 -1.016561
3.545957 5.453749 -1.025692
3.520079 5.455601 -1.014978
3.487158 5.469334 -1.017530
3.485702 5.460832 -1.020216
3.458138 5.461495 -1.025604
3.436835 5.467193 -0.984291
3.401712 5.457111 -1.022120
3.391092 5.451795 -1.002237
3.352569 5.473587 -1.015745
3.353335 5.472673 -0.994714
3.317658 5.457215 -0.998785
3.297167 5.475000 -1.005104
3.250931 5.457450 -0.994310
3.265170 5.459197 -0.993163
3.218817 5.449899 -0.993327
3.208015 5.454235 -1.000705
3.175624 5.473696 -0.983926
3.170784 5.462494 -0.985462
3.129714 5.448651 -0.981298
3.107933 5.460096 -0.986446
3.096859 5.466516 -0.977349
3.064698 5.467681 -0.975910
3.049736 5.467773 -0.989481
3.020851 5.474009 -0.978520
3.021088 5.467586 -0.981022
2.991754 5.473676 -0.971772
2.946947 5.466214 -0.969967
2.936004 5.466333 -0.970406
2.902866 5.465652 -1.002121
2.888488 5.452360 -0.967843
2.887892 5.472067 -0.963152
2.849648 5.465363 -0.970718
2.821752 5.470103 -0.968124
2.789356 5.485396 -0.966513
2.795286 5.454338 -0.969312
2.740515 5.472725 -0.963235
2.740366 5.471462 -0.968372
2.710534 5.456179 -0.967584
2.698498 5.455544 -0.931930
2.681760 5.441176 -0.955248
2.661801 5.482089 -0.963899
2.639837 5.455586 -0.968748
2.629418 5.469611 -0.967113
2.595384 5.458045 -0.955631
2.589704 5.477376 -0.944943
2.567472 5.475614 -0.937809
2.513408 5.465210 -0.937621
2.505992 5.481299 -0.927426
2.518399 5.466422 -0.942616
2.464857 5.455949 -0.942970
2.458621 5.461918 -0.927289
2.425979 5.466988 -0.949498
2.425603 5.457957 -0.933346
2.408612 5.486503 -0.944198
2.369223 5.477456 -0.934268
2.371231 5.472576 -0.934603
2.350898 5.459611 -0.931556
2.312617 5.484765 -0.932742
2.276322 5.455853 -0.947411
2.274039 5.478766 -0.918509
2.256447 5.469304 -0.931185
2.238513 5.458327 -0.923503
2.210502 5.466520 -0.909923
2.197235 5.474143 -0.918217
2.173358 5.461514 -0.953882
2.153515 5.462839 -0.918818
2.136891 5.460110 -0.908903
2.129529 5.460500 -0.922775
2.098947 5.471228 -0.915453
2.072627 5.478366 -0.922170
2.054191 5.482921 -0.926425
2.036152 5.461185 -0.916348
2.038011 5.460296 -0.931046
2.009846 5.471126 -0.915426
1.991239 5.469787 -0.916122
1.949760 5.489459 -0.910285
1.936243 5.458784 -0.906052
1.932061 5.464616 -0.909814
1.910782 5.469431 -0.908021
1.884975 5.466907 -0.901661
1.883013 5.488469 -0.908965
1.839841 5.488663 -0.919823
1.836144 5.459170 -0.909028
1.822044 5.469869 -0.901289
1.816866 5.468928 -0.911622
1.763592 5.458853 -0.905343
1.775218 5.473804 -0.888020
1.740047 5.452591 -0.893020
1.707828 5.460538 -0.882738
1.715014 5.464906 -0.903008
1.678530 5.473037 -0.894058
1.668554 5.459148 -0.900958
1.631706 5.469234 -0.884286
1.626740 5.478824 -0.905636
1.618262 5.462245 -0.891325
1.600593 5.468364 -0.901090
1.574507 5.466924 -0.902881
1.548028 5.467394 -0.884278
1.528416 5.464619 -0.892734
1.531613 5.459989 -0.889736
1.505771 5.481826 -0.894520
1.485598 5.457702 -0.895093
1.474031 5.468001 -0.887731
1.460161 5.476264 -0.870253
1.430745 5.473316 -0.876213
1.400282 5.466413 -0.880313
1.393507 5.457691 -0.872159
1.381441 5.472591 -0.883971
1.360980 5.473357 -0.894087
1.344329 5.461561 -0.889852
1.325027 5.464213 -0.891992
1.308496 5.477386 -0.893635
1.271166 5.464961 -0.877185
1.284921 5.456401 -0.886601
1.260427 5.492494 -0.885899
1.247426 5.483431 -0.892262
1.223346 5.475361 -0.887389
1.210804 5.485548 -0.885880
1.191271 5.469395 -0.893526
1.178860 5.493483 -0.888413
1.155925 5.486380 -0.878076
1.123271 5.480405 -0.862833
1.135841 5.463502 -0.883830
1.086154 5.485757 -0.875529
1.072084 5.473422 -0.862197
1.054209 5.475635 -0.869911
1.031014 5.478639 -0.881020
1.031093 5.491462 -0.876751
1.010486 5.472131 -0.864329
0.996782 5.465874 -0.886556
0.975543 5.472886 -0.875662
0.971109 5.464417 -0.876251
0.946684 5.481097 -0.871249
0.923562 5.465782 -0.867785
0.906273 5.471382 -0.860910
0.889779 5.460952 -0.894653
0.858382 5.470694 -0.887506
0.872457 5.459150 -0.875086
0.836156 5.482857 -0.864166
0.819552 5.493741 -0.854220
0.812451 5.464433 -0.871616
0.793812 5.484770 -0.858169
0.771061 5.452396 -0.869380
0.755180 5.473312 -0.881238
0.725155 5.473310 -0.882385
0.710029 5.478467 -0.875147
0.705653 5.485579 -0.860299
0.691997 5.467268 -0.881798
0.668298 5.475283 -0.854667
0.645085 5.474701 -0.881459
0.631183 5.477296 -0.868654
0.611033 5.469421 -0.866364
0.592882 5.481620 -0.864425
0.580741 5.489217 -0.842965
0.573628 5.468410 -0.866495
0.537736 5.467354 -0.851307
0.534354 5.488156 -0.875421
0.526615 5.469656 -0.850649
0.502055 5.462791 -0.856518
0.486791 5.480879 -0.881008
0.465031 5.479918 -0.868730
0.457520 5.460145 -0.860137
0.422196 5.472970 -0.865899
0.411156 5.467871 -0.858509
0.398190 5.473555 -0.849205
0.393344 5.487494 -0.869471
0.348695 5.474321 -0.864780
0.338464 5.443350 -0.861904
0.303497 5.480154 -0.856559
0.313587 5.475432 -0.861956
0.296104 5.475836 -0.870274
0.279438 5.469887 -0.872561
0.277457 5.477578 -0.867682
0.238505 5.463870 -0.855466
0.224402 5.473419 -0.866257
0.218166 5.496571 -0.857246
0.197030 5.462693 -0.851786
0.189713 5.492532 -0.843747
0.168874 5.468600 -0.859182
0.149892 5.492391 -0.863557
0.132918 5.472385 -0.850267
0.113115 5.484745 -0.845420
0.079345 5.457451 -0.848766
0.060218 5.488816 -0.832709
0.056926 5.490909 -0.859523
0.055851 5.462775 -0.871476
0.018516 5.476770 -0.853472
0.023090 5.475223 -0.861248
-0.004400 5.471200 -0.868082
0.005969 -4.479949 -0.659961
0.041850 -4.493966 -0.655807
0.035684 -4.452779 -0.669002
0.051167 -4.463549 -0.662596
0.060368 -4.444513 -0.672571
0.079014 -4.468620 -0.642163
0.090624 -4.468173 -0.646291
0.094406 -4.433566 -0.644377
0.106707 -4.444413 -0.664472
0.125777 -4.479702 -0.660401
0.138927 -4.456750 -0.661770
0.155488 -4.442734 -0.664920
0.161038 -4.460659 -0.663514
0.204211 -4.468265 -0.661161
0.195852 -4.473640 -0.653313
0.218734 -4.470435 -0.662999
0.221859 -4.460408 -0.657782
0.221453 -4.444314 -0.655844
0.262497 -4.467044 -0.634135
0.265336 -4.470700 -0.674507
0.286928 -4.463578 -0.682623
0.299107 -4.472364 -0.666382
0.300275 -4.469026 -0.650843
0.334454 -4.452336 -0.644927
0.359236 -4.445325 -0.648497
0.344445 -4.449708 -0.650648
0.361140 -4.441738 -0.650678
0.382505 -4.449776 -0.659679
0.392620 -4.465026 -0.670323
0.410283 -4.425209 -0.666073
0.417566 -4.440627 -0.656248
0.431434 -4.474252 -0.659189
0.424558 -4.450932 -0.657462
0.454163 -4.442067 -0.678434
0.479198 -4.441493 -0.662851
0.507647 -4.429719 -0.665969
0.520603 -4.430354 -0.666377
0.516488 -4.435443 -0.652062
0.544698 -4.430339 -0.648807
0.547286 -4.452927 -0.668089
0.554829 -4.453012 -0.658385
0.572132 -4.427329 -0.663849
0.585103 -4.431913 -0.643553
0.600919 -4.452124 -0.660160
0.613707 -4.441461 -0.653237
0.621995 -4.437274 -0.677723
0.645216 -4.425033 -0.662963
0.646178 -4.451653 -0.664751
0.663871 -4.440765 -0.666006
0.676828 -4.435649 -0.682149
0.684712 -4.442926 -0.656055
0.720996 -4.434087 -0.659929
0.725420 -4.438459 -0.669596
0.736079 -4.424654 -0.672600
0.753433 -4.433063 -0.671955
0.753798 -4.435165 -0.670561
0.771242 -4.449992 -0.665841
0.791290 -4.440893 -0.651925
0.828209 -4.425672 -0.670573
0.811643 -4.433622 -0.666700
0.837929 -4.446386 -0.662680
0.840732 -4.426042 -0.668590
0.860718 -4.442295 -0.674690
0.871798 -4.442222 -0.661092
0.890410 -4.446295 -0.674767
0.902914 -4.453915 -0.657395
0.917901 -4.423669 -0.660360
0.922397 -4.425965 -0.676418
0.956321 -4.412368 -0.671563
0.963725 -4.412838 -0.652563
0.972619 -4.413639 -0.681266
0.987318 -4.429360 -0.677445
0.997980 -4.427149 -0.669389
1.010387 -4.434220 -0.685194
1.029743 -4.414245 -0.664446
1.026326 -4.411099 -0.687270
1.071617 -4.428608 -0.686027
1.063937 -4.419511 -0.646713
1.086517 -4.419422 -0.693084
1.098309 -4.404076 -0.660608
1.131473 -4.416823 -0.677591
1.113228 -4.419569 -0.686711
1.146344 -4.406329 -0.674216
1.145528 -4.432908 -0.670445
1.180263 -4.412443 -0.672171
1.179719 -4.401396 -0.679955
1.223009 -4.417687 -0.677206
1.215449 -4.415854 -0.668112
1.202942 -4.405293 -0.673656
1.255247 -4.429083 -0.679965
1.254334 -4.419404 -0.682742
1.283746 -4.415223 -0.695012
1.310814 -4.415738 -0.678745
1.307981 -4.413707 -0.687322
1.303232 -4.407708 -0.688898
1.320380 -4.415836 -0.668816
1.342742 -4.410606 -0.681183
1.368408 -4.422190 -0.681995
1.377854 -4.405836 -0.703482
1.412164 -4.412089 -0.684293
1.391591 -4.417478 -0.700555
1.415742 -4.397029 -0.694935
1.424132 -4.416381 -0.694702
1.465039 -4.400701 -0.678745
1.453829 -4.410973 -0.716244
1.485142 -4.409924 -0.696228
1.518803 -4.403413 -0.673975
1.529636 -4.402382 -0.692224
1.506412 -4.394867 -0.684180
1.528340 -4.405141 -0.692365
1.546221 -4.375102 -0.699491
1.559313 -4.399327 -0.695361
1.583350 -4.410511 -0.689863
1.602740 -4.402554 -0.692792
1.628011 -4.391098 -0.696551
1.634561 -4.372789 -0.706726
1.659758 -4.393009 -0.675662
1.675151 -4.394117 -0.685136
1.677993 -4.398363 -0.706199
1.700173 -4.382286 -0.694430
1.704379 -4.389374 -0.688493
1.716544 -4.398311 -0.709547
1.730408 -4.386189 -0.693412
1.769037 -4.406453 -0.702122
1.747006 -4.389668 -0.703566
1.763086 -4.406536 -0.703332
1.795707 -4.385778 -0.701016
1.797615 -4.384212 -0.695063
1.818385 -4.393520 -0.683187
1.847353 -4.385348 -0.701697
1.820522 -4.388381 -0.706408
1.878337 -4.380592 -0.700378
1.898787 -4.396224 -0.682028
1.889425 -4.371985 -0.715687
1.900166 -4.371711 -0.725579
1.923256 -4.376273 -0.715065
1.961275 -4.380116 -0.708569
1.973325 -4.375252 -0.696523
1.990105 -4.383711 -0.710919
1.992860 -4.389753 -0.687473
2.009442 -4.342213 -0.696888
2.026694 -4.375824 -0.727217
2.032434 -4.354342 -0.703726
2.061887 -4.370790 -0.708082
2.076366 -4.357312 -0.712085
2.115351 -4.367936 -0.725683
2.103452 -4.367290 -0.730865
2.128109 -4.354571 -0.702571
2.120819 -4.364771 -0.705769
2.177450 -4.363895 -0.714685
2.158446 -4.362628 -0.717977
2.187961 -4.341557 -0.721698
2.202584 -4.356493 -0.715979
2.211296 -4.350317 -0.738015
2.236798 -4.352893 -0.722104
2.247671 -4.326247 -0.725115
2.264235 -4.347924 -0.742743
2.279470 -4.338467 -0.745026
2.294719 -4.341972 -0.736046
2.316258 -4.342973 -0.717732
2.316086 -4.349370 -0.729929
2.345784 -4.318519 -0.738849
2.352936 -4.343902 -0.737518
2.390306 -4.331960 -0.751362
2.402183 -4.331022 -0.736209
2.416847 -4.327737 -0.723672
2.442547 -4.317502 -0.742062
2.450362 -4.335518 -0.729017
2.466405 -4.342886 -0.724131
2.499653 -4.344211 -0.753567
2.499361 -4.322189 -0.739488
2.526658 -4.318352 -0.743090
2.543028 -4.328531 -0.749504
2.547426 -4.313591 -0.729304
2.555637 -4.320778 -0.732455
2.571697 -4.309468 -0.745786
2.595276 -4.311146 -0.712900
2.615333 -4.309859 -0.753976
2.627393 -4.317467 -0.751795
2.649566 -4.319872 -0.733326
2.667815 -4.316615 -0.750398
2.697819 -4.294439 -0.739478
2.714027 -4.312141 -0.749408
2.714235 -4.311165 -0.747549
2.740035 -4.311030 -0.752218
2.749449 -4.299840 -0.745018
2.773879 -4.306371 -0.765409
2.809428 -4.288330 -0.755404
2.805639 -4.290133 -0.769186
2.804272 -4.301933 -0.754943
2.840967 -4.288082 -0.760377
2.853012 -4.285418 -0.769480
2.883461 -4.280772 -0.755152
2.884613 -4.296565 -0.754017
2.923155 -4.264309 -0.763977
2.917195 -4.289378 -0.755336
2.906616 -4.276018 -0.776717
2.964033 -4.282681 -0.761094
2.985493 -4.261232 -0.769159
2.992057 -4.261064 -0.768378
3.013493 -4.258526 -0.782987
3.027891 -4.254992 -0.765648
3.051269 -4.257842 -0.767833
3.061715 -4.259329 -0.780967
3.091290 -4.248540 -0.797478
3.108809 -4.259406 -0.783577
3.151138 -4.267620 -0.776770
3.137126 -4.263334 -0.786092
3.165838 -4.248939 -0.770614
3.191140 -4.251049 -0.793480
3.210165 -4.230145 -0.784039
3.216028 -4.247104 -0.780469
3.251450 -4.239268 -0.772209
3.267453 -4.249222 -0.779080
3.285000 -4.246606 -0.790397
3.303647 -4.233833 -0.794038
3.318089 -4.227865 -0.793023
3.343590 -4.236400 -0.800177
3.363107 -4.229523 -0.798801
3.378977 -4.224542 -0.804806
3.398381 -4.214617 -0.813319
3.417562 -4.224941 -0.808757
3.440409 -4.226038 -0.802952
3.453449 -4.229265 -0.802027
3.482551 -4.233470 -0.817161
3.478841 -4.238946 -0.791756
3.509284 -4.215533 -0.804217
3.532697 -4.207212 -0.825568
3.549787 -4.203390 -0.815696
3.604708 -4.202659 -0.828966
3.601044 -4.207721 -0.817830
3.632725 -4.219277 -0.827399
3.635761 -4.196434 -0.808271
3.685380 -4.187496 -0.828238
3.697452 -4.195054 -0.825752
3.691721 -4.180921 -0.827480
3.720536 -4.191957 -0.818664
3.748407 -4.186130 -0.816568
3.763751 -4.189627 -0.824679
3.790497 -4.171599 -0.855412
3.811088 -4.197710 -0.832504
3.829164 -4.179853 -0.843821
3.845056 -4.188936 -0.830331
3.875036 -4.161663 -0.857292
3.897244 -4.170685 -0.841913
3.926160 -4.176538 -0.833402
3.928716 -4.167789 -0.856656
3.955291 -4.182379 -0.836244
3.971446 -4.168643 -0.853048
3.997471 -4.156854 -0.845915
4.034550 -4.153065 -0.849614
4.047013 -4.136728 -0.854314
4.060783 -4.156823 -0.836649
4.100782 -4.153512 -0.860009
4.102193 -4.152993 -0.868620
4.120803 -4.133241 -0.849873
4.158084 -4.148450 -0.868451
4.191778 -4.143140 -0.889413
4.212032 -4.139605 -0.858380
4.229843 -4.144243 -0.889510
4.258153 -4.113364 -0.886168
4.287856 -4.131869 -0.870213
4.288531 -4.132642 -0.888997
4.315598 -4.112493 -0.885220
4.355082 -4.093308 -0.893475
4.382643 -4.106503 -0.884800
4.397069 -4.115399 -0.873623
4.421913 -4.111530 -0.896117
4.431373 -4.105401 -0.900342
4.474006 -4.081876 -0.889910
4.490120 -4.105278 -0.886212
4.523961 -4.097556 -0.906203
4.546321 -4.123359 -0.914646
4.561364 -4.110432 -0.909568
4.595672 -4.076464 -0.925397
4.605334 -4.092456 -0.912918
4.629920 -4.081894 -0.898121
4.673984 -4.096378 -0.907834
4.681076 -4.077084 -0.937111
4.692326 -4.058823 -0.917884
4.745871 -4.071748 -0.919805
4.764514 -4.070107 -0.932559
4.777316 -4.062872 -0.933693
4.817181 -4.054659 -0.948593
4.863030 -4.044136 -0.934781
4.878357 -4.036821 -0.948244
4.902194 -4.053650 -0.936504
4.905984 -4.046607 -0.936294
4.952284 -4.043684 -0.945863
4.967891 -4.023580 -0.968294
5.003928 -4.048431 -0.936980
5.032231 -4.043355 -0.956639
5.050900 -4.053161 -0.963789
5.107211 -4.019843 -0.964583
5.113377 -4.018881 -0.962796
5.139589 -4.016732 -0.962809
5.180259 -4.014422 -0.968475
5.193097 -4.031318 -0.955440
5.225119 -4.025846 -0.976903
5.246188 -3.990502 -0.984252
5.273677 -3.991884 -0.993102
5.318667 -3.984182 -0.976155
5.345928 -3.988559 -0.976465
5.359929 -3.988735 -0.990927
5.400776 -3.975384 -1.008898
5.426919 -3.978047 -0.985303
5.458005 -3.980614 -1.014035
5.500261 -3.962748 -0.994503
5.528504 -3.956933 -1.005447
5.561261 -3.961154 -1.005410
5.595547 -3.969349 -0.998733
5.023189 -3.533852 -0.920194
5.040658 -3.526507 -0.909889
5.051145 -3.528281 -0.907106
5.734789 -3.958042 -1.030871
5.752147 -3.962303 -1.030468
5.827571 -3.967102 -1.032066
5.849694 -3.954096 -1.039870
5.885500 -3.972374 -1.061393
5.905156 -3.961352 -1.032115
5.952177 -3.953823 -1.057586
5.985500 -3.944053 -1.051741
6.022711 -3.950646 -1.054925
6.023243 -3.937241 -1.052831
6.043626 -3.900118 -1.066715
6.085721 -3.913403 -1.067910
6.060738 -3.894379 -1.054152
4.808393 -3.036963 -0.840502
4.791870 -3.032770 -0.834357
4.808969 -2.999392 -0.831685
4.855184 -3.004255 -0.841217
6.120389 -3.789887 -1.068085
6.125177 -3.758264 -1.068869
6.148444 -3.727440 -1.055638
6.179518 -3.711311 -1.064981
5.534194 -3.327943 -0.941721
5.568113 -3.313383 -0.974168
5.551310 -3.294113 -0.956737
6.219368 -3.663731 -1.077507
6.240025 -3.636248 -1.064592
6.222078 -3.622362 -1.050825
6.234147 -3.589041 -1.065495
6.248984 -3.572566 -1.062887
6.267499 -3.562457 -1.067331
6.288584 -3.527521 -1.062799
6.289724 -3.526429 -1.068157
6.296379 -3.472313 -1.083209
6.314909 -3.482211 -1.067571
6.300146 -3.448934 -1.050072
6.332710 -3.429975 -1.052450
6.355477 -3.433784 -1.075674
6.359411 -3.395859 -1.049647
6.372224 -3.368648 -1.064244
5.335073 -2.798468 -0.895488
5.323577 -2.782462 -0.887779
6.397248 -3.303759 -1.081667
6.394136 -3.310424 -1.069109
6.420170 -3.279146 -1.056761
6.420664 -3.264811 -1.058711
6.442640 -3.247748 -1.060029
6.436727 -3.216100 -1.066652
6.459459 -3.211806 -1.074824
6.458143 -3.179295 -1.052144
6.488108 -3.158365 -1.058174
6.490007 -3.153603 -1.064005
6.507180 -3.127552 -1.054206
6.506234 -3.099721 -1.080537
6.509592 -3.086317 -1.074753
6.520412 -3.069671 -1.065459
6.517507 -3.038438 -1.070014
6.532665 -3.017398 -1.053220
6.560080 -3.004591 -1.071701
6.566555 -2.976367 -1.075522
6.590459 -2.962873 -1.056704
6.567966 -2.952112 -1.060343
6.599152 -2.922660 -1.079997
6.590668 -2.905851 -1.051381
6.605011 -2.883984 -1.063842
6.599263 -2.858738 -1.070072
6.602668 -2.852374 -1.090622
6.618953 -2.836112 -1.079700
6.627013 -2.798500 -1.073815
6.652844 -2.776877 -1.082818
6.654824 -2.753919 -1.067676
6.674921 -2.738466 -1.051447
6.682839 -2.714882 -1.056775
6.674815 -2.692189 -1.068024
6.682426 -2.683168 -1.087197
6.687475 -2.666713 -1.069631
6.712822 -2.637026 -1.078100
6.716988 -2.609264 -1.075393
6.716413 -2.585905 -1.041158
6.719857 -2.571746 -1.086171
6.746423 -2.577100 -1.058130
6.732306 -2.554698 -1.067704
6.734335 -2.513795 -1.068331
6.760345 -2.485204 -1.074187
6.760248 -2.460918 -1.058880
6.763874 -2.443540 -1.061764
6.782054 -2.423934 -1.072305
6.786201 -2.428230 -1.072123
6.780634 -2.371336 -1.073589
6.787558 -2.366863 -1.057003
6.803330 -2.352054 -1.064608
6.829963 -2.313572 -1.073358
6.825747 -2.337832 -1.059251
6.825910 -2.266687 -1.056760
6.824110 -2.250110 -1.052218
6.848701 -2.247357 -1.071164
6.847885 -2.221961 -1.059766
6.862291 -2.200867 -1.057469
5.504129 -1.734548 -0.851379
5.464282 -1.730156 -0.830960
5.482204 -1.696766 -0.854647
5.486317 -1.691508 -0.844480
6.897061 -2.088204 -1.081480
6.898471 -2.065633 -1.074833
6.909149 -2.069294 -1.050620
6.911047 -2.004613 -1.086250
6.910845 -2.008463 -1.071733
6.919223 -1.997880 -1.084823
6.919075 -1.981285 -1.067798
6.935791 -1.935280 -1.080254
6.964607 -1.923680 -1.074195
6.447749 -1.778036 -1.001029
6.424899 -1.735418 -0.995621
6.426558 -1.730995 -0.988158
6.439490 -1.672835 -0.999180
6.433955 -1.683776 -0.959648
6.468516 -1.662409 -0.999023
6.983715 -1.785697 -1.063983
6.986678 -1.747528 -1.071184
6.989423 -1.716889 -1.064762
6.974911 -1.717516 -1.082725
7.004078 -1.701441 -1.075115
7.016564 -1.668350 -1.073588
7.012651 -1.632644 -1.065376
7.013949 -1.615505 -1.052287
7.027916 -1.599071 -1.065756
7.026279 -1.573987 -1.063765
7.041074 -1.574317 -1.060122
7.043264 -1.518403 -1.064675
7.038242 -1.510931 -1.060179
7.046697 -1.483737 -1.037549
7.043604 -1.496529 -1.069479
7.064756 -1.454909 -1.058041
7.065904 -1.411472 -1.052604
7.052166 -1.408606 -1.072150
7.090870 -1.369649 -1.054494
7.056273 -1.362704 -1.052520
7.069038 -1.344785 -1.055910
7.074899 -1.325921 -1.057866
7.085391 -1.305250 -1.076154
7.081952 -1.256140 -1.063612
7.098169 -1.242012 -1.062472
7.108853 -1.230342 -1.060782
7.092216 -1.224313 -1.040532
7.116295 -1.183348 -1.066212
7.101279 -1.173444 -1.079344
7.119084 -1.152468 -1.085234
7.101576 -1.123245 -1.060350
7.122035 -1.089761 -1.055915
7.126095 -1.082733 -1.056326
7.148307 -1.046101 -1.078399
7.111584 -1.037089 -1.053994
7.139830 -1.020960 -1.059241
7.153033 -1.005880 -1.097771
7.123705 -0.970502 -1.067410
7.155761 -0.947988 -1.087381
7.134429 -0.936252 -1.071991
7.138742 -0.912695 -1.069142
7.151625 -0.881905 -1.070415
7.143332 -0.869020 -1.048198
7.151465 -0.847102 -1.066300
7.146155 -0.798313 -1.059893
7.160151 -0.786979 -1.068451
7.160281 -0.766460 -1.061314
7.142250 -0.738138 -1.082586
7.161707 -0.740339 -1.074266
7.165983 -0.719878 -1.062916
7.187915 -0.705253 -1.058272
7.181670 -0.663061 -1.061627
7.168697 -0.641296 -1.043517
7.175723 -0.622331 -1.063211
7.175037 -0.607780 -1.056509
7.180630 -0.575382 -1.053168
7.173198 -0.562912 -1.053023
7.186861 -0.532346 -1.075270
7.175589 -0.505745 -1.071620
7.195587 -0.482147 -1.083519
7.192959 -0.467980 -1.067824
7.180687 -0.436494 -1.060507
7.185708 -0.421927 -1.057904
7.202265 -0.399428 -1.058621
7.200809 -0.389769 -1.060488
7.205635 -0.344279 -1.065648
7.204403 -0.329908 -1.052864
7.192941 -0.300552 -1.076181
7.189000 -0.294840 -1.066878
7.208538 -0.274000 -1.057585
7.220753 -0.249208 -1.062807
7.190379 -0.210513 -1.066981
7.214207 -0.218123 -1.069040
7.193882 -0.181800 -1.068276
7.200305 -0.157236 -1.067791
7.194882 -0.094018 -1.056230
7.192729 -0.116849 -1.070160
7.189819 -0.083467 -1.085898
7.189390 -0.066383 -1.086314
7.206314 -0.060206 -1.061231
7.199304 -0.011140 -1.066688
7.194861 0.002881 -1.062600
7.218481 0.018993 -1.069609
7.211948 0.028500 -1.059028
7.207463 0.076154 -1.079719
7.210128 0.098664 -1.053033
7.217673 0.103335 -1.068505
7.195714 0.141211 -1.050492
7.207117 0.173375 -1.058849
7.194040 0.180166 -1.052984
7.197662 0.219744 -1.067379
7.209471 0.225984 -1.067953
7.205543 0.246310 -1.089196
7.201454 0.268398 -1.063087
7.216118 0.277744 -1.067390
7.181551 0.313982 -1.064447
7.193740 0.343116 -1.085604
7.184519 0.365659 -1.050942
7.196222 0.379072 -1.077355
7.187948 0.397376 -1.063967
7.179064 0.401970 -1.067082
7.180259 0.445640 -1.069815
7.193502 0.453685 -1.054061
7.193914 0.483477 -1.060403
7.191402 0.511055 -1.051200
7.176899 0.535043 -1.056167
7.183671 0.547043 -1.082148
7.187718 0.589554 -1.065014
7.167533 0.595885 -1.068852
7.162867 0.617153 -1.051531
7.156897 0.635635 -1.073805
7.175005 0.668095 -1.076136
7.152125 0.684472 -1.074161
7.168256 0.703129 -1.058518
7.173843 0.718560 -1.058142
7.156019 0.756029 -1.071158
7.155101 0.762126 -1.056465
7.168263 0.789816 -1.075210
7.144905 0.827981 -1.073405
7.154362 0.837122 -1.066144
7.174732 0.852704 -1.066900
7.163556 0.876711 -1.054332
7.138352 0.898415 -1.051167
7.131228 0.921068 -1.075019
7.155684 0.955689 -1.048811
7.137169 0.981857 -1.061578
7.129277 1.000572 -1.058928
7.125817 1.002745 -1.038447
7.125203 1.053448 -1.076109
7.121367 1.053756 -1.067193
7.123400 1.073303 -1.073201
7.113185 1.102556 -1.049371
7.106970 1.115613 -1.068220
7.116016 1.155121 -1.059206
7.114676 1.156120 -1.057738
7.114533 1.170104 -1.068904
7.092464 1.210280 -1.056957
7.113878 1.226552 -1.067773
7.102174 1.253607 -1.065598
7.082994 1.285936 -1.061748
7.081657 1.301361 -1.065603
7.076475 1.316206 -1.059143
7.080950 1.353159 -1.066412
7.065137 1.349326 -1.067933
7.085621 1.385704 -1.072728
7.059948 1.386474 -1.045340
7.057171 1.433748 -1.061300
7.053387 1.453456 -1.063052
7.037321 1.472317 -1.054756
7.040477 1.469765 -1.070078
7.037957 1.507836 -1.052828
7.033798 1.536125 -1.074815
7.015905 1.559777 -1.065953
7.028395 1.573768 -1.048543
7.034555 1.590960 -1.047641
7.031577 1.637909 -1.054126
7.008056 1.650159 -1.067889
6.992954 1.655544 -1.058698
7.001488 1.693835 -1.059052
6.992972 1.690280 -1.055991
6.996885 1.730223 -1.061501
6.995640 1.763740 -1.094281
6.964900 1.795167 -1.065350
6.978096 1.791940 -1.058783
6.649160 1.735882 -1.018939
6.595247 1.721103 -0.995981
6.558629 1.762558 -1.005720
6.558417 1.772726 -1.003113
6.558990 1.792130 -1.013111
6.541661 1.820333 -1.017542
6.561806 1.846202 -0.989834
6.914540 1.984065 -1.071080
6.928592 1.982728 -1.056288
6.905665 2.010399 -1.069084
6.909862 2.032553 -1.070657
6.924405 2.078385 -1.075205
6.892741 2.067029 -1.054635
6.889753 2.088076 -1.068363
6.883057 2.119012 -1.070894
6.884176 2.137622 -1.059437
5.553421 1.741115 -0.856520
5.542521 1.751614 -0.851326
5.519291 1.769263 -0.861009
5.525160 1.789603 -0.851810
6.845643 2.252248 -1.075183
6.849478 2.269432 -1.075944
6.830255 2.279911 -1.056253
6.840302 2.291954 -1.049742
6.831880 2.346206 -1.072560
6.809962 2.333147 -1.070549
6.811231 2.380338 -1.056292
6.780702 2.372936 -1.057037
6.785725 2.402275 -1.084348
6.777524 2.406751 -1.066219
6.775667 2.444872 -1.053586
6.760850 2.468706 -1.083962
6.776446 2.493142 -1.064825
6.752932 2.511028 -1.054007
6.733515 2.537425 -1.070587
6.730837 2.556371 -1.063127
6.732484 2.562369 -1.059772
6.723650 2.601562 -1.095110
6.691076 2.601914 -1.069283
6.708008 2.637183 -1.058783
6.706704 2.659862 -1.059715
6.695224 2.672358 -1.055655
6.679814 2.678555 -1.071532
6.658937 2.720196 -1.067133
6.656711 2.733869 -1.062954
6.662107 2.751464 -1.061146
6.672082 2.783688 -1.065689
6.654076 2.800075 -1.048186
6.620891 2.827874 -1.071069
6.625583 2.851049 -1.064355
6.611738 2.865466 -1.059296
6.614198 2.873003 -1.046349
6.595496 2.924438 -1.068104
6.595811 2.923566 -1.050249
6.573288 2.943916 -1.066508
6.557593 2.951999 -1.076250
6.547680 2.975273 -1.068543
6.556094 3.014192 -1.068772
6.554596 3.025516 -1.060915
6.510224 3.028813 -1.061803
6.532020 3.039812 -1.058944
6.521374 3.098203 -1.059017
6.496150 3.107292 -1.067747
6.486658 3.122435 -1.063686
6.478013 3.156031 -1.063401
6.468427 3.155371 -1.063835
6.461162 3.191397 -1.088194
6.447056 3.212393 -1.061811
6.455680 3.219811 -1.057964
6.426833 3.251903 -1.063228
6.411930 3.255240 -1.070496
6.433960 3.289697 -1.070327
6.418513 3.310008 -1.081919
6.382762 3.326854 -1.075429
6.367914 3.347598 -1.045718
6.375711 3.348002 -1.058483
6.378404 3.374252 -1.057466
6.344367 3.402231 -1.051822
6.342960 3.402894 -1.072604
6.337643 3.445845 -1.054971
6.314844 3.446776 -1.070890
6.292356 3.470137 -1.051942
6.293074 3.485212 -1.067649
6.288269 3.513120 -1.041752
6.284513 3.535358 -1.059954
6.255373 3.541368 -1.051920
6.263425 3.573638 -1.077786
6.238822 3.587474 -1.059287
6.247028 3.624143 -1.062025
6.218884 3.629833 -1.066624
6.226514 3.642527 -1.055972
6.195197 3.661189 -1.072208
6.199976 3.682580 -1.068181
6.146925 3.712060 -1.057171
6.148839 3.711673 -1.055276
6.138770 3.743944 -1.070315
6.140663 3.754266 -1.063979
6.121517 3.780099 -1.057270
6.113566 3.813325 -1.052550
6.115101 3.812272 -1.066271
6.095932 3.849277 -1.063678
6.092039 3.878417 -1.060879
6.068223 3.876174 -1.054478
6.042235 3.891767 -1.059134
6.048805 3.924305 -1.063442
6.049661 3.917178 -1.059904
6.035056 3.958890 -1.056445
6.020135 3.945530 -1.065034
6.001637 3.987997 -1.041955
5.962161 4.003870 -1.061452
5.965606 4.016041 -1.053727
5.960737 4.049700 -1.052781
5.953815 4.074595 -1.067400
5.938484 4.092752 -1.074606
5.905704 4.092477 -1.075978
5.900801 4.116651 -1.059738
5.893741 4.136727 -1.053676
5.906999 4.133373 -1.075752
5.880279 4.169073 -1.071403
5.860594 4.180453 -1.055440
5.841275 4.192658 -1.053104
5.851906 4.200087 -1.058765
5.840478 4.240312 -1.078409
5.799474 4.259266 -1.053832
5.789395 4.273230 -1.068029
5.795137 4.319135 -1.043988
5.783398 4.278954 -1.073709
5.756920 4.329177 -1.067050
5.721767 4.322437 -1.057480
5.734990 4.389808 -1.073569
5.719393 4.372525 -1.069966
5.687165 4.399544 -1.047888
5.699804 4.420245 -1.067530
5.669575 4.429842 -1.055589
5.650874 4.465673 -1.070408
5.652979 4.482869 -1.076714
5.622388 4.484023 -1.059416
5.630928 4.509184 -1.061757
5.599635 4.523111 -1.060839
5.585426 4.531273 -1.087472
5.597668 4.554804 -1.046055
5.563730 4.576352 -1.052064
5.547706 4.615839 -1.073457
5.543390 4.631161 -1.058583
5.506465 4.627988 -1.058917
5.515312 4.651547 -1.065166
5.489236 4.680445 -1.069011
5.476821 4.669510 -1.065485
5.475935 4.689330 -1.040851
5.457905 4.694343 -1.047769
5.431938 4.724184 -1.073737
5.422213 4.735176 -1.069018
5.395746 4.743199 -1.052325
5.378746 4.772437 -1.064812
5.379039 4.788477 -1.080664
5.357605 4.804090 -1.073689
5.341839 4.834243 -1.067716
5.340879 4.872860 -1.047189
5.319086 4.870320 -1.050778
5.310688 4.887503 -1.074068
5.303443 4.897337 -1.074659
5.262774 4.894490 -1.055676
5.262194 4.926180 -1.063598
5.237676 4.936652 -1.076827
5.234114 4.966371 -1.064776
5.216237 4.977810 -1.080821
5.207292 4.988834 -1.072081
5.181187 5.004686 -1.082958
5.163267 5.019007 -1.058098
5.139288 5.028518 -1.051196
5.155501 5.059484 -1.053469
5.111977 5.059891 -1.060303
5.098846 5.079861 -1.061126
5.093068 5.087801 -1.067041
5.060931 5.113369 -1.074012
5.062145 5.124666 -1.079484
5.040324 5.125536 -1.066947
5.039917 5.172317 -1.076109
5.026817 5.174037 -1.054523
4.994747 5.211086 -1.051770
4.988405 5.215648 -1.051584
4.941789 5.209096 -1.068044
4.947531 5.235501 -1.068288
4.931859 5.235759 -1.055247
4.939135 5.255577 -1.066777
4.900014 5.276610 -1.057744
4.865367 5.287066 -1.075848
4.877869 5.312565 -1.060430
4.847984 5.331039 -1.054913
4.822672 5.366148 -1.063695
4.829351 5.337293 -1.054300
4.792520 5.360024 -1.071291
4.785325 5.389103 -1.059307
4.753298 5.385029 -1.078335
4.738931 5.433998 -1.072572
4.737583 5.425328 -1.074033
4.722544 5.463097 -1.068305
4.715264 5.451762 -1.053190
4.661220 5.481209 -1.067304
4.652596 5.479152 -1.066515
4.622927 5.464311 -1.064477
4.589520 5.468899 -1.053164
4.574938 5.478457 -1.051928
4.517865 5.433342 -1.044644
4.499229 5.459823 -1.040884
4.469751 5.458923 -1.031803
4.449667 5.448364 -1.029376
4.412185 5.484729 -1.026784
4.401147 5.469038 -1.057424
4.364715 5.460046 -1.038585
4.336020 5.482599 -1.038424
4.296267 5.457716 -1.017300
4.283254 5.468781 -1.036775
4.240516 5.464884 -1.042060
4.230766 5.464155 -1.032528
4.197040 5.456737 -1.027604
4.184939 5.481482 -1.005292
4.147217 5.452716 -1.008441
4.112250 5.465329 -1.033124
4.089337 5.463326 -1.011256
4.054394 5.471648 -0.995188
4.059161 5.468899 -1.002695
4.020258 5.460360 -1.009251
3.995818 5.473584 -0.989878
3.968754 5.458687 -0.994167
3.931450 5.466876 -0.987845
3.917426 5.459655 -0.987616
3.895562 5.462282 -0.991946
3.843310 5.462276 -0.994097
3.835935 5.454247 -0.979644
3.804241 5.465542 -0.995065
3.786282 5.460699 -0.982218
3.768763 5.456108 -0.992689
3.742096 5.457979 -0.991597
3.731360 5.467626 -0.968493
3.697332 5.463624 -0.971798
3.662381 5.471310 -0.960366
3.640481 5.463892 -0.970732
3.626012 5.458799 -0.958320
3.578202 5.457359 -0.984457
3.577269 5.459522 -0.973485
3.547245 5.467611 -0.965753
3.511323 5.461020 -0.969433
3.499913 5.478060 -0.966195
3.481419 5.476335 -0.943579
3.435259 5.477003 -0.968054
3.428066 5.474253 -0.950201
3.405711 5.464384 -0.942842
3.384580 5.463817 -0.969062
3.358968 5.455029 -0.934928
3.335853 5.476352 -0.932258
3.297027 5.458135 -0.956066
3.284495 5.461939 -0.941302
3.269634 5.460687 -0.958844
3.243153 5.468126 -0.934534
3.213496 5.481202 -0.953206
3.200596 5.474288 -0.949222
3.168669 5.467398 -0.950202
3.158405 5.472308 -0.961308
3.141090 5.469716 -0.924253
3.095798 5.457488 -0.933293
3.087444 5.477950 -0.922230
3.061311 5.472952 -0.925498
3.064786 5.445542 -0.909676
3.031601 5.451449 -0.921410
3.003810 5.454315 -0.937947
2.949443 5.487343 -0.927968
2.965862 5.483321 -0.893546
2.956487 5.462169 -0.903768
2.894092 5.458401 -0.910146
2.884213 5.442484 -0.891872
2.868865 5.473628 -0.914588
2.831063 5.463063 -0.900931
2.819780 5.457631 -0.905230
2.806227 5.466468 -0.900563
2.792982 5.455212 -0.896133
2.761533 5.468415 -0.895242
2.757107 5.475252 -0.909746
2.748226 5.463863 -0.900998
2.714836 5.466974 -0.926014
2.673300 5.474902 -0.899959
2.652930 5.472036 -0.893184
2.618123 5.475740 -0.887833
2.624389 5.471615 -0.888147
2.608819 5.468566 -0.896322
2.568755 5.477115 -0.881981
2.548858 5.474213 -0.893599
2.537778 5.459387 -0.891767
2.526267 5.462549 -0.891482
2.519981 5.447515 -0.874257
2.470187 5.463449 -0.881376
2.466662 5.449181 -0.892178
2.445233 5.471713 -0.889029
2.410058 5.452340 -0.871024
2.391960 5.455406 -0.882501
2.360100 5.478553 -0.881134
2.376358 5.463815 -0.886210
2.334841 5.465637 -0.866643
2.320099 5.474121 -0.878477
2.293943 5.468550 -0.874467
2.295677 5.461083 -0.871386
2.266853 5.484176 -0.853738
2.235599 5.461272 -0.842545
2.222975 5.467726 -0.869542
2.187087 5.478425 -0.877760
2.187255 5.456235 -0.874248
2.168358 5.454843 -0.887346
2.127951 5.466472 -0.879837
2.125168 5.478034 -0.868327
2.111386 5.478024 -0.870444
2.089143 5.480497 -0.867729
2.055172 5.468257 -0.872045
2.027695 5.453999 -0.868721
2.025731 5.463223 -0.872658
2.012001 5.473034 -0.842148
1.977528 5.467608 -0.859500
1.966464 5.473159 -0.862204
1.942763 5.484240 -0.865818
1.922890 5.465080 -0.870044
1.913127 5.470220 -0.855880
1.917542 5.473360 -0.864166
1.869561 5.464679 -0.848841
1.843804 5.470672 -0.860339
1.831405 5.468583 -0.867185
1.812923 5.468362 -0.863922
1.799582 5.474930 -0.843982
1.773462 5.474099 -0.853011
1.758382 5.470585 -0.865054
1.757242 5.467067 -0.852028
1.732952 5.476636 -0.864067
1.712258 5.477941 -0.863409
1.703082 5.467339 -0.835972
1.676140 5.455757 -0.860602
1.644520 5.460321 -0.841790
1.651174 5.460297 -0.848498
1.621440 5.475556 -0.840587
1.603683 5.472131 -0.833211
1.562649 5.481711 -0.842456
1.567070 5.480464 -0.835970
1.534684 5.456256 -0.835691
1.542598 5.461473 -0.835641
1.516442 5.464062 -0.843739
1.480843 5.459689 -0.837522
1.466437 5.478477 -0.836840
1.456629 5.467381 -0.816422
1.456750 5.471790 -0.831716
1.423307 5.471769 -0.829620
1.417787 5.466850 -0.829626
1.378193 5.478757 -0.832223
1.366269 5.474426 -0.830703
1.346606 5.472881 -0.833163
1.339583 5.476907 -0.825412
1.316769 5.468059 -0.826856
1.301798 5.455382 -0.853457
1.281007 5.453664 -0.830875
1.270983 5.476390 -0.849686
1.238647 5.478796 -0.834022
1.214690 5.472831 -0.811000
1.226676 5.452380 -0.840919
1.193955 5.475587 -0.824775
1.170831 5.467741 -0.827986
1.148869 5.489011 -0.809467
1.140274 5.463192 -0.819914
1.112009 5.469422 -0.835460
1.091008 5.467110 -0.830058
1.082369 5.476126 -0.822640
1.064333 5.461573 -0.825782
1.039296 5.476492 -0.826637
1.028323 5.464880 -0.836236
0.996376 5.471661 -0.813611
0.985209 5.496377 -0.849931
0.977795 5.473705 -0.832652
0.965973 5.474601 -0.830659
0.941256 5.460561 -0.829112
0.915108 5.473938 -0.824983
0.910021 5.465675 -0.807909
0.891570 5.471094 -0.818734
0.883949 5.477081 -0.827722
0.856719 5.474504 -0.826271
0.848028 5.479134 -0.813759
0.820356 5.473886 -0.839145
0.805322 5.480304 -0.819403
0.780669 5.481276 -0.816815
0.763320 5.462891 -0.806518
0.739214 5.474827 -0.815359
0.720720 5.478287 -0.799397
0.709975 5.464078 -0.821902
0.706134 5.467718 -0.792956
0.669841 5.465650 -0.814643
0.659676 5.486577 -0.803243
0.655989 5.458188 -0.811154
0.646263 5.465868 -0.790237
0.622229 5.479953 -0.822237
0.617000 5.468712 -0.817993
0.587290 5.491474 -0.835200
0.566846 5.472256 -0.827637
0.556914 5.480766 -0.821918
0.542798 5.459372 -0.820669
0.524528 5.450644 -0.821474
0.491904 5.476212 -0.811188
0.447495 5.462338 -0.834253
0.457314 5.476825 -0.811672
0.453338 5.473076 -0.805482
0.417912 5.461274 -0.803751
0.402072 5.457572 -0.811765
0.404697 5.463794 -0.814451
0.392826 5.475765 -0.814517
0.357187 5.469334 -0.811022
0.361274 5.472308 -0.796821
0.310933 5.485262 -0.816883
0.305108 5.471277 -0.800290
0.288280 5.456913 -0.798374
0.283807 5.473083 -0.809242
0.243920 5.492024 -0.807040
0.250967 5.470680 -0.814100
0.224571 5.466235 -0.816086
0.225798 5.481948 -0.809243
0.185777 5.459017 -0.810082
0.190299 5.470816 -0.801491
0.152212 5.464681 -0.809723
0.137552 5.463017 -0.812199
0.121972 5.457229 -0.809900
0.118290 5.497718 -0.805493
0.078979 5.471030 -0.821181
0.090922 5.482296 -0.813396
0.067317 5.494467 -0.831569
0.028212 5.481552 -0.816922
0.029153 5.475487 -0.819509
0.022867 5.480542 -0.823967
0.003286 5.467925 -0.813742
0.026273 -4.475434 -0.634169
0.033867 -4.456258 -0.616567
0.027265 -4.459884 -0.621768
0.049435 -4.475309 -0.617581
0.056533 -4.483159 -0.608169
0.061739 -4.475049 -0.618046
0.095985 -4.471107 -0.631780
0.085756 -4.464599 -0.611160
0.111499 -4.457099 -0.630884
0.136623 -4.444795 -0.635938
0.153353 -4.454085 -0.629442
0.141370 -4.461014 -0.628997
0.171447 -4.478708 -0.627950
0.187981 -4.458708 -0.625678
0.184624 -4.460370 -0.597614
0.206187 -4.458847 -0.633708
0.220548 -4.470069 -0.642375
0.231866 -4.471867 -0.616884
0.254798 -4.469960 -0.630009
0.267223 -4.450194 -0.629986
0.287859 -4.455355 -0.616572
0.298412 -4.453843 -0.628548
0.297960 -4.449513 -0.624929
0.337862 -4.476151 -0.626494
0.317008 -4.457479 -0.617376
0.350956 -4.456496 -0.625754
0.368355 -4.454608 -0.628818
0.368615 -4.439107 -0.617376
0.392772 -4.449086 -0.614938
0.405822 -4.453370 -0.614279
0.396537 -4.471469 -0.631454
0.434183 -4.448868 -0.622355
0.456855 -4.438002 -0.607041
0.438162 -4.460823 -0.620292
0.482490 -4.467361 -0.618846
0.492394 -4.459661 -0.624415
0.501063 -4.450835 -0.612930
0.520798 -4.443133 -0.625472
0.537195 -4.451624 -0.605354
0.532728 -4.433221 -0.632712
0.569412 -4.433231 -0.638597
0.574507 -4.446997 -0.617962
0.578971 -4.438004 -0.611825
0.598980 -4.438808 -0.626762
0.611710 -4.458986 -0.616372
0.642317 -4.446513 -0.618472
0.630386 -4.441576 -0.616425
0.675219 -4.437976 -0.630147
0.663258 -4.440082 -0.637008
0.670130 -4.456750 -0.614722
0.699891 -4.430615 -0.624031
0.715900 -4.434576 -0.613413
0.734226 -4.435797 -0.636431
0.718055 -4.433693 -0.633108
0.749144 -4.435516 -0.618409
0.762849 -4.436549 -0.629581
0.787865 -4.432662 -0.621745
0.786819 -4.424099 -0.628096
0.819153 -4.435855 -0.628399
0.807707 -4.429356 -0.641209
0.845054 -4.426867 -0.624442
0.862454 -4.428603 -0.617775
0.860815 -4.434444 -0.636727
0.892895 -4.442243 -0.639249
0.896736 -4.430356 -0.629918
0.896182 -4.458157 -0.625409
0.918243 -4.443090 -0.630847
0.930972 -4.434110 -0.640679
0.939025 -4.435228 -0.619126
0.953750 -4.424500 -0.615316
0.980302 -4.405233 -0.640054
1.002989 -4.441216 -0.631875
1.000488 -4.446420 -0.630493
1.030111 -4.424374 -0.656220
1.025634 -4.438634 -0.621076
1.054338 -4.406415 -0.631285
1.057513 -4.412371 -0.616069
1.072748 -4.407705 -0.639535
1.081524 -4.435556 -0.624883
1.101142 -4.432716 -0.623857
1.111959 -4.433326 -0.625249
1.113168 -4.413134 -0.633137
1.147300 -4.429897 -0.646148
1.160709 -4.418976 -0.633477
1.173961 -4.427866 -0.643177
1.173959 -4.396207 -0.622552
1.220301 -4.434340 -0.647269
1.220075 -4.404246 -0.631573
1.219013 -4.426873 -0.644303
1.251798 -4.419399 -0.634714
1.243158 -4.415312 -0.637933
1.258832 -4.403016 -0.634651
1.285154 -4.402734 -0.640638
1.309709 -4.404316 -0.660248
1.327669 -4.387479 -0.627633
1.318303 -4.404571 -0.634497
1.335690 -4.403653 -0.632940
1.366164 -4.407885 -0.652299
1.384072 -4.404198 -0.615875
1.380625 -4.418838 -0.642241
1.398082 -4.415516 -0.644988
1.431213 -4.421635 -0.636412
1.450990 -4.408144 -0.641935
1.458009 -4.402664 -0.634924
1.456237 -4.402515 -0.641566
1.496109 -4.408325 -0.628585
1.491711 -4.398136 -0.653460
1.495877 -4.422262 -0.631083
1.530418 -4.409453 -0.652341
1.528288 -4.398523 -0.658223
1.558544 -4.414167 -0.637849
1.573619 -4.418131 -0.651570
1.573256 -4.409929 -0.644516
1.598670 -4.391197 -0.665791
1.623664 -4.389064 -0.648652
1.631576 -4.394982 -0.643402
1.644382 -4.397310 -0.651946
1.669029 -4.398673 -0.652590
1.660945 -4.396679 -0.647028
1.688634 -4.409529 -0.640461
1.707518 -4.402519 -0.657154
1.705643 -4.392753 -0.647756
1.744698 -4.380248 -0.652647
1.771966 -4.397908 -0.656736
1.763748 -4.365010 -0.635444
1.768641 -4.383257 -0.647432
1.791487 -4.414845 -0.663986
1.816740 -4.395579 -0.663362
1.834422 -4.387572 -0.640998
1.839939 -4.383315 -0.651854
1.865161 -4.387827 -0.656830
1.889881 -4.379905 -0.671008
1.891373 -4.387886 -0.668858
1.922882 -4.380563 -0.667006
1.921591 -4.394414 -0.677751
1.928632 -4.386728 -0.664207
1.964197 -4.397001 -0.675391
1.964158 -4.391627 -0.664783
2.003232 -4.394757 -0.669668
2.018913 -4.376771 -0.675286
2.027250 -4.378713 -0.678445
2.030478 -4.374742 -0.674230
2.061718 -4.371686 -0.676544
2.055349 -4.391602 -0.649012
2.055301 -4.383107 -0.665123
2.089832 -4.371625 -0.681269
2.118197 -4.381503 -0.668680
2.121105 -4.385915 -0.684757
2.151684 -4.363538 -0.669671
2.151529 -4.362169 -0.675183
2.195984 -4.369540 -0.677807
2.201638 -4.381276 -0.668423
2.211047 -4.386618 -0.666754
2.239052 -4.376878 -0.649505
2.248712 -4.368330 -0.701077
2.268430 -4.359276 -0.690378
2.273408 -4.361369 -0.675110
2.314318 -4.365082 -0.680502
2.307074 -4.359999 -0.686538
2.318618 -4.371945 -0.683545
2.351484 -4.366506 -0.680995
2.359953 -4.381581 -0.705053
2.410210 -4.345607 -0.683941
2.404037 -4.377404 -0.712974
2.423026 -4.361931 -0.693080
2.423636 -4.354864 -0.696723
2.458303 -4.363976 -0.713685
2.473541 -4.364666 -0.705602
2.487771 -4.360494 -0.685510
2.507849 -4.363225 -0.694553
2.513580 -4.346075 -0.692205
2.550503 -4.365958 -0.713311
2.552737 -4.342239 -0.698868
2.581626 -4.345672 -0.697422
2.586027 -4.351551 -0.705055
2.613342 -4.356256 -0.715885
2.615605 -4.338278 -0.706899
2.628631 -4.342437 -0.717235
2.636188 -4.330169 -0.701225
2.668835 -4.340446 -0.700497
2.683277 -4.335392 -0.704933
2.698723 -4.328656 -0.713683
2.727500 -4.345516 -0.710708
2.737705 -4.334960 -0.712736
2.761730 -4.341640 -0.728625
2.770357 -4.337152 -0.720602
2.801244 -4.343816 -0.700086
2.805255 -4.331207 -0.710715
2.828329 -4.331228 -0.711291
2.838330 -4.319315 -0.704174
2.872339 -4.311182 -0.714910
2.860003 -4.317597 -0.706714
2.903943 -4.307642 -0.727629
2.920369 -4.318585 -0.734442
2.935427 -4.299462 -0.722600
2.961898 -4.307092 -0.741592
2.973802 -4.297076 -0.730077
2.988287 -4.304031 -0.721451
2.998029 -4.310242 -0.736290
3.019051 -4.292311 -0.744091
3.043065 -4.295987 -0.748622
3.050876 -4.312160 -0.741416
3.080640 -4.291545 -0.727431
3.103471 -4.296421 -0.739636
3.108052 -4.288160 -0.737336
3.140332 -4.291917 -0.738099
3.162130 -4.298693 -0.755362
3.181571 -4.289502 -0.723390
3.192543 -4.284600 -0.760525
3.202232 -4.259580 -0.747005
3.236978 -4.276073 -0.745340
3.231025 -4.294972 -0.753407
3.259767 -4.278937 -0.753854
3.283746 -4.259616 -0.752509
3.301656 -4.263041 -0.747409
3.337175 -4.256047 -0.740702
3.360785 -4.252940 -0.764623
3.359214 -4.275268 -0.761238
3.386427 -4.264129 -0.756389
3.417681 -4.267355 -0.740000
3.426198 -4.273642 -0.771361
3.424769 -4.251039 -0.751652
3.466637 -4.258951 -0.772532
3.493189 -4.250653 -0.762542
3.494674 -4.242374 -0.757593
3.516727 -4.254272 -0.756163
3.551897 -4.254253 -0.766966
3.558357 -4.260183 -0.782869
3.583449 -4.235064 -0.776740
3.590788 -4.242537 -0.777547
3.619002 -4.242016 -0.786746
3.651946 -4.235401 -0.763777
3.669587 -4.247855 -0.790749
3.688800 -4.242429 -0.779711
3.716110 -4.230693 -0.789540
3.744839 -4.222642 -0.789110
3.742707 -4.220757 -0.766970
3.764794 -4.234073 -0.790607
3.785447 -4.218350 -0.790539
3.830095 -4.247557 -0.787360
3.832223 -4.211301 -0.786860
3.854422 -4.224051 -0.793682
3.885853 -4.226970 -0.804858
3.900462 -4.201041 -0.800222
3.942762 -4.213891 -0.793074
3.942631 -4.213344 -0.797573
3.971529 -4.205180 -0.807887
3.980524 -4.198927 -0.814447
4.010124 -4.191679 -0.817165
4.034951 -4.209040 -0.800230
4.071419 -4.187381 -0.805730
4.076961 -4.167195 -0.796794
4.111084 -4.178917 -0.815673
4.125961 -4.207753 -0.804190
4.152618 -4.187943 -0.794579
4.166515 -4.174592 -0.810553
4.206645 -4.167049 -0.831630
4.212249 -4.174915 -0.813378
4.246658 -4.166924 -0.820442
4.255778 -4.161907 -0.833779
4.286785 -4.159330 -0.826468
4.308009 -4.156247 -0.821537
4.337289 -4.165136 -0.847526
4.342263 -4.146484 -0.840501
4.383789 -4.167008 -0.836474
4.397703 -4.158463 -0.830070
4.434737 -4.154412 -0.837703
4.463402 -4.146527 -0.832764
4.486603 -4.152932 -0.849016
4.509169 -4.148736 -0.845123
4.517905 -4.131245 -0.840843
4.558962 -4.130433 -0.847793
4.595928 -4.099782 -0.846512
4.603063 -4.124798 -0.848969
4.627106 -4.116387 -0.867865
4.661853 -4.119518 -0.853238
4.659727 -4.131714 -0.869936
4.725267 -4.128979 -0.872503
4.731524 -4.107484 -0.884685
4.753165 -4.114012 -0.876905
4.789045 -4.110154 -0.877670
4.807184 -4.106273 -0.860253
4.841681 -4.098220 -0.890691
4.857640 -4.098794 -0.890159
4.889690 -4.078390 -0.897334
4.917390 -4.091919 -0.874006
4.932967 -4.100155 -0.882972
4.957929 -4.078243 -0.894058
5.007222 -4.075811 -0.889075
5.023488 -4.083936 -0.893149
5.063338 -4.081897 -0.901530
5.064378 -4.060198 -0.886631
5.110286 -4.063044 -0.913957
5.125852 -4.056936 -0.904953
5.152904 -4.051136 -0.931334
5.170661 -4.056017 -0.903977
5.222244 -4.050591 -0.923327
5.250305 -4.052267 -0.919965
5.268372 -4.059951 -0.925596
5.322889 -4.057168 -0.906154
5.323734 -4.037288 -0.927929
5.369879 -4.047506 -0.955044
5.382917 -4.016978 -0.919656
5.436036 -4.035631 -0.937934
5.453412 -4.031931 -0.917788
5.482636 -4.003626 -0.947723
5.523930 -4.036849 -0.945780
5.536661 -4.018332 -0.970847
5.583526 -4.008963 -0.950935
5.597089 -4.005256 -0.963871
5.653997 -3.993380 -0.961975
5.021439 -3.526024 -0.859987
5.034194 -3.545012 -0.870032
5.063378 -3.522191 -0.871426
5.773716 -3.983759 -0.965748
5.805857 -3.979774 -0.991249
5.830329 -3.954012 -0.975976
5.842265 -3.977457 -0.983045
5.885992 -3.980456 -0.991551
5.929030 -3.961481 -0.988358
5.956853 -3.967303 -0.998919
6.006652 -3.961969 -0.991300
6.016088 -3.934559 -1.012040
6.053075 -3.953638 -0.989081
6.090779 -3.946271 -0.997229
6.141184 -3.939535 -1.014719
6.185782 -3.947906 -1.006861
4.809416 -3.051617 -0.783138
4.809153 -3.022916 -0.810713
4.814875 -2.998071 -0.781032
4.845840 -3.001580 -0.798045
6.393002 -3.933637 -1.028279
6.428598 -3.932091 -1.054783
6.446367 -3.925979 -1.056206
6.521134 -3.924083 -1.056677
5.543525 -3.322877 -0.896782
5.558552 -3.328456 -0.894500
5.566538 -3.303867 -0.888715
6.604009 -3.887951 -1.063527
6.621284 -3.860122 -1.066524
6.627679 -3.832993 -1.065538
6.635445 -3.820542 -1.052358
6.652406 -3.796297 -1.067443
6.653265 -3.766717 -1.055682
6.677208 -3.763620 -1.060022
6.682677 -3.747060 -1.069617
6.709987 -3.703600 -1.060091
6.696202 -3.683338 -1.058775
6.719452 -3.680844 -1.053469
6.722124 -3.659010 -1.058484
6.746236 -3.642586 -1.062145
6.770030 -3.635173 -1.064396
6.788755 -3.602533 -1.065836
5.337668 -2.813685 -0.841281
5.341087 -2.791657 -0.835058
6.803351 -3.532883 -1.055860
6.810479 -3.498662 -1.068674
6.835940 -3.479861 -1.058086
6.826377 -3.469082 -1.045793
6.840897 -3.443352 -1.069498
6.863532 -3.410905 -1.052911
6.845623 -3.407416 -1.055701
6.867576 -3.399290 -1.055304
6.902163 -3.363351 -1.051505
6.888550 -3.341262 -1.053394
6.902305 -3.312356 -1.083759
6.906507 -3.293926 -1.050650
6.940665 -3.285487 -1.058699
6.928480 -3.252435 -1.067798
6.946310 -3.220506 -1.061521
6.965155 -3.213495 -1.043712
6.966792 -3.192872 -1.050481
6.965930 -3.165930 -1.083278
6.981345 -3.130288 -1.087013
6.981062 -3.136317 -1.071538
7.004324 -3.123034 -1.065129
7.011622 -3.069093 -1.061537
7.031732 -3.073118 -1.059618
7.044509 -3.036470 -1.068337
7.027897 -3.030972 -1.073597
7.058502 -2.983103 -1.064370
7.047675 -2.972002 -1.054178
7.049337 -2.965272 -1.067161
7.087296 -2.957920 -1.057811
7.090734 -2.893141 -1.057524
7.109102 -2.897218 -1.056093
7.106021 -2.850981 -1.066933
7.103850 -2.838051 -1.072330
7.124712 -2.836567 -1.062842
7.113565 -2.813318 -1.066102
7.141857 -2.793033 -1.057410
7.147483 -2.742209 -1.068170
7.150902 -2.747825 -1.063873
7.168661 -2.710387 -1.053737
7.152496 -2.684759 -1.051774
7.170455 -2.666232 -1.067914
7.176224 -2.641837 -1.086827
7.204978 -2.614886 -1.067075
7.178528 -2.610832 -1.051093
7.197612 -2.570564 -1.060879
7.228256 -2.564611 -1.052297
7.245333 -2.518075 -1.061293
7.240743 -2.515641 -1.068964
7.244767 -2.469756 -1.057975
7.270383 -2.482666 -1.052433
7.238076 -2.466825 -1.064045
7.278241 -2.417937 -1.076666
7.277958 -2.395074 -1.077307
7.270017 -2.388723 -1.056970
7.293006 -2.364687 -1.044890
7.292775 -2.345073 -1.066957
7.301367 -2.310291 -1.069909
5.499283 -1.735747 -0.788173
5.499913 -1.689968 -0.794257
7.309710 -2.240299 -1.064614
7.335651 -2.240546 -1.070590
7.343869 -2.193565 -1.075347
7.343328 -2.177042 -1.066014
7.342001 -2.161548 -1.061294
7.366566 -2.113436 -1.066957
7.366357 -2.094871 -1.054152
7.361284 -2.079580 -1.058863
7.359283 -2.064772 -1.062324
7.379982 -2.061091 -1.063407
7.395082 -2.018062 -1.064909
6.471691 -1.747384 -0.933328
6.458084 -1.714732 -0.932609
6.453266 -1.716238 -0.923335
6.452703 -1.686402 -0.906146
6.486828 -1.672655 -0.947452
7.413092 -1.872057 -1.068793
7.422933 -1.873432 -1.044078
7.414545 -1.841891 -1.073930
7.378414 -1.795342 -1.057650
7.382350 -1.758757 -1.049603
7.364437 -1.755048 -1.051195
7.356769 -1.739250 -1.028373
7.374695 -1.688491 -1.040194
7.376965 -1.671761 -1.052451
7.371638 -1.677530 -1.043214
7.410743 -1.629096 -1.052616
7.428184 -1.624605 -1.067773
7.486879 -1.621585 -1.061526
7.499390 -1.577517 -1.071160
7.490090 -1.571008 -1.062145
7.495383 -1.533475 -1.057964
7.482520 -1.525340 -1.065224
7.509203 -1.485852 -1.063459
7.511940 -1.484503 -1.069231
7.521327 -1.450234 -1.065795
7.541800 -1.410466 -1.072713
7.543408 -1.398792 -1.057779
7.552046 -1.377835 -1.078657
7.522281 -1.352584 -1.045900
7.546865 -1.347981 -1.058396
7.538620 -1.306488 -1.076880
7.556340 -1.283174 -1.068370
7.557817 -1.260516 -1.066767
7.566186 -1.229579 -1.066307
7.559295 -1.206376 -1.051643
7.574556 -1.183556 -1.080817
7.569798 -1.163506 -1.065319
7.569356 -1.153392 -1.056912
7.587871 -1.125586 -1.050870
7.580881 -1.096759 -1.063039
7.583256 -1.080565 -1.046486
7.573330 -1.038018 -1.064566
7.598018 -1.032342 -1.039960
7.593079 -1.024645 -1.070265
7.606120 -0.978645 -1.082305
7.604598 -0.951357 -1.068081
7.591879 -0.953293 -1.070133
7.610548 -0.918691 -1.056157
7.594090 -0.900966 -1.065064
7.615470 -0.872062 -1.058397
7.618912 -0.845258 -1.073591
7.626020 -0.820745 -1.072743
7.624250 -0.796290 -1.054753
7.601747 -0.771876 -1.050516
7.640372 -0.759089 -1.070283
7.633757 -0.704442 -1.076106
7.624269 -0.704497 -1.070972
7.610752 -0.687749 -1.051527
7.610165 -0.659491 -1.072799
7.645682 -0.634288 -1.073540
7.657362 -0.607019 -1.062429
7.625650 -0.587184 -1.051987
7.642357 -0.564845 -1.044823
7.639784 -0.549073 -1.061396
7.636535 -0.521571 -1.062653
7.644802 -0.478998 -1.058430
7.647156 -0.471613 -1.063999
7.638299 -0.462647 -1.068665
7.654212 -0.424761 -1.060430
7.622500 -0.403602 -1.074284
7.670926 -0.365497 -1.060778
7.668736 -0.340421 -1.075403
7.650410 -0.336891 -1.047166
7.664396 -0.318496 -1.063883
7.661869 -0.272985 -1.070429
7.647470 -0.260242 -1.065428
7.652685 -0.232358 -1.065269
7.644953 -0.194140 -1.081491
7.664401 -0.187024 -1.052757
7.670506 -0.167063 -1.071466
7.655143 -0.128477 -1.065816
7.660463 -0.100872 -1.058282
7.662059 -0.100251 -1.060220
7.661389 -0.072144 -1.062577
7.664728 -0.041810 -1.054136
7.656758 -0.015892 -1.054287
7.649137 0.008061 -1.063572
7.664205 0.032997 -1.061055
7.675543 0.044720 -1.043828
7.666819 0.051947 -1.048718
7.652847 0.096376 -1.066335
7.670465 0.100699 -1.067829
7.659482 0.140433 -1.058823
7.670323 0.164569 -1.064469
7.640384 0.187705 -1.073884
7.668077 0.210287 -1.060559
7.636075 0.239787 -1.056974
7.653558 0.259750 -1.051679
7.652090 0.301110 -1.054541
7.667755 0.310803 -1.061219
7.646531 0.312723 -1.054110
7.648624 0.370162 -1.068664
7.646430 0.366406 -1.068440
7.638291 0.391710 -1.054927
7.639837 0.445041 -1.058524
7.636704 0.445834 -1.071388
7.642248 0.462408 -1.067224
7.643583 0.485523 -1.055269
7.649635 0.530829 -1.061885
7.654669 0.533433 -1.074955
7.640265 0.557531 -1.065991
7.629678 0.601190 -1.053506
7.644317 0.611303 -1.053776
7.605390 0.626520 -1.046830
7.636924 0.665495 -1.067048
7.624854 0.691188 -1.052244
7.632070 0.682567 -1.063091
7.643324 0.727062 -1.056543
7.623922 0.762650 -1.066202
7.615953 0.761671 -1.057786
7.588098 0.800959 -1.070536
7.627235 0.813436 -1.054700
7.610530 0.851116 -1.054342
7.600162 0.871762 -1.059399
7.599276 0.902046 -1.057920
7.606804 0.910739 -1.065273
7.607119 0.941182 -1.061171
7.604919 0.961530 -1.039572
7.593181 0.978580 -1.050707
7.595966 1.028930 -1.071296
7.585827 1.040758 -1.066944
7.593592 1.049215 -1.064882
7.584204 1.073460 -1.066441
7.589496 1.110701 -1.069582
7.598568 1.131154 -1.059222
7.561916 1.157249 -1.063129
7.576553 1.176587 -1.057143
7.542934 1.194080 -1.068300
7.565743 1.210726 -1.062494
7.569720 1.236747 -1.062903
7.563869 1.274039 -1.072801
7.552831 1.274446 -1.075151
7.564049 1.311975 -1.046614
7.556184 1.350144 -1.069016
7.532502 1.349389 -1.065742
7.550136 1.371426 -1.074861
7.522523 1.402336 -1.059157
7.512403 1.424600 -1.068035
7.526391 1.444206 -1.054079
7.518301 1.463067 -1.069204
7.512910 1.496679 -1.065604
7.505649 1.529361 -1.035458
7.509260 1.548988 -1.067848
7.495779 1.562906 -1.057441
7.503751 1.588560 -1.076116
7.491843 1.634410 -1.044234
7.504894 1.629362 -1.055285
7.459693 1.649969 -1.067534
7.415532 1.660901 -1.040833
7.374155 1.693984 -1.062689
7.365949 1.697667 -1.048418
7.350807 1.737681 -1.053779
7.368672 1.733397 -1.060506
7.377113 1.765008 -1.045272
7.343927 1.798473 -1.046874
7.375068 1.841634 -1.050006
7.389019 1.861062 -1.084536
7.415996 1.885128 -1.053388
7.412879 1.917594 -1.082498
7.397785 1.919662 -1.078417
6.600305 1.759236 -0.967716
6.558740 1.753510 -0.956387
6.560619 1.792921 -0.966460
6.582443 1.793144 -0.947739
6.567316 1.809737 -0.954044
7.383698 2.069165 -1.051794
7.359272 2.079842 -1.059641
7.368580 2.119230 -1.053382
7.360387 2.152971 -1.061545
7.359488 2.147867 -1.066175
7.340108 2.200159 -1.046508
7.334973 2.200830 -1.070902
7.317229 2.214237 -1.065722
7.311411 2.240583 -1.064640
7.340633 2.275045 -1.052181
7.319983 2.294639 -1.050367
5.538963 1.743684 -0.806476
5.542357 1.774909 -0.804090
5.532945 1.825329 -0.795999
7.279631 2.370671 -1.055327
7.256389 2.407321 -1.059117
7.250759 2.432620 -1.070542
7.272527 2.461662 -1.062634
7.252510 2.468042 -1.083672
7.243880 2.495305 -1.057250
7.227269 2.526826 -1.082318
7.218972 2.524299 -1.060308
7.209938 2.547403 -1.073918
7.203119 2.585890 -1.053081
7.211087 2.602144 -1.071319
7.192452 2.617816 -1.055579
7.179588 2.646968 -1.062504
7.187910 2.687958 -1.066012
7.170159 2.681036 -1.070849
7.166566 2.721699 -1.046023
7.139411 2.747984 -1.065831
7.157246 2.748116 -1.060835
7.139582 2.792109 -1.063278
7.131206 2.809068 -1.065639
7.101863 2.840580 -1.061286
7.104829 2.852436 -1.053634
7.106323 2.865783 -1.053835
7.090174 2.889794 -1.067932
7.093773 2.925056 -1.068750
7.089056 2.938012 -1.086250
7.064015 2.969383 -1.064742
7.053700 2.981384 -1.057404
7.059089 3.000054 -1.068861
7.041461 2.990251 -1.058265
7.023105 3.042298 -1.058857
7.031728 3.040616 -1.064349
7.015101 3.077226 -1.055605
7.008083 3.116875 -1.067324
6.980591 3.130106 -1.066352
6.993374 3.142753 -1.061881
6.973567 3.183034 -1.056108
6.965840 3.183732 -1.066727
6.943668 3.201123 -1.070291
6.932332 3.231109 -1.056230
6.928736 3.240264 -1.056640
6.921257 3.277797 -1.058133
6.926294 3.297497 -1.051537
6.897840 3.311511 -1.071808
6.884178 3.348815 -1.076824
6.862556 3.339833 -1.052704
6.844707 3.365104 -1.056919
6.874527 3.392838 -1.046024
6.860667 3.441084 -1.072538
6.842645 3.443872 -1.063244
6.841832 3.474296 -1.061597
6.797032 3.487350 -1.051357
6.808280 3.504937 -1.058405
6.805793 3.529477 -1.073508
6.796497 3.544516 -1.065673
6.775628 3.562320 -1.064123
6.764978 3.599643 -1.080877
6.739973 3.624234 -1.061427
6.741524 3.639678 -1.057153
6.754296 3.634657 -1.070083
6.589713 3.613604 -1.043953
6.581462 3.642668 -1.040515
6.577371 3.653442 -1.050011
6.510972 3.656267 -1.028793
6.462098 3.647667 -1.028248
6.453553 3.660897 -1.009345
6.417922 3.649895 -1.037504
6.418740 3.679225 -1.028655
6.517917 3.762541 -1.034481
6.516334 3.793769 -1.039919
6.483558 3.835386 -1.039701
6.487298 3.834713 -1.039688
6.461998 3.844055 -1.042349
6.446006 3.849021 -1.044150
6.383577 3.847524 -1.019889
6.346602 3.862514 -1.007046
6.337172 3.868864 -1.040329
6.335129 3.921222 -1.030735
6.342736 3.939169 -1.051263
6.376258 3.989316 -1.037762
6.355588 3.999417 -1.041250
6.340038 4.006535 -1.040736
6.454678 4.106100 -1.075576
6.441566 4.149055 -1.056706
6.437893 4.151697 -1.057772
6.427325 4.184563 -1.069604
6.416603 4.185423 -1.058833
6.394005 4.212672 -1.050238
6.382434 4.235154 -1.070621
6.361283 4.263610 -1.078065
6.366876 4.269554 -1.060252
6.307868 4.285653 -1.049676
6.323336 4.313191 -1.059972
6.302337 4.345748 -1.061368
6.302999 4.335265 -1.053733
6.275715 4.377674 -1.075441
6.277414 4.395072 -1.065118
6.256410 4.422842 -1.055254
6.247458 4.446856 -1.050927
6.229679 4.459275 -1.045945
6.239285 4.476833 -1.052459
6.216901 4.488339 -1.067550
6.184366 4.518746 -1.064755
6.175480 4.533016 -1.067937
6.168173 4.550094 -1.062463
6.151739 4.581194 -1.072178
6.136168 4.584282 -1.051682
6.111827 4.619574 -1.070330
6.104965 4.626598 -1.052269
6.089474 4.643035 -1.062675
6.089828 4.653685 -1.056961
6.071460 4.693642 -1.065084
6.076479 4.675840 -1.066407
6.035648 4.716218 -1.053963
6.015758 4.731822 -1.059469
6.030499 4.732688 -1.065162
5.989714 4.762283 -1.063460
5.961799 4.793303 -1.075885
5.938237 4.806908 -1.056095
5.946453 4.818638 -1.046687
5.935299 4.837785 -1.065565
5.923453 4.867754 -1.071708
5.897059 4.860868 -1.064603
5.877533 4.895522 -1.075398
5.855504 4.904021 -1.068564
5.855837 4.940028 -1.067018
5.834188 4.965106 -1.070436
5.829743 4.964236 -1.052948
5.800998 4.976267 -1.088764
5.807168 4.995508 -1.066160
5.785741 5.020950 -1.061659
5.757874 5.047413 -1.048541
5.753510 5.045415 -1.068570
5.729690 5.066620 -1.061549
5.720737 5.102770 -1.051102
5.689401 5.112499 -1.053522
5.706223 5.135860 -1.073808
5.670605 5.146555 -1.061474
5.651395 5.173828 -1.058142
5.644869 5.192857 -1.057723
5.619833 5.194255 -1.071384
5.612363 5.211082 -1.041842
5.599378 5.232081 -1.069384
5.580167 5.256014 -1.066536
5.561922 5.254936 -1.060394
5.542588 5.301307 -1.068010
5.537236 5.297970 -1.057492
5.503097 5.306235 -1.042111
5.504227 5.343168 -1.040681
5.479432 5.336270 -1.053346
5.439291 5.350260 -1.051206
5.437186 5.394946 -1.051877
5.434724 5.408563 -1.073919
5.414333 5.408761 -1.069505
5.389017 5.445660 -1.063930
5.373760 5.444697 -1.051403
5.350850 5.462183 -1.061162
5.311547 5.463235 -1.050771
5.288344 5.467247 -1.064287
5.247488 5.469150 -1.045895
5.219266 5.466491 -1.047924
5.183331 5.443996 -1.058029
5.147568 5.462457 -1.020473
5.136415 5.450645 -1.039473
5.102179 5.465826 -1.032492
5.061449 5.469698 -1.048133
5.015684 5.454356 -1.025988
5.013803 5.464316 -1.023773
4.953605 5.460868 -1.033855
4.922168 5.437062 -1.003980
4.901800 5.465532 -1.019224
4.870695 5.453608 -1.009341
4.833144 5.476601 -1.012609
4.821035 5.466064 -1.009077
4.793396 5.458098 -1.004762
4.750021 5.463306 -0.996427
4.736454 5.454504 -0.991573
4.713777 5.469212 -1.000914
4.651003 5.452445 -0.981300
4.638456 5.462070 -0.980645
4.631443 5.457569 -0.998947
4.585112 5.434324 -0.983748
4.540633 5.452404 -0.995842
4.532022 5.468791 -0.983643
4.504767 5.469733 -0.966873
4.473475 5.465775 -0.987962
4.445800 5.455655 -0.989898
4.404706 5.454161 -0.978035
4.379900 5.453308 -0.979433
4.370754 5.461487 -0.980619
4.349635 5.447064 -0.972921
4.289251 5.470811 -0.971293
4.268366 5.467086 -0.969043
4.250733 5.455363 -0.972127
4.238543 5.454064 -0.960452
4.179863 5.465432 -0.959548
4.180167 5.455044 -0.949160
4.144785 5.470536 -0.956266
4.132792 5.458191 -0.943913
4.107800 5.458078 -0.957844
4.076131 5.466262 -0.958252
4.035251 5.445668 -0.946751
4.018245 5.469892 -0.933226
3.987319 5.446630 -0.940403
3.958838 5.473129 -0.950897
3.934854 5.464787 -0.938231
3.917817 5.471379 -0.930647
3.893049 5.458512 -0.929310
3.849636 5.454420 -0.923142
3.833103 5.453488 -0.930178
3.826090 5.464515 -0.918887
3.789231 5.460921 -0.913778
3.773066 5.462961 -0.926431
3.731966 5.452242 -0.923198
3.701071 5.455164 -0.927157
3.674242 5.450727 -0.919665
3.676493 5.465689 -0.899400
3.644212 5.451078 -0.896234
3.616741 5.490806 -0.920791
3.574845 5.459821 -0.915689
3.584972 5.456840 -0.900649
3.552143 5.465653 -0.895962
3.523658 5.461433 -0.904253
3.502390 5.448760 -0.910490
3.486118 5.463559 -0.893355
3.451121 5.468606 -0.879553
3.447711 5.478158 -0.891886
3.399016 5.456494 -0.887993
3.382609 5.478449 -0.891534
3.337628 5.480855 -0.880375
3.351738 5.454051 -0.899508
3.314618 5.455618 -0.895620
3.292178 5.483332 -0.874900
3.271910 5.470245 -0.887076
3.239968 5.473337 -0.881593
3.234902 5.450915 -0.871845
3.193217 5.453646 -0.883170
3.185062 5.483107 -0.872317
3.153295 5.465681 -0.875938
3.122484 5.469255 -0.880199
3.113885 5.460384 -0.879556
3.075774 5.469039 -0.867313
3.071677 5.452454 -0.888396
3.045449 5.471438 -0.848806
3.038301 5.455942 -0.874446
3.018646 5.461393 -0.864586
2.976317 5.462982 -0.868454
2.945904 5.456094 -0.853096
2.934647 5.453973 -0.856609
2.905113 5.459239 -0.874134
2.888948 5.455443 -0.858133
2.873171 5.467521 -0.862993
2.834411 5.449272 -0.840457
2.825263 5.458022 -0.840961
2.819163 5.466134 -0.850562
2.777892 5.451558 -0.827682
2.753185 5.459128 -0.856633
2.746546 5.459384 -0.840497
2.699002 5.481469 -0.841899
2.702542 5.449603 -0.859626
2.674747 5.476278 -0.842187
2.659570 5.466518 -0.825755
2.634387 5.478916 -0.841864
2.629844 5.464777 -0.839805
2.591646 5.456463 -0.842057
2.585520 5.464445 -0.855679
2.561400 5.473794 -0.845763
2.523803 5.473372 -0.820476
2.510331 5.467887 -0.834261
2.491828 5.484206 -0.830943
2.468365 5.463727 -0.824301
2.456104 5.457884 -0.825570
2.442200 5.458288 -0.836082
2.415704 5.467908 -0.842337
2.400460 5.454529 -0.823809
2.369636 5.446059 -0.827406
2.364501 5.475623 -0.840317
2.331257 5.468762 -0.838785
2.319463 5.467503 -0.831698
2.281068 5.482996 -0.823401
2.284983 5.475587 -0.822311
2.261249 5.483339 -0.811450
2.249879 5.465846 -0.836633
2.234849 5.480114 -0.824275
2.199797 5.478909 -0.805653
2.195604 5.447972 -0.816982
2.151149 5.464575 -0.811529
2.117741 5.469193 -0.825172
2.126811 5.457004 -0.825658
2.087605 5.479508 -0.821046
2.081867 5.458453 -0.825593
2.083328 5.465867 -0.810029
2.030790 5.468286 -0.806006
2.012755 5.475827 -0.812519
2.013994 5.480062 -0.805907
1.979388 5.471183 -0.803445
1.967435 5.453897 -0.812086
1.955118 5.469151 -0.807114
1.943106 5.482049 -0.809083
1.897760 5.464703 -0.815767
1.885494 5.485060 -0.789528
1.868434 5.463457 -0.797605
1.853623 5.468299 -0.812091
1.857222 5.449353 -0.801445
1.809991 5.463472 -0.789181
1.809333 5.462497 -0.793039
1.777214 5.456860 -0.775506
1.759359 5.460509 -0.784416
1.745000 5.468166 -0.803943
1.716032 5.453144 -0.797348
1.724542 5.468801 -0.792414
1.695815 5.458621 -0.801797
1.673149 5.475098 -0.781185
1.645829 5.484577 -0.777837
1.630270 5.469197 -0.782082
1.639266 5.465172 -0.790094
1.597088 5.463272 -0.791110
1.561823 5.487073 -0.807033
1.562802 5.466164 -0.796130
1.555586 5.491935 -0.796605
1.534170 5.471481 -0.784404
1.504797 5.464478 -0.792058
1.472249 5.471525 -0.786834
1.469656 5.483561 -0.780503
1.448957 5.476396 -0.791755
1.436287 5.467524 -0.795729
1.410747 5.472776 -0.773831
1.404520 5.476625 -0.787228
1.383220 5.457884 -0.784403
1.341465 5.462447 -0.794183
1.353843 5.469568 -0.781340
1.340287 5.471813 -0.763815
1.313283 5.463426 -0.776039
1.290936 5.479525 -0.782653
1.289022 5.465788 -0.763569
1.254929 5.490485 -0.785902
1.235024 5.469537 -0.779494
1.210554 5.460515 -0.769750
1.200981 5.487715 -0.775492
1.185431 5.464453 -0.780493
1.163630 5.466706 -0.805020
1.144746 5.468711 -0.778151
1.126825 5.484123 -0.778547
1.119557 5.460248 -0.774350
1.100093 5.485273 -0.775791
1.074942 5.468607 -0.778338
1.088067 5.480510 -0.770758
1.051737 5.463849 -0.768626
1.012165 5.471334 -0.777614
1.011857 5.470881 -0.767652
0.990078 5.467350 -0.758286
0.963096 5.484231 -0.775945
0.974732 5.478320 -0.775521
0.946974 5.457186 -0.773477
0.921248 5.477365 -0.766655
0.896677 5.479790 -0.778890
0.899184 5.477934 -0.775347
0.873019 5.470420 -0.749531
0.838849 5.460966 -0.775882
0.841534 5.473228 -0.767207
0.805102 5.487011 -0.754337
0.795209 5.464643 -0.760099
0.785106 5.484284 -0.777279
0.767248 5.477961 -0.755394
0.749954 5.468088 -0.774721
0.733242 5.467612 -0.776616
0.705883 5.466177 -0.760564
0.679379 5.456389 -0.777307
0.687271 5.475208 -0.755554
0.677666 5.496489 -0.765474
0.645933 5.473157 -0.766904
0.635714 5.471977 -0.768260
0.626516 5.476589 -0.764342
0.601962 5.483566 -0.773062
0.581525 5.468657 -0.752547
0.551119 5.494741 -0.766600
0.545597 5.471536 -0.764151
0.544879 5.485964 -0.757339
0.518813 5.468205 -0.761203
0.480831 5.479305 -0.761166
0.489837 5.485988 -0.748144
0.461798 5.484538 -0.777097
0.448730 5.481391 -0.760412
0.421068 5.456985 -0.770069
0.421849 5.473129 -0.756806
0.382542 5.471985 -0.768265
0.380190 5.474859 -0.758103
0.360300 5.447501 -0.762353
0.351833 5.489020 -0.761149
0.338055 5.459773 -0.759676
0.334618 5.491717 -0.754162
0.280058 5.471611 -0.756055
0.284810 5.468806 -0.765331
0.252656 5.478502 -0.750769
0.245834 5.463592 -0.746429
0.231765 5.469079 -0.760923
0.205171 5.490474 -0.768848
0.193972 5.468811 -0.749327
0.154252 5.469731 -0.757955
0.165238 5.460377 -0.760798
0.134342 5.475852 -0.761784
0.115864 5.472761 -0.748790
0.106877 5.467795 -0.770537
0.082243 5.485491 -0.773534
0.068670 5.457824 -0.752885
0.072463 5.472893 -0.761739
0.039064 5.468966 -0.754018
0.023270 5.480194 -0.777224
0.026066 5.476659 -0.765295
0.009093 5.468137 -0.759954
-0.003738 -4.489797 -0.585474
0.002099 -4.469700 -0.606033
0.031206 -4.462073 -0.567628
0.051581 -4.473714 -0.581006
0.058800 -4.466121 -0.582672
0.080548 -4.454636 -0.587862
0.105515 -4.483410 -0.582417
0.115330 -4.462505 -0.579555
0.137303 -4.461578 -0.585505
0.131645 -4.462660 -0.572812
0.130838 -4.451870 -0.573361
0.152756 -4.475029 -0.576414
0.170254 -4.479714 -0.557751
0.199398 -4.456611 -0.570958
0.191876 -4.460907 -0.572792
0.218334 -4.470208 -0.574056
0.223574 -4.451225 -0.570699
0.220174 -4.456979 -0.572258
0.251958 -4.466178 -0.572592
0.268181 -4.465580 -0.577390
0.274798 -4.462063 -0.591061
0.279322 -4.448335 -0.573803
0.310691 -4.457428 -0.577687
0.311416 -4.475464 -0.572926
0.339768 -4.453018 -0.586667
0.353532 -4.451311 -0.564747
0.361115 -4.452980 -0.571787
0.362857 -4.441619 -0.567455
0.370402 -4.446714 -0.577290
0.388077 -4.452973 -0.576770
0.418801 -4.464375 -0.588793
0.454127 -4.476265 -0.583879
0.468735 -4.444355 -0.596753
0.459448 -4.450004 -0.579071
0.480441 -4.444441 -0.585435
0.487173 -4.463374 -0.586887
0.489597 -4.448997 -0.593113
0.526669 -4.451353 -0.580902
0.522914 -4.454333 -0.564528
0.522113 -4.431121 -0.564382
0.547809 -4.458799 -0.592238
0.562659 -4.452752 -0.589118
0.576291 -4.436020 -0.578852
0.607564 -4.453577 -0.577105
0.608109 -4.434366 -0.576489
0.635533 -4.452945 -0.579798
0.647407 -4.435154 -0.588671
0.658360 -4.428667 -0.584681
0.665034 -4.444314 -0.582487
0.686871 -4.435666 -0.595504
0.693967 -4.422319 -0.600114
0.703323 -4.436417 -0.587668
0.732483 -4.441123 -0.576768
0.720429 -4.451568 -0.582845
0.745588 -4.426851 -0.573466
0.772548 -4.438616 -0.590106
0.783296 -4.425855 -0.578795
0.787313 -4.432457 -0.585618
0.804697 -4.438382 -0.589825
0.823629 -4.432973 -0.592607
0.842280 -4.417116 -0.591388
0.836566 -4.427639 -0.572138
0.854440 -4.427708 -0.587061
0.879412 -4.438782 -0.577810
0.908512 -4.441486 -0.589187
0.915752 -4.440302 -0.561965
0.914327 -4.431641 -0.586486
0.922422 -4.417177 -0.585314
0.935921 -4.411195 -0.609154
0.956955 -4.427691 -0.590058
0.968678 -4.434433 -0.589678
0.996060 -4.421737 -0.564899
1.000581 -4.435751 -0.592509
1.012769 -4.409128 -0.590172
1.030670 -4.443659 -0.600255
1.040723 -4.447816 -0.574310
1.072606 -4.422033 -0.594956
1.086658 -4.432937 -0.591660
1.109145 -4.434774 -0.596965
1.098312 -4.418948 -0.582792
1.123312 -4.438076 -0.587156
1.135045 -4.435171 -0.577073
1.145686 -4.422500 -0.595879
1.160870 -4.439917 -0.591234
1.166036 -4.416732 -0.606213
1.181598 -4.427747 -0.601362
1.197748 -4.413990 -0.591930
1.212296 -4.423719 -0.583902
1.220859 -4.404363 -0.620389
1.245724 -4.418784 -0.606130
1.273304 -4.406641 -0.597005
1.267925 -4.394868 -0.588042
1.292117 -4.428185 -0.609535
1.295643 -4.414523 -0.608684
1.323741 -4.419549 -0.595394
1.330424 -4.402699 -0.614054
1.352638 -4.421513 -0.582968
1.359437 -4.396764 -0.606213
1.388725 -4.409641 -0.597604
1.372621 -4.410711 -0.576446
1.410805 -4.405144 -0.580274
1.429157 -4.399063 -0.586739
1.433269 -4.382929 -0.612075
1.436105 -4.402391 -0.597291
1.462488 -4.393377 -0.589015
1.456417 -4.407306 -0.592490
1.498154 -4.407345 -0.603051
1.508425 -4.397254 -0.601220
1.525872 -4.396461 -0.608405
1.539698 -4.417519 -0.611378
1.552041 -4.401822 -0.605719
1.567689 -4.396529 -0.605770
1.604651 -4.390169 -0.601978
1.600578 -4.399477 -0.598011
1.615856 -4.399255 -0.610528
1.648220 -4.389477 -0.592686
1.662526 -4.405149 -0.590578
1.680569 -4.398198 -0.607745
1.662117 -4.414713 -0.609140
1.680203 -4.414532 -0.608714
1.709547 -4.381639 -0.616341
1.733011 -4.403929 -0.626187
1.719414 -4.366311 -0.606090
1.756625 -4.406170 -0.611234
1.760475 -4.398875 -0.616305
1.785099 -4.389760 -0.608337
1.784475 -4.386553 -0.602194
1.832954 -4.373222 -0.625951
1.821467 -4.398457 -0.598216
1.828883 -4.379645 -0.606934
1.865766 -4.389697 -0.621222
1.870766 -4.388188 -0.618425
1.904982 -4.404001 -0.601899
1.903863 -4.375480 -0.627224
1.937516 -4.380539 -0.612230
1.939492 -4.365836 -0.625325
1.947588 -4.365437 -0.623534
1.970221 -4.395049 -0.606901
1.985105 -4.394469 -0.621855
2.003902 -4.400913 -0.627639
2.006554 -4.383471 -0.621269
2.035623 -4.377274 -0.621528
2.042480 -4.391953 -0.633118
2.065797 -4.374488 -0.640880
2.082624 -4.392534 -0.614452
2.095470 -4.375893 -0.636669
2.127947 -4.367797 -0.622772
2.135339 -4.386504 -0.623015
2.127375 -4.374564 -0.622060
2.159568 -4.370418 -0.630146
2.155858 -4.391612 -0.625156
2.183516 -4.378617 -0.625889
2.225108 -4.368385 -0.637692
2.229470 -4.354305 -0.629100
2.240662 -4.374545 -0.629790
2.259736 -4.370669 -0.628691
2.275240 -4.368826 -0.651307
2.300115 -4.356276 -0.638420
2.322972 -4.353233 -0.634814
2.327009 -4.373658 -0.628935
2.349918 -4.349578 -0.638222
2.366020 -4.373193 -0.641494
2.370819 -4.362574 -0.642985
2.391234 -4.362799 -0.640059
2.434110 -4.375382 -0.659938
2.440031 -4.349939 -0.638993
2.460333 -4.353152 -0.662492
2.480164 -4.351779 -0.652642
2.482380 -4.356962 -0.631222
2.501271 -4.355757 -0.645894
2.516627 -4.344362 -0.659302
2.535289 -4.362118 -0.648371
2.547097 -4.342856 -0.656263
2.559049 -4.351846 -0.644312
2.578276 -4.341400 -0.639027
2.607270 -4.347802 -0.670885
2.619432 -4.365538 -0.651687
2.641213 -4.362473 -0.667670
2.663073 -4.347328 -0.671790
2.667017 -4.342616 -0.663108
2.699169 -4.355395 -0.644801
2.704283 -4.359115 -0.663613
2.741078 -4.352589 -0.672918
2.765471 -4.349344 -0.670501
2.769315 -4.344241 -0.689746
2.767340 -4.340415 -0.680344
2.798513 -4.353381 -0.684700
2.835335 -4.344069 -0.665289
2.863566 -4.340440 -0.668372
2.867507 -4.342402 -0.683881
2.887061 -4.345086 -0.667133
2.896412 -4.358104 -0.676447
2.895795 -4.331410 -0.688974
2.940388 -4.318836 -0.688095
2.938235 -4.327077 -0.676666
2.968333 -4.326654 -0.684765
2.992908 -4.341061 -0.675631
2.984130 -4.336311 -0.682730
3.030611 -4.322253 -0.684263
3.044184 -4.338821 -0.693269
3.068985 -4.340205 -0.716290
3.084061 -4.323924 -0.700259
3.111592 -4.352296 -0.688846
3.147166 -4.340219 -0.692882
3.134652 -4.323657 -0.673822
3.145717 -4.327194 -0.706673
3.166025 -4.321417 -0.695295
3.178873 -4.318146 -0.709080
3.219276 -4.322358 -0.713638
3.227663 -4.316220 -0.703918
3.256938 -4.321855 -0.725072
3.276059 -4.311937 -0.696009
3.307278 -4.311414 -0.711284
3.308897 -4.322783 -0.703091
3.335232 -4.301596 -0.691017
3.360544 -4.295693 -0.696760
3.371187 -4.320438 -0.688626
3.383824 -4.307576 -0.717438
3.423023 -4.298277 -0.688668
3.418787 -4.297921 -0.722875
3.464326 -4.298063 -0.715967
3.465164 -4.288105 -0.697836
3.476964 -4.286692 -0.726152
3.531005 -4.293309 -0.716286
3.534443 -4.267641 -0.740918
3.548805 -4.250901 -0.731222
3.577863 -4.281908 -0.711206
3.591056 -4.276707 -0.732011
3.624462 -4.291134 -0.728430
3.632664 -4.270891 -0.721277
3.657263 -4.266059 -0.737837
3.693554 -4.273238 -0.741090
3.689590 -4.262863 -0.727318
3.736207 -4.258931 -0.740460
3.748389 -4.255830 -0.736654
3.765246 -4.263903 -0.732754
3.796803 -4.237963 -0.743609
3.815527 -4.262116 -0.740439
3.813733 -4.251937 -0.726204
3.855591 -4.235553 -0.751665
3.882268 -4.249796 -0.751951
3.904646 -4.239448 -0.760444
3.893188 -4.248990 -0.735716
3.933527 -4.249456 -0.749008
3.948919 -4.231367 -0.763756
3.986555 -4.231538 -0.752767
3.999328 -4.233193 -0.746743
4.015162 -4.234377 -0.761597
4.034702 -4.237805 -0.738382
4.067022 -4.233375 -0.751775
4.098279 -4.229337 -0.765511
4.141724 -4.243767 -0.758412
4.142890 -4.232533 -0.776651
4.160472 -4.217738 -0.767119
4.200237 -4.212716 -0.758824
4.205121 -4.224280 -0.784903
4.233869 -4.194822 -0.777702
4.258624 -4.202538 -0.764925
4.285026 -4.204233 -0.773428
4.305819 -4.194425 -0.780264
4.329702 -4.174563 -0.762063
4.334646 -4.200858 -0.772828
4.370109 -4.191211 -0.783571
4.409817 -4.197025 -0.801083
4.406909 -4.195527 -0.777543
4.436827 -4.177780 -0.794871
4.477434 -4.188665 -0.778447
4.512355 -4.192817 -0.787146
4.520267 -4.165184 -0.786039
4.550539 -4.157812 -0.822221
4.559446 -4.184529 -0.813638
4.585603 -4.160700 -0.817121
4.613844 -4.138952 -0.818512
4.659319 -4.174841 -0.797920
4.663211 -4.152866 -0.836172
4.697032 -4.164703 -0.803617
4.710883 -4.168707 -0.784748
4.775856 -4.156948 -0.818721
4.776768 -4.140106 -0.816754
4.798921 -4.145385 -0.821629
4.824962 -4.155837 -0.837775
4.863870 -4.145133 -0.836235
4.879811 -4.125178 -0.826046
4.898010 -4.157529 -0.832947
4.931160 -4.128605 -0.830337
4.963760 -4.140950 -0.843065
5.007489 -4.122994 -0.860729
5.020549 -4.146380 -0.831759
5.033907 -4.126340 -0.841369
5.076293 -4.118958 -0.858200
5.101117 -4.107175 -0.850390
5.117052 -4.113481 -0.854053
5.141325 -4.095686 -0.852846
5.180462 -4.108537 -0.855017
5.189659 -4.097980 -0.861420
5.228068 -4.112658 -0.850577
5.276303 -4.076848 -0.875174
5.301001 -4.072647 -0.862413
5.336241 -4.096563 -0.865755
5.341333 -4.083370 -0.871984
5.396157 -4.078677 -0.878742
5.423289 -4.073864 -0.866543
5.440947 -4.083578 -0.880573
5.468247 -4.061158 -0.903115
5.520535 -4.053373 -0.892289
5.544488 -4.051666 -0.894958
5.564572 -4.053521 -0.890283
5.589786 -4.054823 -0.894353
5.655971 -4.057348 -0.895498
5.661462 -4.048435 -0.900444
5.678218 -4.048128 -0.913834
5.007175 -3.530078 -0.800349
5.034461 -3.535727 -0.808010
5.054033 -3.523894 -0.809054
5.821844 -4.043707 -0.922731
5.863994 -4.010693 -0.923526
5.881165 -4.006968 -0.917708
5.926113 -4.006790 -0.931589
5.963618 -4.010611 -0.935672
5.976441 -3.994642 -0.918715
6.036929 -3.988386 -0.962440
6.061086 -3.995189 -0.947210
6.075138 -3.995291 -0.926074
6.132423 -3.994310 -0.948222
6.144792 -3.984151 -0.961830
6.188526 -3.984252 -0.967480
6.206144 -3.975807 -0.956060
4.797542 -3.055266 -0.730830
4.789029 -3.027244 -0.730265
4.807861 -2.999908 -0.723464
4.834679 -3.003562 -0.754989
6.429018 -3.953778 -0.972782
6.448765 -3.935083 -0.983004
6.496269 -3.951146 -0.962610
6.511554 -3.941905 -0.971487
5.542482 -3.321051 -0.841777
5.565995 -3.323387 -0.841845
5.555881 -3.290807 -0.833447
6.668808 -3.924489 -1.001466
6.739525 -3.902696 -1.007875
6.762335 -3.922467 -1.016533
6.808847 -3.929146 -0.999575
6.858808 -3.921596 -1.028878
6.916339 -3.904404 -1.044152
6.943696 -3.918346 -1.037802
7.000346 -3.901011 -1.032879
7.057291 -3.913931 -1.045282
7.090817 -3.905180 -1.068436
7.164905 -3.897254 -1.046075
7.178720 -3.910384 -1.048761
7.190483 -3.866066 -1.072270
7.222060 -3.873483 -1.058649
7.228472 -3.826094 -1.077811
5.325774 -2.814742 -0.787295
5.327848 -2.781397 -0.765698
7.258155 -3.787115 -1.072664
7.262437 -3.738663 -1.041523
7.271771 -3.732113 -1.086811
7.267939 -3.701896 -1.060450
7.301346 -3.693343 -1.071566
7.314850 -3.655913 -1.054378
7.319832 -3.640544 -1.068128
7.348671 -3.616405 -1.064826
7.328581 -3.600427 -1.063247
7.342240 -3.552051 -1.071610
7.379248 -3.554017 -1.053930
7.352901 -3.511571 -1.057674
7.401738 -3.501762 -1.073363
7.382965 -3.484847 -1.049650
7.410357 -3.453158 -1.053032
7.425428 -3.427135 -1.045043
7.432560 -3.408686 -1.054681
7.435158 -3.371932 -1.043385
7.450031 -3.363493 -1.081481
7.456312 -3.335190 -1.048179
7.489389 -3.309414 -1.078731
7.486412 -3.289483 -1.059638
7.490431 -3.281061 -1.054451
7.493106 -3.238200 -1.066813
7.518424 -3.216671 -1.058248
7.513787 -3.197279 -1.055035
7.543674 -3.173639 -1.060055
7.552944 -3.151455 -1.058964
7.561356 -3.116617 -1.051251
7.562985 -3.110991 -1.046562
7.570726 -3.076408 -1.066985
7.579771 -3.062239 -1.059962
7.602055 -3.039689 -1.063568
7.610561 -3.018109 -1.064384
7.613431 -2.982942 -1.077165
7.619070 -2.968253 -1.067752
7.629665 -2.925525 -1.077449
7.630040 -2.937338 -1.073415
7.634103 -2.915590 -1.064636
7.656953 -2.864221 -1.061487
7.657322 -2.851118 -1.074850
7.681271 -2.830576 -1.066011
7.691852 -2.816300 -1.066698
7.685518 -2.774230 -1.058376
7.700661 -2.747502 -1.058720
7.690662 -2.727129 -1.081870
7.709949 -2.712615 -1.061221
7.696122 -2.677257 -1.057156
7.714823 -2.660903 -1.066688
7.743515 -2.635304 -1.058081
7.758560 -2.604927 -1.071554
7.750901 -2.596972 -1.065651
7.736020 -2.568878 -1.065989
7.765349 -2.533706 -1.052801
7.768747 -2.529229 -1.076403
7.767471 -2.484160 -1.057986
7.780046 -2.474868 -1.086288
7.782406 -2.452016 -1.061209
7.809996 -2.424063 -1.050352
7.798461 -2.398830 -1.069744
7.842940 -2.365573 -1.064843
7.825373 -2.354389 -1.080966
7.824581 -2.340147 -1.057414
7.835458 -2.302592 -1.059201
7.833401 -2.283136 -1.054007
7.851372 -2.257072 -1.067655
7.856609 -2.228505 -1.052785
7.860553 -2.216070 -1.065399
7.896370 -2.173765 -1.037236
7.879076 -2.154690 -1.045218
6.449614 -1.739615 -0.861759
6.439679 -1.719763 -0.880465
6.458870 -1.706199 -0.860362
6.481749 -1.676982 -0.849001
7.926101 -2.022121 -1.063638
7.925535 -1.996860 -1.065127
7.917208 -1.969686 -1.065478
7.948308 -1.987675 -1.064814
7.952101 -1.935090 -1.062656
7.444208 -1.801614 -0.994297
7.405128 -1.744050 -0.993760
7.411336 -1.747296 -0.993411
7.408986 -1.701021 -0.987605
7.403470 -1.693506 -0.997472
7.440044 -1.684316 -1.007819
7.984891 -1.773070 -1.056413
7.986384 -1.745775 -1.052310
7.993620 -1.718395 -1.070542
7.996191 -1.693476 -1.072280
8.000751 -1.687011 -1.072035
7.992692 -1.649155 -1.069998
8.000582 -1.616731 -1.064516
8.029475 -1.597149 -1.058923
8.028810 -1.600090 -1.067877
8.026781 -1.554546 -1.052837
8.033757 -1.530598 -1.076877
8.042984 -1.509252 -1.067682
8.044163 -1.488011 -1.059488
8.040345 -1.439239 -1.054891
8.056893 -1.423778 -1.072525
8.041533 -1.394123 -1.035706
8.060731 -1.374379 -1.059543
8.047317 -1.354571 -1.056513
8.071410 -1.317998 -1.068997
8.094859 -1.282498 -1.043552
8.083426 -1.277943 -1.055264
8.081990 -1.247679 -1.061331
8.080297 -1.232515 -1.056668
8.088870 -1.202882 -1.061651
8.085613 -1.169100 -1.070573
8.101822 -1.164359 -1.058149
8.116729 -1.100701 -1.075291
8.093743 -1.102395 -1.061795
8.108056 -1.072185 -1.057018
8.089446 -1.049391 -1.061398
8.094858 -1.040871 -1.046484
8.114848 -0.999005 -1.064576
8.103297 -0.973421 -1.065575
8.114700 -0.949536 -1.063966
8.127708 -0.917753 -1.082761
8.137527 -0.918692 -1.074465
8.158336 -0.878162 -1.068131
8.122503 -0.863069 -1.053394
8.135518 -0.815263 -1.053034
8.138817 -0.807718 -1.060240
8.153751 -0.789304 -1.052140
8.135811 -0.743124 -1.046358
8.143914 -0.732288 -1.051952
8.146090 -0.705136 -1.069438
8.133426 -0.674195 -1.058559
8.138353 -0.648121 -1.073705
8.144162 -0.631484 -1.069392
8.158145 -0.606140 -1.062428
8.138557 -0.588277 -1.068470
8.160132 -0.542370 -1.047784
8.168790 -0.517619 -1.064803
8.156712 -0.509855 -1.073545
8.172462 -0.476223 -1.050940
8.169375 -0.437252 -1.063729
8.158839 -0.421392 -1.060867
8.170040 -0.407178 -1.056854
8.164303 -0.376608 -1.068056
8.162727 -0.365953 -1.050374
8.163297 -0.324636 -1.059998
8.170649 -0.295688 -1.058760
8.154656 -0.288046 -1.077646
8.173903 -0.258305 -1.064910
8.190863 -0.214554 -1.067722
8.162696 -0.199379 -1.057609
8.166408 -0.167056 -1.058103
8.177616 -0.148909 -1.069603
8.183206 -0.128062 -1.066451
8.171952 -0.105344 -1.051446
8.171758 -0.089852 -1.057211
8.168879 -0.058522 -1.037641
8.175468 -0.026959 -1.043243
8.184879 0.010204 -1.058103
8.163918 0.019210 -1.071849
8.172893 0.059790 -1.064895
8.161790 0.053206 -1.047518
8.173523 0.104474 -1.039634
8.184837 0.140963 -1.060719
8.171781 0.144557 -1.056149
8.159108 0.175705 -1.048395
8.174015 0.184088 -1.073855
8.174376 0.229090 -1.061290
8.167146 0.248424 -1.082326
8.172332 0.261117 -1.062314
8.173227 0.306722 -1.056503
8.139412 0.315294 -1.071470
8.171234 0.363927 -1.049513
8.160167 0.376662 -1.073634
8.159473 0.412404 -1.054835
8.168238 0.429645 -1.055968
8.162173 0.443861 -1.044068
8.161371 0.480394 -1.056324
8.162092 0.508254 -1.069906
8.151045 0.524832 -1.042154
8.142499 0.540175 -1.066694
8.148546 0.556829 -1.041582
8.157397 0.597349 -1.052027
8.166739 0.613881 -1.065672
8.153370 0.645103 -1.061629
8.157072 0.658809 -1.081598
8.141459 0.710057 -1.052924
8.139401 0.743250 -1.060054
8.147292 0.763885 -1.055359
8.122291 0.778169 -1.062815
8.126966 0.807563 -1.052576
8.137850 0.821228 -1.061814
8.133860 0.859542 -1.069892
8.123141 0.888802 -1.042501
8.116256 0.905066 -1.070646
8.130606 0.898979 -1.067764
8.128924 0.944761 -1.078886
8.119019 0.993264 -1.079226
8.091228 0.998803 -1.063083
8.119954 1.014301 -1.062689
8.089437 1.042972 -1.060024
8.096644 1.085930 -1.053309
8.084744 1.103923 -1.060519
8.103696 1.126591 -1.057002
8.093159 1.157186 -1.035763
8.100609 1.167029 -1.055103
8.074924 1.183622 -1.042556
8.084995 1.234543 -1.058724
8.080585 1.228545 -1.047304
8.085184 1.285818 -1.058254
8.073969 1.300953 -1.043184
8.091018 1.326929 -1.044343
8.072798 1.327421 -1.061712
8.057537 1.377567 -1.056832
8.031475 1.393910 -1.049964
8.050989 1.436893 -1.052760
8.044251 1.452956 -1.084796
8.040082 1.476624 -1.058826
8.051000 1.504598 -1.080211
8.020942 1.538152 -1.054638
8.029865 1.535410 -1.056332
8.026587 1.556522 -1.053436
8.016409 1.596679 -1.056073
8.005291 1.603915 -1.050178
7.999724 1.654281 -1.067187
7.987798 1.672790 -1.054290
8.010018 1.697086 -1.055669
7.984226 1.727297 -1.067803
7.984138 1.754486 -1.049958
7.971928 1.772971 -1.061518
7.971639 1.807230 -1.065139
7.482312 1.701626 -0.988291
7.413754 1.711026 -0.983843
7.400901 1.730525 -0.995864
7.394571 1.781700 -0.973932
7.394946 1.784803 -1.004669
7.412158 1.806285 -0.994065
7.921153 1.959952 -1.061753
7.910954 1.985003 -1.070442
7.915971 2.022582 -1.075465
7.923361 2.034773 -1.057503
7.914261 2.048909 -1.044078
7.900810 2.095062 -1.062629
6.596013 1.775020 -0.877769
6.573339 1.788979 -0.888376
6.593402 1.796836 -0.884228
6.596243 1.823664 -0.879571
7.855342 2.221661 -1.061245
7.862609 2.220336 -1.061693
7.857525 2.242806 -1.051336
7.829544 2.263188 -1.069975
7.845417 2.299229 -1.049618
7.832481 2.325008 -1.060575
7.851049 2.344650 -1.060862
7.809985 2.372560 -1.066559
7.804658 2.419574 -1.057094
7.804931 2.424452 -1.061880
7.805676 2.450599 -1.060278
7.785578 2.463515 -1.057592
7.787158 2.497199 -1.050464
7.758785 2.525606 -1.074197
7.760502 2.543416 -1.063848
7.761181 2.567651 -1.056816
7.739342 2.584698 -1.066568
7.751046 2.624814 -1.047055
7.746437 2.616108 -1.058097
7.729984 2.674537 -1.067379
7.711757 2.676942 -1.065947
7.718644 2.707600 -1.063138
7.698402 2.736205 -1.059857
7.706174 2.751873 -1.060644
7.691076 2.781265 -1.077542
7.672744 2.813122 -1.049384
7.663987 2.824056 -1.081849
7.671584 2.877937 -1.068535
7.668476 2.873872 -1.061698
7.667163 2.927756 -1.066041
7.629224 2.930287 -1.059261
7.620276 2.954183 -1.057704
7.614894 2.955481 -1.055364
7.603199 3.002409 -1.055949
7.608557 3.004749 -1.058533
7.584856 3.042554 -1.047795
7.577785 3.066926 -1.052825
7.577572 3.084989 -1.059404
7.542257 3.129985 -1.052030
7.561560 3.140014 -1.060050
7.548713 3.165454 -1.046072
7.524553 3.177588 -1.054445
7.509722 3.205934 -1.067404
7.528534 3.228707 -1.042584
7.503398 3.240160 -1.077430
7.495339 3.263075 -1.057142
7.477365 3.302773 -1.051078
7.469029 3.330799 -1.061258
7.459952 3.341236 -1.033979
7.455872 3.371157 -1.053860
7.441928 3.404866 -1.056088
7.444684 3.404007 -1.062099
7.433374 3.426229 -1.046554
7.415474 3.438043 -1.061918
7.404663 3.480747 -1.052695
7.386451 3.492582 -1.060022
7.382884 3.540756 -1.063474
7.350451 3.556873 -1.060731
7.346990 3.566495 -1.060218
7.345096 3.602634 -1.067775
7.338161 3.601187 -1.076732
7.322325 3.637405 -1.032920
7.307835 3.652276 -1.047448
7.293848 3.678447 -1.079800
7.298685 3.697522 -1.071346
7.282083 3.731251 -1.085494
7.261646 3.719921 -1.046451
7.249211 3.752290 -1.057521
7.238560 3.802410 -1.068211
7.245973 3.812531 -1.072425
7.226999 3.863040 -1.083283
7.205156 3.850226 -1.069927
7.196177 3.879664 -1.067880
7.178106 3.916602 -1.054140
7.170089 3.933978 -1.077854
7.155338 3.954320 -1.061369
6.639682 3.668716 -0.991547
6.569299 3.669759 -0.981169
6.550275 3.705507 -0.986329
6.513944 3.711607 -0.982059
6.535327 3.731088 -0.974312
7.083992 4.087195 -1.066488
7.073038 4.102864 -1.059423
7.047403 4.121416 -1.058066
7.037547 4.147691 -1.064960
7.039766 4.158462 -1.063843
7.020488 4.185072 -1.059584
7.016676 4.197130 -1.074445
6.473526 3.915395 -0.990963
6.431198 3.911729 -0.988904
6.438389 3.944983 -1.002809
6.952513 4.280743 -1.058196
6.948124 4.310604 -1.053291
6.915863 4.321515 -1.039131
6.916404 4.363830 -1.055203
6.913868 4.378033 -1.059581
6.891597 4.399062 -1.080000
6.854258 4.422860 -1.057433
6.871658 4.430772 -1.062439
6.843940 4.444822 -1.066199
6.842831 4.483542 -1.052587
6.827966 4.507623 -1.083849
6.794700 4.526244 -1.076992
6.777678 4.560958 -1.082903
6.775512 4.574622 -1.061627
6.764247 4.577744 -1.053817
6.766892 4.602259 -1.051308
6.728243 4.622664 -1.091712
6.740697 4.660316 -1.065219
6.718162 4.667817 -1.051318
6.705202 4.684816 -1.059932
6.677388 4.693470 -1.065211
6.659126 4.748480 -1.068647
6.646953 4.769748 -1.047015
6.634641 4.778772 -1.078457
6.621879 4.790954 -1.068110
6.609896 4.798390 -1.074402
6.587230 4.836064 -1.065987
6.579374 4.853222 -1.073772
6.570862 4.871769 -1.061155
6.539349 4.912042 -1.078968
6.536816 4.897860 -1.048866
6.526046 4.941851 -1.050929
6.502262 4.944789 -1.059080
6.496831 4.976458 -1.047933
6.474709 4.992925 -1.062420
6.464189 5.013860 -1.055863
6.457925 5.044933 -1.041849
6.429734 5.042230 -1.068492
6.409249 5.072408 -1.066299
6.385742 5.078764 -1.050529
6.376201 5.121047 -1.068248
6.357856 5.136672 -1.051162
6.341571 5.160156 -1.040199
6.326890 5.181804 -1.069638
6.321991 5.188660 -1.069813
6.306514 5.204379 -1.062880
6.265123 5.234184 -1.054036
6.274060 5.235703 -1.072774
6.240483 5.265844 -1.061584
6.224639 5.292078 -1.059754
6.212416 5.285038 -1.052832
6.205131 5.324099 -1.069663
6.207245 5.348405 -1.042809
6.182341 5.353436 -1.055454
6.145919 5.371394 -1.062374
6.131055 5.392837 -1.046283
6.116922 5.430392 -1.072072
6.114357 5.439664 -1.069128
6.079132 5.447670 -1.061352
6.043854 5.443053 -1.049078
6.019069 5.462533 -1.046227
5.977598 5.450788 -1.054164
5.931666 5.447027 -1.047775
5.902037 5.456665 -1.028558
5.867357 5.439413 -1.018428
5.846236 5.465035 -1.029551
5.797786 5.450355 -1.020870
5.738282 5.443065 -1.027973
5.712708 5.458240 -1.013390
5.684353 5.445724 -1.022052
5.647968 5.468551 -1.027629
5.614342 5.442731 -1.003906
5.571891 5.454766 -1.025985
5.566127 5.452348 -1.013220
5.527086 5.469587 -1.000823
5.487459 5.451700 -1.004129
5.439415 5.443829 -1.010402
5.403244 5.474395 -0.995079
5.380968 5.463591 -0.993928
5.336024 5.451357 -0.972975
5.314202 5.467699 -0.973232
5.275962 5.445624 -0.979310
5.241669 5.439773 -0.975730
5.213053 5.448578 -0.975450
5.183889 5.470419 -0.968397
5.162394 5.465510 -0.980941
5.128322 5.454258 -0.990311
5.091349 5.473878 -0.955316
5.057997 5.468920 -0.969233
5.019417 5.464822 -0.941916
5.007788 5.454868 -0.966118
4.974200 5.456116 -0.952693
4.941996 5.442354 -0.952565
4.902125 5.465590 -0.946793
4.889408 5.457991 -0.936251
4.830790 5.467180 -0.946005
4.823674 5.462368 -0.919138
4.781774 5.465624 -0.958426
4.770851 5.459261 -0.948429
4.722445 5.467333 -0.938167
4.700566 5.452927 -0.926305
4.681210 5.454400 -0.932192
4.636690 5.468286 -0.939298
4.611491 5.460231 -0.928560
4.588727 5.460432 -0.924489
4.534143 5.447138 -0.906452
4.534336 5.458791 -0.909964
4.512992 5.445774 -0.923470
4.476953 5.447655 -0.900684
4.453390 5.467758 -0.898878
4.425188 5.463635 -0.923236
4.398432 5.464382 -0.917322
4.374297 5.444758 -0.890681
4.335080 5.468415 -0.914282
4.314827 5.460301 -0.894100
4.299072 5.446819 -0.892094
4.253025 5.468937 -0.899206
4.214621 5.451254 -0.898193
4.190580 5.468287 -0.881056
4.183059 5.460066 -0.897754
4.127632 5.461788 -0.895784
4.147110 5.462460 -0.888306
4.091321 5.470104 -0.875598
4.061923 5.447063 -0.882445
4.048912 5.454545 -0.872708
4.018511 5.459497 -0.889094
3.977367 5.470358 -0.867710
3.975717 5.455731 -0.859683
3.939584 5.450744 -0.886080
3.897384 5.462875 -0.887547
3.855823 5.452267 -0.873447
3.852561 5.451463 -0.859557
3.853047 5.451190 -0.854672
3.817636 5.464499 -0.862684
3.796196 5.465368 -0.871230
3.752640 5.474907 -0.855587
3.739660 5.453933 -0.858937
3.725883 5.475128 -0.854414
3.692190 5.457069 -0.848107
3.657127 5.462675 -0.866128
3.651159 5.469239 -0.845790
3.618498 5.442708 -0.854089
3.580881 5.479351 -0.850587
3.575109 5.455691 -0.856458
3.532308 5.465794 -0.845380
3.549870 5.455274 -0.849754
3.502151 5.462095 -0.828485
3.474494 5.452931 -0.840582
3.460452 5.466218 -0.824876
3.427205 5.463192 -0.810631
3.421288 5.444978 -0.838014
3.375571 5.456421 -0.839470
3.354994 5.468275 -0.839596
3.354750 5.468500 -0.830816
3.318726 5.453785 -0.840092
3.290591 5.465230 -0.824476
3.256396 5.469138 -0.823594
3.242821 5.460217 -0.814441
3.210607 5.474888 -0.825473
3.201416 5.472396 -0.802897
3.178511 5.455214 -0.812428
3.145731 5.448570 -0.812414
3.131611 5.465919 -0.816435
3.109890 5.449916 -0.818823
3.065120 5.462795 -0.807778
3.055707 5.457507 -0.825727
3.035452 5.462136 -0.804827
3.017467 5.456305 -0.816433
3.011927 5.459423 -0.810910
2.998320 5.452841 -0.795231
2.960477 5.462017 -0.798983
2.940651 5.472707 -0.798266
2.917902 5.454381 -0.803466
2.895338 5.467317 -0.810549
2.871034 5.479736 -0.808788
2.849732 5.458091 -0.801803
2.836771 5.462966 -0.798696
2.805022 5.469439 -0.810892
2.802589 5.468654 -0.804459
2.765855 5.487000 -0.802962
2.737964 5.476989 -0.806208
2.717693 5.455513 -0.799905
2.710509 5.468633 -0.793953
2.678507 5.471761 -0.799158
2.660065 5.454672 -0.779768
2.645134 5.483639 -0.786202
2.614346 5.476827 -0.783225
2.592748 5.475729 -0.786237
2.574705 5.450688 -0.769145
2.539276 5.471489 -0.795427
2.522263 5.467376 -0.774402
2.514510 5.449553 -0.784636
2.496906 5.483465 -0.786593
2.473946 5.468535 -0.776439
2.468893 5.466632 -0.776534
2.439902 5.463243 -0.780219
2.422854 5.474271 -0.766227
2.384809 5.463002 -0.765109
2.377810 5.475402 -0.788837
2.359035 5.465715 -0.764591
2.345317 5.479642 -0.769906
2.310680 5.462537 -0.761002
2.286178 5.448132 -0.788763
2.269145 5.475488 -0.776140
2.262239 5.463974 -0.780602
2.239041 5.466772 -0.776251
2.213730 5.444333 -0.774122
2.194294 5.459250 -0.762725
2.202013 5.461161 -0.770491
2.165321 5.471280 -0.766416
2.117424 5.466141 -0.760927
2.123848 5.472723 -0.737738
2.097911 5.468533 -0.752941
2.090475 5.487471 -0.770322
2.061187 5.466391 -0.744803
2.058531 5.465464 -0.738991
2.033106 5.493049 -0.758248
2.001763 5.481855 -0.761829
1.966393 5.455488 -0.756786
1.963688 5.470542 -0.756948
1.948636 5.484207 -0.756016
1.925206 5.453205 -0.738557
1.900347 5.469771 -0.744527
1.881471 5.478248 -0.753687
1.870077 5.476729 -0.756803
1.835530 5.472716 -0.746041
1.842107 5.467847 -0.718387
1.829564 5.469574 -0.737294
1.811166 5.472324 -0.757907
1.765331 5.460642 -0.737143
1.776617 5.464093 -0.772032
1.732813 5.470649 -0.734062
1.730156 5.451604 -0.742457
1.708124 5.466953 -0.742164
1.682435 5.472315 -0.752692
1.662752 5.480698 -0.731716
1.651263 5.472335 -0.739318
1.629839 5.456368 -0.742132
1.612884 5.471571 -0.745167
1.594960 5.462051 -0.728329
1.572836 5.475055 -0.727161
1.569047 5.469357 -0.748837
1.530342 5.482464 -0.733855
1.538599 5.465737 -0.718257
1.495658 5.475177 -0.749415
1.500469 5.455569 -0.730185
1.475504 5.476984 -0.728967
1.429575 5.469876 -0.725255
1.446526 5.470339 -0.734042
1.416147 5.469961 -0.722471
1.405320 5.465874 -0.707764
1.373991 5.483838 -0.740276
1.362902 5.467949 -0.720132
1.341212 5.460081 -0.723825
1.331612 5.493872 -0.729833
1.298172 5.481464 -0.749346
1.288119 5.450178 -0.728588
1.269288 5.465494 -0.714298
1.280828 5.487566 -0.728465
1.246865 5.469178 -0.731870
1.218485 5.467386 -0.722362
1.215995 5.460088 -0.710497
1.203360 5.485411 -0.727439
1.161034 5.466794 -0.725808
1.144107 5.460341 -0.725473
1.134697 5.483159 -0.732035
1.107762 5.473720 -0.745396
1.084821 5.489637 -0.719311
1.070140 5.494150 -0.709598
1.069035 5.469767 -0.714684
1.038081 5.463298 -0.726501
1.010844 5.489867 -0.710410
1.014487 5.449684 -0.720422
0.992080 5.465184 -0.715629
0.984873 5.475412 -0.716392
0.960086 5.483703 -0.717748
0.942949 5.453085 -0.708589
0.911975 5.475659 -0.707616
0.915148 5.474553 -0.704896
0.897036 5.457706 -0.727012
0.877829 5.465461 -0.719556
0.858651 5.469079 -0.696045
0.838093 5.444107 -0.715986
0.822337 5.476657 -0.721648
0.816476 5.460165 -0.703768
0.770368 5.467087 -0.727047
0.750086 5.483961 -0.712583
0.760566 5.468778 -0.729326
0.747626 5.469777 -0.694645
0.711811 5.482531 -0.708684
0.709723 5.476519 -0.723233
0.689750 5.473616 -0.730505
0.672160 5.459968 -0.725745
0.647987 5.466481 -0.729067
0.641103 5.477451 -0.722483
0.607586 5.469224 -0.719014
0.608026 5.477521 -0.729677
0.575534 5.480667 -0.701149
0.565404 5.469926 -0.698950
0.536492 5.474436 -0.687948
0.529492 5.481525 -0.710742
0.508286 5.477709 -0.714214
0.508121 5.486509 -0.715680
0.485158 5.479277 -0.710995
0.475367 5.473248 -0.693031
0.436815 5.478984 -0.701052
0.423356 5.475729 -0.712260
0.412671 5.471075 -0.706052
0.415378 5.469323 -0.710844
0.391601 5.466848 -0.713324
0.364638 5.484654 -0.696479
0.329707 5.471766 -0.702081
0.325872 5.495325 -0.709886
0.307619 5.473503 -0.701992
0.297583 5.474882 -0.709976
0.277876 5.472353 -0.718768
0.273714 5.469103 -0.703076
0.253834 5.480445 -0.712949
0.243296 5.485258 -0.689968
0.205789 5.451019 -0.707644
0.195981 5.468966 -0.711436
0.189781 5.461363 -0.700468
0.152654 5.481714 -0.700055
0.141160 5.476042 -0.705523
0.131727 5.473742 -0.692904
0.108704 5.476876 -0.721897
0.093668 5.472021 -0.722970
0.071373 5.473544 -0.705315
0.057612 5.489657 -0.723506
0.039157 5.475193 -0.698839
0.019507 5.461990 -0.711226
-0.012221 5.474182 -0.698004
-0.013169 5.460561 -0.692240
-0.004114 -4.486930 -0.548939
0.027112 -4.467021 -0.555049
0.021943 -4.486706 -0.543676
0.051126 -4.455895 -0.542056
0.066466 -4.467861 -0.550747
0.088330 -4.471227 -0.529312
0.096492 -4.478699 -0.526819
0.119148 -4.452365 -0.527236
0.095391 -4.469360 -0.543341
0.141709 -4.458411 -0.537503
0.132082 -4.479694 -0.546766
0.166819 -4.452173 -0.551822
0.183731 -4.458100 -0.541106
0.185599 -4.475470 -0.541975
0.182906 -4.451003 -0.541688
0.219693 -4.443274 -0.539651
0.242364 -4.458719 -0.544466
0.252299 -4.439145 -0.545040
0.259683 -4.458281 -0.549731
0.264544 -4.434708 -0.542960
0.267859 -4.455965 -0.540171
0.292272 -4.440644 -0.560932
0.299026 -4.444337 -0.540313
0.322056 -4.467226 -0.530726
0.342826 -4.465801 -0.532047
0.355170 -4.459703 -0.532897
0.376209 -4.449555 -0.542292
0.385999 -4.440222 -0.554394
0.385125 -4.451232 -0.543250
0.396434 -4.444227 -0.530167
0.400122 -4.423301 -0.542013
0.438456 -4.438696 -0.548956
0.445256 -4.444013 -0.549183
0.449952 -4.448453 -0.546934
0.471237 -4.446388 -0.550933
0.486518 -4.445277 -0.537934
0.519970 -4.455650 -0.547052
0.510947 -4.434525 -0.521906
0.538656 -4.444782 -0.536865
0.542767 -4.455577 -0.534433
0.556031 -4.438073 -0.539719
0.564635 -4.450587 -0.546989
0.590825 -4.436243 -0.567614
0.608380 -4.433639 -0.538347
0.600100 -4.438265 -0.539267
0.606806 -4.449114 -0.545043
0.651974 -4.446776 -0.532900
0.637194 -4.439052 -0.530570
0.670571 -4.434242 -0.537381
0.673141 -4.446371 -0.542783
0.711331 -4.447038 -0.536088
0.712161 -4.430418 -0.548829
0.708011 -4.424008 -0.548100
0.735281 -4.423631 -0.520411
0.734936 -4.434352 -0.536116
0.763543 -4.436564 -0.546516
0.771530 -4.452652 -0.540039
0.796826 -4.439094 -0.541804
0.810175 -4.426134 -0.541648
0.809918 -4.426703 -0.542776
0.817839 -4.423754 -0.531406
0.835080 -4.440010 -0.555546
0.866467 -4.437941 -0.551976
0.883852 -4.436400 -0.537555
0.899640 -4.413738 -0.539067
0.899219 -4.429039 -0.557195
0.914855 -4.418014 -0.558783
0.944067 -4.407550 -0.525818
0.943649 -4.418479 -0.554542
0.970830 -4.436233 -0.551918
0.982685 -4.436081 -0.534543
0.987675 -4.424548 -0.531341
0.986990 -4.414039 -0.561177
1.030033 -4.429771 -0.537869
1.044964 -4.434752 -0.551497
1.046116 -4.410523 -0.530631
1.048951 -4.418677 -0.553911
1.084163 -4.412631 -0.532921
1.079722 -4.427176 -0.535747
1.100734 -4.437669 -0.556011
1.132653 -4.407264 -0.558247
1.120816 -4.436496 -0.550232
1.137394 -4.413369 -0.559094
1.157347 -4.404800 -0.550968
1.165677 -4.410365 -0.556972
1.177016 -4.412528 -0.542789
1.209422 -4.404656 -0.567380
1.209473 -4.429621 -0.548433
1.242487 -4.434156 -0.555069
1.238005 -4.415719 -0.546137
1.267439 -4.408984 -0.545715
1.277367 -4.406639 -0.544447
1.290463 -4.416479 -0.543499
1.286928 -4.426711 -0.543156
1.317850 -4.445424 -0.571655
1.320746 -4.408385 -0.550876
1.330184 -4.456746 -0.559699
1.357625 -4.422925 -0.561743
1.373087 -4.385763 -0.560804
1.375713 -4.410662 -0.554251
1.403727 -4.402282 -0.545949
1.424120 -4.419307 -0.548939
1.445460 -4.418578 -0.558360
1.449993 -4.404081 -0.549686
1.468204 -4.402684 -0.564334
1.492255 -4.406648 -0.533363
1.466971 -4.400485 -0.547301
1.515742 -4.404547 -0.560817
1.538407 -4.396898 -0.570229
1.531419 -4.401955 -0.568581
1.536240 -4.416257 -0.550553
1.570286 -4.401400 -0.566837
1.587256 -4.411789 -0.557518
1.594919 -4.383552 -0.577238
1.633760 -4.420475 -0.568620
1.639533 -4.386602 -0.561536
1.645118 -4.397707 -0.564089
1.654421 -4.396803 -0.548778
1.680041 -4.399182 -0.570485
1.703801 -4.390317 -0.570626
1.695272 -4.384268 -0.568230
1.705859 -4.395731 -0.565618
1.739497 -4.362417 -0.582199
1.745648 -4.390108 -0.572069
1.746634 -4.372070 -0.582846
1.780821 -4.397086 -0.579437
1.795834 -4.374434 -0.556423
1.805727 -4.390393 -0.590714
1.848183 -4.403738 -0.567844
1.840857 -4.382043 -0.597439
1.841714 -4.396717 -0.579369
1.873040 -4.374607 -0.561597
1.913580 -4.392316 -0.577496
1.893324 -4.399106 -0.577486
1.913555 -4.383810 -0.579687
1.941507 -4.392751 -0.586185
1.960569 -4.388956 -0.587528
1.966254 -4.374817 -0.589316
1.979097 -4.388132 -0.595865
2.006274 -4.365408 -0.571988
2.022142 -4.383366 -0.565204
2.029657 -4.360131 -0.581268
2.048286 -4.370576 -0.587988
2.054686 -4.370868 -0.585791
2.079692 -4.383084 -0.571674
2.108781 -4.381665 -0.592252
2.123212 -4.375308 -0.589975
2.125828 -4.388544 -0.576982
2.128273 -4.388570 -0.592726
2.159091 -4.375948 -0.581935
2.201443 -4.367122 -0.598537
2.215163 -4.379456 -0.584960
2.203539 -4.363087 -0.589330
2.247648 -4.374787 -0.596443
2.255658 -4.370115 -0.601289
2.265797 -4.372197 -0.609241
2.267793 -4.358674 -0.596413
2.281107 -4.368695 -0.597205
2.314888 -4.377579 -0.587625
2.313041 -4.383114 -0.601897
2.328716 -4.367962 -0.591105
2.370021 -4.373443 -0.609084
2.388116 -4.369293 -0.583804
2.391648 -4.372287 -0.594296
2.402960 -4.345738 -0.612556
2.422818 -4.357444 -0.598281
2.440293 -4.362855 -0.605320
2.462354 -4.354776 -0.587318
2.475342 -4.358057 -0.619374
2.497802 -4.357916 -0.608684
2.513042 -4.358646 -0.616695
2.533784 -4.357283 -0.602672
2.553958 -4.353102 -0.613411
2.555978 -4.352167 -0.605740
2.576156 -4.346436 -0.628862
2.619442 -4.353179 -0.597510
2.609774 -4.339325 -0.598860
2.629605 -4.367713 -0.604148
2.650492 -4.356234 -0.617173
2.678680 -4.355140 -0.621160
2.707594 -4.362053 -0.623975
2.702219 -4.359949 -0.631039
2.725881 -4.340189 -0.626179
2.759541 -4.345524 -0.629420
2.777786 -4.349405 -0.631583
2.783215 -4.333375 -0.625869
2.801232 -4.353189 -0.616174
2.821998 -4.356451 -0.630717
2.843525 -4.354143 -0.618803
2.859432 -4.340670 -0.633066
2.876750 -4.353952 -0.628421
2.918069 -4.332942 -0.637684
2.900645 -4.340794 -0.634776
2.923991 -4.342113 -0.655688
2.939385 -4.340093 -0.635621
2.951412 -4.317852 -0.633844
2.992615 -4.334270 -0.631303
2.992301 -4.344769 -0.641399
3.016551 -4.352717 -0.635961
3.055695 -4.334944 -0.652033
3.064079 -4.316317 -0.646336
3.066031 -4.314712 -0.658931
3.086112 -4.325548 -0.642874
3.117371 -4.325035 -0.639779
3.138403 -4.315966 -0.635209
3.155580 -4.330496 -0.648824
3.198004 -4.336098 -0.649422
3.213460 -4.331529 -0.641196
3.218837 -4.308635 -0.666417
3.242550 -4.334600 -0.660718
3.274648 -4.318156 -0.644029
3.284502 -4.329594 -0.662047
3.301668 -4.320505 -0.652421
3.320867 -4.321465 -0.675024
3.353122 -4.310629 -0.659167
3.357764 -4.308682 -0.662792
3.379415 -4.313910 -0.672113
3.388597 -4.317210 -0.644037
3.427431 -4.308927 -0.657722
3.444422 -4.324213 -0.656570
3.464604 -4.305764 -0.662251
3.487973 -4.311607 -0.668095
3.506047 -4.290171 -0.659211
3.545353 -4.307101 -0.687525
3.547035 -4.309845 -0.682557
3.569498 -4.302322 -0.676202
3.588219 -4.304624 -0.690072
3.610260 -4.294900 -0.664602
3.631580 -4.298294 -0.697069
3.665198 -4.322158 -0.695319
3.678982 -4.295292 -0.686421
3.702885 -4.290321 -0.682010
3.714124 -4.305236 -0.686245
3.754404 -4.295556 -0.692180
3.783179 -4.281748 -0.698127
3.803636 -4.283468 -0.691354
3.822469 -4.300326 -0.688742
3.840744 -4.292464 -0.684506
3.854604 -4.288303 -0.695496
3.893737 -4.293581 -0.683199
3.913816 -4.276458 -0.696738
3.904268 -4.286428 -0.702219
3.949634 -4.279971 -0.695662
3.952490 -4.282447 -0.712065
4.001984 -4.274618 -0.711154
4.009675 -4.278904 -0.705612
4.019659 -4.271208 -0.703496
4.049298 -4.268701 -0.723831
4.096050 -4.268934 -0.709394
4.091856 -4.268183 -0.720692
4.130641 -4.277815 -0.696818
4.152917 -4.251306 -0.726327
4.161668 -4.257473 -0.707583
4.188102 -4.275104 -0.719765
4.214064 -4.265345 -0.719590
4.235089 -4.239142 -0.702452
4.258628 -4.231523 -0.721865
4.292280 -4.249937 -0.726752
4.296094 -4.247422 -0.730338
4.334120 -4.224826 -0.732243
4.359255 -4.233746 -0.729762
4.396570 -4.248358 -0.738523
4.394352 -4.217736 -0.741376
4.431722 -4.239065 -0.730461
4.463387 -4.237527 -0.733283
4.483020 -4.223908 -0.732058
4.522698 -4.211514 -0.756204
4.529707 -4.227182 -0.753658
4.551887 -4.213148 -0.741372
4.599168 -4.224452 -0.750839
4.613907 -4.213544 -0.753350
4.636562 -4.197794 -0.755573
4.671048 -4.199304 -0.760937
4.693942 -4.205510 -0.755744
4.705743 -4.163852 -0.769628
4.733053 -4.205953 -0.767913
4.757432 -4.203073 -0.761541
4.778500 -4.186817 -0.763842
4.828966 -4.168724 -0.762100
4.848318 -4.191236 -0.778818
4.874719 -4.195886 -0.775723
4.885729 -4.181839 -0.778604
4.945304 -4.188516 -0.772032
4.948149 -4.156894 -0.781424
4.969851 -4.176419 -0.800352
5.008937 -4.148310 -0.775078
5.055983 -4.170479 -0.782885
5.061353 -4.159439 -0.808184
5.084159 -4.163584 -0.785325
5.132835 -4.156490 -0.792984
5.122584 -4.145490 -0.811823
5.173919 -4.145974 -0.807998
5.199274 -4.150433 -0.811875
5.219586 -4.146532 -0.795155
5.264040 -4.132569 -0.817380
5.289301 -4.138200 -0.811855
5.323517 -4.140247 -0.827276
5.369965 -4.148298 -0.836427
5.370689 -4.139074 -0.814869
5.406782 -4.128667 -0.831286
5.425377 -4.133184 -0.844785
5.463510 -4.115722 -0.819931
5.492749 -4.100208 -0.816156
5.548090 -4.108105 -0.818105
5.560747 -4.111996 -0.836181
5.571025 -4.086042 -0.848725
5.604942 -4.122821 -0.850711
5.666632 -4.077988 -0.869826
5.694758 -4.103870 -0.837232
5.718301 -4.077446 -0.854223
5.771238 -4.091954 -0.844452
5.020843 -3.517466 -0.731181
5.044507 -3.532351 -0.741869
5.073135 -3.512576 -0.747331
5.887909 -4.087572 -0.842261
5.929580 -4.063340 -0.841510
5.950441 -4.050354 -0.851047
6.001214 -4.048492 -0.877010
6.009111 -4.072274 -0.865762
6.067992 -4.039263 -0.881553
6.081671 -4.034852 -0.877953
6.134939 -4.031087 -0.888588
6.150863 -4.047942 -0.879362
6.190919 -4.033511 -0.881821
6.226701 -4.032926 -0.895942
6.263329 -4.017072 -0.878749
6.297871 -4.013096 -0.882091
4.802046 -3.054724 -0.674773
4.811237 -3.033166 -0.694482
4.810476 -3.019654 -0.692331
4.836304 -3.006706 -0.690040
6.477276 -3.997709 -0.932744
6.508962 -3.975320 -0.933968
6.563300 -3.973955 -0.919072
6.584800 -3.981794 -0.931310
5.547180 -3.303535 -0.791957
5.559901 -3.320253 -0.761962
5.569826 -3.274818 -0.781000
6.746474 -3.959334 -0.933797
6.800984 -3.976297 -0.945713
6.833164 -3.958339 -0.950330
6.867898 -3.947326 -0.944109
6.912162 -3.947633 -0.957624
6.944568 -3.933724 -0.958362
6.982398 -3.947079 -0.977307
7.042021 -3.935257 -0.968693
7.069238 -3.931009 -0.974315
7.115946 -3.922311 -0.959582
7.154847 -3.913254 -1.008181
7.201502 -3.901752 -0.989006
7.241473 -3.910198 -1.003525
7.283930 -3.896604 -0.987942
7.345784 -3.902717 -1.013465
5.315722 -2.800205 -0.726750
5.343595 -2.783013 -0.720875
7.489796 -3.875329 -1.018356
7.536087 -3.874852 -1.029005
7.593130 -3.884723 -1.029461
7.654183 -3.896729 -1.010341
7.720339 -3.891045 -1.043755
7.753936 -3.870146 -1.039731
7.810913 -3.865427 -1.027243
7.864123 -3.858383 -1.049008
7.901191 -3.850530 -1.064664
7.883492 -3.840477 -1.046316
7.897483 -3.802105 -1.056783
7.908692 -3.786492 -1.048685
7.895864 -3.750554 -1.062429
7.932313 -3.737524 -1.066994
7.954433 -3.690448 -1.065519
7.962852 -3.681109 -1.044261
7.978728 -3.665634 -1.049709
7.982408 -3.623055 -1.051142
8.002816 -3.614585 -1.056479
7.991876 -3.586735 -1.065999
8.004006 -3.548456 -1.056139
8.053946 -3.533739 -1.053184
8.047653 -3.517369 -1.057959
8.041184 -3.495355 -1.061152
8.052221 -3.451165 -1.059262
8.075525 -3.436691 -1.063916
8.087917 -3.396748 -1.074487
8.090302 -3.376793 -1.057301
8.098443 -3.349266 -1.068734
8.117362 -3.336260 -1.052191
8.112125 -3.306502 -1.039308
8.123547 -3.283800 -1.055995
8.142704 -3.264394 -1.053915
8.152041 -3.252186 -1.068633
8.172617 -3.204414 -1.053980
8.180481 -3.192750 -1.046413
8.177085 -3.147978 -1.047462
8.200377 -3.136006 -1.064396
8.187748 -3.108597 -1.042901
8.219662 -3.084973 -1.065449
8.225775 -3.068012 -1.065539
8.237454 -3.023777 -1.051048
8.226594 -2.998315 -1.068479
8.259645 -2.976918 -1.054020
8.283453 -2.957872 -1.052677
8.275240 -2.918132 -1.055809
8.261408 -2.892946 -1.035074
8.269864 -2.891695 -1.047988
8.291016 -2.853816 -1.048543
8.294749 -2.833551 -1.074244
8.306534 -2.795395 -1.055376
8.324198 -2.768414 -1.064433
8.332032 -2.752578 -1.054057
8.325945 -2.728117 -1.062885
8.357088 -2.698179 -1.055603
8.360801 -2.674113 -1.064129
8.348328 -2.657774 -1.066462
8.365990 -2.621390 -1.059400
8.362048 -2.601144 -1.065085
8.374303 -2.579886 -1.068063
8.386966 -2.564163 -1.049337
8.392854 -2.521941 -1.056124
8.420418 -2.490289 -1.059976
8.414012 -2.461014 -1.079763
8.429257 -2.458692 -1.057559
8.424067 -2.420213 -1.050726
8.430455 -2.394057 -1.050240
8.450026 -2.363254 -1.051110
8.454133 -2.326119 -1.053069
8.467534 -2.307554 -1.061418
8.470009 -2.314780 -1.063877
6.456347 -1.729164 -0.797531
6.457189 -1.699147 -0.801142
8.480408 -2.211154 -1.054106
8.484728 -2.202607 -1.041279
8.489056 -2.157657 -1.046966
8.513180 -2.144492 -1.057199
8.508194 -2.116093 -1.039542
8.525445 -2.091204 -1.068622
8.530634 -2.070713 -1.055343
7.425526 -1.750705 -0.927400
7.416604 -1.733641 -0.909923
7.382846 -1.718681 -0.932170
7.436108 -1.690750 -0.888643
8.562406 -1.928379 -1.069423
8.558311 -1.889034 -1.068233
8.564363 -1.864023 -1.057847
8.373694 -1.797500 -1.044586
8.378704 -1.756979 -1.023280
8.352249 -1.744905 -1.047452
8.335460 -1.700086 -1.036804
8.332994 -1.687370 -1.012109
8.361989 -1.668365 -1.024599
8.367874 -1.638534 -1.026072
8.391219 -1.612720 -1.039645
8.387300 -1.616243 -1.039019
8.633185 -1.618341 -1.063000
8.631302 -1.566276 -1.060094
8.621779 -1.569599 -1.054578
8.633963 -1.518486 -1.045537
8.643423 -1.483546 -1.060261
8.649948 -1.473581 -1.056133
8.634325 -1.457984 -1.054171
8.651154 -1.423952 -1.069207
8.653933 -1.399109 -1.064008
8.667065 -1.344473 -1.067204
8.663581 -1.334568 -1.053301
8.657598 -1.322168 -1.057221
8.680246 -1.284086 -1.058837
8.688092 -1.250124 -1.053671
8.676057 -1.236468 -1.064194
8.682012 -1.215022 -1.062328
8.687178 -1.180227 -1.070588
8.688487 -1.136642 -1.063751
8.701279 -1.148478 -1.070065
8.711863 -1.097263 -1.066560
8.719118 -1.080959 -1.048532
8.715471 -1.050128 -1.074992
8.717252 -1.030263 -1.053254
8.711483 -1.002355 -1.054837
8.715692 -0.977521 -1.057698
8.700613 -0.940865 -1.060704
8.720362 -0.914304 -1.062757
8.752811 -0.880423 -1.061536
8.710369 -0.857616 -1.058255
8.721617 -0.835577 -1.055747
8.731959 -0.815874 -1.067322
8.725554 -0.771175 -1.049962
8.747540 -0.743092 -1.058094
8.737864 -0.731800 -1.059391
8.738122 -0.711872 -1.066604
8.744031 -0.687041 -1.042576
8.764469 -0.638460 -1.075590
8.745784 -0.617614 -1.037991
8.738029 -0.582842 -1.072041
8.754175 -0.558569 -1.044999
8.731570 -0.540888 -1.079500
8.736829 -0.513218 -1.058005
8.768070 -0.486905 -1.049833
8.743159 -0.462141 -1.069030
8.759429 -0.425807 -1.047683
8.771736 -0.400896 -1.062842
8.773262 -0.372531 -1.060501
8.758892 -0.348379 -1.051215
8.746596 -0.329000 -1.061605
8.773134 -0.283639 -1.046888
8.795963 -0.250555 -1.052062
8.748739 -0.231871 -1.055669
8.760773 -0.235299 -1.057020
8.756318 -0.177196 -1.064158
8.775103 -0.157414 -1.062471
8.770859 -0.135610 -1.083665
8.787363 -0.103992 -1.071864
8.768493 -0.094890 -1.056789
8.772297 -0.049040 -1.059981
8.787477 -0.021007 -1.070973
8.764833 -0.014874 -1.056417
8.774412 0.019726 -1.060806
8.778687 0.061829 -1.069303
8.773692 0.094053 -1.066436
8.764940 0.101679 -1.059395
8.779130 0.140212 -1.068561
8.778560 0.160835 -1.066395
8.758803 0.184929 -1.060407
8.763343 0.219838 -1.057763
8.768023 0.235683 -1.059335
8.770091 0.265549 -1.048837
8.777801 0.301744 -1.057186
8.775193 0.305231 -1.060675
8.761860 0.334168 -1.059304
8.749555 0.393910 -1.048536
8.758583 0.402022 -1.059651
8.753653 0.421134 -1.070085
8.751847 0.448916 -1.031245
8.747273 0.492980 -1.055672
8.763782 0.518638 -1.056132
8.748148 0.539350 -1.064610
8.739612 0.583060 -1.065464
8.766594 0.579999 -1.061555
8.733520 0.631422 -1.062606
8.744148 0.639901 -1.050288
8.751082 0.668991 -1.069693
8.738055 0.676671 -1.053876
8.727330 0.727049 -1.058976
8.732058 0.751563 -1.051185
8.753984 0.776667 -1.062730
8.732279 0.804600 -1.050691
8.722731 0.842741 -1.061127
8.714257 0.866682 -1.053728
8.725800 0.878188 -1.060298
8.717650 0.923485 -1.062989
8.720351 0.953382 -1.048346
8.719083 0.966326 -1.032564
8.699952 1.008731 -1.047795
8.692753 1.002555 -1.064789
8.708653 1.054523 -1.047189
8.688566 1.072465 -1.047965
8.692011 1.108934 -1.064352
8.685146 1.149203 -1.053226
8.672867 1.152356 -1.062452
8.695150 1.178427 -1.071181
8.677493 1.203717 -1.043738
8.669498 1.235970 -1.061124
8.682832 1.254911 -1.059067
8.676666 1.285811 -1.070485
8.667220 1.299703 -1.067793
8.643619 1.337399 -1.063967
8.656091 1.388295 -1.070999
8.672400 1.392538 -1.059379
8.651214 1.431589 -1.048849
8.641805 1.441555 -1.058980
8.651389 1.473809 -1.049383
8.612554 1.491095 -1.052989
8.642380 1.543801 -1.060469
8.624202 1.565459 -1.082735
8.621050 1.566616 -1.046396
8.621428 1.602340 -1.053100
8.618760 1.638793 -1.052392
8.593072 1.660833 -1.075705
8.603841 1.676153 -1.067855
8.431106 1.691525 -1.043708
8.396891 1.707228 -1.035267
8.389530 1.695657 -1.042988
8.359458 1.753606 -1.054647
8.349916 1.764120 -1.035984
8.359526 1.814085 -1.032920
8.364155 1.808295 -1.045564
8.362616 1.860261 -1.048584
8.411757 1.915326 -1.030606
8.544995 1.946185 -1.063594
7.449849 1.718142 -0.930247
7.435190 1.735831 -0.928468
7.426050 1.754840 -0.890683
7.420549 1.768361 -0.917125
8.528603 2.093235 -1.060998
8.512909 2.113316 -1.057771
8.493135 2.137522 -1.050197
8.502015 2.161767 -1.070091
8.501285 2.186314 -1.059107
8.473917 2.204952 -1.065042
8.475198 2.249257 -1.049508
6.624760 1.757735 -0.835012
6.587753 1.776305 -0.824092
6.585531 1.797314 -0.818534
8.446558 2.333618 -1.049636
8.423265 2.355920 -1.057392
8.448548 2.397002 -1.074459
8.429271 2.416597 -1.063716
8.406695 2.450673 -1.046462
8.417758 2.469412 -1.081226
8.419010 2.489082 -1.047275
8.395695 2.502979 -1.063242
8.374314 2.529097 -1.056123
8.382771 2.578765 -1.044414
8.350878 2.588308 -1.058487
8.369279 2.630269 -1.051372
8.344644 2.661129 -1.044729
8.355388 2.684494 -1.059288
8.339152 2.697160 -1.064740
8.331953 2.718884 -1.044968
8.321308 2.761261 -1.064317
8.312054 2.772061 -1.059457
8.318391 2.802354 -1.064025
8.306358 2.853496 -1.097390
8.295097 2.865857 -1.064019
8.279471 2.875079 -1.069594
8.283022 2.903322 -1.047174
8.266903 2.947379 -1.045396
8.274447 2.968998 -1.048197
8.260612 2.965790 -1.060027
8.228952 3.020701 -1.045400
8.226167 3.022935 -1.049771
8.216175 3.044707 -1.067656
8.216523 3.084022 -1.072573
8.202569 3.108232 -1.062544
8.206152 3.124927 -1.065136
8.179946 3.181954 -1.053587
8.155359 3.174803 -1.075187
8.160032 3.223461 -1.050027
8.146335 3.230328 -1.053360
8.158408 3.264527 -1.076300
8.143042 3.284911 -1.052013
8.110831 3.320650 -1.072106
8.092345 3.334637 -1.066178
8.104766 3.373389 -1.051485
8.091512 3.381470 -1.053859
8.066448 3.410405 -1.052351
8.061361 3.442418 -1.077543
8.063028 3.456662 -1.051365
8.049533 3.497026 -1.067262
8.060175 3.511847 -1.058505
8.028406 3.516486 -1.068692
8.017153 3.569360 -1.072509
8.020611 3.592317 -1.051731
7.994645 3.612273 -1.047231
7.980641 3.647766 -1.062436
7.977900 3.666052 -1.049932
7.976552 3.673934 -1.062961
7.957709 3.711206 -1.054355
7.955293 3.735387 -1.068234
7.932922 3.767634 -1.057102
7.906441 3.769470 -1.035589
7.906126 3.801686 -1.060577
7.900076 3.830730 -1.068681
7.871020 3.839378 -1.054403
7.872837 3.869908 -1.074314
7.848413 3.896398 -1.056422
7.840016 3.928937 -1.058982
7.852748 3.947745 -1.055868
7.816707 3.979497 -1.040929
7.819465 3.997188 -1.051427
7.789265 4.021173 -1.069615
7.772415 4.048436 -1.049422
7.764935 4.058496 -1.056627
7.756855 4.095888 -1.055297
7.755751 4.130785 -1.066797
7.755017 4.133033 -1.055645
7.702877 4.144282 -1.068199
7.708474 4.188303 -1.059670
7.704577 4.220853 -1.058087
7.676271 4.234337 -1.060991
6.592214 3.655012 -0.903017
6.562776 3.683468 -0.902613
6.558649 3.663690 -0.899858
6.527232 3.712119 -0.916498
6.518088 3.722899 -0.908573
6.561541 3.768426 -0.904148
7.568382 4.396598 -1.058025
7.565361 4.438160 -1.045689
7.550478 4.450544 -1.064901
7.547143 4.456765 -1.044948
7.533761 4.504212 -1.067829
6.519759 3.900854 -0.932411
6.459045 3.901005 -0.919543
6.431770 3.920116 -0.918742
6.443788 3.961384 -0.900178
6.448946 3.959849 -0.905447
7.460081 4.625010 -1.051760
7.420965 4.653373 -1.080992
7.429400 4.685237 -1.058927
7.415003 4.681889 -1.058782
7.388957 4.709723 -1.067718
7.377255 4.746611 -1.067673
7.361081 4.755817 -1.071921
7.352953 4.789322 -1.067286
7.313702 4.808111 -1.026632
7.311397 4.836179 -1.054114
7.299661 4.870831 -1.058025
7.292688 4.872569 -1.063573
7.273182 4.897942 -1.052416
7.270237 4.913527 -1.075962
7.208061 4.948920 -1.064074
7.244548 4.950007 -1.052037
7.215865 4.978233 -1.078036
7.210703 4.986788 -1.067668
7.182937 5.032939 -1.042298
7.162762 5.051337 -1.060349
7.155879 5.086734 -1.072552
7.125180 5.113172 -1.051414
7.123386 5.122241 -1.041535
7.111272 5.135959 -1.064487
7.101041 5.158914 -1.057850
7.060824 5.186421 -1.066671
7.045322 5.192661 -1.065359
7.038103 5.222807 -1.065162
7.017084 5.253991 -1.046453
7.011971 5.253592 -1.053220
6.998223 5.299416 -1.056401
6.973861 5.318044 -1.062054
6.960072 5.343179 -1.056907
6.936144 5.345683 -1.052368
6.936825 5.382937 -1.065838
6.916357 5.396109 -1.053946
6.872573 5.421290 -1.047888
6.865936 5.451705 -1.049390
6.831988 5.437996 -1.062297
6.812445 5.454428 -1.044575
6.776498 5.456630 -1.033457
6.710217 5.467037 -1.051686
6.685570 5.456690 -1.042507
6.650365 5.462367 -1.036796
6.609226 5.448088 -1.027748
6.570562 5.476133 -1.030290
6.509908 5.461308 -1.022995
6.487905 5.461835 -1.025785
6.435976 5.446190 -1.024885
6.399409 5.469734 -0.998710
6.370650 5.450288 -0.989974
6.338850 5.467904 -1.002589
6.285227 5.451538 -0.993586
6.245813 5.460547 -1.000315
6.204408 5.463635 -1.000218
6.174372 5.464394 -0.990770
6.129231 5.458416 -0.994865
6.085876 5.461148 -0.987225
6.052649 5.442359 -0.977663
6.003935 5.461578 -0.963413
5.977011 5.441227 -0.981900
5.927550 5.435884 -0.975328
5.906349 5.456736 -0.950437
5.853442 5.439626 -0.958659
5.852562 5.446729 -0.953957
5.795407 5.472623 -0.960494
5.752943 5.461810 -0.967454
5.725343 5.460268 -0.957093
5.702381 5.462931 -0.951576
5.635700 5.452154 -0.932983
5.608430 5.469157 -0.918435
5.578644 5.456274 -0.943155
5.535326 5.444423 -0.940962
5.519139 5.444309 -0.940916
5.482543 5.467595 -0.938204
5.455451 5.464130 -0.937952
5.426148 5.455627 -0.929649
5.392527 5.454812 -0.910001
5.352805 5.451599 -0.913926
5.317386 5.464230 -0.916827
5.285110 5.446435 -0.913180
5.249478 5.462479 -0.914156
5.214728 5.474069 -0.913352
5.181932 5.456919 -0.898316
5.148681 5.459846 -0.910416
5.143660 5.449421 -0.915751
5.078336 5.463439 -0.921312
5.060873 5.454889 -0.903704
5.028396 5.471578 -0.903336
4.998458 5.466893 -0.898629
4.968088 5.473429 -0.875608
4.944863 5.468943 -0.876715
4.920459 5.465117 -0.886371
4.893360 5.464713 -0.886189
4.876867 5.458728 -0.880706
4.825768 5.460888 -0.886820
4.785568 5.461585 -0.894961
4.747715 5.457483 -0.871974
4.731177 5.478364 -0.879734
4.693314 5.449387 -0.870471
4.661259 5.437468 -0.862107
4.631914 5.452220 -0.875730
4.619666 5.475513 -0.866171
4.585726 5.468932 -0.870422
4.558910 5.458267 -0.869470
4.528286 5.467280 -0.865013
4.491591 5.460628 -0.862054
4.473473 5.460776 -0.851178
4.447905 5.461356 -0.837415
4.417303 5.469805 -0.841807
4.394451 5.473414 -0.859695
4.363890 5.442290 -0.845194
4.324697 5.478536 -0.831672
4.319298 5.476554 -0.832607
4.275853 5.461456 -0.839515
4.247952 5.459641 -0.839016
4.225994 5.451903 -0.827846
4.199668 5.456780 -0.831274
4.167061 5.456791 -0.812125
4.149188 5.454641 -0.836169
4.099388 5.468443 -0.822737
4.093297 5.465241 -0.812683
4.059958 5.463799 -0.820509
4.031089 5.467289 -0.817959
4.015007 5.456040 -0.814204
3.986481 5.463867 -0.813317
3.970186 5.465105 -0.821753
3.929687 5.462734 -0.801658
3.911020 5.458115 -0.815981
3.887971 5.460594 -0.809458
3.873226 5.466024 -0.811198
3.833656 5.464866 -0.818313
3.823870 5.465769 -0.810042
3.781057 5.464838 -0.800692
3.755807 5.483627 -0.801946
3.732428 5.465174 -0.803395
3.722058 5.465050 -0.787081
3.701657 5.465051 -0.778440
3.666125 5.451451 -0.788029
3.650753 5.452420 -0.805237
3.626253 5.463236 -0.770362
3.598185 5.473556 -0.762088
3.575916 5.479478 -0.803460
3.556884 5.465876 -0.797882
3.512341 5.455823 -0.785986
3.495355 5.466967 -0.774998
3.459466 5.460911 -0.802592
3.451016 5.474986 -0.764223
3.421019 5.470359 -0.766043
3.395717 5.462527 -0.768690
3.376536 5.465489 -0.770791
3.362067 5.473064 -0.777948
3.334423 5.481785 -0.777946
3.309387 5.441505 -0.764069
3.305224 5.470718 -0.767171
3.272129 5.461683 -0.762435
3.243730 5.463257 -0.757768
3.217600 5.471013 -0.772393
3.207366 5.466660 -0.767402
3.174039 5.458800 -0.767691
3.142459 5.468397 -0.774317
3.112242 5.459789 -0.767110
3.097267 5.472435 -0.766912
3.116092 5.458549 -0.758829
3.057970 5.463863 -0.761853
3.061354 5.453846 -0.741157
3.029927 5.474726 -0.748040
3.006216 5.468230 -0.770449
2.982188 5.458259 -0.743971
2.961248 5.465756 -0.773444
2.924712 5.459192 -0.742980
2.917768 5.487826 -0.760715
2.894260 5.467681 -0.765642
2.877051 5.448013 -0.729195
2.855557 5.452085 -0.743334
2.807576 5.448537 -0.716333
2.796052 5.466517 -0.718848
2.780639 5.467802 -0.728450
2.768620 5.452582 -0.723904
2.751144 5.460264 -0.760255
2.713450 5.459770 -0.747273
2.694167 5.450071 -0.729423
2.687057 5.447205 -0.728763
2.656809 5.471149 -0.717932
2.646254 5.463463 -0.740475
2.621460 5.467704 -0.734640
2.619760 5.468588 -0.722354
2.572232 5.470983 -0.721287
2.559714 5.475531 -0.729524
2.525476 5.471358 -0.721773
2.523936 5.470823 -0.725718
2.494561 5.471136 -0.728608
2.479284 5.464854 -0.706025
2.457247 5.460195 -0.722054
2.438133 5.478008 -0.721678
2.420567 5.476988 -0.709592
2.392647 5.484246 -0.711435
2.378150 5.456684 -0.719971
2.348639 5.470630 -0.731412
2.344817 5.464397 -0.698579
2.314318 5.461295 -0.709067
2.307857 5.481533 -0.717312
2.282716 5.480612 -0.701491
2.247635 5.468829 -0.718474
2.229686 5.481003 -0.718041
2.227041 5.481209 -0.717719
2.180557 5.460330 -0.720663
2.185888 5.474356 -0.696535
2.150398 5.463696 -0.731995
2.143905 5.460100 -0.697313
2.115650 5.484823 -0.699741
2.111255 5.454706 -0.725321
2.077287 5.484006 -0.704038
2.070598 5.470027 -0.724164
2.039809 5.457696 -0.695220
2.006456 5.461095 -0.701366
2.019761 5.465903 -0.706395
1.986299 5.450582 -0.712598
1.965191 5.472666 -0.700367
1.966573 5.478977 -0.695591
1.924608 5.467074 -0.698809
1.913343 5.475049 -0.694966
1.894316 5.460082 -0.698067
1.861874 5.477545 -0.697288
1.855526 5.490895 -0.697659
1.827393 5.491794 -0.705792
1.817747 5.449342 -0.704734
1.816029 5.471690 -0.691812
1.777692 5.487586 -0.706692
1.764701 5.465886 -0.701738
1.745947 5.458693 -0.689360
1.743077 5.464490 -0.706375
1.700847 5.468359 -0.673569
1.686712 5.471604 -0.702236
1.664043 5.459331 -0.687419
1.647557 5.478044 -0.686540
1.627374 5.477234 -0.689581
1.602167 5.470794 -0.668897
1.594751 5.462525 -0.682567
1.564579 5.475770 -0.675824
1.552238 5.467482 -0.680940
1.532955 5.461402 -0.695515
1.504878 5.464252 -0.692007
1.494813 5.472012 -0.674549
1.493573 5.458582 -0.690486
1.442275 5.454026 -0.685569
1.456609 5.471607 -0.676620
1.427275 5.473940 -0.682123
1.418472 5.474014 -0.698857
1.392174 5.476355 -0.689004
1.392144 5.469901 -0.685300
1.367840 5.473620 -0.677967
1.334861 5.469783 -0.687710
1.326416 5.461157 -0.694229
1.323139 5.469850 -0.668341
1.299483 5.481928 -0.679524
1.276899 5.483150 -0.678521
1.255471 5.480917 -0.678862
1.229736 5.483325 -0.668150
1.212799 5.474181 -0.692958
1.214302 5.467890 -0.660175
1.179286 5.485164 -0.662669
1.169777 5.487592 -0.694747
1.150973 5.464946 -0.655569
1.132684 5.467949 -0.673027
1.116509 5.465183 -0.681308
1.092297 5.483827 -0.655406
1.075308 5.480576 -0.661067
1.061742 5.461125 -0.671140
1.043178 5.463097 -0.683233
1.041980 5.465888 -0.655287
1.009550 5.468975 -0.676016
0.994040 5.465506 -0.666889
0.965927 5.467859 -0.683196
0.947981 5.467292 -0.684763
0.938912 5.483497 -0.682886
0.931669 5.475781 -0.687459
0.888551 5.461891 -0.665317
0.884129 5.468901 -0.674358
0.881149 5.471903 -0.670157
0.865853 5.466887 -0.657153
0.826460 5.445017 -0.661355
0.827286 5.469801 -0.657283
0.801259 5.467975 -0.669818
0.801796 5.471583 -0.662346
0.760525 5.477196 -0.679688
0.742758 5.483025 -0.664828
0.732101 5.472575 -0.666022
0.723563 5.470021 -0.685059
0.706120 5.477441 -0.665365
0.672176 5.474674 -0.658271
0.655834 5.456199 -0.676452
0.653605 5.448388 -0.656140
0.655623 5.455739 -0.657544
0.603468 5.488391 -0.662518
0.609550 5.471261 -0.663183
0.602833 5.471887 -0.680219
0.553697 5.471722 -0.675275
0.546975 5.454471 -0.672474
0.531971 5.477891 -0.690858
0.521089 5.473476 -0.674774
0.519963 5.455468 -0.674112
0.464126 5.468861 -0.659269
0.461981 5.482395 -0.658937
0.436103 5.447321 -0.659128
0.411748 5.467089 -0.660436
0.419296 5.485364 -0.676990
0.390007 5.456894 -0.663778
0.381448 5.470884 -0.662151
0.370551 5.468005 -0.645943
0.346275 5.471969 -0.667090
0.336669 5.470778 -0.664765
0.313292 5.456288 -0.670184
0.298803 5.473483 -0.684712
0.268502 5.472756 -0.647429
0.253245 5.473839 -0.648503
0.231556 5.477518 -0.664704
0.227432 5.482649 -0.659718
0.206870 5.484334 -0.651581
0.204649 5.472639 -0.633617
0.180475 5.490610 -0.650680
0.155100 5.484405 -0.667974
0.144065 5.487466 -0.660843
0.110611 5.481618 -0.657329
0.101691 5.486193 -0.656331
0.109729 5.479047 -0.669033
0.072225 5.476917 -0.663283
0.046614 5.471318 -0.672692
0.051832 5.472502 -0.656823
0.029293 5.478843 -0.651876
0.017892 5.484019 -0.660562
-0.010716 5.480354 -0.669174
0.019874 -4.466573 -0.496332
0.018702 -4.471339 -0.485254
0.043629 -4.455573 -0.494198
0.041599 -4.476719 -0.495736
0.049298 -4.462176 -0.506633
0.077415 -4.446330 -0.494411
0.105837 -4.448291 -0.501920
0.074442 -4.444067 -0.489000
0.125318 -4.463217 -0.492822
0.139142 -4.477204 -0.480742
0.151346 -4.473360 -0.512247
0.157008 -4.475429 -0.512762
0.181495 -4.460865 -0.495628
0.185082 -4.439224 -0.488939
0.196677 -4.454505 -0.503518
0.216358 -4.443524 -0.511675
0.230652 -4.473896 -0.496253
0.243441 -4.464735 -0.474160
0.263144 -4.429612 -0.508706
0.276219 -4.450566 -0.502194
0.277056 -4.446795 -0.502393
0.287881 -4.456890 -0.495621
0.286661 -4.465629 -0.496683
0.307861 -4.465050 -0.490373
0.332238 -4.461961 -0.498305
0.351996 -4.442390 -0.472539
0.372555 -4.449577 -0.515360
0.381485 -4.457763 -0.495423
0.396748 -4.430833 -0.481883
0.400996 -4.446227 -0.500077
0.402615 -4.455536 -0.508616
0.428275 -4.443718 -0.496217
0.448890 -4.439128 -0.503829
0.453767 -4.444960 -0.504507
0.491233 -4.441188 -0.511035
0.473135 -4.443473 -0.510787
0.489533 -4.452114 -0.493777
0.506633 -4.452178 -0.481380
0.519295 -4.456799 -0.502901
0.542751 -4.455015 -0.494398
0.557038 -4.450865 -0.506730
0.574095 -4.443543 -0.504761
0.582313 -4.439106 -0.478189
0.587871 -4.429040 -0.487653
0.608555 -4.456738 -0.501797
0.645123 -4.432761 -0.489346
0.633905 -4.430883 -0.500776
0.649308 -4.433927 -0.485295
0.665857 -4.429334 -0.512007
0.691750 -4.427099 -0.502572
0.676865 -4.438854 -0.507161
0.701728 -4.426016 -0.512940
0.717728 -4.429459 -0.518142
0.736726 -4.443576 -0.493597
0.749036 -4.447226 -0.488806
0.754880 -4.413218 -0.499217
0.777628 -4.426753 -0.510196
0.782686 -4.440587 -0.511531
0.796589 -4.441757 -0.510596
0.817244 -4.437859 -0.506532
0.838606 -4.433409 -0.518971
0.847679 -4.447818 -0.512443
0.875932 -4.429204 -0.495743
0.874002 -4.444024 -0.513832
0.903432 -4.441169 -0.499122
0.901828 -4.417475 -0.518465
0.910805 -4.433351 -0.494080
0.920656 -4.425134 -0.500357
0.926575 -4.425425 -0.497545
0.954520 -4.409153 -0.500717
0.982620 -4.419591 -0.509289
0.988210 -4.426762 -0.491883
0.991478 -4.413893 -0.509318
1.029172 -4.427959 -0.520420
1.021549 -4.442792 -0.528463
1.040894 -4.416914 -0.507315
1.067252 -4.425997 -0.499181
1.077955 -4.440632 -0.513092
1.085443 -4.416032 -0.525849
1.086811 -4.408137 -0.502927
1.118393 -4.430206 -0.519732
1.120024 -4.423070 -0.509300
1.139181 -4.416227 -0.496184
1.155136 -4.402979 -0.503919
1.177964 -4.428893 -0.494223
1.179912 -4.439073 -0.511594
1.197967 -4.418694 -0.491430
1.209165 -4.428186 -0.516303
1.241059 -4.421425 -0.515200
1.249964 -4.412740 -0.507954
1.268422 -4.425005 -0.506306
1.281321 -4.423451 -0.509335
1.283946 -4.428558 -0.524877
1.296100 -4.417538 -0.504817
1.322301 -4.433079 -0.499552
1.334967 -4.422331 -0.519282
1.323441 -4.413449 -0.517562
1.362666 -4.427269 -0.517450
1.379790 -4.380369 -0.538181
1.380709 -4.419703 -0.515561
1.414487 -4.406971 -0.525747
1.423922 -4.402133 -0.509419
1.433671 -4.393006 -0.528303
1.443707 -4.409407 -0.508139
1.499028 -4.412104 -0.531499
1.480581 -4.400950 -0.524878
1.491230 -4.397968 -0.521814
1.519657 -4.411877 -0.509554
1.520207 -4.409692 -0.522079
1.549937 -4.393339 -0.529725
1.541574 -4.392980 -0.534749
1.559968 -4.397158 -0.532282
1.599989 -4.419136 -0.524988
1.582392 -4.415330 -0.504292
1.618214 -4.407343 -0.533886
1.634962 -4.401869 -0.512283
1.648643 -4.421079 -0.515060
1.666231 -4.386508 -0.519861
1.680098 -4.397671 -0.517105
1.673478 -4.401985 -0.535178
1.697186 -4.390465 -0.538115
1.719965 -4.395976 -0.527707
1.748072 -4.397401 -0.540836
1.751322 -4.411065 -0.545623
1.765104 -4.398988 -0.520009
1.777729 -4.395045 -0.532651
1.793998 -4.382873 -0.536851
1.799991 -4.404072 -0.509771
1.834596 -4.374291 -0.522138
1.833651 -4.384821 -0.534824
1.861156 -4.400820 -0.537323
1.874756 -4.381389 -0.522923
1.893007 -4.380075 -0.543579
1.927850 -4.385346 -0.547199
1.928229 -4.398469 -0.532300
1.930098 -4.378474 -0.537875
1.962822 -4.405704 -0.536611
1.953628 -4.393031 -0.552573
1.975654 -4.373907 -0.545977
1.998254 -4.381720 -0.512544
2.020377 -4.371973 -0.526899
2.032282 -4.372581 -0.534142
2.038874 -4.369307 -0.531653
2.066624 -4.399685 -0.532948
2.077698 -4.394398 -0.540094
2.072663 -4.363841 -0.534403
2.116487 -4.375436 -0.537303
2.139482 -4.383911 -0.541524
2.164030 -4.385595 -0.536052
2.172177 -4.366461 -0.528277
2.178503 -4.379867 -0.541930
2.190719 -4.368886 -0.551341
2.209262 -4.374359 -0.540513
2.230990 -4.373008 -0.540673
2.251575 -4.373868 -0.550429
2.263410 -4.369985 -0.561452
2.277258 -4.360316 -0.564221
2.284815 -4.361319 -0.556901
2.308071 -4.368831 -0.553216
2.329835 -4.364540 -0.547114
2.339417 -4.377334 -0.567708
2.363344 -4.372272 -0.558935
2.364534 -4.370513 -0.550210
2.397708 -4.365286 -0.550600
2.422323 -4.364319 -0.558004
2.433913 -4.383059 -0.563867
2.418578 -4.350368 -0.565222
2.455966 -4.359079 -0.568523
2.480441 -4.373853 -0.551387
2.503360 -4.356051 -0.566861
2.520338 -4.360526 -0.558003
2.521604 -4.367326 -0.583976
2.551806 -4.373634 -0.573449
2.578151 -4.367617 -0.563533
2.587108 -4.350360 -0.558872
2.598415 -4.357015 -0.559038
2.618918 -4.365353 -0.565900
2.655404 -4.359011 -0.580593
2.646922 -4.359627 -0.567206
2.675094 -4.352239 -0.565363
2.706831 -4.365410 -0.587597
2.711764 -4.371969 -0.574883
2.768593 -4.366789 -0.557446
2.755109 -4.362780 -0.586009
2.761922 -4.346121 -0.560149
2.796085 -4.347749 -0.566113
2.783064 -4.350034 -0.569627
2.825707 -4.349873 -0.582602
2.843909 -4.345272 -0.558072
2.844590 -4.348057 -0.573088
2.885491 -4.331390 -0.589420
2.895395 -4.346336 -0.591910
2.901644 -4.342131 -0.592573
2.926294 -4.337897 -0.575686
2.945282 -4.330543 -0.584011
2.959096 -4.332616 -0.577822
2.995209 -4.323039 -0.596851
3.005746 -4.335896 -0.588984
3.035425 -4.339261 -0.591969
3.056811 -4.333299 -0.581698
3.075999 -4.334830 -0.577880
3.107451 -4.319266 -0.588959
3.096655 -4.331770 -0.567124
3.124621 -4.328782 -0.597641
3.148954 -4.334728 -0.594465
3.155804 -4.331095 -0.613260
3.179687 -4.315381 -0.614308
3.201369 -4.322423 -0.591204
3.226096 -4.339581 -0.593743
3.253491 -4.342372 -0.600303
3.265035 -4.329351 -0.599320
3.264019 -4.326882 -0.616785
3.294701 -4.313161 -0.597813
3.313879 -4.315732 -0.597198
3.356208 -4.314515 -0.607704
3.356905 -4.306443 -0.604748
3.391543 -4.321225 -0.590781
3.405622 -4.313039 -0.617193
3.415002 -4.296142 -0.610204
3.434174 -4.316144 -0.605564
3.487125 -4.302741 -0.614768
3.486720 -4.321257 -0.618795
3.507858 -4.310939 -0.616272
3.541751 -4.301809 -0.622665
3.563457 -4.286086 -0.629363
3.582625 -4.307655 -0.632708
3.609654 -4.294897 -0.638177
3.624382 -4.313234 -0.615052
3.635420 -4.314874 -0.605378
3.636835 -4.304844 -0.626740
3.697452 -4.305915 -0.631067
3.692253 -4.302520 -0.642604
3.745371 -4.296642 -0.637589
3.748626 -4.285616 -0.636907
3.776935 -4.300942 -0.657099
3.786376 -4.316360 -0.648616
3.816773 -4.298797 -0.647118
3.828880 -4.297905 -0.652707
3.869146 -4.308178 -0.640310
3.897860 -4.293232 -0.648581
3.898335 -4.283074 -0.665943
3.946826 -4.298346 -0.647251
3.974427 -4.292873 -0.647835
3.977311 -4.299126 -0.633166
4.011908 -4.301148 -0.647146
4.028512 -4.293972 -0.649411
4.049589 -4.296061 -0.647780
4.067641 -4.305038 -0.661368
4.089380 -4.279391 -0.651628
4.129834 -4.281920 -0.659489
4.138330 -4.280664 -0.652407
4.176443 -4.298025 -0.666223
4.188007 -4.265890 -0.656227
4.232257 -4.275827 -0.649655
4.237932 -4.279506 -0.686927
4.268234 -4.266316 -0.673156
4.286324 -4.268813 -0.674992
4.323771 -4.265488 -0.671591
4.334529 -4.274230 -0.681526
4.359936 -4.258285 -0.694428
4.401162 -4.275374 -0.681634
4.423368 -4.277216 -0.693341
4.446899 -4.267223 -0.689498
4.451445 -4.275858 -0.690196
4.487156 -4.269106 -0.704900
4.542650 -4.252951 -0.692428
4.559659 -4.261450 -0.699744
4.571255 -4.250692 -0.692098
4.610416 -4.242918 -0.703397
4.632256 -4.245591 -0.683972
4.649543 -4.248656 -0.699698
4.689240 -4.253650 -0.713834
4.712530 -4.234317 -0.705299
4.721472 -4.239719 -0.695423
4.747657 -4.260880 -0.717871
4.788326 -4.240082 -0.701394
4.837329 -4.225483 -0.710875
4.845698 -4.210078 -0.738476
4.845315 -4.237631 -0.743911
4.874718 -4.236624 -0.725556
4.907228 -4.228593 -0.733365
4.949936 -4.235384 -0.738456
4.968113 -4.210736 -0.720675
5.011425 -4.210658 -0.738313
5.026856 -4.217452 -0.734789
5.074175 -4.211914 -0.722391
5.089203 -4.189470 -0.735909
5.109831 -4.222474 -0.728483
5.130211 -4.193252 -0.746444
5.169508 -4.186302 -0.758797
5.188663 -4.182920 -0.737437
5.216150 -4.182757 -0.755289
5.260562 -4.203139 -0.761146
5.278357 -4.167809 -0.740891
5.319454 -4.165513 -0.754931
5.343052 -4.175522 -0.777246
5.376605 -4.157177 -0.774654
5.383184 -4.168118 -0.777104
5.440205 -4.169560 -0.757978
5.459237 -4.161689 -0.768777
5.513071 -4.166561 -0.775669
5.508013 -4.161705 -0.773687
5.572520 -4.139805 -0.778810
5.585873 -4.154873 -0.768275
5.610964 -4.144494 -0.794661
5.643421 -4.145344 -0.777956
5.658078 -4.136886 -0.787709
5.710351 -4.150469 -0.780580
5.754797 -4.133207 -0.800096
5.776410 -4.122133 -0.784185
5.823025 -4.119546 -0.787113
5.002158 -3.520916 -0.674738
5.058902 -3.538177 -0.685797
5.049029 -3.514795 -0.697324
5.929665 -4.091385 -0.801009
5.980318 -4.087584 -0.809670
6.013528 -4.103575 -0.807303
6.051820 -4.086447 -0.805698
6.086777 -4.091800 -0.820189
6.114093 -4.095994 -0.819370
6.155085 -4.100909 -0.817420
6.181840 -4.083154 -0.821229
4.869517 -3.200940 -0.651339
4.863859 -3.163576 -0.652455
4.831637 -3.133381 -0.659488
4.810117 -3.091267 -0.644972
4.816471 -3.072681 -0.619150
4.793546 -3.029396 -0.641490
4.794780 -3.001002 -0.637757
4.798940 -3.034204 -0.645806
4.864087 -3.000114 -0.657406
4.868694 -3.008018 -0.646657
4.903631 -2.978807 -0.647029
4.916753 -2.994783 -0.638033
4.938227 -2.978301 -0.650036
4.937187 -2.948797 -0.639137
4.957870 -2.949747 -0.659742
4.977962 -2.933962 -0.644526
4.989789 -2.929894 -0.631002
6.850728 -3.999274 -0.881156
6.892176 -3.995024 -0.911607
6.939447 -3.988830 -0.896150
6.984114 -3.973059 -0.915516
7.038273 -3.981061 -0.896903
7.072141 -3.990397 -0.886953
7.105639 -3.993265 -0.904611
7.166505 -3.980886 -0.904427
7.212276 -3.979828 -0.912717
7.238402 -3.950741 -0.930842
7.272278 -3.954768 -0.922540
7.334525 -3.935579 -0.941072
7.373452 -3.953804 -0.929537
7.424819 -3.943174 -0.928177
5.321158 -2.802021 -0.664061
5.340360 -2.796485 -0.678974
7.565388 -3.930115 -0.951907
7.612155 -3.894564 -0.959872
7.635905 -3.904003 -0.948640
7.697900 -3.901228 -0.966944
7.737687 -3.912010 -0.968847
7.793316 -3.891946 -0.974100
7.841616 -3.893917 -0.973429
7.900507 -3.883283 -0.992017
7.941761 -3.873820 -0.983357
7.986401 -3.857650 -0.998177
8.029032 -3.857765 -1.004274
8.109284 -3.851199 -1.004028
8.161521 -3.876353 -1.016511
8.205812 -3.863120 -0.994574
8.285852 -3.849512 -1.007868
8.365078 -3.877382 -1.027994
8.419906 -3.842866 -1.036972
8.467052 -3.851064 -1.019170
8.528099 -3.839174 -1.039618
8.594241 -3.830370 -1.047995
8.641966 -3.831680 -1.036610
8.664810 -3.811416 -1.055399
8.671401 -3.782786 -1.027673
8.656543 -3.751152 -1.057283
8.695993 -3.732446 -1.065766
8.709140 -3.704982 -1.058790
8.720452 -3.674352 -1.055473
8.705057 -3.642602 -1.066200
8.732908 -3.631575 -1.045900
8.735344 -3.598922 -1.049549
8.751665 -3.573741 -1.056121
8.762524 -3.553464 -1.066167
8.773354 -3.512139 -1.061504
8.760132 -3.485990 -1.067290
8.799710 -3.457479 -1.057426
8.797658 -3.442874 -1.056722
8.827894 -3.382361 -1.051391
8.824912 -3.370381 -1.049406
8.838943 -3.363789 -1.063675
8.844242 -3.331142 -1.051768
8.851724 -3.298986 -1.065147
8.856951 -3.280065 -1.065559
8.865000 -3.215502 -1.058775
8.900171 -3.234521 -1.063409
8.895232 -3.180750 -1.046432
8.919642 -3.150215 -1.060140
8.895074 -3.126930 -1.050324
8.923287 -3.117869 -1.054274
8.932555 -3.079557 -1.064006
8.932965 -3.028771 -1.070927
8.938711 -3.006553 -1.048965
8.958127 -2.996629 -1.042342
8.963029 -2.966894 -1.056857
8.969115 -2.955697 -1.051698
8.993302 -2.919270 -1.053132
8.996392 -2.893923 -1.057805
9.008349 -2.843240 -1.055870
9.004210 -2.820597 -1.063814
9.033882 -2.808010 -1.084013
9.024800 -2.776722 -1.030559
9.043042 -2.744428 -1.057655
9.064104 -2.700241 -1.050429
9.072493 -2.690162 -1.040572
9.079109 -2.679568 -1.035418
9.078831 -2.631633 -1.043650
9.072635 -2.599779 -1.056222
9.101173 -2.552210 -1.078053
9.089551 -2.550887 -1.066408
9.118328 -2.526345 -1.054072
9.107866 -2.470455 -1.046726
9.133871 -2.466638 -1.060163
9.124083 -2.441922 -1.054803
9.144620 -2.411354 -1.036093
9.154395 -2.375427 -1.073212
9.163404 -2.350075 -1.047886
9.151565 -2.328446 -1.065461
9.168209 -2.301939 -1.050246
9.180008 -2.258373 -1.058842
9.170133 -2.248184 -1.059983
9.199369 -2.228866 -1.054683
9.184165 -2.185707 -1.059854
7.418140 -1.733758 -0.859012
7.420952 -1.709176 -0.839230
7.451339 -1.695844 -0.854272
9.217052 -2.065188 -1.043164
9.210631 -2.025594 -1.052232
9.230022 -2.011582 -1.063624
9.237584 -1.983609 -1.058161
9.244128 -1.960424 -1.064050
8.370898 -1.741702 -0.958917
8.357506 -1.708974 -0.962409
8.358674 -1.682316 -0.961107
8.345389 -1.670359 -0.969595
8.395555 -1.632321 -0.958301
9.281885 -1.785044 -1.050178
9.268706 -1.760100 -1.056488
9.284674 -1.726550 -1.068693
9.286872 -1.710156 -1.051069
9.297183 -1.671780 -1.056727
9.303662 -1.642684 -1.066097
9.312694 -1.610160 -1.039234
9.326797 -1.592231 -1.035962
9.323055 -1.577969 -1.058625
9.316395 -1.538093 -1.056876
9.340590 -1.506226 -1.053686
9.352214 -1.479934 -1.065796
9.318468 -1.439851 -1.048115
9.358324 -1.401153 -1.062404
9.360582 -1.393494 -1.069632
9.338815 -1.367023 -1.048160
9.347128 -1.325917 -1.051946
9.339901 -1.303217 -1.056217
9.362115 -1.269499 -1.074944
9.384626 -1.242395 -1.050390
9.375299 -1.223445 -1.074048
9.362121 -1.181885 -1.056406
9.382908 -1.167206 -1.052529
9.389385 -1.138094 -1.057267
9.394888 -1.086564 -1.051541
9.396181 -1.090014 -1.059882
9.400912 -1.047788 -1.052069
9.402457 -1.023542 -1.040847
9.410674 -0.975209 -1.048056
9.403834 -0.947462 -1.049213
9.408726 -0.924791 -1.051349
9.402560 -0.887819 -1.064088
9.421081 -0.867928 -1.050480
9.437768 -0.846745 -1.050550
9.413941 -0.802737 -1.044588
9.429844 -0.771978 -1.039945
9.402273 -0.744886 -1.054206
9.406205 -0.712416 -1.042976
9.414643 -0.683227 -1.044420
9.432946 -0.661329 -1.058287
9.409593 -0.640374 -1.055502
9.416162 -0.616730 -1.046508
9.424048 -0.561164 -1.066388
9.424052 -0.567558 -1.055029
9.429688 -0.527635 -1.041315
9.451876 -0.487603 -1.052756
9.448205 -0.455883 -1.064467
9.426303 -0.427598 -1.054891
9.444198 -0.381189 -1.055049
9.434685 -0.376521 -1.058561
9.449401 -0.356360 -1.064293
9.443752 -0.324993 -1.046729
9.448715 -0.303518 -1.064973
9.454258 -0.240506 -1.060387
9.443350 -0.232299 -1.074240
9.447688 -0.207070 -1.050114
9.448380 -0.182804 -1.041080
9.452683 -0.134198 -1.070049
9.437612 -0.134789 -1.035521
9.451707 -0.104170 -1.056099
9.439010 -0.060619 -1.051239
9.448758 -0.028122 -1.056964
9.459998 -0.002584 -1.039214
9.448037 0.033055 -1.044909
9.456287 0.073993 -1.058415
9.448605 0.081585 -1.067178
9.443057 0.122865 -1.045838
9.433285 0.140641 -1.046375
9.465353 0.160159 -1.051261
9.446141 0.203796 -1.057864
9.418525 0.226830 -1.054403
9.434918 0.282594 -1.051089
9.438653 0.291320 -1.053239
9.437056 0.320933 -1.056810
9.429069 0.347106 -1.069938
9.438457 0.376382 -1.058473
9.442364 0.408983 -1.057320
9.448055 0.437335 -1.061688
9.456255 0.453201 -1.043663
9.431065 0.500418 -1.068308
9.450725 0.521917 -1.064083
9.433430 0.560121 -1.051151
9.449079 0.572210 -1.043797
9.422833 0.615482 -1.077721
9.428256 0.667658 -1.061110
9.430827 0.651336 -1.059444
9.419099 0.702315 -1.052812
9.422924 0.716064 -1.052503
9.419940 0.751572 -1.037314
9.399195 0.775191 -1.062309
9.409338 0.827882 -1.056287
9.411740 0.843084 -1.051819
9.409490 0.871561 -1.038574
9.408299 0.899242 -1.063835
9.410457 0.938776 -1.062908
9.404078 0.963129 -1.064263
9.392365 0.987653 -1.060984
9.399401 1.009179 -1.054715
9.390323 1.032580 -1.047700
9.383321 1.062479 -1.056686
9.371850 1.109213 -1.041765
9.409842 1.118551 -1.061713
9.378178 1.151996 -1.050500
9.375669 1.189346 -1.050390
9.366955 1.224726 -1.063802
9.361477 1.244848 -1.071583
9.361779 1.273058 -1.053871
9.361709 1.293461 -1.073338
9.358802 1.334446 -1.043230
9.359040 1.349377 -1.049480
9.333061 1.385206 -1.060601
9.329018 1.394895 -1.055347
9.324434 1.441137 -1.054634
9.346799 1.480307 -1.049155
9.332677 1.514965 -1.062472
9.326161 1.538436 -1.081303
9.314683 1.563945 -1.057388
9.315187 1.605144 -1.047691
9.305728 1.639880 -1.054881
9.294695 1.633845 -1.052002
9.294818 1.673938 -1.047387
9.291600 1.697622 -1.047463
9.283304 1.725974 -1.042365
9.274304 1.748190 -1.048331
9.282446 1.799165 -1.061960
9.282334 1.825776 -1.055066
9.270469 1.842051 -1.068561
9.259272 1.857126 -1.060142
8.445595 1.746130 -0.973043
8.418272 1.759843 -0.982642
8.411403 1.791581 -0.969045
8.412710 1.821499 -0.958273
8.438037 1.841093 -0.954663
9.229170 2.048830 -1.057939
9.222222 2.076233 -1.062999
9.211925 2.086060 -1.065935
9.199192 2.144433 -1.058223
7.432557 1.735424 -0.871477
7.420667 1.750757 -0.853773
7.425633 1.795129 -0.870600
9.170568 2.246356 -1.060659
9.174314 2.260500 -1.050463
9.171450 2.291455 -1.043443
9.150027 2.330981 -1.054316
9.133752 2.355304 -1.074173
9.150910 2.380712 -1.077883
9.145239 2.415064 -1.059958
9.125267 2.447594 -1.042233
6.613138 1.776044 -0.754956
6.620606 1.807292 -0.773401
9.090922 2.528637 -1.059149
9.111301 2.542489 -1.060195
9.084879 2.581749 -1.049056
9.076794 2.602982 -1.047590
9.063204 2.618639 -1.075334
9.066683 2.660599 -1.040124
9.051064 2.686333 -1.054750
9.042655 2.716589 -1.050685
9.038810 2.743121 -1.059552
9.032660 2.765596 -1.056229
9.021912 2.795252 -1.053302
9.019652 2.818350 -1.069473
9.008716 2.867261 -1.061866
9.017442 2.891087 -1.067624
8.991587 2.902455 -1.045271
8.986545 2.935801 -1.049465
8.972971 2.974664 -1.035108
8.967328 2.997359 -1.050153
8.937016 3.000108 -1.049436
8.946700 3.051023 -1.038222
8.934484 3.083045 -1.072772
8.935247 3.127063 -1.039907
8.905324 3.159646 -1.067213
8.909532 3.154028 -1.057045
8.894855 3.190490 -1.049310
8.896703 3.193888 -1.073233
8.906657 3.237874 -1.055446
8.859679 3.242907 -1.071360
8.855614 3.286579 -1.068293
8.856972 3.323130 -1.044233
8.836605 3.345448 -1.057348
8.847674 3.363250 -1.066730
8.817722 3.407527 -1.047562
8.798858 3.424537 -1.044035
8.795014 3.453536 -1.038183
8.786594 3.478674 -1.044993
8.769905 3.526793 -1.065980
8.740241 3.529382 -1.065679
8.767809 3.547591 -1.051809
8.736539 3.605621 -1.047032
8.732478 3.627628 -1.061733
8.717841 3.634670 -1.069581
8.695980 3.671051 -1.060675
8.671072 3.688302 -1.064533
8.678534 3.721496 -1.055139
8.684729 3.749863 -1.041685
8.668826 3.791452 -1.059291
8.656505 3.821772 -1.053218
8.630780 3.824979 -1.052986
8.628858 3.867650 -1.074200
8.621045 3.882208 -1.066123
8.589676 3.921056 -1.046755
8.601326 3.918106 -1.057292
8.572904 3.974563 -1.079409
8.562186 4.004912 -1.051281
8.548165 4.011765 -1.063499
8.548593 4.051687 -1.046586
8.537217 4.059215 -1.057411
8.517135 4.105187 -1.041027
8.494189 4.119482 -1.053888
8.510000 4.137220 -1.054308
8.476085 4.172637 -1.049939
8.451065 4.197737 -1.062905
8.467669 4.236565 -1.035844
8.400835 4.260455 -1.051730
8.425946 4.287636 -1.042440
8.419052 4.296345 -1.044507
8.403045 4.341289 -1.069776
8.391556 4.323907 -1.063624
8.380212 4.391264 -1.039383
8.347383 4.397286 -1.050789
8.345063 4.443844 -1.066353
8.345197 4.479711 -1.041349
8.322888 4.488980 -1.039322
8.314585 4.509293 -1.051499
8.287133 4.532570 -1.056480
8.285474 4.575323 -1.054736
6.606763 3.652435 -0.848207
6.552240 3.666545 -0.846460
6.541790 3.685009 -0.831109
6.525661 3.706601 -0.833030
6.515865 3.738805 -0.835105
6.558650 3.759188 -0.853597
8.185614 4.739806 -1.054744
8.168423 4.752758 -1.039825
8.151516 4.785736 -1.053882
8.132589 4.792880 -1.057184
8.123466 4.836765 -1.044876
6.505045 3.903544 -0.850119
6.466051 3.902246 -0.844561
6.451836 3.911844 -0.851231
6.435415 3.942028 -0.852779
6.439244 3.970805 -0.838955
6.445864 4.003002 -0.854306
8.004853 5.037498 -1.053536
7.996681 5.048849 -1.053187
7.967476 5.063621 -1.040829
7.976720 5.083610 -1.067855
7.950304 5.087746 -1.044260
7.927485 5.150560 -1.058276
7.897194 5.146343 -1.043844
7.903505 5.178324 -1.047703
7.879410 5.208065 -1.067912
7.853982 5.235609 -1.054624
7.871458 5.250063 -1.054547
7.832950 5.298780 -1.061098
7.816905 5.311176 -1.045681
7.795087 5.317322 -1.037659
7.767094 5.351143 -1.061611
7.775311 5.381099 -1.037187
7.747314 5.398649 -1.057895
7.755523 5.424154 -1.054639
7.715728 5.419409 -1.055097
7.691620 5.443901 -1.052721
7.629231 5.450020 -1.053135
7.575434 5.443998 -1.036774
7.529537 5.453581 -1.025963
7.491993 5.462726 -1.023470
7.444210 5.457091 -1.029233
7.382141 5.478892 -1.031374
7.342075 5.437566 -1.016969
7.312789 5.459910 -1.036006
7.257471 5.450167 -1.022428
7.212926 5.477876 -1.014064
7.154217 5.464524 -0.998411
7.097830 5.454927 -0.977972
7.066673 5.444992 -0.998660
7.022171 5.456048 -0.987693
6.971810 5.471347 -0.979824
6.934517 5.433845 -0.976832
6.905184 5.436581 -0.991555
6.847373 5.473454 -0.968939
6.798530 5.473548 -0.968518
6.771589 5.446081 -0.967928
6.731541 5.453312 -0.959493
6.692789 5.460008 -0.966997
6.629465 5.455552 -0.959649
6.599593 5.472951 -0.955388
6.569993 5.461876 -0.936471
6.515621 5.475336 -0.984034
6.465213 5.462735 -0.949336
6.439005 5.478037 -0.965677
6.404459 5.479095 -0.940678
6.364868 5.457760 -0.931001
6.319439 5.456876 -0.918588
6.286064 5.468232 -0.921787
6.238321 5.446494 -0.914871
6.199192 5.459301 -0.918985
6.169863 5.476899 -0.903121
6.122324 5.455972 -0.906090
6.089511 5.471631 -0.918179
6.069601 5.449869 -0.913361
6.009542 5.467945 -0.924448
5.973351 5.440587 -0.899046
5.927568 5.434136 -0.896396
5.912840 5.457291 -0.886181
5.878964 5.445956 -0.898835
5.826174 5.455685 -0.896549
5.787618 5.457901 -0.881079
5.754480 5.442153 -0.895875
5.730801 5.462142 -0.869870
5.680416 5.444675 -0.873908
5.654836 5.459499 -0.878730
5.625447 5.456699 -0.882032
5.594236 5.452548 -0.866573
5.547852 5.467241 -0.876764
5.504016 5.473588 -0.863260
5.476044 5.469806 -0.870054
5.435809 5.453864 -0.853301
5.417841 5.446833 -0.867764
5.378537 5.467038 -0.850488
5.348009 5.457103 -0.851018
5.314653 5.466370 -0.852004
5.279454 5.460050 -0.856281
5.263505 5.462149 -0.822979
5.220838 5.469166 -0.855747
5.191704 5.457193 -0.835086
5.140951 5.467209 -0.822153
5.110007 5.456297 -0.840468
5.092412 5.453667 -0.836097
5.068806 5.458785 -0.826882
5.028906 5.442084 -0.816665
4.992061 5.461960 -0.844933
4.966686 5.440403 -0.834484
4.947255 5.448213 -0.825581
4.916831 5.464041 -0.830968
4.842175 5.467844 -0.814347
4.854363 5.448282 -0.808957
4.815511 5.458771 -0.843465
4.794876 5.456102 -0.814630
4.763407 5.457096 -0.815956
4.728915 5.455466 -0.790642
4.693382 5.457468 -0.786605
4.674585 5.446647 -0.797215
4.633655 5.451976 -0.827887
4.614228 5.474055 -0.791691
4.578956 5.447129 -0.797695
4.571832 5.452116 -0.794899
4.523826 5.458641 -0.794979
4.513017 5.461659 -0.787692
4.461059 5.477553 -0.794015
4.456576 5.465515 -0.779220
4.401764 5.473101 -0.767473
4.375138 5.468366 -0.779613
4.353508 5.443548 -0.806181
4.345328 5.457472 -0.777476
4.297271 5.452399 -0.767375
4.282676 5.451442 -0.773380
4.261338 5.448614 -0.767716
4.227077 5.460068 -0.771292
4.211535 5.469726 -0.787505
4.164420 5.459562 -0.761157
4.146982 5.465725 -0.758794
4.111280 5.451755 -0.783845
4.085264 5.471441 -0.761360
4.088120 5.448851 -0.777035
4.040078 5.461596 -0.768400
4.012012 5.468421 -0.760848
3.988761 5.468378 -0.739998
3.946252 5.455864 -0.754687
3.944478 5.459929 -0.742344
3.904627 5.446929 -0.737324
3.881050 5.454467 -0.740584
3.850388 5.436327 -0.744828
3.836572 5.446299 -0.747482
3.808529 5.451721 -0.745794
3.795913 5.463686 -0.743464
3.770107 5.466497 -0.736204
3.754088 5.482048 -0.739238
3.705000 5.456912 -0.737955
3.684598 5.465048 -0.743858
3.684276 5.462952 -0.734142
3.625497 5.488646 -0.715695
3.604216 5.463665 -0.744425
3.612750 5.458073 -0.715544
3.568393 5.459957 -0.735993
3.557845 5.459445 -0.722918
3.535236 5.451378 -0.719087
3.493157 5.471126 -0.716314
3.486277 5.468826 -0.714241
3.448781 5.464420 -0.711239
3.421997 5.451471 -0.706500
3.407197 5.465216 -0.697333
3.385794 5.449702 -0.709477
3.367601 5.456260 -0.710083
3.342454 5.465052 -0.711472
3.296714 5.457269 -0.724167
3.296353 5.468307 -0.715123
3.276798 5.461320 -0.708950
3.252736 5.471049 -0.707525
3.210258 5.465988 -0.709074
3.214310 5.472180 -0.716806
3.171412 5.466532 -0.706249
3.151746 5.487671 -0.717298
3.129416 5.481670 -0.718069
3.125136 5.475400 -0.691790
3.080390 5.462733 -0.708918
3.061250 5.470141 -0.686085
3.034229 5.456316 -0.694100
3.025433 5.459521 -0.695817
2.997658 5.480418 -0.690020
2.965410 5.458573 -0.701866
2.953847 5.458169 -0.710020
2.926746 5.454726 -0.700160
2.893229 5.458662 -0.708125
2.889322 5.456320 -0.694813
2.877395 5.477391 -0.679888
2.844052 5.468408 -0.663356
2.827113 5.455698 -0.670254
2.803397 5.454386 -0.667626
2.784453 5.460085 -0.679497
2.753356 5.448933 -0.684698
2.763351 5.464590 -0.677213
2.733918 5.451796 -0.682449
2.699042 5.465827 -0.698873
2.680042 5.444297 -0.679488
2.663093 5.482453 -0.684243
2.647291 5.460296 -0.683667
2.623244 5.462940 -0.685812
2.581276 5.477962 -0.692806
2.576946 5.484068 -0.670375
2.562249 5.480484 -0.671415
2.536213 5.455923 -0.666962
2.518298 5.454419 -0.674138
2.505643 5.441967 -0.669953
2.480574 5.459239 -0.668436
2.475029 5.477911 -0.671165
2.434597 5.439728 -0.665526
2.408739 5.456070 -0.672733
2.400475 5.466688 -0.640328
2.378176 5.478263 -0.663019
2.353056 5.487087 -0.678185
2.332038 5.478883 -0.672490
2.310408 5.467151 -0.674476
2.304003 5.451187 -0.678060
2.282186 5.470453 -0.654145
2.266102 5.487723 -0.655685
2.241369 5.463191 -0.650236
2.233187 5.454246 -0.671690
2.208623 5.455918 -0.658977
2.172116 5.460898 -0.667423
2.172438 5.467830 -0.660534
2.134966 5.461825 -0.648407
2.140235 5.475544 -0.644328
2.112001 5.475998 -0.659746
2.093089 5.461567 -0.664879
2.059471 5.466565 -0.647796
2.043276 5.464335 -0.646363
2.033543 5.487375 -0.655426
2.009789 5.457086 -0.637439
1.983331 5.489121 -0.642903
1.970622 5.458992 -0.634630
1.952055 5.468173 -0.664559
1.941380 5.459901 -0.651235
1.932801 5.454642 -0.631152
1.880940 5.462780 -0.659018
1.868098 5.460462 -0.636722
1.854202 5.463172 -0.653768
1.830285 5.464958 -0.629995
1.805184 5.471933 -0.669673
1.803069 5.458125 -0.642096
1.788742 5.476864 -0.656460
1.767708 5.478396 -0.655208
1.746634 5.480667 -0.632594
1.728093 5.451778 -0.660242
1.718505 5.461221 -0.654219
1.698450 5.468515 -0.652553
1.671144 5.474031 -0.647254
1.642365 5.453478 -0.658851
1.624011 5.469516 -0.653042
1.625659 5.468265 -0.634300
1.591200 5.469409 -0.630726
1.582614 5.470833 -0.648630
1.579280 5.470582 -0.643362
1.537782 5.460671 -0.646651
1.525889 5.470056 -0.646978
1.493722 5.476013 -0.633142
1.482267 5.463023 -0.627289
1.468755 5.462155 -0.622986
1.450275 5.486072 -0.629780
1.425978 5.459378 -0.619754
1.426227 5.464235 -0.638410
1.399171 5.471941 -0.623812
1.373074 5.475345 -0.641454
1.377371 5.461482 -0.630804
1.344348 5.470403 -0.628413
1.337650 5.480340 -0.628921
1.303311 5.485953 -0.626381
1.297191 5.465303 -0.631876
1.262764 5.459754 -0.619510
1.272198 5.471797 -0.635423
1.208727 5.474990 -0.610587
1.214851 5.473924 -0.620909
1.194555 5.466887 -0.627554
1.177981 5.480409 -0.643801
1.162653 5.470866 -0.611849
1.151948 5.462282 -0.632709
1.117740 5.477085 -0.616559
1.122867 5.465315 -0.633727
1.096078 5.464747 -0.628715
1.093516 5.479932 -0.622964
1.066981 5.474124 -0.645373
1.054939 5.481883 -0.608415
1.037304 5.468076 -0.618500
1.027414 5.465862 -0.632582
1.000877 5.463781 -0.634621
0.980057 5.468784 -0.638849
0.951189 5.466565 -0.626529
0.930816 5.467517 -0.616417
0.929325 5.476317 -0.631370
0.914041 5.475607 -0.626905
0.885007 5.482154 -0.604767
0.875370 5.458820 -0.615427
0.867343 5.468874 -0.608666
0.857436 5.464637 -0.620088
0.807954 5.468758 -0.603885
0.804072 5.457875 -0.614155
0.800374 5.466579 -0.628705
0.781937 5.474610 -0.613693
0.768137 5.466929 -0.614100
0.736646 5.474758 -0.623477
0.717395 5.481403 -0.612016
0.715188 5.477601 -0.617737
0.682016 5.465268 -0.611757
0.664768 5.462845 -0.628311
0.641263 5.473316 -0.611509
0.627767 5.468849 -0.595924
0.623440 5.459136 -0.612417
0.589251 5.468472 -0.595550
0.575941 5.469682 -0.602296
0.567151 5.464237 -0.611833
0.548271 5.465693 -0.603311
0.520600 5.463218 -0.615695
0.520021 5.469350 -0.592426
0.497158 5.448287 -0.622569
0.470835 5.463841 -0.604005
0.465336 5.471577 -0.624699
0.458064 5.463625 -0.595642
0.437706 5.478134 -0.615630
0.414684 5.459298 -0.609713
0.376130 5.468097 -0.649483
0.369214 5.456533 -0.608959
0.374973 5.475720 -0.629651
0.352147 5.470166 -0.619649
0.310848 5.483135 -0.630620
0.297417 5.474698 -0.607638
0.293275 5.501022 -0.629661
0.290708 5.476790 -0.616502
0.246100 5.462741 -0.598072
0.238691 5.469812 -0.612785
0.231332 5.463947 -0.626169
0.222241 5.477814 -0.606858
0.206670 5.462621 -0.607042
0.163013 5.480718 -0.624952
0.142066 5.458841 -0.614503
0.151398 5.464002 -0.612396
0.133955 5.478358 -0.617432
0.104326 5.495156 -0.609466
0.099517 5.465906 -0.605618
0.075394 5.481642 -0.608274
0.061788 5.470063 -0.622449
0.045110 5.474268 -0.606643
0.012429 5.488030 -0.619343
0.010687 5.453424 -0.615207
0.003265 5.482571 -0.612677
-0.005365 -4.465485 -0.460654
0.018628 -4.479318 -0.464977
0.024774 -4.459305 -0.430275
0.054566 -4.449960 -0.473122
0.080991 -4.455923 -0.466355
0.071847 -4.483972 -0.461505
0.078477 -4.468656 -0.471687
0.112719 -4.449730 -0.453888
0.136069 -4.460233 -0.448767
0.122443 -4.456765 -0.472612
0.141020 -4.460492 -0.441891
0.155175 -4.472889 -0.456422
0.178547 -4.466106 -0.455380
0.180376 -4.448813 -0.440756
0.206162 -4.453157 -0.462473
0.227580 -4.463624 -0.465528
0.235900 -4.465291 -0.477639
0.258593 -4.463785 -0.434976
0.249412 -4.460042 -0.441323
0.269859 -4.491914 -0.470825
0.274805 -4.462278 -0.466724
0.285641 -4.459549 -0.448331
0.303083 -4.448145 -0.463482
0.331066 -4.424740 -0.449414
0.325611 -4.452585 -0.459668
0.349062 -4.464536 -0.465992
0.372036 -4.433262 -0.455917
0.363411 -4.439507 -0.453067
0.386034 -4.458140 -0.458163
0.404777 -4.446753 -0.463951
0.407699 -4.451597 -0.464694
0.437408 -4.445802 -0.447951
0.442021 -4.460279 -0.454439
0.456706 -4.448425 -0.469562
0.468301 -4.426719 -0.458728
0.491642 -4.446009 -0.465542
0.515240 -4.442881 -0.445063
0.523940 -4.445851 -0.457741
0.516469 -4.442372 -0.461413
0.542056 -4.444544 -0.460887
0.570796 -4.491735 -0.458681
0.575839 -4.457221 -0.463962
0.599882 -4.443886 -0.464225
0.600670 -4.441366 -0.446573
0.636929 -4.425979 -0.466596
0.623452 -4.440454 -0.456402
0.623476 -4.420851 -0.476939
0.661326 -4.435021 -0.440147
0.672856 -4.441978 -0.472751
0.699183 -4.446082 -0.459262
0.688569 -4.425974 -0.459330
0.713736 -4.433108 -0.466184
0.726911 -4.428866 -0.463019
0.725078 -4.437065 -0.462014
0.743202 -4.445760 -0.477142
0.770815 -4.440152 -0.463779
0.772129 -4.432039 -0.463000
0.795339 -4.430702 -0.458942
0.815042 -4.431220 -0.454258
0.817408 -4.426459 -0.456473
0.817067 -4.432117 -0.454309
0.863920 -4.441959 -0.448828
0.849036 -4.426039 -0.469906
0.877219 -4.447951 -0.453832
0.890571 -4.421343 -0.449425
0.928474 -4.426085 -0.486533
0.915713 -4.421905 -0.456652
0.925928 -4.447910 -0.474396
0.944038 -4.406384 -0.470876
0.961541 -4.428967 -0.462717
0.977675 -4.426377 -0.463974
0.979177 -4.423464 -0.485401
0.992387 -4.420372 -0.464802
1.019348 -4.423595 -0.475891
1.039966 -4.420364 -0.453352
1.050309 -4.423541 -0.464599
1.058081 -4.428880 -0.478049
1.058413 -4.403555 -0.447683
1.089017 -4.411148 -0.470259
1.103875 -4.424491 -0.448759
1.123632 -4.418622 -0.473152
1.146706 -4.419784 -0.486221
1.147063 -4.442074 -0.463995
1.149575 -4.420985 -0.460994
1.173867 -4.416039 -0.470228
1.182842 -4.420698 -0.445205
1.203970 -4.415211 -0.469309
1.215226 -4.413146 -0.466041
1.242490 -4.427186 -0.462794
1.248742 -4.404132 -0.470949
1.252636 -4.396062 -0.491443
1.267331 -4.402458 -0.479660
1.302761 -4.399214 -0.456320
1.297979 -4.421073 -0.450686
1.306199 -4.418611 -0.464362
1.332481 -4.407797 -0.482368
1.339240 -4.410924 -0.478373
1.369859 -4.408788 -0.489771
1.377375 -4.403526 -0.476684
1.387916 -4.424315 -0.475597
1.379816 -4.432520 -0.478782
1.407920 -4.421267 -0.475607
1.435595 -4.405810 -0.480953
1.446068 -4.391229 -0.480486
1.455926 -4.398111 -0.458484
1.487976 -4.408908 -0.471949
1.500364 -4.404397 -0.472126
1.516864 -4.400625 -0.487889
1.537126 -4.403565 -0.477688
1.543189 -4.400389 -0.494644
1.543960 -4.404398 -0.470430
1.574157 -4.413831 -0.471539
1.587175 -4.414062 -0.477463
1.589126 -4.399836 -0.478660
1.608100 -4.402126 -0.467387
1.628201 -4.406008 -0.481753
1.642324 -4.396069 -0.480514
1.658610 -4.382580 -0.493610
1.666999 -4.385824 -0.474899
1.698021 -4.373437 -0.492761
1.694188 -4.381531 -0.464468
1.715215 -4.401592 -0.476028
1.743795 -4.383239 -0.483590
1.743358 -4.400917 -0.460950
1.764223 -4.406478 -0.496082
1.790178 -4.402732 -0.464104
1.779478 -4.380994 -0.471054
1.823583 -4.403956 -0.496692
1.837975 -4.384669 -0.500761
1.838412 -4.400244 -0.489857
1.857647 -4.381858 -0.492697
1.867143 -4.395780 -0.496876
1.878126 -4.372082 -0.494318
1.891926 -4.372664 -0.487122
1.920342 -4.399266 -0.489218
1.929595 -4.381544 -0.488199
1.944018 -4.405196 -0.467661
1.982359 -4.364876 -0.508240
1.983857 -4.391567 -0.498030
2.007703 -4.389916 -0.478395
2.025467 -4.391137 -0.496652
2.047014 -4.393030 -0.486131
2.048105 -4.382243 -0.504631
2.058252 -4.387612 -0.490202
2.083493 -4.378769 -0.485723
2.092801 -4.379505 -0.509165
2.113525 -4.386689 -0.510074
2.141520 -4.365156 -0.475337
2.143884 -4.368817 -0.498146
2.160719 -4.360350 -0.494666
2.178774 -4.354912 -0.493677
2.186523 -4.378623 -0.487709
2.219341 -4.375288 -0.506696
2.221725 -4.375975 -0.494408
2.249936 -4.361371 -0.505744
2.255393 -4.367429 -0.493888
2.282393 -4.395180 -0.519490
2.273639 -4.375348 -0.511389
2.299719 -4.367591 -0.500108
2.327385 -4.373576 -0.514891
2.337311 -4.371488 -0.513126
2.365706 -4.363225 -0.526484
2.363930 -4.356909 -0.513474
2.394376 -4.370643 -0.506074
2.398888 -4.359902 -0.515990
2.414510 -4.366431 -0.500739
2.448401 -4.364858 -0.512967
2.472190 -4.373480 -0.492052
2.477037 -4.363589 -0.532816
2.498554 -4.355759 -0.520579
2.525392 -4.374629 -0.536084
2.539075 -4.368650 -0.523653
2.531651 -4.349267 -0.521698
2.590518 -4.346420 -0.530786
2.584393 -4.366247 -0.517106
2.630181 -4.354613 -0.526710
2.617712 -4.366817 -0.515799
2.634888 -4.349010 -0.523347
2.675200 -4.352704 -0.516887
2.668932 -4.358902 -0.521542
2.677232 -4.349793 -0.511320
2.710657 -4.363926 -0.534806
2.729738 -4.353226 -0.527139
2.747492 -4.353358 -0.551788
2.770271 -4.352224 -0.535364
2.784734 -4.362751 -0.530157
2.805287 -4.337852 -0.523924
2.810170 -4.346710 -0.550052
2.830890 -4.359251 -0.534063
2.840221 -4.340513 -0.526464
2.874875 -4.340486 -0.532451
2.904478 -4.348628 -0.525629
2.922065 -4.334240 -0.530573
2.939761 -4.333920 -0.533092
2.948917 -4.324877 -0.526835
2.966416 -4.345404 -0.531356
2.991238 -4.328017 -0.521025
2.999509 -4.331207 -0.536882
3.026519 -4.321345 -0.531165
3.033307 -4.326883 -0.548535
3.069411 -4.336419 -0.566584
3.084090 -4.334924 -0.547255
3.090073 -4.327616 -0.555039
3.120686 -4.339020 -0.563136
3.131198 -4.340755 -0.563177
3.172526 -4.313094 -0.559615
3.176869 -4.318567 -0.575119
3.209152 -4.341265 -0.546580
3.218650 -4.313245 -0.544876
3.221926 -4.322903 -0.555375
3.263097 -4.316395 -0.547520
3.296477 -4.328423 -0.579182
3.301506 -4.326397 -0.554229
3.306998 -4.319276 -0.566796
3.351380 -4.317390 -0.563801
3.371014 -4.320251 -0.560903
3.392212 -4.314804 -0.560337
3.404842 -4.327008 -0.565941
3.419582 -4.303936 -0.555076
3.442866 -4.304205 -0.565574
3.474693 -4.324327 -0.580864
3.481762 -4.316391 -0.571673
3.530777 -4.300268 -0.573445
3.543977 -4.298883 -0.569387
3.548546 -4.296894 -0.574832
3.555602 -4.302658 -0.581871
3.586259 -4.307926 -0.583747
3.606440 -4.311921 -0.571110
3.638730 -4.304901 -0.585540
3.660106 -4.304235 -0.577555
3.663315 -4.294263 -0.583428
3.701639 -4.313859 -0.590364
3.726673 -4.301184 -0.589068
3.741819 -4.306522 -0.577306
3.778332 -4.306841 -0.578665
3.785004 -4.293844 -0.594509
3.811017 -4.299399 -0.590991
3.849074 -4.317399 -0.604312
3.855980 -4.295710 -0.588991
3.876283 -4.279441 -0.587433
3.921955 -4.297526 -0.602196
3.941839 -4.285665 -0.605662
3.940541 -4.282912 -0.614078
3.956251 -4.296340 -0.592700
4.003081 -4.311383 -0.594618
4.023492 -4.285343 -0.606269
4.064279 -4.294724 -0.620653
4.074594 -4.291542 -0.592492
4.105949 -4.273103 -0.605058
4.133832 -4.278334 -0.617707
4.141067 -4.283995 -0.594638
4.178724 -4.284887 -0.614386
4.195428 -4.270404 -0.619945
4.235577 -4.273696 -0.609423
4.252208 -4.270307 -0.618167
4.278863 -4.286650 -0.618432
4.300757 -4.267046 -0.622156
4.336873 -4.276190 -0.638728
4.339247 -4.276985 -0.616899
4.355749 -4.276772 -0.642902
4.403153 -4.264944 -0.622847
4.421316 -4.268491 -0.635777
4.429622 -4.275052 -0.642178
4.475675 -4.257126 -0.649817
4.490634 -4.274586 -0.646002
4.534260 -4.269570 -0.646901
4.553689 -4.267993 -0.638723
4.581833 -4.258320 -0.654391
4.589102 -4.274134 -0.627619
4.641108 -4.276969 -0.640909
4.683579 -4.255829 -0.636960
4.689321 -4.246706 -0.649052
4.723409 -4.263440 -0.640567
4.765406 -4.258462 -0.659831
4.787020 -4.260407 -0.648340
4.811672 -4.257140 -0.649451
4.839870 -4.268207 -0.657081
4.840442 -4.249562 -0.622951
4.892211 -4.237215 -0.656935
4.921629 -4.255365 -0.651553
4.942570 -4.258443 -0.662242
4.974148 -4.249989 -0.675540
5.019093 -4.243441 -0.673445
5.038073 -4.239598 -0.668374
5.067352 -4.248087 -0.669371
5.089145 -4.251927 -0.674317
5.121250 -4.248429 -0.691072
5.156826 -4.230803 -0.678297
5.186318 -4.252159 -0.685786
5.213115 -4.242404 -0.694813
5.258139 -4.230212 -0.684169
5.265042 -4.239648 -0.690759
5.312184 -4.217530 -0.696566
5.342041 -4.214142 -0.704508
5.356236 -4.223444 -0.690298
5.399749 -4.225927 -0.695269
5.421720 -4.198686 -0.691860
5.482526 -4.206714 -0.697807
5.485680 -4.198351 -0.710261
5.496317 -4.200947 -0.702294
5.536994 -4.210639 -0.721586
5.589533 -4.176832 -0.710324
5.614633 -4.205525 -0.732419
5.635326 -4.206229 -0.709150
5.664322 -4.197399 -0.731372
5.719938 -4.179391 -0.722566
5.739393 -4.158219 -0.715270
5.767428 -4.163144 -0.724841
5.813045 -4.169636 -0.726280
5.849247 -4.163714 -0.742657
5.868243 -4.175986 -0.748004
5.005183 -3.530380 -0.629537
5.000074 -3.497583 -0.608555
4.998562 -3.465740 -0.611054
4.958148 -3.434117 -0.595252
4.950527 -3.406835 -0.640833
4.941640 -3.395344 -0.605440
4.930652 -3.337965 -0.614421
4.918441 -3.300815 -0.592141
4.885624 -3.282316 -0.606544
4.896043 -3.245298 -0.619120
4.873332 -3.211676 -0.604722
4.869926 -3.184829 -0.623657
4.830485 -3.150726 -0.605021
4.839161 -3.124504 -0.597562
4.810348 -3.098266 -0.572997
4.840284 -3.055367 -0.575371
4.812511 -3.046754 -0.573305
4.812066 -3.018864 -0.590116
4.828735 -3.011578 -0.577116
4.839930 -3.010528 -0.588677
4.851278 -3.002758 -0.586534
4.870610 -2.980435 -0.588285
4.894501 -2.995170 -0.578459
4.912531 -2.970024 -0.584555
4.955304 -2.964982 -0.606638
4.962758 -2.946103 -0.578607
4.980612 -2.938391 -0.585711
4.997351 -2.921562 -0.592653
5.009043 -2.934960 -0.597959
5.040287 -2.906108 -0.600785
5.065159 -2.930862 -0.605842
5.086058 -2.906620 -0.599662
5.123354 -2.906675 -0.602567
5.121840 -2.873006 -0.602678
5.152217 -2.874639 -0.603398
5.177241 -2.862175 -0.604366
5.188506 -2.870287 -0.601737
5.210006 -2.853981 -0.613656
5.240490 -2.838342 -0.626199
5.272054 -2.835208 -0.594298
5.289425 -2.821973 -0.599902
5.295017 -2.823699 -0.621163
5.317226 -2.815255 -0.616862
5.338458 -2.782244 -0.613088
7.650962 -3.964110 -0.897051
7.676320 -3.984658 -0.883497
7.728932 -3.960449 -0.885158
7.790833 -3.972943 -0.910804
7.850649 -3.971883 -0.890754
7.881504 -3.953766 -0.901095
7.924896 -3.935677 -0.917115
7.993839 -3.932826 -0.905115
8.042129 -3.937728 -0.924066
8.085032 -3.913781 -0.927855
8.136642 -3.919871 -0.931722
8.198260 -3.879864 -0.918875
8.247931 -3.919170 -0.941920
8.289698 -3.893034 -0.939631
8.345040 -3.888185 -0.975058
8.394675 -3.888925 -0.956566
8.459290 -3.873009 -0.974947
8.511409 -3.862867 -0.948006
8.575248 -3.874506 -0.966356
8.612033 -3.866362 -0.970260
8.677940 -3.845860 -0.974202
8.728786 -3.816091 -0.975874
8.798377 -3.834158 -0.982342
8.858150 -3.839320 -1.011610
8.915516 -3.847160 -0.993283
8.985887 -3.833593 -0.997541
9.053160 -3.841212 -0.999271
9.132090 -3.810824 -1.023739
9.208749 -3.816172 -1.034807
9.278651 -3.810557 -1.017604
9.356528 -3.807207 -1.031505
9.412509 -3.793076 -1.042396
9.502036 -3.802245 -1.044305
9.498994 -3.780737 -1.038713
9.529613 -3.756637 -1.061139
9.544448 -3.715649 -1.029369
9.538388 -3.675455 -1.053457
9.560826 -3.653438 -1.043658
9.568179 -3.627692 -1.061933
9.574410 -3.606411 -1.064567
9.580525 -3.578181 -1.042281
9.596296 -3.550315 -1.059768
9.633331 -3.525617 -1.041811
9.639681 -3.476548 -1.043456
9.654974 -3.438879 -1.064987
9.665186 -3.423503 -1.040956
9.663803 -3.408689 -1.052728
9.661242 -3.359560 -1.039870
9.681222 -3.324124 -1.046283
9.689159 -3.309098 -1.060395
9.694010 -3.280598 -1.068544
9.688600 -3.269228 -1.037706
9.721469 -3.200744 -1.053833
9.751507 -3.193522 -1.058440
8.976037 -2.913050 -0.964443
9.005991 -2.882509 -0.989110
9.746569 -3.081860 -1.064867
9.771125 -3.077743 -1.035680
9.782465 -3.033436 -1.044011
9.770844 -3.031556 -1.031666
9.803761 -2.986275 -1.044317
9.808874 -2.923663 -1.035117
9.811703 -2.922531 -1.040105
9.820266 -2.888657 -1.054659
9.836908 -2.857661 -1.061975
9.843204 -2.822236 -1.071335
9.847857 -2.783991 -1.033261
9.851924 -2.786854 -1.039945
9.869612 -2.727657 -1.046059
9.903326 -2.694185 -1.042322
9.876332 -2.682538 -1.041758
9.899716 -2.632977 -1.054999
9.891793 -2.626478 -1.041953
9.910680 -2.586806 -1.063882
9.913305 -2.554313 -1.052994
9.930894 -2.525762 -1.054962
9.930757 -2.504485 -1.050942
9.929708 -2.468043 -1.064219
9.932810 -2.432408 -1.038381
9.952228 -2.403598 -1.060458
9.944377 -2.344327 -1.042243
7.437834 -1.740717 -0.795436
7.436000 -1.723910 -0.773989
9.973273 -2.271918 -1.030249
9.978575 -2.231742 -1.047523
10.004513 -2.201416 -1.048589
10.009304 -2.191386 -1.053249
10.012551 -2.147423 -1.051796
10.015451 -2.107796 -1.054888
10.021087 -2.084450 -1.061020
8.370188 -1.727931 -0.894490
8.382166 -1.682663 -0.870462
8.374096 -1.690662 -0.871249
10.048217 -1.960000 -1.048910
10.065642 -1.943931 -1.059054
9.443886 -1.782783 -0.990405
9.400261 -1.744417 -0.983264
9.410700 -1.708396 -0.983078
9.403290 -1.678237 -0.974248
9.436104 -1.683338 -0.995911
10.109017 -1.757847 -1.044835
10.089942 -1.719021 -1.049556
10.076456 -1.685512 -1.039544
10.102091 -1.667136 -1.053721
10.108886 -1.622267 -1.056775
10.114528 -1.589310 -1.032103
10.109401 -1.560956 -1.047066
10.136591 -1.528426 -1.057238
10.122284 -1.482594 -1.052526
10.131763 -1.489766 -1.064051
10.112142 -1.464353 -1.050583
10.132935 -1.399077 -1.058788
10.161836 -1.370957 -1.044645
10.148921 -1.357153 -1.056462
10.151557 -1.324745 -1.044298
10.154965 -1.260641 -1.044601
10.142304 -1.273055 -1.057700
10.164641 -1.235165 -1.059975
10.166222 -1.196213 -1.059682
10.170753 -1.159527 -1.057909
10.191844 -1.143116 -1.037820
10.196360 -1.093577 -1.047565
10.182284 -1.078912 -1.047730
10.186237 -1.035486 -1.055721
10.186394 -1.012929 -1.053970
10.186275 -0.992953 -1.059076
10.193974 -0.944471 -1.054160
10.197928 -0.906223 -1.059302
10.195031 -0.869289 -1.034420
10.192931 -0.849386 -1.049903
10.207963 -0.815924 -1.046924
10.221455 -0.776673 -1.059851
10.192644 -0.759428 -1.046384
10.226103 -0.722753 -1.045298
10.202148 -0.679387 -1.037304
10.199279 -0.656648 -1.069045
10.221344 -0.625617 -1.043093
10.217504 -0.616867 -1.037024
10.223162 -0.559951 -1.048708
10.231855 -0.521614 -1.060660
10.212787 -0.495404 -1.063010
10.232222 -0.466140 -1.080738
10.231196 -0.426363 -1.055874
10.232000 -0.415257 -1.050841
10.236566 -0.373108 -1.050884
10.244352 -0.338615 -1.048399
10.243195 -0.328284 -1.048479
10.244737 -0.278085 -1.044794
10.242390 -0.249312 -1.033139
10.234485 -0.221201 -1.043961
10.231178 -0.191368 -1.039389
10.255198 -0.154668 -1.055597
10.252536 -0.132642 -1.030837
10.232822 -0.096261 -1.059357
10.252326 -0.056539 -1.054519
10.247041 -0.029978 -1.035810
10.236339 0.018537 -1.043819
10.251161 0.037783 -1.043904
10.263895 0.070049 -1.057697
10.247091 0.094523 -1.048515
10.225626 0.128910 -1.060637
10.227851 0.161687 -1.051921
10.244463 0.192838 -1.056255
10.245502 0.216552 -1.050651
10.239304 0.242914 -1.039329
10.225576 0.278321 -1.063177
10.227203 0.331880 -1.037057
10.235521 0.337457 -1.065326
10.239863 0.363534 -1.061379
10.235012 0.400858 -1.042674
10.225639 0.444870 -1.060647
10.219711 0.451646 -1.045877
10.201069 0.499517 -1.035029
10.221348 0.544305 -1.044168
10.232837 0.559547 -1.058278
10.249043 0.596262 -1.048347
10.225186 0.637721 -1.066098
10.216425 0.648739 -1.059397
10.208370 0.685151 -1.077209
10.224952 0.716589 -1.066746
10.201308 0.755554 -1.050693
10.220100 0.801255 -1.044186
10.194173 0.816840 -1.046833
10.208019 0.854853 -1.040887
10.193655 0.875716 -1.057072
10.190442 0.904062 -1.038957
10.209075 0.944324 -1.050076
10.191548 0.972756 -1.044354
10.176896 1.008391 -1.038861
10.188027 1.047634 -1.058782
10.180342 1.050819 -1.051950
10.178926 1.096015 -1.063321
10.194303 1.118371 -1.039427
10.168980 1.160375 -1.044423
10.179684 1.178020 -1.057773
10.162527 1.225782 -1.059054
10.174655 1.245971 -1.033755
10.150206 1.279428 -1.070317
10.142695 1.338779 -1.070006
10.136045 1.358434 -1.050630
10.149089 1.385011 -1.043011
10.152173 1.405104 -1.059708
10.131443 1.456058 -1.053789
10.145194 1.464059 -1.052530
10.122721 1.513291 -1.045077
10.125993 1.530648 -1.050714
10.110034 1.563892 -1.053712
10.122363 1.593700 -1.058249
10.107659 1.621914 -1.054775
10.099229 1.653670 -1.049266
10.094736 1.689273 -1.027617
10.101978 1.737565 -1.042934
10.094092 1.766684 -1.044913
10.086827 1.784687 -1.063889
10.077147 1.812238 -1.048364
9.432571 1.732924 -0.992782
9.444111 1.778164 -0.989074
9.424067 1.787249 -0.981859
9.446986 1.815533 -0.989590
10.029834 1.963434 -1.043926
10.045422 1.998436 -1.061185
10.036757 2.041135 -1.037266
10.025357 2.063513 -1.061642
8.407869 1.767271 -0.871173
8.416761 1.785200 -0.888460
8.416363 1.814087 -0.893383
9.986528 2.171030 -1.051055
9.995150 2.218948 -1.035130
9.983491 2.265167 -1.045369
9.992162 2.277417 -1.047610
9.971120 2.301635 -1.048491
7.432867 1.740921 -0.773997
7.423954 1.773857 -0.791051
9.943629 2.398732 -1.044199
9.953366 2.428336 -1.055453
9.946735 2.454454 -1.053602
9.947376 2.500332 -1.042372
9.914118 2.518528 -1.040440
9.916224 2.547742 -1.037937
9.909562 2.569535 -1.056995
9.907920 2.604255 -1.053723
9.889459 2.637982 -1.056466
9.872076 2.683284 -1.056633
9.876597 2.706062 -1.058737
9.867423 2.722453 -1.043928
9.868185 2.769470 -1.043809
9.855060 2.798451 -1.058638
9.835716 2.818836 -1.054408
9.834819 2.835220 -1.042192
9.834113 2.887091 -1.037962
9.815026 2.922348 -1.035605
9.822127 2.950113 -1.063784
9.796337 2.985268 -1.054726
9.793225 3.009177 -1.053242
9.790167 3.027642 -1.048590
9.761512 3.079507 -1.051467
9.770284 3.088667 -1.062275
9.756044 3.109256 -1.058152
9.752993 3.157253 -1.053139
9.731140 3.180288 -1.049361
9.723893 3.210096 -1.044536
9.720984 3.253387 -1.048324
9.705185 3.249945 -1.047121
9.680644 3.293933 -1.046923
9.678558 3.341450 -1.055823
9.656304 3.360103 -1.065590
9.648601 3.382668 -1.057348
9.668192 3.418367 -1.056465
9.642280 3.454971 -1.060596
9.628092 3.483701 -1.045157
9.627027 3.515473 -1.064561
9.608660 3.551615 -1.049534
9.597424 3.573097 -1.040928
9.595221 3.608314 -1.053384
9.564928 3.641562 -1.029203
9.553352 3.667513 -1.049220
9.542443 3.676092 -1.044811
9.543539 3.717220 -1.061356
9.505128 3.763888 -1.063831
9.513587 3.784141 -1.040197
9.515474 3.808134 -1.055608
9.495376 3.839483 -1.058614
9.487679 3.863641 -1.061856
9.462409 3.894086 -1.050047
9.455736 3.908937 -1.072334
9.448362 3.937202 -1.036099
9.454408 3.968459 -1.044393
9.424163 4.017615 -1.049318
9.404122 4.050889 -1.052621
9.385365 4.065881 -1.040639
9.385821 4.083542 -1.064484
9.375689 4.126561 -1.051341
9.363878 4.146510 -1.040762
9.355194 4.188831 -1.070076
9.341562 4.216702 -1.039606
9.323453 4.255114 -1.068224
9.294333 4.280681 -1.061174
9.296474 4.308823 -1.051541
9.271467 4.328724 -1.062155
9.254629 4.338202 -1.030992
9.260310 4.392653 -1.062808
9.252848 4.408963 -1.045551
9.217476 4.447457 -1.047877
9.206877 4.468143 -1.052938
9.215892 4.470561 -1.039430
9.166909 4.533749 -1.044831
9.182029 4.546156 -1.046115
9.154092 4.570409 -1.047302
9.138625 4.601978 -1.047573
9.128663 4.636049 -1.047506
9.133845 4.661337 -1.059388
9.104348 4.691930 -1.043786
9.092835 4.720562 -1.037995
9.068181 4.753891 -1.049107
9.069381 4.759073 -1.056507
9.060696 4.816685 -1.066149
9.016503 4.824911 -1.051743
9.000036 4.870792 -1.058001
9.000206 4.871454 -1.046914
8.988769 4.919238 -1.054095
8.966072 4.934166 -1.030352
6.582105 3.666185 -0.790841
6.556156 3.670065 -0.756689
6.539258 3.685549 -0.782272
6.530095 3.697200 -0.776137
6.513463 3.726547 -0.776569
6.556687 3.780447 -0.776300
8.862476 5.125470 -1.055352
8.850837 5.160691 -1.061700
8.831607 5.188879 -1.045715
8.815896 5.208960 -1.055047
8.782682 5.240234 -1.055776
6.491196 3.898521 -0.783000
6.480067 3.920196 -0.765746
6.452196 3.927742 -0.788121
6.444348 3.949471 -0.770901
6.445615 3.994504 -0.773750
6.452807 4.004614 -0.803007
8.668854 5.428421 -1.045378
8.677512 5.439824 -1.044665
8.622428 5.448878 -1.053349
8.534829 5.476421 -1.041190
8.490230 5.471262 -1.037533
8.439752 5.463964 -1.031045
8.385701 5.441301 -1.017192
8.325217 5.440664 -1.030103
8.274263 5.457792 -1.016905
8.190032 5.449664 -1.012278
8.154323 5.440568 -1.010714
8.083282 5.457443 -0.999896
8.036217 5.464315 -1.005700
7.990204 5.452475 -1.010004
7.940148 5.442850 -0.991861
7.883358 5.481280 -0.984209
7.833973 5.466028 -0.969684
7.786952 5.453969 -0.974291
7.721053 5.448551 -0.980597
7.671342 5.440678 -0.973755
7.644430 5.450262 -0.968227
7.595470 5.437124 -0.958953
7.526379 5.458391 -0.951721
7.494064 5.460227 -0.948046
7.445082 5.456745 -0.939929
7.397403 5.451936 -0.957403
7.351495 5.455188 -0.951505
7.298518 5.431494 -0.930788
7.230851 5.443859 -0.920716
7.183064 5.462212 -0.933694
7.170278 5.451340 -0.918127
7.107066 5.459402 -0.932111
7.063695 5.441298 -0.911921
7.041692 5.457801 -0.904284
6.986214 5.452508 -0.925834
6.923706 5.446690 -0.890798
6.902026 5.455685 -0.901711
6.870411 5.450192 -0.877527
6.816406 5.443763 -0.886259
6.763151 5.483173 -0.882979
6.719956 5.461095 -0.896580
6.684538 5.458481 -0.881597
6.644544 5.469612 -0.893954
6.583930 5.475813 -0.884459
6.550230 5.460489 -0.889382
6.525043 5.461868 -0.877915
6.473336 5.459655 -0.867534
6.433775 5.457201 -0.873411
6.400023 5.460632 -0.873091
6.362003 5.451269 -0.861489
6.327598 5.430776 -0.862365
6.279401 5.454773 -0.860706
6.240386 5.456192 -0.837225
6.210886 5.460073 -0.853846
6.170743 5.462027 -0.840720
6.122687 5.471168 -0.826372
6.080983 5.454250 -0.841322
6.033772 5.445296 -0.843207
6.008623 5.453915 -0.834033
5.984182 5.442626 -0.830304
5.939625 5.438544 -0.839817
5.911772 5.452018 -0.840926
5.874961 5.461226 -0.818093
5.841324 5.459977 -0.833796
5.803292 5.447925 -0.824101
5.766860 5.441973 -0.810957
5.706064 5.458851 -0.812838
5.699289 5.449297 -0.812415
5.646055 5.458077 -0.829333
5.601011 5.451096 -0.795845
5.590427 5.459412 -0.816339
5.555261 5.463018 -0.795349
5.510238 5.461733 -0.803879
5.497359 5.480400 -0.787436
5.446326 5.455060 -0.787741
5.415903 5.457220 -0.786333
5.389289 5.451201 -0.778188
5.364009 5.458671 -0.786492
5.313601 5.462791 -0.782326
5.298345 5.436587 -0.784695
5.234652 5.458616 -0.787309
5.215853 5.452035 -0.791969
5.184417 5.451265 -0.768618
5.168466 5.471309 -0.763721
5.132939 5.462444 -0.757713
5.079299 5.446847 -0.771138
5.060673 5.461669 -0.759398
5.030838 5.448233 -0.757644
4.994634 5.474114 -0.760796
4.950665 5.457602 -0.749788
4.926800 5.448587 -0.754816
4.917601 5.445383 -0.758853
4.892114 5.468985 -0.754253
4.850202 5.438503 -0.752985
4.840139 5.461026 -0.734686
4.789089 5.442046 -0.737570
4.768499 5.463236 -0.733052
4.733634 5.453544 -0.749273
4.698328 5.460977 -0.731777
4.673732 5.449055 -0.741472
4.654561 5.472207 -0.717289
4.622218 5.462728 -0.735939
4.574296 5.457276 -0.736582
4.559315 5.456274 -0.720261
4.550787 5.462612 -0.705177
4.497944 5.482011 -0.728167
4.445698 5.449689 -0.718939
4.447238 5.455772 -0.725746
4.399418 5.454285 -0.731682
4.373692 5.458576 -0.713573
4.368968 5.453852 -0.691558
4.326911 5.456130 -0.724575
4.283238 5.440611 -0.723447
4.288246 5.451992 -0.722040
4.243272 5.451959 -0.722429
4.219296 5.448991 -0.721312
4.194833 5.466399 -0.728587
4.178170 5.466855 -0.703784
4.153993 5.481659 -0.708162
4.128068 5.450196 -0.703892
4.083204 5.465674 -0.704943
4.072428 5.456373 -0.688510
4.036408 5.475066 -0.680240
4.014576 5.453696 -0.703391
3.989644 5.453929 -0.695142
3.974302 5.462901 -0.693533
3.948191 5.460420 -0.686803
3.919333 5.466198 -0.707037
3.881180 5.450611 -0.690969
3.866441 5.447404 -0.665155
3.825261 5.472660 -0.693734
3.800798 5.454997 -0.683345
3.795469 5.446447 -0.679898
3.764402 5.468734 -0.681973
3.737149 5.484547 -0.674094
3.709557 5.459361 -0.682211
3.680596 5.446499 -0.668689
3.661093 5.465672 -0.697004
3.647111 5.454654 -0.678971
3.635374 5.468370 -0.664309
3.604156 5.471024 -0.672092
3.561342 5.462804 -0.690577
3.533604 5.461088 -0.671977
3.519656 5.477546 -0.650540
3.500111 5.455887 -0.684963
3.477343 5.472602 -0.671150
3.431757 5.497829 -0.680543
3.426030 5.468654 -0.645450
3.406983 5.469861 -0.650524
3.382082 5.460198 -0.663884
3.378178 5.462071 -0.650240
3.341351 5.453851 -0.651870
3.303317 5.464497 -0.662057
3.298657 5.452532 -0.665401
3.257836 5.464126 -0.643848
3.250304 5.454604 -0.649476
3.231904 5.481580 -0.664607
3.198875 5.466376 -0.654510
3.173811 5.451556 -0.644930
3.156677 5.474299 -0.638792
3.126779 5.467042 -0.640517
3.110728 5.465683 -0.646614
3.089382 5.463428 -0.652307
3.069231 5.465999 -0.634709
3.038043 5.436499 -0.634261
3.003203 5.470723 -0.640613
3.000773 5.484994 -0.637545
2.977934 5.476603 -0.637958
2.960856 5.460963 -0.642763
2.935506 5.461896 -0.639677
2.922231 5.463277 -0.638239
2.891487 5.466918 -0.626655
2.863848 5.462073 -0.611626
2.852724 5.457450 -0.622762
2.798122 5.474417 -0.635811
2.809651 5.481230 -0.632771
2.774002 5.453144 -0.622417
2.769821 5.470697 -0.629726
2.744552 5.468088 -0.622035
2.729011 5.463861 -0.630359
2.705858 5.470954 -0.621725
2.681770 5.477973 -0.630182
2.667137 5.443873 -0.616334
2.649450 5.475013 -0.621303
2.606738 5.466115 -0.614720
2.572408 5.476631 -0.621241
2.599604 5.462607 -0.602124
2.535293 5.453107 -0.625371
2.542146 5.468201 -0.629243
2.500994 5.465974 -0.612748
2.498892 5.474123 -0.640984
2.489084 5.461388 -0.627417
2.463836 5.460579 -0.612109
2.435471 5.465109 -0.618512
2.423524 5.456739 -0.601349
2.397550 5.454384 -0.621664
2.369561 5.469161 -0.616701
2.355794 5.480881 -0.622688
2.322509 5.464151 -0.623158
2.315551 5.463542 -0.608560
2.283683 5.477642 -0.604610
2.278370 5.473972 -0.622450
2.250221 5.468863 -0.598472
2.241017 5.462288 -0.608657
2.217928 5.475510 -0.590179
2.171233 5.465600 -0.604239
2.182232 5.463301 -0.605627
2.168499 5.458922 -0.604551
2.133122 5.460814 -0.615640
2.119262 5.464919 -0.610678
2.104527 5.478826 -0.597114
2.078773 5.470078 -0.596784
2.071263 5.447424 -0.604733
2.034058 5.475843 -0.623127
2.024471 5.452045 -0.595268
1.987226 5.463043 -0.612000
1.980595 5.466485 -0.583405
1.977469 5.456305 -0.590816
1.953489 5.467653 -0.597032
1.947490 5.461750 -0.603400
1.948048 5.462292 -0.591373
1.874870 5.469030 -0.596379
1.867137 5.463486 -0.598841
1.849867 5.465341 -0.585170
1.842700 5.456174 -0.601195
1.823468 5.453673 -0.589440
1.793946 5.461566 -0.580586
1.772636 5.469469 -0.595606
1.765933 5.460330 -0.598290
1.733842 5.465333 -0.582880
1.745358 5.464900 -0.589828
1.712045 5.479961 -0.592760
1.678511 5.480757 -0.605089
1.669434 5.478117 -0.566665
1.648546 5.471382 -0.593519
1.644713 5.477408 -0.600839
1.632707 5.465938 -0.588431
1.594836 5.461718 -0.587264
1.572337 5.467191 -0.608167
1.558966 5.472660 -0.578649
1.524286 5.471601 -0.587212
1.533169 5.469293 -0.580466
1.510630 5.448749 -0.569530
1.469264 5.478579 -0.578379
1.477809 5.458103 -0.573186
1.456052 5.474419 -0.581880
1.444955 5.473495 -0.584938
1.439273 5.468182 -0.572990
1.402985 5.467603 -0.585730
1.390138 5.477641 -0.584252
1.350653 5.455302 -0.569737
1.341368 5.467280 -0.562218
1.329186 5.468605 -0.580909
1.314558 5.467749 -0.589133
1.273034 5.481422 -0.567011
1.273994 5.457335 -0.577376
1.261903 5.480857 -0.574561
1.244091 5.468803 -0.583784
1.218801 5.474077 -0.566932
1.199167 5.458673 -0.562581
1.168159 5.472248 -0.589337
1.168776 5.471020 -0.578904
1.139965 5.468822 -0.571469
1.134280 5.464972 -0.577701
1.108453 5.450108 -0.567371
1.116151 5.479090 -0.582792
1.077008 5.467403 -0.568822
1.058158 5.458135 -0.574228
1.049255 5.463108 -0.568888
1.022437 5.468951 -0.576589
1.023926 5.458649 -0.569935
0.984977 5.461173 -0.567024
0.977902 5.470343 -0.580289
0.939809 5.461848 -0.581210
0.950520 5.455087 -0.570156
0.928539 5.462773 -0.569221
0.892089 5.463515 -0.573225
0.891411 5.468506 -0.561562
0.875754 5.493594 -0.582177
0.871510 5.473679 -0.579461
0.847417 5.488074 -0.562699
0.835007 5.481678 -0.590122
0.791698 5.472948 -0.566180
0.786813 5.458406 -0.572004
0.771850 5.467835 -0.565220
0.755803 5.474510 -0.573015
0.734034 5.473425 -0.569509
0.713766 5.473512 -0.591021
0.699461 5.471497 -0.568083
0.686520 5.453054 -0.547604
0.661193 5.466861 -0.543624
0.654095 5.465275 -0.572744
0.637430 5.468655 -0.564366
0.621725 5.472612 -0.577335
0.596272 5.471584 -0.556942
0.570210 5.484519 -0.561526
0.561407 5.464584 -0.565592
0.546388 5.481970 -0.584798
0.522582 5.468622 -0.560598
0.524262 5.465396 -0.582856
0.496015 5.481848 -0.582212
0.457498 5.474239 -0.561144
0.446007 5.463969 -0.568862
0.458699 5.463346 -0.560923
0.439619 5.460542 -0.572884
0.407858 5.469829 -0.580193
0.393618 5.469415 -0.562536
0.363915 5.479718 -0.555762
0.366104 5.466432 -0.551142
0.346685 5.473359 -0.575652
0.334095 5.466661 -0.573134
0.332425 5.475174 -0.555245
0.289379 5.473033 -0.556453
0.271338 5.487001 -0.562935
0.263753 5.466308 -0.566716
0.250883 5.472968 -0.565145
0.240433 5.483714 -0.562118
0.200542 5.473078 -0.564626
0.203979 5.470823 -0.566347
0.192582 5.492947 -0.555951
0.161074 5.488002 -0.550867
0.147814 5.466707 -0.580202
0.117772 5.473839 -0.565685
0.099531 5.469152 -0.560607
0.089881 5.466022 -0.570122
0.064831 5.461521 -0.542678
0.051211 5.471791 -0.567863
0.038095 5.476584 -0.558573
0.024004 5.472709 -0.558080
0.004440 5.470765 -0.559378
-0.006819 5.469427 -0.566089
-0.004897 -4.466838 -0.425233
0.012660 -4.479265 -0.418158
0.032743 -4.461358 -0.414568
0.036112 -4.465751 -0.418612
0.079132 -4.475994 -0.413098
0.080562 -4.466881 -0.421749
0.107264 -4.451816 -0.414072
0.089554 -4.471955 -0.408475
0.117057 -4.466638 -0.431537
0.139595 -4.473852 -0.416746
0.141365 -4.472072 -0.402666
0.146309 -4.466690 -0.411742
0.187072 -4.469699 -0.403927
0.186600 -4.462698 -0.418898
0.204983 -4.445555 -0.398955
0.209626 -4.455821 -0.424734
0.212226 -4.483263 -0.423020
0.246397 -4.458838 -0.431123
0.246487 -4.451094 -0.424430
0.279054 -4.462904 -0.418805
0.287972 -4.452509 -0.424217
0.283697 -4.447893 -0.438522
0.282522 -4.463284 -0.414856
0.335276 -4.448060 -0.421628
0.327709 -4.468341 -0.404721
0.333806 -4.459983 -0.400634
0.366376 -4.455534 -0.416237
0.361589 -4.448029 -0.422907
0.393791 -4.452861 -0.427381
0.407807 -4.445470 -0.429846
0.436284 -4.437903 -0.425039
0.431240 -4.439140 -0.416964
0.448696 -4.460238 -0.422724
0.452545 -4.428022 -0.435135
0.482738 -4.458489 -0.437752
0.483838 -4.447594 -0.422895
0.495394 -4.453136 -0.414107
0.508775 -4.439115 -0.413429
0.522959 -4.434580 -0.417479
0.548189 -4.431146 -0.416037
0.563334 -4.445590 -0.434472
0.574525 -4.452922 -0.424859
0.584283 -4.436494 -0.426308
0.586201 -4.444846 -0.418662
0.618625 -4.442596 -0.432480
0.632867 -4.436112 -0.417117
0.654538 -4.448879 -0.406584
0.652684 -4.456424 -0.426534
0.672589 -4.437295 -0.433991
0.672592 -4.440236 -0.424947
0.692736 -4.426862 -0.428918
0.719047 -4.434052 -0.416379
0.731267 -4.424448 -0.433012
0.739584 -4.426982 -0.432370
0.746596 -4.418461 -0.417220
0.766447 -4.431696 -0.419286
0.804206 -4.444192 -0.431354
0.809208 -4.442810 -0.428763
0.814242 -4.436779 -0.423633
0.806916 -4.443037 -0.415474
0.823160 -4.429588 -0.443947
0.854313 -4.428166 -0.435273
0.871316 -4.443348 -0.409047
0.862308 -4.412598 -0.422634
0.884373 -4.420740 -0.401124
0.906500 -4.424519 -0.419753
0.912847 -4.421346 -0.427703
0.947871 -4.420117 -0.416530
0.936681 -4.425678 -0.431417
0.965633 -4.422723 -0.425410
0.974013 -4.425726 -0.425406
0.982255 -4.402950 -0.419453
0.996500 -4.411013 -0.430399
1.021545 -4.419457 -0.419809
1.005421 -4.415687 -0.432967
1.047304 -4.420492 -0.411253
1.066729 -4.412087 -0.426448
1.064886 -4.413174 -0.428788
1.072811 -4.431422 -0.446952
1.099843 -4.410799 -0.416363
1.116297 -4.422740 -0.424552
1.135489 -4.416185 -0.418390
1.153921 -4.435513 -0.435705
1.153329 -4.418365 -0.426182
1.182455 -4.415871 -0.426238
1.186044 -4.423210 -0.421775
1.184506 -4.416481 -0.429961
1.197666 -4.432079 -0.420065
1.244259 -4.438336 -0.433497
1.255461 -4.409870 -0.423043
1.271693 -4.419620 -0.425713
1.279401 -4.412110 -0.445277
1.288868 -4.445362 -0.448576
1.315086 -4.405875 -0.433120
1.310242 -4.403551 -0.424370
1.356728 -4.416178 -0.438402
1.361996 -4.411714 -0.433497
1.363011 -4.429557 -0.416123
1.372804 -4.409533 -0.423445
1.398982 -4.408926 -0.427860
1.397611 -4.400023 -0.424647
1.423578 -4.398328 -0.454820
1.451406 -4.403234 -0.435282
1.449658 -4.405936 -0.418254
1.471854 -4.404670 -0.430005
1.476104 -4.394635 -0.431248
1.495629 -4.399268 -0.432387
1.516455 -4.416481 -0.403285
1.541292 -4.418003 -0.431833
1.554869 -4.395065 -0.436602
1.566831 -4.394769 -0.426478
1.554210 -4.387203 -0.444298
1.581038 -4.414957 -0.433874
1.601374 -4.408537 -0.448494
1.620957 -4.386825 -0.463631
1.643835 -4.397867 -0.445425
1.636165 -4.375595 -0.446669
1.674979 -4.396517 -0.455677
1.664398 -4.403900 -0.450936
1.694137 -4.393352 -0.451564
1.698745 -4.403562 -0.465481
1.726582 -4.401860 -0.438311
1.748705 -4.401438 -0.432088
1.748297 -4.396612 -0.449837
1.763939 -4.392159 -0.442526
1.801873 -4.399089 -0.448473
1.789450 -4.384771 -0.438271
1.804625 -4.371222 -0.441189
1.825487 -4.377653 -0.446437
1.851522 -4.390223 -0.441282
1.862413 -4.407255 -0.451222
1.874112 -4.380900 -0.435630
1.902462 -4.374659 -0.447290
1.894578 -4.380889 -0.448117
1.900646 -4.377436 -0.452691
1.947500 -4.383714 -0.439589
1.957195 -4.388503 -0.429661
1.978914 -4.392279 -0.435167
1.996801 -4.389508 -0.434184
2.003921 -4.378188 -0.455682
2.021782 -4.390337 -0.457608
2.027250 -4.382550 -0.451278
2.053328 -4.367851 -0.462792
2.062762 -4.358988 -0.474258
2.079179 -4.369147 -0.470520
2.093407 -4.362731 -0.466213
2.117381 -4.381577 -0.464808
2.130329 -4.383512 -0.440446
2.145761 -4.362735 -0.449336
2.176593 -4.383355 -0.450615
2.192627 -4.362681 -0.449953
2.194120 -4.357739 -0.447553
2.222002 -4.362667 -0.456485
2.226653 -4.358600 -0.464355
2.254462 -4.354652 -0.448675
2.272336 -4.389060 -0.482786
2.291985 -4.357053 -0.465717
2.271709 -4.357674 -0.449371
2.297092 -4.379662 -0.478005
2.329887 -4.378099 -0.456410
2.351954 -4.370897 -0.450024
2.353267 -4.380153 -0.471426
2.363410 -4.372414 -0.455823
2.399406 -4.367242 -0.470650
2.426887 -4.376519 -0.467940
2.427140 -4.379501 -0.466366
2.449054 -4.351559 -0.463380
2.486080 -4.360223 -0.478800
2.471564 -4.375924 -0.475814
2.506677 -4.361065 -0.453103
2.531718 -4.364605 -0.487280
2.524711 -4.339845 -0.491217
2.554919 -4.360590 -0.468646
2.562274 -4.394675 -0.473788
2.586624 -4.349374 -0.478775
2.602370 -4.342926 -0.457882
2.640902 -4.359986 -0.470392
2.644543 -4.361498 -0.474623
2.660655 -4.355564 -0.465964
2.683067 -4.331911 -0.471724
2.698045 -4.349243 -0.474169
2.720898 -4.356241 -0.477438
2.720588 -4.361954 -0.485853
2.749093 -4.345540 -0.487396
2.785755 -4.342731 -0.490071
2.773776 -4.347638 -0.499159
2.800874 -4.358602 -0.483631
2.822098 -4.354806 -0.482973
2.847805 -4.349930 -0.474824
2.846848 -4.332903 -0.491633
2.872012 -4.328433 -0.497060
2.889889 -4.358633 -0.478058
2.911704 -4.342376 -0.497437
2.931352 -4.344322 -0.494839
2.949188 -4.322537 -0.496440
2.954154 -4.346903 -0.495955
2.978079 -4.333362 -0.506646
3.013484 -4.321509 -0.501262
3.028366 -4.331046 -0.508395
3.024580 -4.330955 -0.489461
3.062670 -4.323830 -0.496373
3.080683 -4.339209 -0.485092
3.097383 -4.347611 -0.504475
3.124751 -4.326706 -0.476525
3.153845 -4.318792 -0.515533
3.163250 -4.330996 -0.497560
3.189788 -4.319343 -0.492107
3.216146 -4.322622 -0.499327
3.218966 -4.297388 -0.512001
3.254816 -4.315152 -0.518426
3.271848 -4.319153 -0.487746
3.281902 -4.310553 -0.511470
3.316829 -4.320996 -0.499730
3.316072 -4.331777 -0.506637
3.361384 -4.307364 -0.504917
3.379353 -4.296381 -0.500071
3.378808 -4.318922 -0.519145
3.401168 -4.318411 -0.505705
3.424158 -4.306028 -0.503997
3.444756 -4.318932 -0.525379
3.479765 -4.311177 -0.506499
3.504644 -4.314667 -0.514538
3.502719 -4.312034 -0.518273
3.541683 -4.296622 -0.517279
3.543335 -4.324092 -0.537487
3.564116 -4.328359 -0.518094
3.595810 -4.317310 -0.535640
3.606210 -4.305367 -0.519517
3.624893 -4.312320 -0.508121
3.662470 -4.293873 -0.541555
3.683221 -4.296499 -0.527993
3.702540 -4.305731 -0.525656
3.714939 -4.304168 -0.521688
3.733362 -4.311496 -0.533101
3.764086 -4.301046 -0.541528
3.777083 -4.291868 -0.523905
3.822696 -4.285678 -0.534780
3.822849 -4.270846 -0.534101
3.873196 -4.302607 -0.532532
3.882160 -4.286021 -0.533571
3.896040 -4.309941 -0.531323
3.936573 -4.290294 -0.537046
3.954724 -4.301787 -0.551512
3.999094 -4.287128 -0.547322
4.011204 -4.291110 -0.555767
4.005462 -4.285939 -0.546778
4.045633 -4.286816 -0.550349
4.053332 -4.279882 -0.557038
4.094312 -4.285925 -0.553586
4.128241 -4.279379 -0.545198
4.142823 -4.302245 -0.550577
4.172904 -4.284067 -0.557742
4.184596 -4.298927 -0.572121
4.211207 -4.253530 -0.573797
4.243802 -4.268642 -0.573060
4.267148 -4.275090 -0.553031
4.282535 -4.259781 -0.565905
4.333747 -4.272411 -0.562534
4.361733 -4.287847 -0.560367
4.384494 -4.287270 -0.578781
4.394714 -4.259032 -0.571282
4.439686 -4.269381 -0.575720
4.445599 -4.276258 -0.570256
4.486225 -4.256787 -0.580999
4.499249 -4.269000 -0.573334
4.533134 -4.264518 -0.597199
4.552495 -4.252783 -0.577572
4.579271 -4.253194 -0.604257
4.613474 -4.285143 -0.594585
4.639687 -4.249501 -0.587783
4.658885 -4.246626 -0.588400
4.694530 -4.282577 -0.598699
4.727541 -4.255557 -0.608154
4.739669 -4.274782 -0.600803
4.788703 -4.245155 -0.578395
4.796165 -4.225550 -0.599290
4.841563 -4.243942 -0.613996
4.856953 -4.261042 -0.582172
4.889788 -4.240348 -0.602993
4.900054 -4.244062 -0.615095
4.955327 -4.250782 -0.612623
4.972299 -4.250045 -0.598203
5.004782 -4.259318 -0.618757
5.053792 -4.253070 -0.609577
5.064813 -4.246299 -0.617758
5.116992 -4.259575 -0.622564
5.149663 -4.262759 -0.625314
5.169534 -4.227096 -0.622466
5.183603 -4.247439 -0.639592
5.229822 -4.243094 -0.643166
5.242722 -4.232639 -0.626923
5.300746 -4.211633 -0.653562
5.317270 -4.227480 -0.641745
5.353271 -4.227067 -0.633416
5.368030 -4.227592 -0.646245
5.412842 -4.225809 -0.648576
5.454236 -4.224343 -0.647259
5.473592 -4.214832 -0.635593
5.512550 -4.208281 -0.653558
5.535084 -4.239814 -0.655225
5.586928 -4.213964 -0.651093
5.625963 -4.227416 -0.668536
5.637830 -4.212675 -0.663263
5.681980 -4.220301 -0.650362
5.702708 -4.241695 -0.678446
5.755187 -4.208001 -0.669201
5.782873 -4.193615 -0.666844
5.826409 -4.206236 -0.670845
5.852276 -4.211568 -0.664285
5.883727 -4.187267 -0.680336
5.931386 -4.211738 -0.671549
4.991643 -3.544040 -0.567386
4.987481 -3.482532 -0.562890
4.977762 -3.471558 -0.566426
4.964349 -3.427518 -0.577012
4.963002 -3.396188 -0.548602
4.945018 -3.382449 -0.580582
4.934902 -3.350304 -0.551612
4.905865 -3.310272 -0.565695
4.905735 -3.262175 -0.552214
4.879515 -3.253072 -0.547337
4.870691 -3.204831 -0.555463
4.848659 -3.199988 -0.534984
4.869690 -3.140589 -0.541925
4.831748 -3.161057 -0.544149
4.804041 -3.109190 -0.554067
4.821584 -3.067029 -0.551099
4.820071 -3.060496 -0.534566
4.813704 -3.017200 -0.547181
4.810274 -3.003251 -0.537362
4.855580 -3.008734 -0.544881
4.862770 -3.001353 -0.533976
4.886215 -2.991333 -0.544595
4.903905 -2.993338 -0.530501
4.918846 -2.977533 -0.535506
4.944753 -2.942458 -0.546880
4.963662 -2.970633 -0.540641
4.971307 -2.965018 -0.536406
4.995003 -2.947239 -0.539414
5.014262 -2.938416 -0.545713
5.077353 -2.917964 -0.552611
5.066760 -2.905917 -0.543144
5.101796 -2.908644 -0.556001
5.091838 -2.917251 -0.554440
5.133756 -2.902494 -0.553800
5.141488 -2.881699 -0.550698
5.160939 -2.858845 -0.574134
5.215504 -2.867418 -0.564485
5.221457 -2.861966 -0.555244
5.219464 -2.859441 -0.552356
5.259336 -2.833497 -0.558677
5.289561 -2.831447 -0.573815
5.292732 -2.810366 -0.548975
5.330939 -2.812678 -0.553642
5.331502 -2.788411 -0.541750
7.740421 -4.035787 -0.812487
7.806042 -4.018362 -0.816127
7.835546 -4.005329 -0.831282
7.891590 -3.998094 -0.838728
7.947319 -4.011269 -0.829101
7.983449 -3.983907 -0.832174
8.042973 -4.002902 -0.847650
8.095788 -3.989919 -0.863630
8.152676 -3.988813 -0.851451
8.212069 -3.976498 -0.857820
8.250902 -3.977694 -0.868954
8.312220 -3.968784 -0.865703
8.336344 -3.942555 -0.865825
8.401338 -3.944211 -0.867178
8.469151 -3.947165 -0.866337
8.481235 -3.946625 -0.872428
8.568178 -3.947253 -0.870984
8.619775 -3.922396 -0.888325
8.689317 -3.925910 -0.904225
8.741841 -3.924113 -0.884219
8.796044 -3.887832 -0.894452
8.865244 -3.915830 -0.910942
8.932970 -3.902881 -0.899656
8.989708 -3.895278 -0.911352
9.034868 -3.892191 -0.933370
9.108666 -3.881402 -0.912023
9.171155 -3.875664 -0.935902
9.238275 -3.856445 -0.916200
9.299366 -3.841297 -0.929530
9.350815 -3.847648 -0.938822
9.420611 -3.835910 -0.960757
9.493160 -3.845739 -0.956767
9.550322 -3.811486 -0.962909
9.619748 -3.834610 -0.967956
9.679041 -3.798105 -0.979731
9.747865 -3.808794 -0.964032
9.823508 -3.792053 -0.981487
9.887853 -3.782263 -0.986124
9.967033 -3.783466 -0.982357
10.068693 -3.795726 -1.002685
10.161915 -3.783707 -1.001452
10.240194 -3.782932 -1.036636
10.306536 -3.779980 -1.040503
10.402824 -3.756662 -1.050545
10.495279 -3.756790 -1.050927
10.542521 -3.742146 -1.047006
10.544526 -3.712105 -1.050585
10.558086 -3.678087 -1.048354
10.569482 -3.642827 -1.048140
10.590410 -3.618113 -1.050404
10.595122 -3.579212 -1.055023
10.601725 -3.534546 -1.044527
10.612340 -3.508216 -1.042313
10.613539 -3.481182 -1.041042
8.979095 -2.897694 -0.874701
8.993862 -2.872802 -0.878350
10.669818 -3.392622 -1.065034
10.671810 -3.340755 -1.032026
10.671103 -3.322926 -1.048557
10.707719 -3.282911 -1.046947
10.695646 -3.231578 -1.046963
10.702859 -3.217351 -1.045392
10.724680 -3.190043 -1.057695
10.737187 -3.142367 -1.050839
10.757519 -3.110505 -1.045627
10.754568 -3.095445 -1.039730
10.755003 -3.062034 -1.053941
10.767612 -3.022204 -1.061707
10.779263 -2.976321 -1.049433
10.797779 -2.954741 -1.066227
10.805264 -2.926677 -1.036285
10.806947 -2.877624 -1.050608
10.830626 -2.834895 -1.040705
10.799875 -2.815803 -1.049193
10.833711 -2.792014 -1.030632
10.822233 -2.738394 -1.046115
10.850974 -2.722118 -1.037003
10.871826 -2.685241 -1.040221
10.885002 -2.655760 -1.045057
10.863751 -2.645513 -1.032580
10.871699 -2.589877 -1.037803
10.893036 -2.561379 -1.023933
10.897163 -2.508335 -1.040770
10.916417 -2.499243 -1.068079
10.911766 -2.443448 -1.047918
10.919211 -2.423177 -1.033940
10.933065 -2.377585 -1.049962
10.925998 -2.360154 -1.063084
10.929471 -2.299093 -1.054095
10.948374 -2.280594 -1.028999
8.393579 -1.724509 -0.813025
8.380816 -1.694363 -0.802677
8.407804 -1.672536 -0.802960
10.972064 -2.150136 -1.063948
10.998861 -2.123251 -1.037739
10.984203 -2.092511 -1.055678
9.423736 -1.747303 -0.890979
9.411729 -1.728451 -0.897630
9.435325 -1.689696 -0.902870
11.020464 -1.952232 -1.035133
11.008825 -1.899742 -1.039243
10.428154 -1.776666 -0.991149
10.410323 -1.754428 -0.986494
10.403173 -1.708160 -0.982108
10.420662 -1.678593 -0.999166
11.058789 -1.742508 -1.044368
11.034588 -1.722153 -1.036020
11.059431 -1.697388 -1.051701
11.076166 -1.644920 -1.034645
11.080869 -1.598339 -1.039912
11.068444 -1.568408 -1.043076
11.078624 -1.534505 -1.044141
11.100933 -1.530848 -1.031016
11.082983 -1.466489 -1.035024
11.090080 -1.441146 -1.060393
11.107763 -1.421065 -1.059973
11.105447 -1.366033 -1.042147
11.096397 -1.322957 -1.050030
11.098538 -1.292242 -1.033137
11.102270 -1.272221 -1.048699
11.118093 -1.238865 -1.039210
11.113040 -1.203531 -1.040386
11.126084 -1.166334 -1.056723
11.142420 -1.149979 -1.042659
11.129115 -1.103591 -1.050318
11.153777 -1.060637 -1.033563
11.137040 -1.038345 -1.049651
11.144005 -1.002466 -1.043975
11.132429 -0.956957 -1.057872
11.151720 -0.916366 -1.034697
11.151025 -0.897091 -1.052174
11.152078 -0.834537 -1.038042
11.166327 -0.823546 -1.053439
11.153397 -0.785481 -1.041245
11.141319 -0.738723 -1.047517
11.160245 -0.730480 -1.045074
11.165511 -0.694140 -1.043306
11.183184 -0.656619 -1.048276
11.173675 -0.623104 -1.056498
11.164943 -0.603182 -1.058897
11.167296 -0.556424 -1.063483
11.161923 -0.533298 -1.049402
11.179251 -0.479994 -1.039135
11.180545 -0.453368 -1.039963
11.160323 -0.418719 -1.048802
11.188437 -0.376738 -1.049377
11.185379 -0.329091 -1.040241
11.202418 -0.321375 -1.041211
11.192182 -0.288548 -1.036245
11.187006 -0.251608 -1.061139
11.187156 -0.197958 -1.069523
11.169128 -0.167503 -1.036346
11.178824 -0.148096 -1.055446
11.175631 -0.110119 -1.048191
11.202844 -0.065419 -1.039485
11.191474 -0.032155 -1.041801
11.190082 0.022668 -1.036581
11.195328 0.028716 -1.056203
11.186402 0.076834 -1.038175
11.179459 0.098471 -1.054035
11.178109 0.131766 -1.058524
11.175240 0.190080 -1.037014
11.181316 0.199237 -1.062828
11.167774 0.242199 -1.045277
11.180349 0.287769 -1.046137
11.179465 0.318468 -1.047323
11.168095 0.349291 -1.046347
11.168832 0.377778 -1.041753
11.196050 0.415110 -1.062058
11.181935 0.456656 -1.045109
11.161177 0.478228 -1.052579
11.174223 0.520308 -1.034408
11.174216 0.559050 -1.047579
11.170656 0.573743 -1.047621
11.175566 0.628266 -1.040605
11.147550 0.647420 -1.053549
11.161734 0.696820 -1.059000
11.156206 0.718321 -1.038266
11.139696 0.767982 -1.041419
11.164599 0.788558 -1.059864
11.157578 0.820307 -1.043380
11.161135 0.872060 -1.046521
11.142304 0.892062 -1.035001
11.164414 0.915952 -1.043880
11.129931 0.965582 -1.055071
11.149082 0.979313 -1.061667
11.120658 1.020471 -1.036367
11.134554 1.049474 -1.034303
11.117215 1.107256 -1.052661
11.108435 1.131287 -1.055211
11.137012 1.166171 -1.068435
11.116946 1.193853 -1.056236
11.105104 1.231305 -1.040649
11.118216 1.269521 -1.043540
11.108683 1.298653 -1.047182
11.106257 1.323419 -1.042933
11.098180 1.381822 -1.034648
11.111434 1.411724 -1.032260
11.106221 1.444913 -1.040845
11.064702 1.463588 -1.038931
11.076478 1.496362 -1.057832
11.067962 1.535492 -1.056308
11.081765 1.569164 -1.068244
11.065407 1.602418 -1.032762
11.071283 1.635659 -1.045004
11.064724 1.667418 -1.046323
11.046460 1.711643 -1.053853
11.045885 1.753443 -1.042117
11.051638 1.780740 -1.038291
10.428050 1.709928 -0.991875
10.414392 1.732525 -0.998198
10.382750 1.784870 -0.982210
10.407911 1.802457 -0.993535
11.013335 1.960740 -1.060457
11.002222 1.987495 -1.053466
9.511899 1.734601 -0.903294
9.462012 1.752927 -0.900432
9.442674 1.786202 -0.894683
9.460948 1.828677 -0.893712
10.981057 2.151094 -1.049578
10.973637 2.175524 -1.048649
10.977379 2.233569 -1.045824
10.953710 2.262168 -1.046300
8.445442 1.776361 -0.798492
8.443996 1.778872 -0.798359
10.933955 2.348695 -1.050497
10.916924 2.393584 -1.042797
10.913913 2.419944 -1.055565
10.901077 2.455023 -1.036441
10.897797 2.478482 -1.041142
10.897908 2.510625 -1.047867
10.886844 2.553251 -1.035588
10.871846 2.602135 -1.038015
10.869232 2.623039 -1.042700
10.860106 2.649286 -1.043703
10.864665 2.694193 -1.051193
10.863320 2.716025 -1.076508
10.821346 2.763899 -1.051178
10.807723 2.784085 -1.057450
10.810665 2.817733 -1.065670
10.801525 2.848375 -1.052304
10.804376 2.873799 -1.060622
10.781996 2.904226 -1.041261
10.797240 2.953541 -1.057258
10.783607 2.985149 -1.060140
10.778973 3.014169 -1.044542
10.756527 3.050822 -1.035937
10.734694 3.080653 -1.042632
10.745589 3.112903 -1.041449
10.705459 3.139321 -1.056183
10.714410 3.192161 -1.039094
10.722232 3.225140 -1.040473
10.702873 3.246687 -1.057935
10.679922 3.280421 -1.054880
10.664352 3.318169 -1.049166
10.680546 3.343520 -1.066000
10.666955 3.391280 -1.057035
10.652212 3.398600 -1.047469
10.632744 3.455375 -1.046782
10.613415 3.473006 -1.059848
10.614049 3.525768 -1.067816
10.609760 3.530651 -1.066361
10.627798 3.571310 -1.062986
10.584304 3.613753 -1.028821
9.816760 3.396418 -0.977059
9.780471 3.394665 -0.963652
9.768756 3.424021 -0.971376
9.737919 3.468080 -0.976460
9.729135 3.486379 -0.973458
9.731586 3.539781 -0.977508
9.776230 3.556069 -0.972940
10.488173 3.869920 -1.048148
10.484358 3.908404 -1.055575
10.473327 3.907659 -1.050240
10.451616 3.961101 -1.030235
10.457844 3.999087 -1.061520
10.428952 4.034747 -1.042311
10.422574 4.088759 -1.047668
10.401481 4.093522 -1.048585
10.393666 4.135543 -1.044143
10.364772 4.161411 -1.033707
10.351817 4.220757 -1.056486
10.373230 4.240119 -1.056229
10.348708 4.242523 -1.046711
10.343029 4.266485 -1.053242
10.314527 4.290152 -1.061520
10.307588 4.364509 -1.032999
10.307672 4.380665 -1.050775
10.267141 4.405352 -1.052635
10.247870 4.435185 -1.041335
10.252415 4.496273 -1.051234
10.223349 4.501731 -1.045633
10.216471 4.553097 -1.054543
10.211181 4.561258 -1.033012
10.196082 4.587726 -1.040895
10.183192 4.633842 -1.050251
10.169960 4.644306 -1.034207
10.141914 4.690079 -1.049891
10.127178 4.723215 -1.047251
10.121393 4.764071 -1.042159
10.107307 4.783097 -1.049685
10.089234 4.812114 -1.056605
10.078017 4.845915 -1.040672
10.056832 4.884409 -1.051480
10.057089 4.927932 -1.047595
10.022967 4.933339 -1.055339
10.022092 4.978883 -1.054769
9.991608 5.007635 -1.047374
9.990576 5.038660 -1.042897
9.977757 5.069948 -1.039953
9.960631 5.089331 -1.044768
9.944256 5.132543 -1.042113
9.939761 5.159019 -1.025422
9.923219 5.196023 -1.051379
9.904898 5.227237 -1.052727
9.876078 5.246305 -1.044618
9.846931 5.274767 -1.045084
9.838778 5.298461 -1.052841
9.830586 5.331564 -1.038787
9.797795 5.368145 -1.039464
9.789838 5.412908 -1.037071
6.587706 3.662752 -0.709190
6.562028 3.681718 -0.700796
6.531248 3.707400 -0.716068
6.537846 3.701291 -0.704949
6.524080 3.707151 -0.691570
6.550280 3.753937 -0.721110
9.408455 5.456309 -1.017999
9.347445 5.446265 -1.021563
9.249253 5.459666 -1.021350
9.211876 5.453990 -1.014537
9.133794 5.430233 -0.993600
6.504854 3.903395 -0.706711
6.464493 3.930166 -0.728375
6.440047 3.918982 -0.702116
6.430338 3.936621 -0.715152
6.439252 3.966082 -0.690609
6.437007 4.006367 -0.725635
8.712728 5.442038 -0.964011
8.644210 5.467430 -0.953088
8.576836 5.464473 -0.954859
8.536489 5.437307 -0.942232
8.465710 5.437004 -0.926354
8.413007 5.457907 -0.935214
8.370568 5.439190 -0.933632
8.316740 5.454977 -0.937662
8.278515 5.449214 -0.924732
8.198536 5.441289 -0.913534
8.146074 5.447391 -0.915853
8.096111 5.464570 -0.903827
8.060758 5.456617 -0.910672
7.993128 5.447267 -0.905215
7.929296 5.454954 -0.914112
7.892163 5.452016 -0.882295
7.831913 5.466345 -0.894840
7.788880 5.447612 -0.891907
7.730864 5.448894 -0.885383
7.681000 5.454542 -0.871749
7.648433 5.450119 -0.869904
7.594616 5.463671 -0.892717
7.540493 5.446250 -0.873598
7.490482 5.447805 -0.873673
7.447955 5.453516 -0.864252
7.406835 5.452514 -0.870016
7.349969 5.448547 -0.858273
7.289541 5.457455 -0.831817
7.250139 5.464729 -0.859390
7.221410 5.454721 -0.860569
7.157871 5.439224 -0.844992
7.114698 5.470872 -0.842653
7.077444 5.447876 -0.823021
7.022892 5.461857 -0.830819
6.980609 5.459143 -0.835532
6.934433 5.461681 -0.837922
6.883313 5.444343 -0.838156
6.847404 5.452271 -0.828081
6.817034 5.443512 -0.816424
6.772226 5.463222 -0.818426
6.701383 5.452651 -0.778810
6.692255 5.466126 -0.809208
6.647618 5.455821 -0.800154
6.611100 5.457866 -0.804589
6.560736 5.457249 -0.805539
6.516595 5.446774 -0.768599
6.480947 5.439889 -0.794600
6.440363 5.461861 -0.780213
6.394085 5.448405 -0.784952
6.370256 5.450285 -0.787213
6.316046 5.444930 -0.778495
6.278557 5.479957 -0.799681
6.238032 5.441013 -0.771584
6.198678 5.450274 -0.778750
6.163929 5.461890 -0.765695
6.137299 5.452101 -0.777666
6.085974 5.458382 -0.777762
6.045592 5.447698 -0.750546
6.004409 5.436381 -0.759742
5.983206 5.474730 -0.760469
5.926312 5.455570 -0.766652
5.879585 5.447972 -0.765413
5.861513 5.459134 -0.738528
5.844927 5.452886 -0.756671
5.792761 5.458589 -0.755059
5.738936 5.439279 -0.755984
5.719568 5.467245 -0.726937
5.691216 5.479802 -0.742441
5.641324 5.459229 -0.729635
5.628215 5.446979 -0.734915
5.574447 5.457606 -0.729224
5.560534 5.442292 -0.725752
5.510757 5.457603 -0.733763
5.486314 5.466472 -0.729499
5.436190 5.464212 -0.731431
5.405550 5.468558 -0.725562
5.383976 5.464496 -0.714701
5.351219 5.462287 -0.713546
5.333973 5.455979 -0.703293
5.277258 5.451478 -0.726889
5.238173 5.461742 -0.694540
5.219445 5.454377 -0.739680
5.197480 5.460049 -0.709412
5.151249 5.450178 -0.716687
5.139899 5.451761 -0.706983
5.091196 5.455196 -0.691176
5.060871 5.470853 -0.714363
5.047149 5.450154 -0.698055
5.014002 5.475585 -0.706240
4.961820 5.450395 -0.695058
4.939228 5.452442 -0.683993
4.905709 5.450701 -0.664687
4.871720 5.463831 -0.683071
4.857333 5.473567 -0.679829
4.823694 5.459016 -0.678483
4.794106 5.450483 -0.717675
4.761467 5.458843 -0.678298
4.736010 5.463491 -0.669876
4.686175 5.464096 -0.688374
4.671175 5.450898 -0.678698
4.637295 5.456118 -0.663861
4.610820 5.445070 -0.676004
4.585178 5.445431 -0.661619
4.564689 5.462502 -0.660237
4.521004 5.474358 -0.671968
4.500337 5.451323 -0.655983
4.486876 5.446937 -0.685058
4.435896 5.448131 -0.666829
4.420557 5.464319 -0.656020
4.381608 5.460913 -0.649518
4.363824 5.460280 -0.651159
4.334379 5.457155 -0.636765
4.290660 5.439498 -0.652597
4.280856 5.470351 -0.669928
4.257990 5.449348 -0.642736
4.236002 5.457488 -0.644517
4.197546 5.454976 -0.657234
4.177476 5.464067 -0.651293
4.140563 5.463623 -0.626012
4.116013 5.459456 -0.626609
4.095946 5.459074 -0.646485
4.075610 5.451790 -0.632021
4.036636 5.455351 -0.637994
4.023943 5.470624 -0.613603
3.968434 5.468663 -0.634208
3.966122 5.455808 -0.630409
3.941269 5.475806 -0.639356
3.916064 5.432425 -0.637908
3.886557 5.470443 -0.622728
3.864265 5.455948 -0.627436
3.837624 5.443213 -0.625055
3.804415 5.463717 -0.644275
3.770697 5.480577 -0.618744
3.764411 5.462734 -0.609537
3.723688 5.462733 -0.637503
3.701052 5.461149 -0.597786
3.681373 5.471653 -0.604368
3.662893 5.459537 -0.615797
3.640598 5.466578 -0.630949
3.606367 5.464468 -0.606801
3.577891 5.448570 -0.606045
3.563443 5.456857 -0.613433
3.557860 5.454246 -0.602684
3.512428 5.464421 -0.602371
3.505006 5.456201 -0.612407
3.473543 5.450408 -0.607726
3.457540 5.461887 -0.611335
3.412096 5.455905 -0.597027
3.405003 5.455265 -0.615716
3.395929 5.459211 -0.607373
3.367692 5.460905 -0.605962
3.351050 5.473325 -0.598630
3.316800 5.469726 -0.590097
3.276491 5.468216 -0.595131
3.265681 5.470230 -0.597136
3.235697 5.451846 -0.609674
3.213443 5.450824 -0.594770
3.220012 5.475524 -0.578698
3.190819 5.477865 -0.581863
3.150889 5.468502 -0.590800
3.136243 5.459356 -0.587872
3.094306 5.463271 -0.597958
3.097535 5.472374 -0.612664
3.063745 5.456784 -0.584923
3.058656 5.477436 -0.571859
3.033383 5.462162 -0.581662
2.979165 5.469054 -0.588033
2.979085 5.472030 -0.570391
2.959208 5.472411 -0.585012
2.943283 5.466483 -0.583211
2.914097 5.471309 -0.578283
2.870739 5.471089 -0.569733
2.896719 5.477732 -0.569381
2.846805 5.459209 -0.573333
2.816310 5.471861 -0.582366
2.807511 5.465965 -0.577582
2.783866 5.459601 -0.575563
2.770289 5.461031 -0.582215
2.744239 5.459424 -0.578964
2.716626 5.447409 -0.580434
2.703325 5.473076 -0.563837
2.676836 5.467378 -0.561517
2.659468 5.470447 -0.568230
2.642873 5.466059 -0.571208
2.615026 5.460543 -0.574723
2.593655 5.461013 -0.571250
2.566732 5.465464 -0.560959
2.576041 5.470766 -0.563524
2.538867 5.476185 -0.556939
2.512510 5.458356 -0.566531
2.497640 5.465494 -0.572281
2.482162 5.464276 -0.555954
2.455542 5.465939 -0.537596
2.445795 5.466362 -0.549259
2.397036 5.475188 -0.578351
2.393619 5.470580 -0.577688
2.377384 5.471365 -0.551368
2.353271 5.467377 -0.552517
2.326270 5.465900 -0.541563
2.335017 5.463431 -0.546135
2.290738 5.447936 -0.559552
2.277871 5.466327 -0.554530
2.255949 5.477041 -0.534348
2.232520 5.457530 -0.557336
2.224874 5.460855 -0.547010
2.193934 5.471611 -0.560057
2.185023 5.475782 -0.548139
2.161098 5.455095 -0.562804
2.143776 5.450699 -0.559562
2.128603 5.474082 -0.558167
2.097028 5.461355 -0.538438
2.088170 5.462327 -0.552645
2.057430 5.469263 -0.549877
2.053580 5.462843 -0.544214
2.019488 5.460659 -0.545200
1.992129 5.461482 -0.542178
1.983013 5.468544 -0.538235
1.986367 5.473026 -0.554975
1.953637 5.458173 -0.543485
1.912157 5.476256 -0.527877
1.928729 5.479140 -0.543860
1.898090 5.468825 -0.540154
1.870548 5.458076 -0.544384
1.853695 5.479264 -0.558202
1.839574 5.455623 -0.552385
1.804383 5.458963 -0.542929
1.790068 5.457597 -0.540432
1.779727 5.473179 -0.565617
1.775803 5.469717 -0.545687
1.745419 5.458858 -0.548122
1.727108 5.456238 -0.534978
1.712302 5.464447 -0.539258
1.695657 5.467841 -0.544127
1.673179 5.465006 -0.549449
1.659211 5.453704 -0.511979
1.628222 5.464511 -0.540999
1.614828 5.476804 -0.547617
1.594696 5.460024 -0.541078
1.592896 5.464044 -0.535112
1.557873 5.468176 -0.526136
1.538390 5.459900 -0.546871
1.526993 5.467967 -0.539736
1.506750 5.450968 -0.546275
1.473255 5.458988 -0.541672
1.455822 5.472604 -0.538215
1.439243 5.474810 -0.533060
1.445557 5.454307 -0.542913
1.420200 5.463494 -0.524325
1.392937 5.475103 -0.528631
1.385103 5.482170 -0.525050
1.378897 5.465471 -0.540088
1.346976 5.475447 -0.530097
1.337581 5.473382 -0.524033
1.309849 5.476292 -0.525624
1.283368 5.473188 -0.539584
1.278852 5.455617 -0.524314
1.258325 5.465839 -0.528041
1.223256 5.474307 -0.535567
1.219303 5.479199 -0.518728
1.182620 5.464514 -0.537639
1.178950 5.477264 -0.524680
1.163461 5.463533 -0.526386
1.159083 5.470599 -0.515474
1.141810 5.483330 -0.512780
1.128550 5.492584 -0.530722
1.102716 5.478863 -0.519185
1.079568 5.456543 -0.531395
1.063326 5.472115 -0.527381
1.057076 5.471904 -0.528565
1.024414 5.466462 -0.521001
1.009769 5.460175 -0.511466
0.983932 5.469207 -0.516001
1.003254 5.469729 -0.516820
0.954425 5.468001 -0.524348
0.966266 5.453006 -0.521537
0.923810 5.475223 -0.502193
0.885216 5.468159 -0.525036
0.902057 5.456560 -0.507650
0.873565 5.474238 -0.517874
0.855537 5.462781 -0.529692
0.851520 5.476614 -0.528111
0.831962 5.488559 -0.517820
0.799301 5.469448 -0.515504
0.775114 5.469772 -0.533471
0.778876 5.484475 -0.501818
0.762970 5.477672 -0.511868
0.730028 5.478470 -0.513341
0.715714 5.485790 -0.507190
0.683422 5.467396 -0.522242
0.701421 5.473225 -0.535694
0.651788 5.478087 -0.516866
0.637440 5.469384 -0.519751
0.633622 5.448927 -0.511319
0.632830 5.470977 -0.525597
0.581890 5.463590 -0.508709
0.583754 5.464222 -0.495974
0.577339 5.476613 -0.502452
0.541280 5.472622 -0.531480
0.516411 5.465745 -0.521644
0.531227 5.469303 -0.498243
0.497192 5.467806 -0.513429
0.470631 5.468514 -0.513667
0.461504 5.475927 -0.516999
0.434699 5.455382 -0.528583
0.439379 5.461489 -0.514537
0.419635 5.462659 -0.511819
0.385508 5.481550 -0.509549
0.380690 5.468796 -0.520556
0.351499 5.467382 -0.507279
0.357539 5.473161 -0.511618
0.332305 5.470918 -0.509281
0.315669 5.475863 -0.507990
0.304884 5.473909 -0.513754
0.268638 5.466986 -0.515592
0.260025 5.461678 -0.529145
0.238149 5.452221 -0.522499
0.214869 5.469765 -0.518936
0.212170 5.469157 -0.513704
0.182301 5.469416 -0.524725
0.183487 5.483129 -0.520143
0.159684 5.465497 -0.513385
0.140320 5.456022 -0.541197
0.122352 5.476345 -0.492906
0.094063 5.470065 -0.513018
0.081094 5.478204 -0.516412
0.054573 5.480374 -0.523116
0.064497 5.462593 -0.514775
0.045427 5.470333 -0.515877
0.009126 5.486377 -0.514427
0.024196 5.455039 -0.516356
0.001270 5.461785 -0.514539
0.006444 -4.460293 -0.389922
0.004254 -4.462242 -0.395764
0.028026 -4.459332 -0.406964
0.045146 -4.467333 -0.378806
0.045252 -4.468187 -0.377166
0.085259 -4.465560 -0.383755
0.116181 -4.455085 -0.388211
0.098707 -4.457368 -0.380961
0.092495 -4.444785 -0.370508
0.129410 -4.459065 -0.365334
0.140202 -4.465332 -0.361009
0.155261 -4.468054 -0.376197
0.162509 -4.436752 -0.386576
0.203031 -4.476728 -0.374401
0.194131 -4.432301 -0.392459
0.214122 -4.459408 -0.387513
0.228738 -4.446343 -0.397989
0.246575 -4.455157 -0.391357
0.256942 -4.462844 -0.375083
0.263943 -4.457157 -0.378761
0.272306 -4.463699 -0.375125
0.280174 -4.463155 -0.393926
0.309866 -4.446865 -0.380290
0.327951 -4.457389 -0.374250
0.348313 -4.433034 -0.357922
0.353326 -4.452925 -0.383730
0.375340 -4.464751 -0.389805
0.376044 -4.457101 -0.386301
0.391775 -4.451821 -0.381784
0.395598 -4.452878 -0.385219
0.417738 -4.440094 -0.373913
0.434909 -4.457883 -0.391718
0.440473 -4.445883 -0.388463
0.445994 -4.470437 -0.376347
0.474744 -4.434538 -0.380043
0.493661 -4.460235 -0.391788
0.501997 -4.464239 -0.367978
0.514703 -4.454443 -0.392211
0.539395 -4.453869 -0.378862
0.521274 -4.444370 -0.356588
0.558489 -4.432587 -0.380915
0.571216 -4.428307 -0.380837
0.572505 -4.443535 -0.383661
0.596959 -4.441474 -0.396616
0.617140 -4.442055 -0.383693
0.622778 -4.435086 -0.371151
0.650344 -4.432992 -0.366684
0.651992 -4.442762 -0.394847
0.668353 -4.466157 -0.374225
0.687680 -4.434911 -0.364442
0.682256 -4.440176 -0.387094
0.711019 -4.436824 -0.372954
0.703357 -4.407084 -0.389071
0.724260 -4.430872 -0.373427
0.736943 -4.437423 -0.380992
0.769812 -4.430111 -0.378953
0.768527 -4.439985 -0.390501
0.795278 -4.439704 -0.380844
0.802026 -4.450185 -0.381308
0.796030 -4.425075 -0.383187
0.836057 -4.417681 -0.384701
0.854384 -4.444161 -0.379400
0.863348 -4.427241 -0.368930
0.883339 -4.419914 -0.380285
0.896069 -4.440574 -0.393804
0.894392 -4.428095 -0.383483
0.914445 -4.431811 -0.377323
0.937189 -4.423354 -0.385075
0.966887 -4.432305 -0.373952
0.952459 -4.445764 -0.397983
0.974408 -4.433224 -0.377823
1.003143 -4.438686 -0.372862
1.019064 -4.458694 -0.384452
0.996993 -4.430538 -0.402636
1.030794 -4.410746 -0.385926
1.036752 -4.416510 -0.378051
1.051205 -4.421558 -0.394517
1.077907 -4.426467 -0.372097
1.092125 -4.422452 -0.376323
1.095994 -4.416321 -0.376690
1.124135 -4.440616 -0.392207
1.118088 -4.422064 -0.383566
1.147867 -4.426017 -0.371747
1.163570 -4.418216 -0.366620
1.161256 -4.416380 -0.372689
1.191331 -4.409482 -0.387301
1.203536 -4.401005 -0.388846
1.221760 -4.414278 -0.392684
1.228903 -4.422778 -0.404881
1.238255 -4.414103 -0.406850
1.245257 -4.417284 -0.388237
1.290923 -4.407672 -0.381731
1.281280 -4.425704 -0.405051
1.306696 -4.404582 -0.386975
1.308716 -4.403459 -0.389786
1.323816 -4.410482 -0.385418
1.355521 -4.408255 -0.376390
1.342800 -4.404808 -0.397447
1.380759 -4.423995 -0.377098
1.383896 -4.423705 -0.384053
1.397433 -4.398851 -0.401120
1.417245 -4.409232 -0.393395
1.424371 -4.413010 -0.385670
1.434365 -4.413001 -0.409269
1.491411 -4.424046 -0.400586
1.482151 -4.395531 -0.393723
1.503474 -4.387449 -0.397758
1.515475 -4.394238 -0.382605
1.541352 -4.423500 -0.405953
1.554244 -4.419897 -0.390777
1.556749 -4.402421 -0.394316
1.554891 -4.402923 -0.407798
1.577827 -4.398076 -0.390749
1.594155 -4.393818 -0.411567
1.622406 -4.396101 -0.412652
1.632483 -4.407850 -0.411200
1.646862 -4.400019 -0.401017
1.662346 -4.392940 -0.392082
1.678451 -4.391648 -0.388033
1.692428 -4.397739 -0.404903
1.708977 -4.392942 -0.410255
1.712186 -4.393559 -0.396304
1.740962 -4.402479 -0.403458
1.749153 -4.402853 -0.412100
1.761902 -4.396294 -0.380731
1.788101 -4.387858 -0.404873
1.807921 -4.405102 -0.388161
1.818323 -4.389778 -0.392620
1.826085 -4.394243 -0.402171
1.839008 -4.392209 -0.400347
1.850417 -4.390929 -0.416257
1.884116 -4.376726 -0.407209
1.893735 -4.375338 -0.419835
1.905028 -4.388397 -0.401455
1.922972 -4.378303 -0.405159
1.922663 -4.379900 -0.408893
1.938894 -4.397463 -0.409326
1.984800 -4.363313 -0.390267
1.977851 -4.371054 -0.414905
2.000932 -4.388612 -0.394862
2.025106 -4.387275 -0.395786
2.040302 -4.388533 -0.428219
2.045533 -4.382715 -0.403934
2.064952 -4.385988 -0.423078
2.078372 -4.366805 -0.418535
2.105144 -4.362277 -0.407443
2.113066 -4.372842 -0.423091
2.133671 -4.372242 -0.427785
2.140626 -4.372102 -0.427426
2.174408 -4.371889 -0.415641
2.170565 -4.364201 -0.416947
2.191188 -4.372262 -0.396370
2.204404 -4.357916 -0.413752
2.231287 -4.358542 -0.421532
2.217414 -4.354947 -0.405027
2.259614 -4.357713 -0.402978
2.277140 -4.371778 -0.410352
2.291934 -4.376667 -0.418715
2.303316 -4.369044 -0.423895
2.327713 -4.360230 -0.410573
2.350709 -4.374377 -0.421113
2.364523 -4.351801 -0.414447
2.387326 -4.382918 -0.405738
2.402762 -4.381197 -0.420008
2.420678 -4.357760 -0.420572
2.429051 -4.368040 -0.424995
2.443683 -4.347765 -0.426738
2.485717 -4.353587 -0.419060
2.472094 -4.358369 -0.443255
2.499746 -4.352966 -0.427519
2.520427 -4.378376 -0.411841
2.534918 -4.350996 -0.438936
2.557801 -4.333574 -0.414791
2.573245 -4.359630 -0.407380
2.561328 -4.360344 -0.436286
2.604254 -4.343169 -0.424235
2.627860 -4.352171 -0.433449
2.630258 -4.356848 -0.436788
2.654665 -4.349627 -0.437590
2.676790 -4.366592 -0.424078
2.692753 -4.345878 -0.418231
2.703177 -4.347647 -0.429766
2.725253 -4.342349 -0.420620
2.743293 -4.354110 -0.423094
2.758530 -4.333440 -0.430174
2.798336 -4.351699 -0.399251
2.796727 -4.335732 -0.445928
2.821892 -4.343183 -0.454925
2.842831 -4.349556 -0.447041
2.853461 -4.346157 -0.438901
2.877201 -4.337354 -0.432660
2.897862 -4.344368 -0.431719
2.904293 -4.340073 -0.455000
2.947519 -4.321888 -0.444528
2.946172 -4.317081 -0.450115
2.961529 -4.345607 -0.434720
2.994500 -4.335454 -0.463597
2.991438 -4.349141 -0.448806
3.021518 -4.347683 -0.441161
3.036470 -4.336833 -0.459226
3.059978 -4.339742 -0.466705
3.084114 -4.334962 -0.456941
3.113011 -4.340675 -0.450285
3.127323 -4.335878 -0.440693
3.135811 -4.315609 -0.468797
3.154057 -4.323691 -0.464820
3.190959 -4.331800 -0.445725
3.180400 -4.328329 -0.456638
3.228384 -4.341141 -0.463296
3.224637 -4.337179 -0.453599
3.246421 -4.335922 -0.466237
3.293056 -4.329862 -0.457242
3.309511 -4.314866 -0.471680
3.336285 -4.315232 -0.458905
3.347698 -4.333067 -0.452025
3.382882 -4.294144 -0.454598
3.386620 -4.307834 -0.462619
3.397372 -4.322896 -0.457093
3.420326 -4.317592 -0.472259
3.456556 -4.321860 -0.464186
3.461131 -4.307501 -0.467745
3.474780 -4.318542 -0.461498
3.516934 -4.305590 -0.454291
3.539553 -4.277768 -0.452115
3.538925 -4.306916 -0.475384
3.580480 -4.301507 -0.464795
3.591309 -4.296879 -0.458279
3.600713 -4.309981 -0.467045
3.627184 -4.314809 -0.463373
3.640662 -4.299095 -0.464011
3.693967 -4.306940 -0.472603
3.708919 -4.290236 -0.457799
3.734081 -4.292713 -0.482590
3.740844 -4.282835 -0.474796
3.770922 -4.289055 -0.487875
3.797418 -4.300037 -0.481942
3.803105 -4.288308 -0.490205
3.826488 -4.297682 -0.501839
3.855968 -4.296389 -0.494290
3.879107 -4.300854 -0.487845
3.905445 -4.288515 -0.506056
3.933779 -4.284213 -0.493390
3.956316 -4.278884 -0.484576
3.969960 -4.273575 -0.490050
4.007733 -4.278430 -0.484469
4.020327 -4.281663 -0.474448
4.050780 -4.285752 -0.510667
4.100186 -4.279395 -0.479593
4.100529 -4.290907 -0.482652
4.108294 -4.287908 -0.491256
4.135148 -4.293199 -0.511486
4.182113 -4.290381 -0.506322
4.209633 -4.292961 -0.507593
4.226544 -4.270321 -0.505403
4.257520 -4.269284 -0.496043
4.252908 -4.279019 -0.519423
4.297413 -4.286066 -0.523387
4.318655 -4.268097 -0.507286
4.354746 -4.282641 -0.513073
4.363843 -4.271554 -0.519057
4.405355 -4.286992 -0.501509
4.433818 -4.278792 -0.547467
4.462714 -4.262485 -0.537965
4.473717 -4.245475 -0.537691
4.496007 -4.269954 -0.518921
4.537736 -4.267545 -0.517226
4.549903 -4.264905 -0.523403
4.591841 -4.271306 -0.531973
4.610386 -4.265498 -0.540332
4.627867 -4.239232 -0.523419
4.660525 -4.252285 -0.533663
4.688029 -4.262634 -0.534940
4.729870 -4.252418 -0.537153
4.736151 -4.248609 -0.530601
4.786029 -4.262494 -0.548678
4.782069 -4.235852 -0.529266
4.835910 -4.274354 -0.550365
4.850540 -4.252563 -0.546241
4.903630 -4.240280 -0.550026
4.920349 -4.244074 -0.549865
4.956998 -4.231844 -0.552373
4.986148 -4.239341 -0.543881
4.998243 -4.240979 -0.559196
5.053380 -4.240235 -0.542905
5.085688 -4.234529 -0.555803
5.096090 -4.258948 -0.556507
5.124178 -4.241904 -0.575086
5.148932 -4.241189 -0.552676
5.194104 -4.249366 -0.572347
5.209558 -4.235867 -0.564591
5.244390 -4.228891 -0.569981
5.282623 -4.262744 -0.581604
5.298452 -4.223396 -0.577332
5.346709 -4.226808 -0.595492
5.379323 -4.230347 -0.586420
5.415706 -4.214352 -0.588084
5.444725 -4.231428 -0.605437
5.484973 -4.228612 -0.592406
5.505667 -4.233863 -0.578903
5.535572 -4.237419 -0.620593
5.583579 -4.227042 -0.576588
5.603536 -4.220755 -0.587852
5.647574 -4.214520 -0.588090
5.681343 -4.249577 -0.590383
5.714547 -4.215757 -0.601284
5.755569 -4.211910 -0.603515
5.780296 -4.209640 -0.622722
5.814369 -4.226061 -0.610692
5.862338 -4.228546 -0.590453
5.891544 -4.205420 -0.612389
5.920372 -4.225790 -0.603656
4.997240 -3.532890 -0.502605
4.989329 -3.480734 -0.520375
4.975849 -3.445645 -0.516553
4.979750 -3.451631 -0.516197
4.955019 -3.402601 -0.507993
4.938742 -3.367774 -0.508658
4.940117 -3.347050 -0.507798
4.911050 -3.315493 -0.496361
4.901712 -3.277873 -0.494338
4.875801 -3.249368 -0.509095
4.888485 -3.224193 -0.485032
4.848934 -3.181581 -0.505614
4.843106 -3.150927 -0.490101
4.847523 -3.151154 -0.494537
4.812752 -3.089335 -0.491756
4.815861 -3.082055 -0.498742
4.808188 -3.047089 -0.490105
4.805247 -3.032715 -0.464802
4.818077 -2.999137 -0.481104
4.832557 -3.013665 -0.473719
4.863262 -3.000904 -0.496254
4.880105 -2.999249 -0.483662
4.906526 -2.988692 -0.498166
4.938927 -2.982902 -0.497306
4.939734 -2.976035 -0.474262
4.957547 -2.972472 -0.492501
4.975579 -2.948545 -0.507732
5.014008 -2.940723 -0.498127
5.011395 -2.936140 -0.503513
5.062099 -2.932534 -0.505373
5.062103 -2.929360 -0.510671
5.099474 -2.896349 -0.506633
5.079941 -2.907272 -0.496138
5.129818 -2.880863 -0.498320
5.155504 -2.875760 -0.499675
5.164535 -2.875048 -0.487487
5.199302 -2.865027 -0.501681
5.219252 -2.873580 -0.498739
5.232537 -2.856264 -0.520771
5.259902 -2.817997 -0.508769
5.265574 -2.828551 -0.501613
5.293033 -2.815650 -0.517801
5.320335 -2.797783 -0.500897
5.334381 -2.789538 -0.500486
7.850370 -4.057696 -0.766173
7.891693 -4.050591 -0.766341
7.917847 -4.039392 -0.749545
8.003626 -4.050512 -0.776042
8.052277 -4.060666 -0.755093
8.084705 -4.031425 -0.770436
8.142908 -4.037425 -0.751829
8.191568 -4.017117 -0.765554
8.249972 -4.036226 -0.779168
8.319877 -4.019115 -0.796376
8.343111 -4.041482 -0.790516
8.432173 -4.012085 -0.792035
8.453026 -4.023157 -0.778500
8.511806 -3.978691 -0.799030
8.556393 -3.997787 -0.808450
8.629910 -3.993546 -0.808485
8.689073 -3.993015 -0.818314
8.744504 -3.967076 -0.807180
8.804801 -3.972481 -0.817442
8.862703 -3.969192 -0.822676
8.914570 -3.952971 -0.813244
8.987203 -3.914889 -0.833175
9.052094 -3.960028 -0.832384
9.086106 -3.929346 -0.838157
9.165173 -3.941020 -0.848783
9.218442 -3.934073 -0.848319
9.308786 -3.956698 -0.850237
9.348305 -3.917093 -0.840783
9.429224 -3.922378 -0.874935
9.504201 -3.886471 -0.853649
9.551958 -3.892259 -0.865142
9.609877 -3.890429 -0.869196
9.689622 -3.883494 -0.882236
9.770000 -3.872595 -0.894459
9.825438 -3.871830 -0.890058
9.890293 -3.847814 -0.900423
9.968971 -3.843758 -0.892426
10.041924 -3.844792 -0.926682
10.115268 -3.837572 -0.923944
10.194271 -3.804105 -0.931075
10.257767 -3.804648 -0.919534
10.339546 -3.809820 -0.941840
10.406531 -3.796471 -0.916598
10.494257 -3.809711 -0.937695
10.558090 -3.788266 -0.945646
10.645705 -3.783617 -0.960690
10.726817 -3.774810 -0.969330
10.811100 -3.744726 -0.974334
10.908958 -3.758505 -0.980256
10.974030 -3.737045 -0.980948
11.083020 -3.747046 -0.987781
11.185066 -3.736552 -1.006867
11.293578 -3.741938 -0.998326
11.385754 -3.734169 -1.021394
8.984964 -2.894609 -0.812442
8.988952 -2.891297 -0.797627
11.722413 -3.704430 -1.051381
11.721606 -3.702219 -1.040217
11.767666 -3.634123 -1.049598
11.768957 -3.609836 -1.051342
11.768136 -3.583503 -1.052752
11.785257 -3.536450 -1.039866
11.795056 -3.528289 -1.043972
11.809175 -3.468086 -1.064595
11.807090 -3.447411 -1.045474
11.828157 -3.396399 -1.052438
11.845701 -3.360054 -1.034440
11.858056 -3.319453 -1.047264
11.846894 -3.284070 -1.040295
11.883374 -3.245202 -1.045741
11.876914 -3.222672 -1.048509
11.898563 -3.187861 -1.041101
11.888021 -3.141955 -1.034100
11.901127 -3.107523 -1.040893
11.932818 -3.071438 -1.033920
11.926474 -3.033254 -1.023520
11.949230 -2.985434 -1.034610
11.957739 -2.976490 -1.034467
11.962404 -2.929021 -1.062458
11.962559 -2.866225 -1.046312
11.985709 -2.864869 -1.040082
11.987131 -2.813556 -1.049046
11.982227 -2.777284 -1.065489
12.005766 -2.739258 -1.056505
12.005514 -2.718736 -1.038765
12.012054 -2.674221 -1.043131
12.023310 -2.623524 -1.042753
12.024689 -2.594777 -1.045705
12.048293 -2.548515 -1.047531
12.063948 -2.532088 -1.055931
12.061595 -2.473072 -1.048983
12.061292 -2.437993 -1.023132
12.077229 -2.421405 -1.045969
12.077320 -2.361609 -1.047231
12.081389 -2.336372 -1.051356
12.090013 -2.314555 -1.050081
12.102400 -2.264195 -1.032001
9.415326 -1.722982 -0.822855
9.439507 -1.726710 -0.812551
12.113894 -2.138449 -1.021364
12.132650 -2.095393 -1.038743
12.142826 -2.078894 -1.033534
10.418076 -1.734292 -0.875885
10.429825 -1.715882 -0.888791
10.449175 -1.692033 -0.896165
12.151043 -1.924555 -1.055135
12.161677 -1.876898 -1.053425
11.555351 -1.747084 -0.981409
11.540076 -1.712172 -0.967105
11.537561 -1.665519 -0.996049
11.575080 -1.668625 -1.007395
12.191750 -1.688766 -1.037155
12.196733 -1.674274 -1.050067
12.174573 -1.608035 -1.039067
12.205247 -1.599696 -1.044603
12.210299 -1.548834 -1.036408
12.220716 -1.514073 -1.037987
12.224934 -1.482966 -1.045625
12.225434 -1.427571 -1.048021
12.217866 -1.386083 -1.039149
12.252689 -1.365368 -1.020011
12.245091 -1.335418 -1.048812
12.241119 -1.279844 -1.058381
12.247225 -1.251854 -1.036383
12.224773 -1.201565 -1.051364
12.265304 -1.170815 -1.038992
12.254602 -1.154819 -1.022846
12.271306 -1.103015 -1.008665
12.262712 -1.038332 -1.021131
12.275658 -1.025354 -1.018353
12.280403 -0.982516 -1.043828
12.269870 -0.955244 -1.057742
12.274515 -0.908165 -1.035595
12.275252 -0.871267 -1.037799
12.287142 -0.823622 -1.044130
12.277956 -0.770974 -1.046399
12.272992 -0.742739 -1.035690
12.291230 -0.721063 -1.030223
12.301556 -0.677600 -1.044615
12.294112 -0.675952 -1.043309
12.303225 -0.607707 -1.042941
12.294731 -0.573672 -1.049541
12.301978 -0.522110 -1.031478
12.299978 -0.482832 -1.011010
12.302025 -0.449534 -1.048518
12.313747 -0.407958 -1.055030
12.304978 -0.370408 -1.054592
12.307755 -0.337844 -1.040535
12.316416 -0.295926 -1.050922
12.307255 -0.257641 -1.035877
12.296251 -0.236134 -1.023158
12.307457 -0.193099 -1.022565
12.309569 -0.153662 -1.047252
12.307893 -0.117606 -1.041788
12.291865 -0.071053 -1.035283
12.329752 -0.036475 -1.040040
12.310941 0.010291 -1.047057
12.314386 0.042476 -1.036798
12.300123 0.071823 -1.024562
12.308058 0.119829 -1.054916
12.300728 0.148671 -1.038405
12.318892 0.197929 -1.042200
12.306272 0.228216 -1.049361
12.300863 0.268929 -1.042548
12.311786 0.305771 -1.049917
12.308081 0.326639 -1.040841
12.302211 0.374754 -1.037213
12.308792 0.407561 -1.051870
12.290474 0.456000 -1.054245
12.302585 0.484418 -1.036436
12.310139 0.537014 -1.017214
12.302653 0.584028 -1.035913
12.284640 0.592265 -1.024156
12.287061 0.643669 -1.058625
12.284552 0.682513 -1.050077
12.283372 0.696811 -1.050979
12.285418 0.767389 -1.061789
12.282781 0.802469 -1.046546
12.277735 0.834417 -1.047924
12.257609 0.859342 -1.052410
12.267561 0.906948 -1.046867
12.273187 0.939505 -1.039653
12.267097 0.988153 -1.030860
12.265190 1.022347 -1.017849
12.252276 1.050371 -1.037794
12.274810 1.110924 -1.063634
12.275944 1.109808 -1.040024
12.253597 1.179488 -1.044384
12.269423 1.219249 -1.063959
12.256122 1.233156 -1.048060
12.237574 1.285873 -1.039700
12.230281 1.319352 -1.056937
12.246645 1.344561 -1.031007
12.235263 1.395132 -1.038709
12.224440 1.424027 -1.040448
12.228127 1.469365 -1.038900
12.212314 1.511392 -1.031487
12.221701 1.555695 -1.042775
12.209869 1.569530 -1.039353
12.207026 1.609395 -1.049529
12.194383 1.662539 -1.036095
12.198498 1.695983 -1.043391
12.204277 1.735039 -1.040541
12.169798 1.797608 -1.046362
11.675624 1.733119 -0.992964
11.610697 1.763754 -0.993400
11.646015 1.800502 -0.979676
11.628528 1.835933 -0.995617
12.153026 1.965875 -1.042126
12.143414 1.980022 -1.047401
10.417362 1.743720 -0.887503
10.404460 1.783868 -0.905742
10.418264 1.827737 -0.902419
12.121804 2.144901 -1.048084
12.097870 2.193293 -1.043501
12.099598 2.241821 -1.038024
9.464785 1.771074 -0.811488
9.461364 1.805048 -0.819782
12.081283 2.332117 -1.040466
12.094348 2.375003 -1.045442
12.075683 2.400108 -1.049189
12.070791 2.438348 -1.051770
12.056715 2.484837 -1.058474
12.053386 2.505728 -1.052933
12.050708 2.550936 -1.055588
12.035188 2.593369 -1.051917
12.019931 2.636890 -1.042183
12.028299 2.668645 -1.051437
12.020524 2.697091 -1.039443
12.018676 2.723017 -1.033838
11.985829 2.771222 -1.047755
11.972159 2.812575 -1.035975
11.956224 2.844943 -1.040573
11.975100 2.887215 -1.029679
11.965117 2.933344 -1.047561
11.969584 2.967587 -1.043235
11.939719 3.001797 -1.053969
11.937512 3.008741 -1.030206
11.933838 3.059428 -1.046859
11.918981 3.104763 -1.040860
11.912710 3.161989 -1.047763
11.890858 3.180840 -1.056161
11.886683 3.206794 -1.051410
11.868529 3.254612 -1.052976
11.847450 3.284996 -1.038203
11.871891 3.297242 -1.033401
11.833269 3.356918 -1.057175
11.828605 3.409332 -1.068507
11.824149 3.432429 -1.058123
11.817734 3.466428 -1.058599
11.785069 3.499292 -1.045830
11.809574 3.549490 -1.038021
11.773192 3.563768 -1.046182
11.758453 3.610556 -1.065727
11.755856 3.650687 -1.059424
11.744698 3.701553 -1.055627
11.738385 3.722271 -1.033794
11.719481 3.753001 -1.043561
11.723156 3.785078 -1.048275
11.698877 3.847297 -1.032432
11.687390 3.859922 -1.040250
11.673382 3.896585 -1.048056
11.666699 3.943581 -1.028156
11.658331 3.978184 -1.044695
9.872014 3.406966 -0.900106
9.790702 3.401119 -0.869754
9.765061 3.435194 -0.884988
9.754515 3.452348 -0.872374
9.757335 3.497524 -0.875340
9.777864 3.525270 -0.899762
11.567382 4.222803 -1.042039
11.560712 4.242991 -1.028723
11.566634 4.286294 -1.041372
11.526666 4.320307 -1.034642
11.516201 4.371695 -1.051301
11.501437 4.400816 -1.051022
11.471046 4.430454 -1.046089
11.462506 4.470031 -1.046550
11.459774 4.538409 -1.052254
11.444329 4.542001 -1.049272
11.442913 4.582059 -1.052148
11.424870 4.627375 -1.051816
11.414336 4.637230 -1.054348
11.379260 4.661967 -1.025856
11.385788 4.698865 -1.043048
11.352823 4.748279 -1.029260
11.338158 4.784887 -1.060325
11.315593 4.807966 -1.028640
11.332866 4.863557 -1.056662
11.298508 4.882136 -1.044192
11.270637 4.915837 -1.041338
11.281164 4.946240 -1.042312
11.266051 4.986538 -1.049935
11.222045 5.040392 -1.024017
11.232125 5.051660 -1.043344
11.213004 5.082839 -1.060122
11.190573 5.131899 -1.048911
11.172069 5.175114 -1.051613
11.169581 5.206731 -1.037099
11.134220 5.239545 -1.042849
11.135506 5.264998 -1.035723
11.100170 5.303939 -1.064142
11.088765 5.341203 -1.045648
11.074262 5.384677 -1.052151
11.066477 5.399662 -1.042578
11.035604 5.429488 -1.024372
10.961740 5.442300 -1.037549
10.892840 5.453344 -1.019003
10.792005 5.453473 -1.038357
10.710512 5.444414 -1.005624
10.632865 5.456462 -1.010048
10.567138 5.445897 -1.008719
10.484565 5.458823 -0.996273
10.400123 5.434866 -0.998912
10.323538 5.450441 -0.975962
10.250116 5.456798 -0.980070
10.178566 5.446755 -0.978046
10.090627 5.444500 -0.968962
10.040328 5.451982 -0.955965
9.946249 5.446651 -0.945219
6.633872 3.662636 -0.652294
6.566381 3.664172 -0.633227
6.556039 3.670541 -0.636117
6.542397 3.673498 -0.630219
6.526960 3.704895 -0.626298
6.532320 3.730199 -0.631230
6.542169 3.756719 -0.646549
9.411872 5.472486 -0.910899
9.334845 5.436807 -0.917480
9.261961 5.444897 -0.903768
9.200721 5.450418 -0.898957
9.159284 5.442708 -0.921506
6.506970 3.912051 -0.643122
6.459445 3.902771 -0.653203
6.441885 3.906307 -0.630858
6.427036 3.955527 -0.635863
6.421935 3.960535 -0.634274
6.451306 3.991220 -0.628530
8.716340 5.454329 -0.869446
8.649538 5.432547 -0.864667
8.599535 5.443064 -0.854493
8.518862 5.439754 -0.849765
8.477625 5.452984 -0.855568
8.427423 5.439969 -0.833391
8.365586 5.434109 -0.833928
8.322586 5.473994 -0.847343
8.264533 5.450888 -0.851010
8.194453 5.444087 -0.837990
8.141004 5.452684 -0.841754
8.093733 5.460560 -0.821200
8.043077 5.467831 -0.813666
7.979974 5.462296 -0.814543
7.928140 5.459613 -0.818163
7.878984 5.440043 -0.816806
7.823182 5.442417 -0.819018
7.793683 5.454579 -0.821433
7.729767 5.455504 -0.794312
7.687539 5.455748 -0.819046
7.634249 5.450524 -0.800726
7.582187 5.448320 -0.790977
7.536627 5.444560 -0.788103
7.484499 5.444906 -0.801349
7.429832 5.447201 -0.782107
7.392525 5.448061 -0.803360
7.339290 5.485301 -0.776516
7.298926 5.458261 -0.784939
7.246896 5.470921 -0.781554
7.190554 5.446973 -0.784899
7.161277 5.450264 -0.758828
7.115781 5.450225 -0.765134
7.073403 5.463951 -0.756465
7.013407 5.448602 -0.752965
6.990066 5.437692 -0.771286
6.954782 5.442043 -0.749366
6.905557 5.456857 -0.744906
6.842845 5.444438 -0.750887
6.800269 5.445175 -0.732009
6.766171 5.453422 -0.725923
6.732918 5.464339 -0.716721
6.667546 5.475654 -0.747731
6.644517 5.450189 -0.721470
6.600830 5.464014 -0.740445
6.553784 5.444048 -0.739879
6.482320 5.468161 -0.723655
6.477285 5.441906 -0.730157
6.422943 5.446532 -0.695419
6.412433 5.440365 -0.724300
6.331918 5.466948 -0.705437
6.302784 5.450906 -0.701206
6.264701 5.452640 -0.715466
6.238005 5.472234 -0.707427
6.205804 5.463169 -0.699175
6.159769 5.459491 -0.682247
6.134099 5.460188 -0.685638
6.074177 5.472672 -0.693995
6.043350 5.455331 -0.687081
6.021374 5.443091 -0.674437
5.972203 5.431828 -0.679625
5.945680 5.441106 -0.678718
5.899869 5.462933 -0.685132
5.864774 5.444804 -0.700178
5.811748 5.459454 -0.686800
5.779233 5.457570 -0.682119
5.768170 5.462360 -0.657083
5.721884 5.453591 -0.667326
5.702238 5.454878 -0.655364
5.649143 5.474880 -0.663491
5.619123 5.466469 -0.667994
5.589458 5.443498 -0.665106
5.558001 5.458551 -0.659420
5.547040 5.465686 -0.658545
5.469133 5.450975 -0.670311
5.436213 5.437528 -0.655558
5.398928 5.458921 -0.647975
5.373246 5.474247 -0.649320
5.353849 5.471153 -0.659521
5.314384 5.465687 -0.629934
5.281545 5.462462 -0.641524
5.248055 5.456738 -0.651449
5.208986 5.469235 -0.638103
5.176570 5.453685 -0.633705
5.157710 5.467512 -0.656711
5.129779 5.453880 -0.636924
5.098197 5.450271 -0.639735
5.039714 5.455837 -0.624688
5.025322 5.468839 -0.634077
5.009702 5.463725 -0.628234
4.966201 5.462107 -0.638884
4.941494 5.454597 -0.608172
4.913856 5.468739 -0.630906
4.889040 5.471231 -0.636399
4.851309 5.445205 -0.636835
4.809001 5.472387 -0.609655
4.791778 5.461978 -0.600042
4.779670 5.451995 -0.625967
4.741056 5.431664 -0.617309
4.700953 5.458473 -0.613199
4.663792 5.441989 -0.596304
4.644790 5.454973 -0.617877
4.621497 5.450967 -0.609093
4.594085 5.452261 -0.600365
4.550183 5.468407 -0.595089
4.524496 5.461884 -0.599642
4.505089 5.454460 -0.606058
4.483734 5.467978 -0.585926
4.437579 5.450226 -0.585753
4.415747 5.446893 -0.584874
4.403687 5.465282 -0.582575
4.362224 5.461658 -0.593746
4.313173 5.439773 -0.581390
4.304977 5.451707 -0.594826
4.264772 5.458972 -0.578938
4.247758 5.459914 -0.603067
4.210690 5.458656 -0.580803
4.198683 5.456594 -0.592338
4.169633 5.451497 -0.587540
4.149713 5.469322 -0.576712
4.119346 5.471662 -0.576443
4.081551 5.470733 -0.575421
4.068929 5.448439 -0.595819
4.041478 5.459153 -0.560479
4.007431 5.449391 -0.570055
3.995015 5.440413 -0.572030
3.963998 5.477053 -0.553479
3.942693 5.451993 -0.579644
3.898312 5.463871 -0.560289
3.891243 5.468529 -0.551991
3.860203 5.471665 -0.572238
3.822036 5.465510 -0.550306
3.817873 5.482944 -0.560121
3.793698 5.455588 -0.568104
3.786174 5.464228 -0.561794
3.749992 5.446189 -0.572002
3.712791 5.466183 -0.551874
3.689024 5.442849 -0.550256
3.660758 5.462550 -0.556011
3.646432 5.464307 -0.568571
3.606912 5.470065 -0.563827
3.606253 5.456244 -0.550940
3.553609 5.457630 -0.567169
3.543399 5.461415 -0.542426
3.526930 5.455914 -0.560493
3.489933 5.445907 -0.545149
3.486605 5.461012 -0.545255
3.454267 5.465829 -0.532860
3.429557 5.455786 -0.543906
3.401403 5.473372 -0.554470
3.384721 5.479414 -0.535366
3.348584 5.459848 -0.551727
3.334314 5.456926 -0.530319
3.327440 5.452255 -0.535059
3.291002 5.453476 -0.558822
3.253860 5.473914 -0.525991
3.254234 5.441417 -0.517776
3.223686 5.465856 -0.548411
3.189628 5.463932 -0.559467
3.170450 5.462083 -0.551679
3.164340 5.460135 -0.536448
3.134477 5.484552 -0.522539
3.106116 5.458445 -0.528316
3.085076 5.448623 -0.530200
3.052107 5.465696 -0.548344
3.052523 5.462212 -0.546408
3.016061 5.457549 -0.536108
3.013025 5.457983 -0.547185
2.958682 5.458090 -0.528390
2.956875 5.467575 -0.532411
2.938928 5.469838 -0.530647
2.929199 5.451345 -0.532866
2.887267 5.467194 -0.524802
2.875915 5.468914 -0.517226
2.858885 5.468622 -0.511565
2.813943 5.447415 -0.514411
2.802199 5.454446 -0.524237
2.800066 5.448452 -0.534599
2.765029 5.471044 -0.514853
2.760612 5.465002 -0.518527
2.725574 5.473518 -0.514390
2.701094 5.466655 -0.517077
2.670271 5.470349 -0.505178
2.667747 5.474143 -0.507854
2.629562 5.465655 -0.515471
2.626814 5.467462 -0.501699
2.600861 5.473665 -0.514297
2.582370 5.461746 -0.508561
2.542245 5.452196 -0.513189
2.553264 5.459053 -0.493157
2.509587 5.460394 -0.515236
2.488189 5.452891 -0.516034
2.458683 5.475690 -0.501783
2.441871 5.451186 -0.503317
2.426699 5.461625 -0.501591
2.429818 5.464508 -0.513480
2.413491 5.463261 -0.503940
2.379683 5.475830 -0.503904
2.339825 5.452504 -0.489375
2.334328 5.462119 -0.491978
2.317146 5.459039 -0.515296
2.287169 5.455265 -0.485591
2.266736 5.467251 -0.500486
2.258246 5.457939 -0.502032
2.236568 5.482217 -0.489212
2.227262 5.463642 -0.517026
2.198547 5.465052 -0.486783
2.182355 5.464670 -0.506732
2.140592 5.456939 -0.491507
2.141106 5.462558 -0.482019
2.105666 5.471901 -0.484785
2.104568 5.450977 -0.506368
2.083859 5.449810 -0.496847
2.049356 5.456628 -0.504736
2.051421 5.458543 -0.487477
2.049635 5.451785 -0.504773
1.998165 5.464883 -0.494310
1.997946 5.466065 -0.501038
1.956450 5.479164 -0.487377
1.955141 5.466717 -0.484075
1.938378 5.460911 -0.486612
1.906007 5.476223 -0.494552
1.900971 5.475664 -0.508731
1.870115 5.450279 -0.499595
1.862101 5.457308 -0.489983
1.843884 5.461534 -0.492429
1.828659 5.461891 -0.490980
1.807731 5.477303 -0.476721
1.765781 5.450721 -0.501675
1.751255 5.454596 -0.489074
1.750229 5.475353 -0.499135
1.714412 5.471139 -0.496684
1.710381 5.452166 -0.489608
1.686360 5.475775 -0.480929
1.667263 5.462718 -0.491335
1.644166 5.464157 -0.486918
1.631762 5.455431 -0.503022
1.627571 5.463440 -0.478605
1.602575 5.464976 -0.488046
1.581805 5.464500 -0.476945
1.566203 5.479690 -0.475022
1.542416 5.476457 -0.476487
1.524322 5.481631 -0.493387
1.495540 5.466767 -0.488378
1.482613 5.471242 -0.473333
1.467377 5.459116 -0.481740
1.461649 5.485753 -0.467454
1.429503 5.478390 -0.482849
1.417743 5.475034 -0.478377
1.394550 5.467405 -0.493064
1.377068 5.472287 -0.463225
1.360721 5.469797 -0.492697
1.328277 5.467237 -0.492247
1.332415 5.472427 -0.487365
1.315054 5.476602 -0.483304
1.302373 5.466837 -0.473463
1.279641 5.473456 -0.469183
1.277601 5.454336 -0.483849
1.234741 5.463356 -0.502501
1.208463 5.477445 -0.466615
1.190978 5.473425 -0.463811
1.171585 5.469525 -0.471645
1.163444 5.461209 -0.472712
1.158755 5.461503 -0.449588
1.142754 5.482726 -0.471547
1.105412 5.451611 -0.474510
1.095634 5.473804 -0.464613
1.077754 5.476512 -0.485812
1.060124 5.476358 -0.461411
1.038726 5.477526 -0.462694
1.041331 5.474007 -0.472106
1.000170 5.466242 -0.469299
0.997707 5.483598 -0.476913
0.978863 5.453468 -0.464976
0.983123 5.483571 -0.461881
0.952945 5.479793 -0.492549
0.938347 5.478345 -0.468994
0.898188 5.450446 -0.472536
0.898163 5.478459 -0.488686
0.885116 5.459097 -0.465304
0.847355 5.472024 -0.472323
0.832925 5.462506 -0.472674
0.814130 5.459095 -0.468481
0.797338 5.468466 -0.468549
0.789579 5.467305 -0.475969
0.772044 5.475430 -0.475445
0.767960 5.462920 -0.465367
0.729755 5.473115 -0.458210
0.738958 5.466003 -0.474612
0.699507 5.487437 -0.465998
0.686447 5.479617 -0.462281
0.658820 5.466357 -0.479855
0.660382 5.479223 -0.473436
0.624158 5.465175 -0.461732
0.608838 5.475236 -0.482777
0.595098 5.488655 -0.467129
0.594870 5.473116 -0.478100
0.545612 5.481885 -0.464236
0.557725 5.479071 -0.475770
0.531459 5.462044 -0.454904
0.541077 5.462849 -0.466386
0.504361 5.477347 -0.469924
0.475203 5.470747 -0.462784
0.463004 5.454303 -0.447519
0.466828 5.472337 -0.450048
0.419286 5.476887 -0.468130
0.406627 5.470354 -0.469879
0.396747 5.489237 -0.480956
0.389930 5.473442 -0.465247
0.363454 5.489575 -0.462024
0.343578 5.463496 -0.464053
0.337861 5.466895 -0.462646
0.315796 5.468682 -0.468723
0.306980 5.466177 -0.483335
0.265368 5.463213 -0.461991
0.240746 5.471107 -0.446119
0.251957 5.482489 -0.468538
0.217955 5.460346 -0.481270
0.203968 5.492730 -0.459592
0.193261 5.466670 -0.475329
0.182948 5.465660 -0.470339
0.154391 5.481826 -0.468579
0.147119 5.479368 -0.458306
0.121575 5.448792 -0.467015
0.102161 5.477367 -0.462205
0.101489 5.476851 -0.462392
0.081040 5.459839 -0.461062
0.060322 5.467221 -0.460916
0.042960 5.478275 -0.463617
0.036655 5.466693 -0.464571
0.018354 5.468177 -0.481681
-0.006138 5.472842 -0.471768
0.007609 -4.475286 -0.343955
0.014420 -4.466244 -0.346177
0.043848 -4.470988 -0.336645
0.053862 -4.462635 -0.341910
0.062522 -4.468516 -0.341813
0.095075 -4.471776 -0.343090
0.084918 -4.465373 -0.332364
0.113998 -4.467191 -0.329912
0.103126 -4.459490 -0.318932
0.126522 -4.472878 -0.357401
0.142300 -4.441470 -0.343487
0.154575 -4.458807 -0.335896
0.166680 -4.474458 -0.327122
0.185053 -4.464355 -0.343035
0.204925 -4.455143 -0.337277
0.213231 -4.463781 -0.337647
0.228828 -4.469614 -0.332773
0.222522 -4.449171 -0.336989
0.255831 -4.472699 -0.353515
0.279753 -4.452394 -0.352513
0.297131 -4.446839 -0.337805
0.301901 -4.449955 -0.337123
0.322804 -4.454647 -0.327246
0.337345 -4.458589 -0.345070
0.342670 -4.456237 -0.341329
0.364747 -4.447922 -0.326855
0.363735 -4.460982 -0.317977
0.397427 -4.456775 -0.344615
0.386319 -4.448554 -0.340526
0.409261 -4.445987 -0.341275
0.425035 -4.436996 -0.364619
0.442723 -4.448284 -0.326136
0.432484 -4.439841 -0.346381
0.462024 -4.451991 -0.349946
0.471919 -4.467274 -0.341728
0.481904 -4.455245 -0.326650
0.504305 -4.439767 -0.342874
0.527016 -4.437926 -0.344308
0.527538 -4.451730 -0.328603
0.530604 -4.449183 -0.327464
0.559521 -4.441809 -0.334313
0.574344 -4.445752 -0.342067
0.573311 -4.433823 -0.338391
0.587180 -4.431530 -0.326118
0.621826 -4.430305 -0.321617
0.620520 -4.451180 -0.344098
0.636167 -4.451282 -0.344485
0.653454 -4.447552 -0.340649
0.661100 -4.422008 -0.355033
0.682546 -4.438055 -0.337020
0.690275 -4.436745 -0.328046
0.723463 -4.427619 -0.350493
0.724037 -4.432903 -0.337620
0.726170 -4.445136 -0.351304
0.750004 -4.436015 -0.345344
0.776683 -4.429655 -0.334294
0.776670 -4.442213 -0.336758
0.777502 -4.429738 -0.344087
0.793375 -4.442502 -0.339762
0.824237 -4.418442 -0.344329
0.846857 -4.422614 -0.339292
0.860492 -4.434359 -0.339517
0.869600 -4.438716 -0.337481
0.901127 -4.421918 -0.334015
0.861179 -4.425004 -0.327401
0.904452 -4.432862 -0.334510
0.911536 -4.430824 -0.339251
0.947702 -4.431702 -0.356961
0.948213 -4.425246 -0.321967
0.961884 -4.419650 -0.343363
0.985354 -4.429766 -0.333611
0.984246 -4.411817 -0.344296
0.995968 -4.414151 -0.333148
1.014547 -4.421807 -0.332071
1.013676 -4.436316 -0.355443
1.042845 -4.416684 -0.342629
1.061909 -4.434212 -0.353611
1.087862 -4.426995 -0.331151
1.084567 -4.415546 -0.335079
1.102036 -4.410738 -0.347719
1.119151 -4.420870 -0.335375
1.123692 -4.447587 -0.349109
1.121042 -4.419752 -0.343634
1.156555 -4.428467 -0.330669
1.152492 -4.431370 -0.342941
1.191069 -4.429938 -0.334096
1.194171 -4.410295 -0.351239
1.214583 -4.400983 -0.359334
1.229930 -4.416442 -0.340922
1.252444 -4.407804 -0.350591
1.256951 -4.414542 -0.353760
1.274673 -4.419100 -0.355444
1.289863 -4.423946 -0.344607
1.295691 -4.400464 -0.355493
1.309010 -4.409807 -0.345078
1.330435 -4.417886 -0.360097
1.346179 -4.400476 -0.355540
1.361673 -4.416254 -0.364579
1.390000 -4.417875 -0.355075
1.379425 -4.419879 -0.338339
1.391660 -4.414538 -0.347817
1.422716 -4.399726 -0.344406
1.433548 -4.415346 -0.347559
1.441662 -4.405427 -0.348572
1.473736 -4.389644 -0.362416
1.474297 -4.394001 -0.347459
1.486705 -4.405540 -0.346545
1.491929 -4.404821 -0.350650
1.534492 -4.403606 -0.341467
1.530157 -4.418199 -0.346815
1.564164 -4.388394 -0.349985
1.584347 -4.408726 -0.355924
1.564765 -4.406237 -0.362704
1.602442 -4.406524 -0.351828
1.631758 -4.391777 -0.354953
1.621400 -4.386588 -0.361510
1.644969 -4.406145 -0.371148
1.650637 -4.403566 -0.363452
1.658207 -4.382702 -0.358880
1.683312 -4.414459 -0.378739
1.701758 -4.390774 -0.354571
1.722193 -4.388380 -0.352255
1.748792 -4.402691 -0.367403
1.748326 -4.386932 -0.373817
1.758422 -4.402477 -0.366710
1.774615 -4.406186 -0.346810
1.793712 -4.399845 -0.351631
1.807689 -4.377170 -0.364571
1.824354 -4.412426 -0.357023
1.852705 -4.382095 -0.369110
1.858601 -4.398091 -0.347073
1.861167 -4.379585 -0.357610
1.894963 -4.388165 -0.353885
1.893091 -4.378075 -0.353580
1.918042 -4.379479 -0.364025
1.944460 -4.379200 -0.343869
1.952862 -4.391356 -0.369685
1.974631 -4.384904 -0.357866
1.978256 -4.381073 -0.376995
1.995541 -4.370818 -0.375754
2.017751 -4.376206 -0.371780
2.038968 -4.378260 -0.367708
2.028811 -4.372724 -0.350931
2.076931 -4.358428 -0.377006
2.081550 -4.386634 -0.363487
2.095516 -4.373339 -0.364541
2.126598 -4.385893 -0.366165
2.133090 -4.384084 -0.361617
2.166929 -4.364958 -0.367364
2.153476 -4.371008 -0.357823
2.155972 -4.360200 -0.354984
2.195920 -4.376650 -0.363121
2.229454 -4.366982 -0.380941
2.233174 -4.366430 -0.362695
2.257767 -4.405964 -0.380818
2.281969 -4.376223 -0.362856
2.282935 -4.359966 -0.385871
2.287229 -4.383594 -0.366684
2.296523 -4.384736 -0.372005
2.331075 -4.359595 -0.366197
2.366419 -4.375657 -0.385286
2.379390 -4.372315 -0.357490
2.369740 -4.370261 -0.385762
2.413786 -4.355130 -0.369983
2.419962 -4.362342 -0.377326
2.420146 -4.372796 -0.369082
2.448788 -4.353507 -0.358837
2.446722 -4.349055 -0.387522
2.485925 -4.374939 -0.402295
2.518047 -4.357315 -0.382339
2.508132 -4.371851 -0.384533
2.547841 -4.360126 -0.374688
2.552883 -4.354778 -0.385661
2.583889 -4.358678 -0.380840
2.588599 -4.348798 -0.387437
2.596354 -4.357967 -0.379984
2.628600 -4.349876 -0.383060
2.634821 -4.362860 -0.399876
2.653660 -4.357331 -0.389830
2.686618 -4.351496 -0.385875
2.698084 -4.357584 -0.392931
2.713360 -4.351766 -0.401447
2.733119 -4.344750 -0.400480
2.742649 -4.338521 -0.377110
2.764862 -4.347229 -0.398814
2.768472 -4.355345 -0.382521
2.810973 -4.347792 -0.399457
2.813272 -4.346132 -0.402893
2.840210 -4.363289 -0.382543
2.858990 -4.343090 -0.392763
2.863951 -4.331877 -0.415090
2.873360 -4.346047 -0.380113
2.903079 -4.331636 -0.398358
2.939545 -4.327800 -0.384649
2.950226 -4.326097 -0.390190
2.975579 -4.321662 -0.398880
2.979453 -4.329100 -0.410685
3.013508 -4.331695 -0.410194
3.017790 -4.334323 -0.408642
3.043839 -4.346038 -0.391580
3.056463 -4.325184 -0.401274
3.083993 -4.343177 -0.407849
3.079826 -4.334720 -0.402844
3.132015 -4.317248 -0.412038
3.133539 -4.308170 -0.405289
3.169573 -4.332366 -0.393855
3.173861 -4.317695 -0.384712
3.210592 -4.316814 -0.410067
3.222291 -4.306749 -0.412890
3.236624 -4.305010 -0.416110
3.252188 -4.321537 -0.411560
3.290124 -4.321693 -0.395970
3.287310 -4.346162 -0.388186
3.326830 -4.326918 -0.395208
3.345466 -4.322430 -0.408327
3.366804 -4.311313 -0.411397
3.385311 -4.325012 -0.407687
3.406891 -4.302570 -0.419922
3.431180 -4.315907 -0.414272
3.450447 -4.321283 -0.431161
3.484564 -4.297785 -0.422217
3.477144 -4.309439 -0.423769
3.512512 -4.317846 -0.422092
3.527864 -4.309756 -0.435111
3.543150 -4.327531 -0.399297
3.586760 -4.306239 -0.437320
3.601547 -4.293410 -0.428774
3.622437 -4.316749 -0.432664
3.634251 -4.308313 -0.419674
3.658693 -4.307156 -0.425351
3.680547 -4.284847 -0.433908
3.700018 -4.297767 -0.443633
3.720035 -4.296671 -0.437717
3.745085 -4.302440 -0.415128
3.769745 -4.274644 -0.445966
3.774744 -4.300427 -0.408150
3.823280 -4.303039 -0.440456
3.835757 -4.280269 -0.428779
3.865127 -4.284755 -0.428896
3.897744 -4.307246 -0.463985
3.917952 -4.298831 -0.427955
3.933037 -4.302232 -0.440233
3.958340 -4.289737 -0.424588
3.974648 -4.272477 -0.441052
4.007277 -4.288516 -0.449041
4.018874 -4.280904 -0.451387
4.053414 -4.271280 -0.445871
4.062686 -4.286766 -0.434194
4.097511 -4.276363 -0.444620
4.129951 -4.278961 -0.457771
4.139478 -4.281388 -0.446902
4.162130 -4.271897 -0.453482
4.189218 -4.288882 -0.461129
4.214180 -4.298827 -0.480487
4.229312 -4.269070 -0.450552
4.282568 -4.279469 -0.468655
4.271154 -4.290265 -0.453686
4.317512 -4.268616 -0.478889
4.350283 -4.276688 -0.453460
4.389705 -4.280370 -0.459356
4.382114 -4.286642 -0.466987
4.422177 -4.284247 -0.482308
4.439501 -4.246220 -0.451473
4.455703 -4.273274 -0.452682
4.494987 -4.267256 -0.470810
4.530356 -4.265614 -0.463985
4.543926 -4.268726 -0.472189
4.568965 -4.277812 -0.483334
4.613456 -4.248972 -0.469792
4.623913 -4.249856 -0.464012
4.670123 -4.265893 -0.468925
4.685549 -4.256987 -0.483578
4.721631 -4.256181 -0.482726
4.741596 -4.241430 -0.480906
4.783486 -4.258506 -0.486803
4.825680 -4.245341 -0.472989
4.832710 -4.251502 -0.482981
4.855521 -4.246918 -0.500401
4.900970 -4.241824 -0.487226
4.917776 -4.246750 -0.493042
4.949419 -4.251843 -0.483181
4.978477 -4.246222 -0.502368
5.005318 -4.256834 -0.490645
5.051987 -4.255571 -0.503881
5.052604 -4.239790 -0.503345
5.101327 -4.244543 -0.486395
5.123297 -4.250032 -0.514079
5.162666 -4.255202 -0.507532
5.179620 -4.237889 -0.506331
5.225358 -4.231874 -0.500071
5.254467 -4.240946 -0.494265
5.299946 -4.215863 -0.507106
5.325034 -4.240042 -0.516007
5.345422 -4.239359 -0.511970
5.384781 -4.203407 -0.515131
5.436167 -4.219393 -0.516448
5.426158 -4.223230 -0.517636
5.477870 -4.228117 -0.529938
5.507995 -4.233998 -0.541358
5.539028 -4.229110 -0.522289
5.570330 -4.222837 -0.539399
5.598088 -4.212486 -0.514848
5.654562 -4.233738 -0.524019
5.686075 -4.232305 -0.529711
5.705756 -4.216006 -0.541325
5.748311 -4.207691 -0.557206
5.779106 -4.212466 -0.537060
5.810129 -4.224786 -0.539671
5.837265 -4.198874 -0.541281
5.903463 -4.226347 -0.540806
5.936062 -4.210728 -0.548037
5.021001 -3.527122 -0.463732
4.982370 -3.487410 -0.458629
4.990656 -3.448460 -0.444847
4.967428 -3.442380 -0.449133
4.957791 -3.405274 -0.447051
4.941625 -3.366777 -0.452378
4.930683 -3.356604 -0.466170
4.900342 -3.306100 -0.435805
4.903083 -3.281080 -0.450626
4.892533 -3.258166 -0.445901
4.883303 -3.215125 -0.430625
4.860130 -3.184505 -0.437038
4.854928 -3.164267 -0.443672
4.836443 -3.131236 -0.441169
4.817198 -3.099715 -0.428388
4.804739 -3.073910 -0.421770
4.811427 -3.042797 -0.416573
4.798928 -3.015919 -0.433010
4.802709 -3.004830 -0.437660
4.868933 -3.008911 -0.410004
4.857304 -2.991717 -0.425802
4.874152 -2.983772 -0.441761
4.904467 -2.985658 -0.444797
4.932855 -2.978843 -0.431233
4.939763 -2.965718 -0.440461
4.971438 -2.970237 -0.451210
4.979010 -2.929566 -0.434569
5.003892 -2.926648 -0.431985
5.022667 -2.933086 -0.435560
5.041051 -2.923407 -0.443682
5.064414 -2.902221 -0.441386
5.066566 -2.915275 -0.439793
5.107838 -2.895757 -0.446547
5.122341 -2.896273 -0.450800
5.148038 -2.872103 -0.470761
5.187261 -2.878095 -0.446213
5.186096 -2.845140 -0.446356
5.220711 -2.856008 -0.441050
5.256288 -2.841362 -0.442334
5.279609 -2.852637 -0.456326
5.273132 -2.834578 -0.444393
5.284145 -2.833858 -0.445205
5.308744 -2.810063 -0.456852
5.317815 -2.786259 -0.452932
7.927836 -4.117768 -0.692817
7.982728 -4.122455 -0.675222
8.046863 -4.120682 -0.678589
8.101019 -4.096851 -0.700326
8.149323 -4.112017 -0.681798
8.188226 -4.111605 -0.703594
8.253905 -4.086560 -0.701856
8.294566 -4.100362 -0.703044
8.347494 -4.090053 -0.703483
8.403796 -4.079031 -0.731465
8.454637 -4.074123 -0.712901
8.503996 -4.057934 -0.718483
8.565100 -4.045290 -0.721158
8.633766 -4.050234 -0.719379
8.683445 -4.044859 -0.712346
8.753342 -4.034388 -0.740464
8.826290 -4.031956 -0.720859
8.859695 -4.025522 -0.740885
8.924375 -4.018452 -0.745766
8.990084 -4.009017 -0.733273
9.052307 -4.018465 -0.744951
9.116435 -4.024963 -0.763063
9.164579 -3.992841 -0.747526
9.236137 -3.993124 -0.757987
9.296224 -4.004411 -0.774556
9.372094 -3.980782 -0.764809
9.427526 -3.975495 -0.772970
9.503525 -3.986001 -0.781033
9.549550 -3.950860 -0.766728
9.607615 -3.964686 -0.780204
9.690004 -3.958308 -0.784611
9.768944 -3.935766 -0.802447
9.835478 -3.950891 -0.803563
9.918568 -3.925650 -0.809672
9.977513 -3.917782 -0.807635
10.049637 -3.908277 -0.812878
10.122300 -3.911309 -0.823559
10.198676 -3.904833 -0.826971
10.257547 -3.892632 -0.823757
10.328464 -3.877460 -0.841674
10.422379 -3.870270 -0.831412
10.514857 -3.862954 -0.837577
10.566360 -3.854483 -0.862372
10.640540 -3.850051 -0.845057
10.730908 -3.842860 -0.856101
10.813220 -3.830333 -0.856912
10.922823 -3.829310 -0.876100
10.983959 -3.835695 -0.867938
11.071195 -3.815407 -0.874500
11.178028 -3.807462 -0.899556
11.242833 -3.797609 -0.912856
11.345613 -3.794995 -0.903979
11.436640 -3.785336 -0.906375
11.531600 -3.778738 -0.938979
9.007736 -2.928774 -0.720176
9.002726 -2.883369 -0.693596
11.819576 -3.775618 -0.929373
11.908364 -3.733513 -0.934338
11.996180 -3.740700 -0.950574
12.109060 -3.725151 -0.941150
12.199185 -3.667310 -0.972028
12.296794 -3.668980 -0.964002
12.413268 -3.687911 -0.979334
12.518439 -3.680791 -0.990069
12.657053 -3.669830 -0.983409
12.767259 -3.678730 -1.009885
12.905730 -3.651829 -1.024328
13.030355 -3.668793 -1.010872
13.175202 -3.653065 -1.047657
13.204281 -3.616696 -1.044572
13.224744 -3.561676 -1.033538
13.224547 -3.545056 -1.053620
13.237672 -3.491504 -1.033697
13.240951 -3.449209 -1.049022
13.248825 -3.410307 -1.022621
13.256279 -3.370298 -1.029066
13.256127 -3.333132 -1.046382
13.298221 -3.289957 -1.025874
13.294980 -3.260483 -1.049734
13.304631 -3.216254 -1.043308
13.333379 -3.178551 -1.044329
13.311333 -3.123479 -1.022427
13.327964 -3.100534 -1.028152
13.346054 -3.049385 -1.032892
13.352588 -3.009919 -1.016809
13.370409 -2.951703 -1.031857
13.361030 -2.909323 -1.033997
13.382142 -2.877510 -1.024674
13.387690 -2.820939 -1.044395
13.384400 -2.795556 -1.046985
13.422410 -2.753614 -1.058272
13.423097 -2.711596 -1.018541
13.432273 -2.696982 -1.045627
13.428389 -2.653269 -1.055293
13.425089 -2.612982 -1.036228
13.441279 -2.551269 -1.032729
13.449310 -2.516297 -1.034563
13.457007 -2.442280 -1.039011
13.452193 -2.418025 -1.036947
13.480810 -2.382093 -1.039380
13.494864 -2.341449 -1.056203
13.510158 -2.267975 -1.042052
10.453413 -1.746634 -0.798892
10.454612 -1.716073 -0.805240
13.508679 -2.164795 -1.034022
13.522907 -2.130167 -1.030669
13.538726 -2.083644 -1.012627
13.536250 -2.033877 -1.043331
11.568019 -1.738298 -0.878361
11.569418 -1.673977 -0.873313
13.548859 -1.924431 -1.045719
13.543363 -1.875814 -1.043502
12.747007 -1.703720 -0.987830
12.754401 -1.687982 -0.979585
12.772875 -1.649966 -0.959383
13.591906 -1.715662 -1.029328
13.577714 -1.682018 -1.044901
13.583479 -1.629303 -1.040745
13.581703 -1.594461 -1.038440
13.613768 -1.543683 -1.038180
13.590243 -1.521780 -1.031025
13.624331 -1.449051 -1.029033
13.625153 -1.424403 -1.031120
13.607572 -1.369334 -1.023961
13.608695 -1.347998 -1.049095
13.613972 -1.298190 -1.027348
13.633051 -1.248427 -1.032379
13.634465 -1.217994 -1.044492
13.635967 -1.186726 -1.033190
13.655105 -1.137557 -1.033892
13.644630 -1.096149 -1.029556
13.646073 -1.051495 -1.042114
13.642248 -1.021734 -1.051480
13.640664 -0.974422 -1.034173
13.653790 -0.915285 -1.041772
13.653721 -0.889508 -1.043549
13.646997 -0.851814 -1.018620
13.658747 -0.795444 -1.015993
13.674519 -0.760846 -1.025545
13.682730 -0.710946 -1.041184
13.670428 -0.670011 -1.030767
13.666055 -0.641484 -1.044761
13.680988 -0.584057 -1.050481
13.679230 -0.534981 -1.030827
13.673437 -0.506669 -1.045010
13.659808 -0.466080 -1.038584
13.691062 -0.426416 -1.029950
13.661552 -0.385412 -1.040339
13.682430 -0.346519 -1.057481
13.682122 -0.291408 -1.029360
13.687765 -0.252326 -1.028853
13.683456 -0.221863 -1.058978
13.668779 -0.169417 -1.041572
13.684008 -0.136274 -1.020838
13.686382 -0.096209 -1.043216
13.674756 -0.039205 -1.022986
13.673293 0.005884 -1.032419
13.669544 0.021874 -1.026827
13.695453 0.079566 -1.031967
13.681700 0.131380 -1.026389
13.674556 0.169535 -1.031601
13.699396 0.216129 -1.033724
13.689066 0.248631 -1.041115
13.689838 0.295254 -1.028885
13.673990 0.346089 -1.022449
13.703439 0.387948 -1.040252
13.679016 0.411801 -1.036963
13.657378 0.468676 -1.044763
13.697755 0.498378 -1.034184
13.669738 0.543259 -1.042500
13.668878 0.579232 -1.041815
13.686251 0.632112 -1.041294
13.666925 0.655559 -1.025492
13.679829 0.724299 -1.036309
13.656211 0.756782 -1.033891
13.659154 0.783453 -1.031907
13.648132 0.845991 -1.044855
13.668252 0.882992 -1.056123
13.643482 0.935579 -1.025216
13.652984 0.967906 -1.039478
13.652498 1.001804 -1.030643
13.648941 1.063725 -1.029669
13.648302 1.091323 -1.042006
13.621529 1.147807 -1.038346
13.632048 1.165380 -1.030652
13.634519 1.223608 -1.050359
13.622836 1.257726 -1.029018
13.628865 1.297362 -1.037841
13.624216 1.321368 -1.025687
13.614301 1.381211 -1.022215
13.610351 1.427725 -1.052259
13.614329 1.471052 -1.056820
13.602551 1.519195 -1.049508
13.609632 1.540068 -1.039337
13.599552 1.608982 -1.027783
13.596305 1.639667 -1.030287
13.597064 1.671155 -1.037223
13.568001 1.732798 -1.038085
13.584883 1.770519 -1.033631
13.554958 1.790448 -1.037015
12.772029 1.760622 -0.978398
12.733977 1.780479 -0.990442
12.732171 1.805462 -0.972632
12.737753 1.864012 -0.969097
13.526145 2.018399 -1.033366
11.659979 1.774471 -0.890292
11.626493 1.816290 -0.897704
13.517252 2.131670 -1.045059
13.536380 2.182889 -1.036848
13.489186 2.215053 -1.041579
10.448503 1.745952 -0.785802
10.439329 1.771118 -0.812177
13.488955 2.336730 -1.045167
13.473269 2.373375 -1.033321
13.466946 2.440252 -1.049519
13.465972 2.469270 -1.022013
13.439342 2.499428 -1.031168
13.448061 2.537112 -1.036942
13.431651 2.582726 -1.024200
13.425146 2.634152 -1.031862
13.434970 2.686605 -1.037499
13.426732 2.714455 -1.037893
13.397854 2.743563 -1.031540
13.394588 2.815544 -1.020508
13.396272 2.835699 -1.031577
13.366433 2.891904 -1.040679
13.370250 2.905991 -1.043307
13.362306 2.962028 -1.044456
13.359393 3.004016 -1.037874
13.346845 3.024409 -1.013390
13.319647 3.087643 -1.018500
13.328032 3.110976 -1.045191
13.325738 3.147940 -1.048152
13.310767 3.203461 -1.033012
13.300457 3.249118 -1.036245
13.289175 3.319378 -1.035214
13.278367 3.333735 -1.043620
13.250749 3.378314 -1.028747
13.257616 3.403211 -1.036091
13.239428 3.451103 -1.058169
13.227710 3.487586 -1.042582
13.229030 3.541788 -1.053579
13.202261 3.564604 -1.027885
13.188169 3.600881 -1.019907
13.199904 3.666394 -1.029262
13.161039 3.691047 -1.032715
13.181785 3.735052 -1.008250
13.147922 3.776425 -1.022737
13.159159 3.816159 -1.031724
13.134851 3.867640 -1.058140
13.110373 3.883650 -1.046022
13.103936 3.942232 -1.041806
13.085314 3.969164 -1.024152
13.064027 4.017983 -1.037499
13.074730 4.037417 -1.026760
13.069927 4.105834 -1.045186
13.050170 4.138096 -1.034836
13.021131 4.175979 -1.034741
13.022748 4.204757 -1.040697
12.999043 4.270563 -1.015703
12.995803 4.303678 -1.029661
12.988454 4.329656 -1.032614
12.972663 4.371986 -1.044369
12.952922 4.422192 -1.024629
12.937281 4.439063 -1.024545
9.789190 3.414322 -0.795069
9.780850 3.443744 -0.784908
9.756277 3.471264 -0.787036
9.745947 3.491641 -0.792393
9.775010 3.537595 -0.808536
12.847179 4.705084 -1.027708
12.844543 4.737238 -1.033957
12.837537 4.778326 -1.042624
12.809123 4.830951 -1.040174
12.804277 4.841951 -1.035298
12.787301 4.882988 -1.037319
12.779657 4.928599 -1.050400
12.738578 4.984604 -1.034079
12.742948 5.008025 -1.049154
12.723849 5.053513 -1.027081
12.695670 5.087165 -1.039941
12.687896 5.122888 -1.038023
12.691574 5.163487 -1.027957
12.641235 5.193233 -1.028270
12.642813 5.243449 -1.046208
12.655702 5.241463 -1.026199
12.596467 5.322728 -1.044683
12.596715 5.365397 -1.036045
12.565117 5.411459 -1.040281
12.560575 5.431009 -1.022702
12.468267 5.434891 -1.033201
12.344237 5.439196 -1.013618
12.245243 5.430279 -1.009361
12.148031 5.434913 -1.002545
12.036033 5.438054 -1.007945
11.971618 5.434104 -0.982837
11.868281 5.428523 -0.987108
11.754933 5.441556 -0.973913
11.684409 5.437465 -0.967988
11.584499 5.432149 -0.955185
11.479437 5.441121 -0.951580
11.388482 5.463592 -0.966216
11.300748 5.441520 -0.951505
11.225337 5.442422 -0.944916
11.140914 5.429716 -0.939865
11.052735 5.450589 -0.940746
10.972337 5.437210 -0.936412
10.893023 5.448073 -0.925697
10.813134 5.437928 -0.921596
10.718781 5.439271 -0.902171
10.639683 5.445111 -0.904624
10.550437 5.446925 -0.907684
10.481678 5.436023 -0.890270
10.398576 5.459485 -0.873834
10.308070 5.456353 -0.896224
10.251998 5.436831 -0.895060
10.182261 5.431057 -0.893561
10.095553 5.451498 -0.864610
10.033855 5.451044 -0.852867
9.950995 5.448807 -0.863286
9.887475 5.435204 -0.855933
6.575380 3.661763 -0.567052
6.538224 3.658241 -0.556827
6.539933 3.666294 -0.577505
6.516560 3.694236 -0.559093
6.527307 3.730410 -0.557508
6.515131 3.766000 -0.560082
9.405867 5.449839 -0.819508
9.337278 5.467669 -0.824605
9.261269 5.444761 -0.812548
9.204895 5.462167 -0.827818
9.133580 5.456989 -0.797365
6.492519 3.869052 -0.565905
6.435664 3.891325 -0.570018
6.438807 3.916412 -0.581319
6.420540 3.934891 -0.576968
6.419709 3.946885 -0.571143
6.452620 4.007269 -0.569100
8.714115 5.466241 -0.789769
8.647471 5.463273 -0.757815
8.603021 5.447186 -0.762467
8.536233 5.447866 -0.755830
8.474535 5.454654 -0.766258
8.429380 5.450468 -0.769656
8.374441 5.451901 -0.755489
8.320815 5.461504 -0.748929
8.268337 5.446644 -0.751156
8.199757 5.453300 -0.750341
8.138751 5.449535 -0.734724
8.092751 5.461393 -0.730130
8.040091 5.439270 -0.721344
8.000173 5.436558 -0.742760
7.939468 5.443477 -0.740201
7.887383 5.443071 -0.742703
7.861222 5.458425 -0.726593
7.771195 5.459317 -0.693199
7.731545 5.444722 -0.729292
7.677110 5.456951 -0.699203
7.631059 5.463921 -0.711557
7.601639 5.453415 -0.720696
7.537391 5.456630 -0.695172
7.482924 5.463148 -0.712578
7.438791 5.466289 -0.709679
7.396207 5.450627 -0.685667
7.340594 5.462508 -0.683176
7.290267 5.454486 -0.700284
7.258533 5.455431 -0.690068
7.202260 5.430997 -0.679076
7.163023 5.455554 -0.675125
7.107172 5.461411 -0.660254
7.075386 5.469477 -0.677191
7.011357 5.451329 -0.688230
6.988379 5.472919 -0.665584
6.942566 5.462588 -0.685858
6.895164 5.448435 -0.673952
6.848814 5.459208 -0.670089
6.796394 5.442159 -0.659468
6.771105 5.442435 -0.654946
6.728713 5.462969 -0.660309
6.674644 5.452633 -0.675423
6.638982 5.457057 -0.640359
6.594893 5.467222 -0.652042
6.548975 5.457006 -0.653382
6.539016 5.476708 -0.631712
6.473515 5.484407 -0.643352
6.437063 5.453687 -0.630318
6.399150 5.474049 -0.638941
6.347201 5.453658 -0.640012
6.321180 5.479245 -0.611787
6.261100 5.452981 -0.643118
6.248576 5.450189 -0.629507
6.201566 5.441191 -0.623523
6.173519 5.450538 -0.629085
6.141613 5.450654 -0.634358
6.102108 5.451195 -0.603087
6.058464 5.457479 -0.620201
5.996582 5.436434 -0.611899
5.975564 5.462235 -0.605382
5.930084 5.463093 -0.614828
5.904472 5.449312 -0.601643
5.856322 5.443226 -0.584669
5.831923 5.451589 -0.602288
5.789281 5.457102 -0.599852
5.731592 5.444208 -0.614179
5.718994 5.473953 -0.606573
5.680792 5.475247 -0.595993
5.656246 5.464751 -0.597166
5.621239 5.462506 -0.596479
5.590259 5.459254 -0.588343
5.546135 5.454478 -0.591619
5.528170 5.484712 -0.593760
5.473361 5.431927 -0.580709
5.439583 5.441264 -0.588516
5.412683 5.441409 -0.591751
5.373981 5.444016 -0.590401
5.341026 5.446775 -0.585979
5.329580 5.466600 -0.583637
5.273679 5.461609 -0.580217
5.259156 5.444011 -0.564402
5.214233 5.454902 -0.569717
5.184578 5.438546 -0.578431
5.156890 5.447674 -0.558597
5.124284 5.462578 -0.566677
5.106456 5.472570 -0.542847
5.055882 5.466735 -0.558089
5.028975 5.443357 -0.555827
4.986427 5.453125 -0.540416
4.981360 5.460498 -0.567809
4.930518 5.450745 -0.548036
4.908898 5.446260 -0.573464
4.870543 5.463929 -0.563861
4.847804 5.457207 -0.550396
4.817224 5.451060 -0.565605
4.794485 5.461121 -0.560769
4.776091 5.453784 -0.551005
4.717074 5.479203 -0.554789
4.703658 5.460130 -0.541993
4.672255 5.437101 -0.544016
4.655273 5.451599 -0.527509
4.618762 5.454472 -0.528420
4.584473 5.453010 -0.544264
4.551003 5.453014 -0.546914
4.538946 5.446188 -0.545136
4.516941 5.440153 -0.534599
4.476475 5.451300 -0.539047
4.420241 5.458348 -0.532020
4.418207 5.461869 -0.519188
4.390922 5.474713 -0.508721
4.381067 5.475600 -0.522330
4.346004 5.449718 -0.521936
4.288565 5.455658 -0.520872
4.275207 5.472331 -0.523134
4.268618 5.468359 -0.521344
4.242780 5.464149 -0.535862
4.193959 5.441871 -0.531386
4.173491 5.452071 -0.509341
4.127188 5.469174 -0.517774
4.134087 5.447520 -0.505744
4.104750 5.461517 -0.531035
4.069134 5.466985 -0.529587
4.036268 5.448668 -0.514573
4.008286 5.465486 -0.523076
3.999887 5.461772 -0.503860
3.944637 5.448447 -0.510907
3.939541 5.456166 -0.510218
3.914120 5.456353 -0.519329
3.876678 5.471053 -0.521556
3.859084 5.464468 -0.508406
3.840078 5.463723 -0.497262
3.808618 5.466356 -0.502094
3.781736 5.472182 -0.505116
3.767910 5.448444 -0.497642
3.746173 5.457355 -0.501323
3.708223 5.449028 -0.496361
3.674284 5.473545 -0.517156
3.663034 5.457121 -0.493894
3.650786 5.448693 -0.502025
3.612068 5.455439 -0.493673
3.597455 5.459002 -0.494857
3.553119 5.444580 -0.503255
3.535822 5.468313 -0.487908
3.517444 5.473815 -0.491944
3.510371 5.460875 -0.493283
3.486148 5.463331 -0.496917
3.445824 5.452058 -0.486409
3.423366 5.448420 -0.494378
3.415032 5.462093 -0.495882
3.374205 5.461651 -0.493316
3.374332 5.452900 -0.504279
3.351227 5.476820 -0.489607
3.324344 5.475661 -0.478809
3.279639 5.454342 -0.490879
3.267686 5.458301 -0.483457
3.251078 5.485419 -0.493502
3.235976 5.447640 -0.471134
3.191224 5.478758 -0.460472
3.191753 5.473733 -0.472198
3.156418 5.475965 -0.483394
3.130701 5.456014 -0.477557
3.094867 5.459275 -0.481575
3.085437 5.451252 -0.470991
3.077178 5.465975 -0.483874
3.058070 5.474623 -0.468086
3.025661 5.461277 -0.474659
2.995986 5.462395 -0.483397
2.970078 5.467999 -0.493161
2.955593 5.446998 -0.467880
2.937227 5.466418 -0.477575
2.922288 5.470017 -0.468705
2.895704 5.465089 -0.469372
2.870778 5.463899 -0.471687
2.854505 5.462108 -0.458675
2.831167 5.452101 -0.471933
2.794766 5.468700 -0.449238
2.801467 5.471282 -0.472855
2.758466 5.471045 -0.466720
2.730554 5.463211 -0.460445
2.731586 5.459870 -0.450521
2.706001 5.455921 -0.470117
2.688354 5.477857 -0.457381
2.668250 5.456792 -0.476203
2.645792 5.468032 -0.459389
2.627251 5.462419 -0.465530
2.598278 5.462858 -0.456433
2.576143 5.464726 -0.465448
2.543974 5.455980 -0.450649
2.528708 5.465243 -0.474613
2.506075 5.466947 -0.464509
2.502263 5.460459 -0.452848
2.484881 5.494578 -0.456539
2.456903 5.472530 -0.453237
2.431198 5.471870 -0.460582
2.420085 5.444520 -0.453849
2.410368 5.479588 -0.455809
2.386482 5.453243 -0.451157
2.349235 5.467060 -0.452141
2.337714 5.479921 -0.448731
2.304633 5.463197 -0.440825
2.306420 5.483595 -0.435826
2.271918 5.483048 -0.443051
2.253413 5.469705 -0.449745
2.244837 5.464859 -0.444961
2.211182 5.447038 -0.460226
2.183496 5.464006 -0.453229
2.183518 5.466948 -0.449986
2.143422 5.465199 -0.438982
2.120206 5.464612 -0.462354
2.090050 5.471050 -0.442390
2.102999 5.464602 -0.423126
2.075028 5.470359 -0.431196
2.057903 5.456255 -0.450078
2.044979 5.477322 -0.461952
2.014817 5.466198 -0.431583
2.005183 5.470299 -0.432835
1.990881 5.467963 -0.454501
1.957300 5.457242 -0.444761
1.960086 5.470626 -0.434209
1.918064 5.457112 -0.442911
1.910893 5.455222 -0.454372
1.892643 5.474910 -0.445740
1.872873 5.472823 -0.456215
1.860978 5.472992 -0.427076
1.836733 5.480688 -0.422379
1.800836 5.485603 -0.434019
1.784511 5.452981 -0.411630
1.773565 5.461465 -0.441142
1.747941 5.459083 -0.439421
1.751301 5.469617 -0.434805
1.727230 5.463608 -0.437929
1.698287 5.474385 -0.408697
1.681761 5.461925 -0.442568
1.677367 5.480624 -0.432103
1.660198 5.463434 -0.426072
1.636133 5.470042 -0.426780
1.601448 5.464857 -0.428298
1.610313 5.470782 -0.437278
1.590540 5.469658 -0.422998
1.551828 5.457709 -0.441179
1.544079 5.486477 -0.432351
1.529426 5.461157 -0.423161
1.506802 5.484563 -0.455263
1.475442 5.457693 -0.425574
1.465565 5.463929 -0.424892
1.447472 5.480517 -0.414218
1.452240 5.470253 -0.430110
1.434642 5.480968 -0.425842
1.401460 5.476292 -0.439526
1.387394 5.474741 -0.430367
1.367472 5.468725 -0.416494
1.339107 5.473472 -0.431273
1.328697 5.466822 -0.432841
1.306677 5.458610 -0.410973
1.294242 5.447134 -0.421309
1.272291 5.479621 -0.420630
1.256755 5.478496 -0.431650
1.224162 5.463172 -0.435203
1.206837 5.469799 -0.416343
1.196647 5.471332 -0.418881
1.187568 5.468068 -0.424734
1.170784 5.465918 -0.425105
1.151311 5.451160 -0.418735
1.143584 5.471504 -0.440932
1.121243 5.457374 -0.420226
1.095292 5.460660 -0.426810
1.089255 5.495516 -0.421761
1.055209 5.476077 -0.420345
1.044886 5.465758 -0.445253
1.031363 5.462970 -0.422824
1.019830 5.481422 -0.418944
1.001394 5.459116 -0.425188
0.980705 5.478557 -0.412744
0.955051 5.467177 -0.414444
0.928984 5.470976 -0.427058
0.911487 5.462506 -0.421885
0.893762 5.471506 -0.433819
0.890535 5.471440 -0.441283
0.869244 5.459645 -0.424874
0.858235 5.477926 -0.410456
0.834364 5.474012 -0.414136
0.823750 5.480091 -0.414291
0.805621 5.464162 -0.425524
0.773718 5.491394 -0.415395
0.783614 5.474702 -0.410781
0.754489 5.471467 -0.415070
0.726846 5.474101 -0.426234
0.735902 5.453030 -0.415937
0.684204 5.471755 -0.432292
0.691636 5.482729 -0.409432
0.672565 5.486951 -0.405676
0.639850 5.493216 -0.427289
0.635723 5.466449 -0.418324
0.622769 5.457876 -0.419475
0.600453 5.457650 -0.420706
0.584159 5.451243 -0.414393
0.548231 5.465126 -0.421873
0.557934 5.487500 -0.406746
0.533390 5.465499 -0.412354
0.510198 5.468157 -0.411377
0.491813 5.460696 -0.416047
0.457730 5.470603 -0.427006
0.450955 5.478146 -0.402233
0.454596 5.458841 -0.416543
0.432657 5.475533 -0.411397
0.407835 5.481904 -0.414417
0.392038 5.481571 -0.431461
0.378996 5.456424 -0.423206
0.369451 5.483009 -0.435987
0.347435 5.472631 -0.415535
0.313476 5.472395 -0.417910
0.314362 5.476299 -0.410512
0.299064 5.483690 -0.426052
0.264539 5.468590 -0.399814
0.247745 5.476541 -0.422067
0.237788 5.459746 -0.403355
0.219848 5.472765 -0.420858
0.217278 5.468068 -0.399738
0.191093 5.475204 -0.418397
0.181992 5.492879 -0.411680
0.167428 5.469335 -0.410352
0.161879 5.468820 -0.415347
0.130503 5.467166 -0.398432
0.112013 5.471622 -0.396292
0.103220 5.482546 -0.416618
0.069618 5.488196 -0.406330
0.063522 5.483268 -0.416451
0.044700 5.467114 -0.409525
0.033226 5.467222 -0.413844
0.010688 5.485294 -0.423106
-0.001362 5.450633 -0.397240
0.011727 -4.482152 -0.298677
0.020983 -4.482296 -0.316484
0.031143 -4.456884 -0.299187
0.074236 -4.459724 -0.302266
0.066798 -4.468299 -0.301963
0.071480 -4.448393 -0.296147
0.092524 -4.461150 -0.299903
0.108845 -4.458673 -0.308830
0.123740 -4.465687 -0.296174
0.127395 -4.454329 -0.309409
0.143675 -4.455425 -0.325400
0.145355 -4.464155 -0.297334
0.154424 -4.452580 -0.298049
0.166882 -4.469114 -0.298020
0.197488 -4.467072 -0.305957
0.213800 -4.456270 -0.286758
0.236685 -4.458779 -0.294086
0.241982 -4.471691 -0.297503
0.251583 -4.446482 -0.285445
0.284117 -4.467091 -0.282163
0.282076 -4.435941 -0.291694
0.316520 -4.443384 -0.317019
0.291586 -4.445126 -0.287064
0.307159 -4.456459 -0.290847
0.336596 -4.464939 -0.291865
0.366945 -4.462048 -0.294997
0.360167 -4.450134 -0.298806
0.387483 -4.458409 -0.307162
0.388791 -4.442379 -0.299235
0.395275 -4.442280 -0.284935
0.411307 -4.461346 -0.319348
0.438875 -4.443953 -0.291530
0.450395 -4.449323 -0.317172
0.458959 -4.432859 -0.284341
0.483239 -4.457677 -0.311559
0.474315 -4.424198 -0.300295
0.511994 -4.456991 -0.284712
0.517809 -4.459039 -0.298117
0.528921 -4.435362 -0.299479
0.545265 -4.455796 -0.297955
0.564737 -4.441357 -0.286077
0.548562 -4.437979 -0.287860
0.597259 -4.437010 -0.289553
0.574306 -4.452475 -0.313790
0.620970 -4.447443 -0.296130
0.613425 -4.456356 -0.308578
0.641935 -4.432759 -0.323018
0.653085 -4.435286 -0.304335
0.668642 -4.438663 -0.294274
0.687234 -4.433365 -0.297498
0.706589 -4.448664 -0.298642
0.714794 -4.431318 -0.298024
0.726163 -4.449246 -0.297127
0.708514 -4.443728 -0.304359
0.744853 -4.423903 -0.279685
0.747624 -4.424446 -0.297003
0.801810 -4.418408 -0.280735
0.793869 -4.430456 -0.311512
0.808431 -4.429716 -0.304901
0.819062 -4.422925 -0.304311
0.830740 -4.426670 -0.284586
0.835969 -4.430958 -0.298270
0.845336 -4.427086 -0.317238
0.877747 -4.432947 -0.304838
0.888829 -4.418191 -0.311395
0.901660 -4.420465 -0.296922
0.923174 -4.430345 -0.296187
0.939812 -4.422036 -0.308544
0.949131 -4.413033 -0.307016
0.960339 -4.413401 -0.308226
0.968197 -4.431487 -0.309493
0.993323 -4.433846 -0.293898
1.000477 -4.423263 -0.305378
1.039269 -4.429070 -0.310817
1.028286 -4.425806 -0.289639
1.023038 -4.422900 -0.294012
1.065949 -4.417050 -0.305233
1.063164 -4.420714 -0.303843
1.095970 -4.436760 -0.299411
1.105646 -4.429832 -0.316790
1.105822 -4.432676 -0.301862
1.145986 -4.414579 -0.296483
1.146470 -4.427493 -0.305264
1.165892 -4.433990 -0.290906
1.168883 -4.432323 -0.301522
1.170108 -4.413599 -0.303959
1.170944 -4.394390 -0.299848
1.215470 -4.408003 -0.311438
1.234783 -4.422849 -0.304735
1.255036 -4.408994 -0.311936
1.260696 -4.405857 -0.300652
1.269249 -4.412638 -0.292988
1.297476 -4.419682 -0.289076
1.299051 -4.405081 -0.320512
1.299866 -4.405525 -0.296995
1.325656 -4.399598 -0.321849
1.337816 -4.404647 -0.303089
1.359036 -4.398508 -0.303064
1.363656 -4.416393 -0.305882
1.377862 -4.420827 -0.315541
1.409541 -4.415980 -0.300891
1.407605 -4.403904 -0.311751
1.432562 -4.417318 -0.313766
1.436142 -4.420956 -0.310422
1.472592 -4.401658 -0.298227
1.469615 -4.396899 -0.307724
1.501908 -4.387821 -0.321364
1.531021 -4.388656 -0.314129
1.533136 -4.400636 -0.302292
1.546837 -4.395847 -0.313927
1.567320 -4.391792 -0.307357
1.581945 -4.390656 -0.316866
1.570194 -4.417805 -0.325299
1.605841 -4.401507 -0.322918
1.605784 -4.395858 -0.319698
1.618201 -4.399806 -0.315121
1.649117 -4.396595 -0.302394
1.661275 -4.400212 -0.300321
1.682355 -4.411898 -0.303175
1.683275 -4.401203 -0.311827
1.709335 -4.397501 -0.321473
1.725938 -4.391430 -0.312471
1.752346 -4.393027 -0.335321
1.750540 -4.395617 -0.324748
1.756896 -4.390345 -0.312760
1.782996 -4.380694 -0.318409
1.782214 -4.392632 -0.318475
1.811485 -4.393863 -0.319897
1.820276 -4.400335 -0.326826
1.854066 -4.378465 -0.299030
1.868789 -4.388916 -0.322306
1.870974 -4.402802 -0.317118
1.879577 -4.375047 -0.321642
1.907468 -4.395709 -0.331616
1.932500 -4.385926 -0.317625
1.935235 -4.370739 -0.330089
1.957609 -4.376101 -0.314066
1.989064 -4.386441 -0.308082
1.989659 -4.399685 -0.323390
1.998854 -4.366622 -0.305189
2.014935 -4.385219 -0.322534
2.028622 -4.378503 -0.323886
2.045092 -4.381359 -0.329614
2.087287 -4.375320 -0.327562
2.086654 -4.365803 -0.323912
2.102026 -4.382954 -0.317431
2.128765 -4.352149 -0.318065
2.124356 -4.376176 -0.321053
2.171934 -4.369369 -0.311485
2.146686 -4.367462 -0.329827
2.170909 -4.365883 -0.321298
2.200373 -4.370225 -0.347169
2.200787 -4.361085 -0.336861
2.227459 -4.376497 -0.315617
2.240228 -4.363299 -0.330226
2.263572 -4.365644 -0.333183
2.280803 -4.364883 -0.333101
2.299242 -4.367156 -0.316191
2.318369 -4.368751 -0.336309
2.337405 -4.369509 -0.320279
2.352762 -4.357700 -0.329754
2.364446 -4.367394 -0.328828
2.382863 -4.366946 -0.325755
2.399095 -4.367355 -0.341966
2.414277 -4.373304 -0.330890
2.424403 -4.372209 -0.347340
2.449591 -4.363858 -0.351103
2.467444 -4.362003 -0.336182
2.457732 -4.347904 -0.323523
2.488245 -4.360178 -0.351401
2.526406 -4.360529 -0.346498
2.528327 -4.355697 -0.333062
2.542814 -4.356108 -0.342306
2.573054 -4.356716 -0.327205
2.569590 -4.362244 -0.335590
2.598430 -4.357888 -0.331660
2.613175 -4.348015 -0.337612
2.657657 -4.366066 -0.323633
2.660951 -4.350242 -0.342443
2.668815 -4.353782 -0.358383
2.697666 -4.346466 -0.319411
2.701197 -4.356431 -0.331549
2.728461 -4.351180 -0.353134
2.750293 -4.339613 -0.330244
2.749176 -4.350108 -0.356287
2.790328 -4.345886 -0.359423
2.800831 -4.337175 -0.331486
2.826846 -4.349034 -0.344910
2.831147 -4.338173 -0.338090
2.850491 -4.327808 -0.340000
2.866125 -4.328686 -0.336587
2.869748 -4.326146 -0.356360
2.908927 -4.321688 -0.341649
2.931727 -4.320892 -0.350919
2.939300 -4.310989 -0.346915
2.971435 -4.333710 -0.334733
2.992826 -4.326186 -0.328822
2.997689 -4.355281 -0.347122
3.023625 -4.325863 -0.352862
3.051162 -4.326530 -0.375952
3.071313 -4.331120 -0.373421
3.080187 -4.324711 -0.337659
3.097278 -4.331145 -0.357354
3.120527 -4.321976 -0.349705
3.115055 -4.315485 -0.357309
3.150265 -4.325987 -0.344297
3.186521 -4.315740 -0.354041
3.211560 -4.311829 -0.356117
3.211518 -4.322773 -0.345050
3.231796 -4.330012 -0.375134
3.252267 -4.324532 -0.352066
3.276276 -4.324127 -0.357394
3.292601 -4.325814 -0.352358
3.305703 -4.338075 -0.373498
3.355472 -4.318771 -0.340853
3.365628 -4.327849 -0.356094
3.369718 -4.332452 -0.356576
3.410181 -4.313361 -0.363107
3.420169 -4.320320 -0.373919
3.439618 -4.303792 -0.367561
3.447500 -4.311682 -0.361726
3.472355 -4.307492 -0.376352
3.513733 -4.305133 -0.378142
3.545779 -4.320274 -0.369524
3.560804 -4.291912 -0.351454
3.575162 -4.311206 -0.388304
3.606503 -4.292505 -0.379221
3.624704 -4.307451 -0.382771
3.635545 -4.298330 -0.377272
3.662648 -4.291852 -0.362632
3.679853 -4.305926 -0.382953
3.721108 -4.271625 -0.370833
3.730731 -4.312842 -0.376598
3.754607 -4.285005 -0.386350
3.765977 -4.286179 -0.375066
3.793204 -4.301188 -0.377903
3.826576 -4.292141 -0.390597
3.849377 -4.293934 -0.391446
3.855741 -4.307786 -0.375399
3.876555 -4.313303 -0.377992
3.907240 -4.302104 -0.376624
3.913727 -4.294920 -0.386587
3.958867 -4.276328 -0.382908
3.971039 -4.269153 -0.382206
4.010094 -4.284127 -0.388097
4.024962 -4.294491 -0.383881
4.047306 -4.285643 -0.388602
4.070751 -4.287865 -0.407003
4.092681 -4.288353 -0.378431
4.107515 -4.287718 -0.389228
4.142786 -4.271449 -0.400117
4.200592 -4.275768 -0.409594
4.194562 -4.267869 -0.405369
4.216158 -4.285576 -0.401086
4.243989 -4.286062 -0.404319
4.285366 -4.284511 -0.406336
4.303162 -4.274573 -0.401827
4.329035 -4.271418 -0.400363
4.339889 -4.272456 -0.413037
4.367972 -4.280283 -0.382801
4.395104 -4.262800 -0.405591
4.443402 -4.263002 -0.385673
4.455090 -4.265154 -0.412061
4.479395 -4.258811 -0.421079
4.505201 -4.259034 -0.412085
4.521907 -4.262848 -0.425108
4.552310 -4.251511 -0.426217
4.563566 -4.256363 -0.408322
4.623160 -4.265833 -0.412799
4.625631 -4.245657 -0.403237
4.671671 -4.249017 -0.433368
4.692042 -4.247664 -0.411049
4.717687 -4.260120 -0.427384
4.730603 -4.268598 -0.417224
4.762860 -4.256164 -0.426666
4.829552 -4.259974 -0.424632
4.837339 -4.263173 -0.428969
4.870552 -4.254171 -0.429801
4.901616 -4.251489 -0.438089
4.934085 -4.241219 -0.458605
4.934475 -4.233508 -0.423991
4.981599 -4.249196 -0.434530
5.026076 -4.242372 -0.428364
5.037086 -4.238851 -0.439710
5.078925 -4.251203 -0.439715
5.073617 -4.225084 -0.440078
5.144184 -4.247947 -0.442853
5.156563 -4.233353 -0.450929
5.186352 -4.223663 -0.457536
5.221105 -4.230116 -0.447020
5.251850 -4.223034 -0.462584
5.266788 -4.247050 -0.446382
5.308375 -4.228665 -0.466756
5.361918 -4.218463 -0.450503
5.361297 -4.236467 -0.482982
5.417219 -4.237308 -0.439154
5.441377 -4.215251 -0.456895
5.469799 -4.228654 -0.453442
5.516569 -4.223880 -0.475874
5.532275 -4.224436 -0.455097
5.568150 -4.197123 -0.476660
5.610153 -4.228275 -0.465999
5.648687 -4.219869 -0.474692
5.682085 -4.219096 -0.460101
5.705771 -4.215463 -0.479246
5.757598 -4.216458 -0.494904
5.771196 -4.195658 -0.480888
5.824264 -4.206101 -0.490370
5.853512 -4.212400 -0.487442
5.897441 -4.202023 -0.491285
5.933471 -4.213806 -0.479644
5.010406 -3.520099 -0.407198
5.002560 -3.497884 -0.414834
4.976878 -3.462067 -0.382934
4.957937 -3.430793 -0.412511
4.967589 -3.424282 -0.382241
4.921709 -3.369236 -0.399246
4.924354 -3.314998 -0.406318
4.917192 -3.298616 -0.395868
4.901647 -3.271708 -0.385532
4.878931 -3.235296 -0.402178
4.876053 -3.228911 -0.391451
4.857551 -3.188602 -0.380631
4.865893 -3.163028 -0.390207
4.839452 -3.137411 -0.392327
4.825851 -3.088044 -0.388583
4.827830 -3.086257 -0.381869
4.789130 -3.029669 -0.375954
4.786454 -3.017832 -0.395007
4.819928 -3.004507 -0.377427
4.851926 -3.018486 -0.364831
4.873585 -2.997348 -0.373816
4.866751 -2.992156 -0.391870
4.906332 -2.997899 -0.382469
4.919981 -2.957201 -0.381770
4.957942 -2.982771 -0.380255
4.975585 -2.962158 -0.392662
4.978955 -2.949737 -0.396085
4.977762 -2.944393 -0.390882
5.036243 -2.930346 -0.390166
5.046279 -2.939460 -0.376719
5.072529 -2.919262 -0.376927
5.080092 -2.905344 -0.400033
5.104856 -2.891407 -0.402441
5.116185 -2.888943 -0.395989
5.153055 -2.880909 -0.391662
5.172839 -2.869505 -0.389322
5.183696 -2.845611 -0.393883
5.202078 -2.839639 -0.393929
5.233223 -2.839483 -0.401144
5.262440 -2.842126 -0.399532
5.297283 -2.835461 -0.407797
5.319358 -2.813392 -0.389683
5.327488 -2.806044 -0.401048
5.350025 -2.779274 -0.400043
7.943791 -4.109373 -0.589328
8.008085 -4.134485 -0.605939
8.042466 -4.132452 -0.601286
8.110942 -4.119016 -0.619882
8.147966 -4.131998 -0.606327
8.214321 -4.105108 -0.611680
8.273946 -4.113328 -0.607191
8.337444 -4.094211 -0.620647
8.385524 -4.096080 -0.632204
8.456616 -4.109035 -0.632126
8.499416 -4.107217 -0.620976
8.588515 -4.106466 -0.629151
8.660418 -4.075408 -0.640982
8.710767 -4.082331 -0.635341
8.783718 -4.067636 -0.650256
8.844178 -4.082863 -0.676023
8.915099 -4.070474 -0.645438
8.966542 -4.095098 -0.661321
9.028689 -4.095295 -0.664298
9.110076 -4.058370 -0.655801
9.150827 -4.073914 -0.661135
9.237607 -4.064898 -0.674793
9.308148 -4.066898 -0.674573
9.372147 -4.065713 -0.682226
9.423880 -4.059125 -0.668005
9.493729 -4.041285 -0.684759
9.569743 -4.053347 -0.688724
9.635708 -4.012625 -0.706008
9.696566 -4.004279 -0.691749
9.766539 -4.026303 -0.700863
9.843451 -4.001871 -0.693789
9.896138 -4.004353 -0.704239
9.973314 -4.005225 -0.729466
10.039289 -3.979558 -0.737875
10.118615 -4.003094 -0.740097
10.185275 -3.990786 -0.742149
10.262883 -3.961632 -0.735434
10.347830 -3.942411 -0.746154
10.445313 -3.980657 -0.751042
10.523977 -3.963212 -0.753641
10.584084 -3.935525 -0.754876
10.656668 -3.908614 -0.757772
10.739416 -3.914975 -0.797319
10.838675 -3.927012 -0.775516
10.922416 -3.913536 -0.777683
10.999244 -3.924088 -0.788874
11.096191 -3.895589 -0.783736
11.175979 -3.891705 -0.804450
11.260201 -3.878983 -0.791208
11.367415 -3.870518 -0.811050
11.453815 -3.879990 -0.805921
11.544497 -3.844532 -0.797678
11.626111 -3.848504 -0.824456
11.722293 -3.843117 -0.813086
8.988447 -2.907045 -0.646095
9.014556 -2.886340 -0.629495
11.997690 -3.815526 -0.856493
12.112849 -3.806677 -0.839986
12.231538 -3.802658 -0.844908
12.314396 -3.783470 -0.872311
12.419181 -3.765356 -0.884516
12.539021 -3.749418 -0.867257
12.637752 -3.748822 -0.874324
12.745719 -3.756011 -0.901818
12.832838 -3.728667 -0.921305
12.966799 -3.720297 -0.895468
13.074683 -3.719949 -0.910582
13.182534 -3.702366 -0.922264
13.307266 -3.665387 -0.927793
13.420886 -3.661751 -0.929748
13.549149 -3.662510 -0.934291
13.669772 -3.642574 -0.938872
13.807405 -3.653180 -0.965874
13.939300 -3.626420 -0.957504
14.050913 -3.590624 -0.958403
14.201512 -3.600106 -0.986115
14.352860 -3.596487 -1.012557
14.535391 -3.576349 -0.995529
14.681062 -3.592201 -1.026224
14.773506 -3.542666 -1.023305
14.878080 -3.528194 -1.011239
14.971521 -3.507347 -1.015816
15.025177 -3.481889 -1.040567
15.008897 -3.437125 -1.031970
15.037934 -3.370134 -1.028079
15.059711 -3.347643 -1.033475
15.058441 -3.284171 -1.037749
15.075821 -3.228773 -1.027335
15.064227 -3.208210 -1.020825
14.615880 -3.038117 -0.997589
14.436417 -2.956951 -0.988702
14.357497 -2.906888 -0.994779
14.323232 -2.842726 -0.977477
14.311538 -2.775246 -0.986051
14.281420 -2.756145 -0.972673
14.269915 -2.726979 -0.983837
14.264744 -2.648410 -0.976718
14.250910 -2.601100 -0.957380
14.246609 -2.568394 -0.967776
14.257191 -2.500499 -0.974289
14.254381 -2.457848 -0.972182
14.269719 -2.428093 -0.978333
14.309221 -2.401047 -0.971075
14.319933 -2.368856 -0.971537
14.336925 -2.312203 -0.967337
14.367750 -2.283228 -0.973146
14.409551 -2.234991 -0.995629
14.469358 -2.183377 -0.950067
11.577044 -1.731073 -0.772607
11.580021 -1.682039 -0.766153
15.261289 -2.186580 -1.040441
15.273310 -2.124995 -1.027990
12.783163 -1.749457 -0.863735
12.762161 -1.695392 -0.859692
12.783350 -1.669236 -0.861587
15.286049 -1.937243 -1.017604
14.026986 -1.726277 -0.940739
13.999802 -1.683370 -0.951462
14.017983 -1.651740 -0.951292
15.306284 -1.750510 -1.036274
15.310977 -1.709430 -1.049506
15.288359 -1.659570 -1.012074
15.295594 -1.595681 -1.040279
15.258859 -1.547095 -1.022052
15.294407 -1.509679 -1.036631
15.315228 -1.458153 -1.026628
15.351394 -1.407062 -1.040813
15.342951 -1.361312 -1.040167
15.337717 -1.307425 -1.025823
15.356309 -1.285064 -1.031065
15.361991 -1.229073 -1.019147
15.351336 -1.169200 -1.024296
15.369023 -1.141310 -1.015253
15.361309 -1.091759 -1.040475
15.363899 -1.047704 -1.033292
15.370357 -1.014259 -1.013889
15.381168 -0.946198 -1.039740
15.378139 -0.892974 -1.029574
15.373858 -0.853000 -1.026882
15.391092 -0.819232 -1.025016
15.389400 -0.771511 -1.022206
15.377294 -0.704289 -1.015747
15.400780 -0.675154 -1.024723
15.389421 -0.619350 -1.020790
15.412543 -0.567824 -1.024105
15.406591 -0.506081 -1.023589
15.400529 -0.467275 -1.030947
15.396658 -0.438485 -1.019244
15.405099 -0.379088 -1.029800
15.409779 -0.346490 -1.028864
15.414376 -0.293688 -1.045348
15.394518 -0.236093 -1.021161
15.427994 -0.175526 -1.023819
15.405025 -0.138591 -1.025248
15.406129 -0.082864 -1.031856
15.401221 -0.039089 -1.028173
15.422132 0.006872 -1.019007
15.403985 0.047020 -1.040866
15.406845 0.093252 -1.018542
15.402597 0.136425 -1.040170
15.413965 0.188409 -1.034859
15.410430 0.236017 -1.033553
15.393266 0.303505 -1.030976
15.383843 0.328484 -1.031966
15.400240 0.369421 -1.032461
15.415576 0.423715 -1.035220
15.409016 0.481638 -1.024698
15.400172 0.516898 -1.018254
15.406755 0.569734 -1.023510
15.407065 0.617283 -1.017495
15.376288 0.673195 -1.029633
15.387295 0.703158 -1.026523
15.391059 0.759397 -1.031446
15.370969 0.809565 -1.026666
15.396419 0.857821 -1.030549
15.385666 0.894395 -1.052401
15.387320 0.955393 -1.023260
15.382143 0.993277 -1.022323
15.375002 1.035425 -1.025229
15.365718 1.086111 -1.028770
15.383181 1.117363 -1.033392
15.353185 1.184251 -1.040102
15.357844 1.221455 -1.028795
15.339401 1.275372 -1.022227
15.347550 1.323384 -1.007139
15.361928 1.352361 -1.015432
15.347125 1.400590 -1.030559
15.354007 1.459097 -1.028628
15.329568 1.519150 -1.038214
15.321033 1.561731 -1.042016
15.332793 1.600751 -1.036201
15.325844 1.660740 -1.017934
15.293674 1.694656 -1.008810
15.314898 1.748545 -1.039629
15.297961 1.774543 -1.043382
15.307971 1.836965 -1.037601
15.033930 1.869335 -0.999318
13.815654 1.745973 -0.930960
13.802944 1.800460 -0.924273
13.808847 1.817699 -0.937259
15.036572 2.041057 -1.015118
12.754261 1.764014 -0.853437
12.752086 1.823250 -0.843446
15.253468 2.219733 -1.039285
15.252588 2.266610 -1.030121
11.650004 1.761787 -0.794246
11.656851 1.791055 -0.784290
15.204270 2.419110 -1.024161
15.212966 2.434965 -1.039686
15.193048 2.519975 -1.021124
15.190927 2.549114 -1.025276
15.187329 2.594740 -1.025028
15.188495 2.652358 -1.024321
15.156951 2.688598 -1.026042
15.183098 2.703444 -1.010390
15.165322 2.775038 -1.027485
15.141121 2.812724 -1.022846
15.142219 2.857786 -1.033894
15.116534 2.905433 -1.017314
15.117910 2.975014 -1.039113
15.127116 3.000416 -1.017321
15.101631 3.062764 -1.023082
15.076698 3.097050 -1.014902
15.088897 3.140156 -1.019207
15.090328 3.193496 -1.026514
15.062921 3.229778 -1.037118
15.057214 3.290165 -1.004187
15.046751 3.326487 -1.025779
15.036820 3.363362 -1.035198
15.028908 3.437543 -1.028243
15.006815 3.478993 -1.022290
14.999570 3.519732 -1.023401
14.993616 3.549121 -1.037888
14.964536 3.592850 -1.027444
14.970401 3.654681 -1.026511
14.958597 3.695830 -1.031824
14.936502 3.751342 -1.027369
14.918943 3.793353 -1.035016
14.932307 3.834904 -1.043163
14.914150 3.876364 -1.023649
14.886405 3.951333 -1.036513
14.881219 3.966419 -1.053223
14.874205 4.013068 -1.024769
14.867551 4.081008 -1.033375
14.862438 4.108221 -1.014520
14.835991 4.159765 -1.035658
14.825656 4.198293 -1.026206
14.807248 4.258854 -1.026505
14.801185 4.280160 -1.013919
14.791119 4.346115 -1.023274
14.770563 4.382385 -1.029594
14.766072 4.420076 -1.041191
14.736721 4.498625 -1.035281
14.724576 4.510388 -1.036630
14.723774 4.569087 -1.033975
14.701515 4.611803 -1.017791
14.698424 4.639416 -1.023342
14.670830 4.683403 -1.031719
14.647099 4.748999 -1.041782
14.633901 4.784110 -1.030538
14.644762 4.840248 -1.010765
14.604313 4.888716 -1.025627
14.591166 4.928762 -1.049939
14.581465 4.975706 -1.035046
14.558332 5.018703 -1.024798
9.798285 3.418993 -0.686256
9.782957 3.433542 -0.687062
9.770934 3.443408 -0.702404
9.760350 3.485290 -0.691124
9.782518 3.552181 -0.697232
14.475421 5.278713 -1.023752
14.453082 5.323655 -1.030950
14.446339 5.360842 -1.028921
14.416290 5.411636 -1.031904
14.423123 5.473170 -1.039979
14.406829 5.512443 -1.035020
14.375737 5.559640 -1.036047
14.354838 5.597203 -1.054202
14.347061 5.633760 -1.029005
14.307316 5.687613 -1.029991
14.299527 5.725155 -1.001983
13.460107 5.436704 -0.972362
13.350023 5.438805 -0.964261
13.205910 5.426422 -0.947342
13.100376 5.420815 -0.946966
12.997231 5.421383 -0.931612
12.874967 5.421528 -0.913574
12.783227 5.435953 -0.935400
12.682717 5.441947 -0.915463
12.556531 5.457672 -0.923939
12.454119 5.449770 -0.915637
12.345878 5.443150 -0.902440
12.266407 5.440894 -0.908676
12.160669 5.433130 -0.879984
12.051339 5.445086 -0.879947
11.945826 5.439981 -0.879464
11.848349 5.428023 -0.877657
11.775875 5.441391 -0.861890
11.671953 5.445058 -0.853424
11.587846 5.438629 -0.852011
11.481316 5.421926 -0.852110
11.408276 5.453928 -0.859573
11.320691 5.440808 -0.838911
11.221521 5.438599 -0.845328
11.118069 5.450391 -0.827001
11.045463 5.449274 -0.842905
10.954569 5.431704 -0.818793
10.878534 5.432821 -0.832700
10.809468 5.437441 -0.811736
10.725368 5.442323 -0.788442
10.640951 5.441674 -0.786335
10.563844 5.449475 -0.785065
10.485777 5.457918 -0.788246
10.393508 5.434981 -0.782710
10.334607 5.466461 -0.753524
10.241411 5.454467 -0.783378
10.180534 5.413628 -0.756492
10.089859 5.439746 -0.781413
10.030800 5.441147 -0.757859
9.947668 5.436403 -0.747428
9.884748 5.454928 -0.743125
6.593193 3.666070 -0.505382
6.554857 3.660209 -0.499408
6.518010 3.660951 -0.510912
6.518349 3.685783 -0.496894
6.492434 3.708730 -0.505731
6.500958 3.742714 -0.512863
9.421413 5.438838 -0.713183
9.358725 5.454208 -0.705150
9.279928 5.436305 -0.736695
9.222265 5.449803 -0.724088
9.147445 5.451914 -0.700134
6.454287 3.888194 -0.507201
6.421874 3.885134 -0.518531
6.424156 3.920618 -0.489734
6.438186 3.928345 -0.490744
6.425208 3.959441 -0.519261
6.453912 3.995856 -0.508843
8.722541 5.436422 -0.680474
8.638038 5.429541 -0.687343
8.589802 5.441037 -0.678536
8.530630 5.449430 -0.669869
8.472044 5.456165 -0.678832
8.422017 5.441343 -0.666222
8.377698 5.438988 -0.670213
8.315545 5.453680 -0.671845
8.282715 5.457958 -0.657392
8.204474 5.457659 -0.657005
8.148779 5.451516 -0.648824
8.105373 5.444179 -0.669076
8.046574 5.477575 -0.648211
8.006761 5.437390 -0.628759
7.950278 5.460741 -0.660718
7.892133 5.450840 -0.631497
7.852707 5.471982 -0.640238
7.797720 5.447544 -0.634879
7.724706 5.453065 -0.624585
7.685728 5.436461 -0.627116
7.630603 5.457548 -0.632095
7.592160 5.444284 -0.625605
7.537010 5.456031 -0.610853
7.469682 5.458956 -0.615467
7.436121 5.466663 -0.595825
7.391026 5.441456 -0.613765
7.356714 5.442142 -0.608149
7.313630 5.462544 -0.597750
7.268029 5.439868 -0.610306
7.204383 5.466036 -0.612621
7.165506 5.452608 -0.598645
7.116639 5.454716 -0.602637
7.061443 5.446892 -0.600028
7.030754 5.448457 -0.602019
6.987926 5.448755 -0.575523
6.943917 5.450561 -0.581112
6.881302 5.459526 -0.595168
6.841956 5.455987 -0.589749
6.815641 5.456165 -0.595151
6.755992 5.469477 -0.584576
6.720071 5.451918 -0.581637
6.685751 5.463840 -0.559820
6.638810 5.454165 -0.578361
6.607820 5.447985 -0.560060
6.551900 5.461893 -0.572067
6.505363 5.432481 -0.577475
6.473958 5.454740 -0.548522
6.426902 5.455597 -0.565746
6.387195 5.439467 -0.556056
6.351782 5.444909 -0.561872
6.317006 5.464480 -0.567085
6.263745 5.450991 -0.550906
6.243160 5.461975 -0.563517
6.189502 5.458691 -0.547596
6.157249 5.451025 -0.549692
6.121032 5.461934 -0.536566
6.089654 5.437192 -0.553702
6.041884 5.434042 -0.532973
6.007911 5.471359 -0.542036
5.980157 5.459012 -0.536624
5.927110 5.463827 -0.545087
5.913401 5.454501 -0.517359
5.855371 5.444273 -0.530785
5.844272 5.451616 -0.530613
5.770599 5.457493 -0.535583
5.754403 5.451335 -0.535563
5.704891 5.456571 -0.534680
5.690077 5.470888 -0.526733
5.646116 5.458481 -0.524832
5.607341 5.446412 -0.534303
5.590080 5.453949 -0.533593
5.540280 5.452631 -0.524784
5.508612 5.462976 -0.511932
5.480452 5.457870 -0.520023
5.430361 5.448862 -0.516741
5.411486 5.454190 -0.498832
5.387230 5.436989 -0.501441
5.333121 5.458702 -0.511038
5.301008 5.451615 -0.513826
5.266923 5.443228 -0.498808
5.249216 5.455981 -0.513938
5.242712 5.465172 -0.513987
5.206859 5.474353 -0.507095
5.154410 5.439647 -0.487154
5.112976 5.457127 -0.503905
5.080901 5.455948 -0.497923
5.064119 5.453003 -0.492924
5.029323 5.456333 -0.493549
5.011610 5.458844 -0.504349
4.970315 5.467499 -0.502357
4.947212 5.469556 -0.491113
4.895461 5.467306 -0.504821
4.887793 5.463549 -0.475874
4.829925 5.439435 -0.481664
4.820775 5.469911 -0.484690
4.800558 5.451326 -0.476899
4.782773 5.439661 -0.481671
4.730952 5.453297 -0.485257
4.709740 5.434760 -0.477512
4.663376 5.455458 -0.477395
4.650235 5.471611 -0.478204
4.603958 5.452159 -0.483198
4.579951 5.454955 -0.467302
4.552897 5.442439 -0.470152
4.523737 5.470969 -0.470985
4.498615 5.450923 -0.480118
4.485615 5.460963 -0.472623
4.443694 5.471146 -0.476225
4.433362 5.454199 -0.452910
4.383101 5.469687 -0.483636
4.354712 5.471275 -0.468642
4.345765 5.461326 -0.465116
4.300222 5.471864 -0.460860
4.274581 5.467999 -0.463957
4.243389 5.446155 -0.458628
4.233937 5.445808 -0.461433
4.193515 5.463042 -0.451598
4.162949 5.454844 -0.451072
4.151655 5.462284 -0.459312
4.117149 5.444688 -0.458377
4.099177 5.456687 -0.456713
4.066357 5.467480 -0.445152
4.039224 5.469748 -0.457976
4.024969 5.453821 -0.441883
3.999438 5.469237 -0.459697
3.969389 5.454381 -0.447499
3.933390 5.477418 -0.446880
3.932655 5.453639 -0.449046
3.877196 5.491176 -0.453953
3.853424 5.478733 -0.432328
3.824394 5.452546 -0.453278
3.804881 5.440759 -0.425648
3.777745 5.454725 -0.442987
3.777330 5.447886 -0.443448
3.728096 5.453192 -0.443070
3.713577 5.481669 -0.456417
3.690432 5.463779 -0.405578
3.663538 5.465072 -0.451386
3.644930 5.477603 -0.437510
3.605612 5.468408 -0.447056
3.594366 5.467799 -0.429218
3.572031 5.472255 -0.444239
3.545820 5.477572 -0.447316
3.528040 5.458088 -0.429375
3.504207 5.452590 -0.430730
3.464849 5.470294 -0.435245
3.425770 5.469314 -0.425528
3.427912 5.466055 -0.423751
3.401091 5.468008 -0.416328
3.390503 5.462641 -0.425026
3.357768 5.476126 -0.411669
3.332735 5.457563 -0.441406
3.314989 5.463128 -0.435463
3.299275 5.452949 -0.409148
3.266788 5.456458 -0.436568
3.235704 5.474559 -0.425348
3.233948 5.439785 -0.411165
3.200949 5.477383 -0.411671
3.171289 5.455706 -0.424880
3.151116 5.456005 -0.434850
3.126877 5.464781 -0.421478
3.124610 5.467201 -0.434635
3.080899 5.460084 -0.422612
3.051455 5.457963 -0.437053
3.051126 5.463576 -0.412209
3.021505 5.467155 -0.411283
2.998828 5.466434 -0.416101
2.984210 5.468530 -0.422511
2.958994 5.450397 -0.405475
2.941191 5.471386 -0.430438
2.911808 5.472268 -0.405609
2.915167 5.445204 -0.403663
2.864482 5.457786 -0.427506
2.839658 5.465452 -0.429051
2.830582 5.465453 -0.395798
2.804045 5.458392 -0.407364
2.767983 5.455489 -0.413372
2.744071 5.468282 -0.415230
2.751856 5.471785 -0.407630
2.725912 5.455936 -0.408890
2.693029 5.458245 -0.427361
2.662199 5.471370 -0.427073
2.670664 5.456278 -0.390658
2.655526 5.469369 -0.393243
2.627494 5.458413 -0.393868
2.606406 5.463038 -0.406367
2.575921 5.474651 -0.389350
2.549753 5.461277 -0.392000
2.559703 5.455223 -0.420100
2.502840 5.478140 -0.387359
2.481477 5.460624 -0.394923
2.492362 5.460816 -0.408949
2.465770 5.457077 -0.400997
2.420082 5.460621 -0.384815
2.409740 5.472618 -0.389728
2.395186 5.468851 -0.416674
2.377665 5.471387 -0.392484
2.360420 5.448390 -0.403442
2.338369 5.472311 -0.409579
2.304284 5.469841 -0.403099
2.284676 5.480304 -0.381535
2.279038 5.453156 -0.386182
2.242510 5.453825 -0.393915
2.237181 5.479499 -0.389492
2.202208 5.446235 -0.390250
2.205754 5.480020 -0.383903
2.185497 5.465776 -0.408863
2.159805 5.466751 -0.403783
2.153028 5.465070 -0.388703
2.116975 5.464206 -0.390847
2.085288 5.465470 -0.380630
2.104563 5.467110 -0.382938
2.045460 5.478213 -0.397676
2.041369 5.454822 -0.393514
2.007736 5.443796 -0.396689
1.995973 5.464630 -0.388572
1.981252 5.453382 -0.366978
1.964287 5.478499 -0.387531
1.952022 5.459487 -0.391904
1.924703 5.466319 -0.391929
1.913721 5.482627 -0.405655
1.892360 5.469722 -0.365946
1.871758 5.464238 -0.357917
1.858408 5.449498 -0.381213
1.833083 5.484910 -0.380971
1.833195 5.462193 -0.406585
1.781965 5.468583 -0.383701
1.786421 5.469079 -0.387729
1.765841 5.467697 -0.385017
1.753547 5.460748 -0.380182
1.731696 5.472905 -0.375430
1.695070 5.481514 -0.365249
1.692471 5.470925 -0.390836
1.666955 5.474390 -0.385020
1.650098 5.471430 -0.377545
1.627262 5.485599 -0.374493
1.628939 5.462330 -0.380336
1.593954 5.474229 -0.382457
1.559064 5.480950 -0.382651
1.574562 5.454306 -0.390558
1.542077 5.449481 -0.378845
1.532545 5.462375 -0.392251
1.505530 5.454805 -0.381205
1.487126 5.473924 -0.373265
1.465257 5.478723 -0.384474
1.449833 5.475889 -0.397796
1.436899 5.465694 -0.393145
1.413561 5.464162 -0.366968
1.387865 5.478665 -0.366528
1.374707 5.475326 -0.363212
1.360067 5.471403 -0.377379
1.335199 5.470446 -0.370358
1.323343 5.475466 -0.380079
1.304837 5.468479 -0.377885
1.276346 5.474716 -0.370842
1.279089 5.478701 -0.346361
1.248838 5.463896 -0.367128
1.238801 5.461432 -0.373652
1.215192 5.468747 -0.374177
1.199198 5.466434 -0.363504
1.181744 5.468759 -0.393351
1.182707 5.456400 -0.378477
1.152294 5.484875 -0.370749
1.140631 5.453664 -0.380515
1.118413 5.472492 -0.363845
1.098371 5.467556 -0.394254
1.088104 5.466150 -0.392108
1.051744 5.470457 -0.373167
1.042792 5.466440 -0.384544
1.017501 5.455458 -0.366823
1.030308 5.483760 -0.383394
0.990905 5.492306 -0.375056
0.973516 5.472932 -0.357487
0.963741 5.467745 -0.365564
0.941381 5.464917 -0.373586
0.917494 5.464217 -0.376940
0.911251 5.459343 -0.368302
0.890579 5.472248 -0.383076
0.867623 5.465376 -0.366325
0.863875 5.487257 -0.362182
0.841913 5.469201 -0.385010
0.823435 5.456046 -0.372857
0.808152 5.498353 -0.392716
0.784904 5.463041 -0.363329
0.771071 5.462656 -0.384639
0.750541 5.465790 -0.362422
0.748701 5.461875 -0.365249
0.721020 5.467170 -0.367550
0.698969 5.474731 -0.350852
0.690233 5.474716 -0.359667
0.649041 5.463905 -0.366184
0.648488 5.483546 -0.376709
0.622753 5.459562 -0.354891
0.623322 5.465495 -0.369754
0.605709 5.454574 -0.361999
0.568425 5.460974 -0.384017
0.562726 5.456635 -0.367142
0.560593 5.473228 -0.371679
0.525248 5.460519 -0.370436
0.509968 5.466120 -0.377757
0.517737 5.462985 -0.366870
0.471324 5.461118 -0.353160
0.469914 5.464390 -0.371342
0.458021 5.461566 -0.365362
0.415622 5.463529 -0.360852
0.419470 5.479686 -0.354461
0.387126 5.472219 -0.382328
0.370478 5.464429 -0.362225
0.360991 5.462478 -0.354575
0.349466 5.475228 -0.372110
0.329391 5.471088 -0.355082
0.319282 5.485179 -0.374340
0.284496 5.480548 -0.367255
0.282937 5.473172 -0.359644
0.256115 5.479351 -0.377990
0.243815 5.480629 -0.367230
0.232153 5.463068 -0.355195
0.223898 5.477935 -0.361323
0.207388 5.463992 -0.371755
0.171618 5.461936 -0.363173
0.164079 5.474438 -0.364726
0.173067 5.487866 -0.369865
0.132966 5.475384 -0.359207
0.112771 5.472165 -0.350401
0.086920 5.466671 -0.355991
0.078854 5.473194 -0.355865
0.072816 5.487022 -0.360913
0.042962 5.481293 -0.370147
0.024105 5.469231 -0.350716
-0.007004 5.471213 -0.357973
0.006092 5.465403 -0.366147
-0.014531 -4.478252 -0.250761
0.029467 -4.481166 -0.264021
0.006957 -4.472143 -0.268636
0.058617 -4.471412 -0.265996
0.055668 -4.455081 -0.250079
0.076052 -4.472853 -0.254586
0.096475 -4.460247 -0.255044
0.111006 -4.470542 -0.253379
0.124244 -4.464045 -0.253920
0.131011 -4.453539 -0.237153
0.145969 -4.461770 -0.267745
0.150454 -4.469193 -0.264698
0.183267 -4.472073 -0.261431
0.191790 -4.470964 -0.263252
0.192921 -4.442102 -0.263335
0.241876 -4.466798 -0.248455
0.229983 -4.442948 -0.257787
0.230205 -4.478867 -0.277980
0.254765 -4.457518 -0.259222
0.260016 -4.445354 -0.251031
0.279157 -4.445773 -0.272143
0.293660 -4.436696 -0.260564
0.310892 -4.435842 -0.247155
0.327184 -4.446059 -0.267489
0.335324 -4.440078 -0.260375
0.350566 -4.456317 -0.254779
0.344650 -4.457394 -0.273691
0.372598 -4.441169 -0.261497
0.393494 -4.458762 -0.263849
0.389866 -4.460656 -0.260713
0.435846 -4.460947 -0.249065
0.435351 -4.445131 -0.270493
0.439763 -4.449239 -0.251190
0.455695 -4.442068 -0.246838
0.496896 -4.449480 -0.235436
0.479832 -4.446179 -0.252463
0.494074 -4.450859 -0.264374
0.537795 -4.459496 -0.257155
0.531090 -4.445240 -0.259768
0.545963 -4.438328 -0.273553
0.555467 -4.436968 -0.279189
0.565375 -4.451809 -0.269601
0.593461 -4.439706 -0.270494
0.589029 -4.421684 -0.260318
0.618241 -4.445455 -0.254332
0.611379 -4.445102 -0.258864
0.637042 -4.442323 -0.256403
0.661648 -4.446425 -0.265229
0.659263 -4.446622 -0.272188
0.673245 -4.436335 -0.268368
0.686973 -4.442044 -0.265091
0.715653 -4.438711 -0.269202
0.727771 -4.442126 -0.269048
0.728950 -4.436606 -0.261763
0.743308 -4.451537 -0.279413
0.767503 -4.415843 -0.270006
0.782233 -4.456431 -0.255337
0.801705 -4.433102 -0.256480
0.812715 -4.427814 -0.268478
0.821744 -4.429239 -0.251052
0.817844 -4.425610 -0.270059
0.855664 -4.415338 -0.246469
0.879736 -4.432944 -0.268962
0.858019 -4.432708 -0.262522
0.880397 -4.428639 -0.254933
0.885063 -4.432549 -0.255335
0.934267 -4.421715 -0.250398
0.937160 -4.412273 -0.247021
0.936331 -4.418751 -0.264211
0.952848 -4.440762 -0.271340
0.968736 -4.417335 -0.270064
1.000676 -4.440079 -0.249358
0.999260 -4.424356 -0.262919
1.010091 -4.426727 -0.259141
1.028525 -4.430903 -0.278421
1.055285 -4.430656 -0.276188
1.061832 -4.420635 -0.250809
1.061114 -4.427826 -0.272543
1.074023 -4.429073 -0.258563
1.093605 -4.419573 -0.263451
1.117038 -4.428086 -0.259716
1.140058 -4.409420 -0.272234
1.132463 -4.412592 -0.260923
1.173012 -4.409355 -0.262023
1.156870 -4.415008 -0.271955
1.192374 -4.420913 -0.270045
1.203798 -4.410599 -0.268656
1.222132 -4.410105 -0.251769
1.220360 -4.422986 -0.293363
1.251710 -4.412350 -0.263956
1.276868 -4.410456 -0.256601
1.289545 -4.423564 -0.259733
1.288405 -4.418490 -0.271422
1.319188 -4.433474 -0.275768
1.302386 -4.416071 -0.280935
1.333091 -4.406883 -0.268510
1.344030 -4.408168 -0.267763
1.369197 -4.397349 -0.253042
1.379598 -4.403795 -0.277117
1.403595 -4.403577 -0.273534
1.412081 -4.418025 -0.275148
1.430837 -4.399868 -0.272060
1.443177 -4.400326 -0.279338
1.452418 -4.401511 -0.278197
1.456066 -4.403215 -0.274608
1.488247 -4.412729 -0.274697
1.482142 -4.380760 -0.271961
1.515900 -4.404649 -0.278826
1.520925 -4.400912 -0.260661
1.542410 -4.411489 -0.273489
1.570345 -4.388433 -0.272280
1.568071 -4.389321 -0.264946
1.591486 -4.393822 -0.274563
1.603761 -4.412968 -0.268094
1.635096 -4.421150 -0.281614
1.633374 -4.398490 -0.290857
1.654247 -4.404875 -0.269776
1.644736 -4.392889 -0.281028
1.678214 -4.388845 -0.268075
1.694169 -4.382496 -0.258941
1.701429 -4.397163 -0.282769
1.724461 -4.427140 -0.264309
1.720022 -4.388765 -0.274837
1.744530 -4.403587 -0.259254
1.769014 -4.400021 -0.263911
1.759496 -4.400853 -0.269171
1.787221 -4.390574 -0.265209
1.812085 -4.400216 -0.256665
1.834405 -4.366523 -0.290724
1.828819 -4.385772 -0.279952
1.865667 -4.391333 -0.280548
1.872564 -4.378488 -0.282621
1.879755 -4.389372 -0.297258
1.897450 -4.403990 -0.276021
1.929866 -4.387100 -0.271391
1.932790 -4.395612 -0.254845
1.940556 -4.399061 -0.272567
1.970003 -4.379040 -0.281336
1.969693 -4.378217 -0.285947
2.001121 -4.358702 -0.273721
2.022840 -4.375737 -0.280186
2.057043 -4.383599 -0.292579
2.051850 -4.391072 -0.275959
2.071279 -4.381618 -0.265291
2.083876 -4.372217 -0.262982
2.100751 -4.372268 -0.278593
2.120644 -4.369420 -0.280716
2.133990 -4.374507 -0.266993
2.170968 -4.374346 -0.280531
2.166636 -4.372066 -0.285909
2.186215 -4.379442 -0.277820
2.215323 -4.370559 -0.265780
2.225543 -4.362413 -0.297125
2.235163 -4.384666 -0.286175
2.250500 -4.368041 -0.282131
2.243617 -4.371873 -0.294297
2.278446 -4.374338 -0.284716
2.289465 -4.368952 -0.281591
2.305305 -4.367090 -0.291764
2.347514 -4.367683 -0.297343
2.363642 -4.375011 -0.286743
2.357633 -4.363140 -0.285400
2.387485 -4.374447 -0.279150
2.418004 -4.378798 -0.300028
2.414985 -4.362538 -0.276520
2.424095 -4.347402 -0.280959
2.431385 -4.358275 -0.295211
2.470984 -4.357467 -0.288509
2.482758 -4.380358 -0.282859
2.518747 -4.361360 -0.286955
2.511911 -4.377134 -0.302519
2.537214 -4.342963 -0.290084
2.568800 -4.365790 -0.293485
2.571285 -4.363677 -0.293560
2.580400 -4.374194 -0.289232
2.602641 -4.361841 -0.299539
2.627011 -4.361489 -0.312617
2.657439 -4.350319 -0.301137
2.671777 -4.361459 -0.281854
2.684095 -4.371130 -0.306881
2.706400 -4.365531 -0.305252
2.702630 -4.347929 -0.299252
2.723551 -4.342931 -0.310103
2.757158 -4.340387 -0.291493
2.750484 -4.356656 -0.315690
2.780722 -4.344486 -0.287888
2.813507 -4.342840 -0.291849
2.804766 -4.345318 -0.290293
2.825369 -4.360068 -0.295651
2.850273 -4.344038 -0.308422
2.873800 -4.330545 -0.305248
2.899420 -4.341795 -0.282469
2.900469 -4.337785 -0.301631
2.921531 -4.319741 -0.277501
2.942078 -4.338632 -0.290878
2.972493 -4.327194 -0.309010
2.978336 -4.323001 -0.306276
3.010825 -4.336809 -0.308814
3.015748 -4.339458 -0.309242
3.061653 -4.323742 -0.321205
3.077703 -4.340219 -0.296939
3.097498 -4.331129 -0.315314
3.101877 -4.335326 -0.330229
3.134532 -4.336760 -0.310464
3.158132 -4.324758 -0.305978
3.176298 -4.333601 -0.320074
3.188439 -4.335540 -0.319498
3.188570 -4.312437 -0.315433
3.208364 -4.320607 -0.319908
3.233469 -4.316438 -0.294868
3.279577 -4.320684 -0.324484
3.273222 -4.315319 -0.322734
3.287206 -4.306859 -0.334602
3.339242 -4.318263 -0.314219
3.341725 -4.317409 -0.333079
3.368926 -4.334000 -0.306331
3.375802 -4.315510 -0.308173
3.383111 -4.306027 -0.332509
3.437445 -4.325923 -0.331243
3.448388 -4.308115 -0.313025
3.455242 -4.312877 -0.326731
3.485942 -4.314416 -0.305711
3.510593 -4.319994 -0.312407
3.537626 -4.322869 -0.322166
3.558856 -4.318664 -0.325243
3.598803 -4.316148 -0.334435
3.600304 -4.295712 -0.312543
3.610536 -4.306069 -0.320662
3.615978 -4.304970 -0.319359
3.639593 -4.290687 -0.311488
3.663929 -4.301535 -0.328338
3.704918 -4.301907 -0.318479
3.729004 -4.310046 -0.345254
3.757946 -4.301402 -0.333683
3.781758 -4.304519 -0.337450
3.791408 -4.295738 -0.330842
3.808030 -4.298071 -0.322863
3.819887 -4.296287 -0.343730
3.855113 -4.283276 -0.312167
3.879403 -4.312218 -0.336652
3.901974 -4.300305 -0.332464
3.935965 -4.289372 -0.343290
3.951436 -4.281889 -0.329877
3.985670 -4.282629 -0.338841
4.001304 -4.281139 -0.350272
4.024157 -4.294014 -0.336902
4.048954 -4.290989 -0.341817
4.068270 -4.285270 -0.356553
4.097540 -4.287857 -0.326139
4.106934 -4.270663 -0.351006
4.127032 -4.274263 -0.357048
4.166986 -4.276990 -0.324282
4.196603 -4.275865 -0.362516
4.220327 -4.285754 -0.359827
4.242438 -4.283134 -0.335503
4.259255 -4.305181 -0.356581
4.291765 -4.273084 -0.359466
4.315760 -4.274758 -0.351077
4.335623 -4.285293 -0.354777
4.357334 -4.286482 -0.340671
4.389636 -4.260464 -0.335759
4.429433 -4.271705 -0.345790
4.441724 -4.269363 -0.367502
4.478749 -4.266663 -0.358567
4.501873 -4.257683 -0.363835
4.541555 -4.253856 -0.380987
4.557183 -4.248213 -0.360925
4.589926 -4.272079 -0.360713
4.620152 -4.268143 -0.352898
4.639852 -4.237017 -0.361191
4.650887 -4.260955 -0.352420
4.695855 -4.267079 -0.356257
4.721050 -4.271556 -0.363782
4.742766 -4.263499 -0.366791
4.773395 -4.255374 -0.379138
4.819035 -4.242781 -0.347581
4.831357 -4.258924 -0.356346
4.864429 -4.263919 -0.387689
4.871782 -4.244068 -0.374818
4.921258 -4.238345 -0.370425
4.935234 -4.264135 -0.381792
4.982387 -4.246576 -0.366127
5.018667 -4.257638 -0.372472
5.042657 -4.254500 -0.383284
5.058279 -4.242067 -0.400839
5.106152 -4.231862 -0.381911
5.134444 -4.260736 -0.382501
5.153395 -4.226191 -0.393329
5.179074 -4.236985 -0.380742
5.201830 -4.245478 -0.404066
5.263025 -4.243278 -0.393181
5.279893 -4.238067 -0.379755
5.304123 -4.230921 -0.392128
5.331734 -4.242773 -0.391862
5.379351 -4.222795 -0.389582
5.403956 -4.233951 -0.403199
5.417261 -4.233964 -0.383799
5.461769 -4.232852 -0.392416
5.488587 -4.216789 -0.411640
5.556766 -4.213472 -0.414580
5.576530 -4.211133 -0.412165
5.623171 -4.225791 -0.400005
5.653175 -4.211319 -0.416513
5.669535 -4.181611 -0.417176
5.702292 -4.207659 -0.394114
5.746344 -4.235435 -0.421701
5.781472 -4.211714 -0.406211
5.827789 -4.209540 -0.410048
5.855807 -4.211637 -0.413516
5.899365 -4.201420 -0.412147
5.932918 -4.205184 -0.414505
5.000238 -3.547374 -0.344748
4.993414 -3.505498 -0.348872
4.978007 -3.469337 -0.357340
4.967233 -3.448058 -0.364373
4.970212 -3.405786 -0.357178
4.936957 -3.375857 -0.362712
4.930533 -3.334160 -0.346439
4.917838 -3.306443 -0.353987
4.896250 -3.289403 -0.312583
4.874971 -3.262080 -0.340783
4.880192 -3.220405 -0.333747
4.864742 -3.192713 -0.354546
4.848747 -3.159296 -0.348238
4.856658 -3.115598 -0.328101
4.805649 -3.093520 -0.344885
4.801753 -3.080923 -0.318391
4.821340 -3.055407 -0.338874
4.789865 -3.026049 -0.339792
4.807150 -3.022173 -0.325851
4.830924 -3.017830 -0.339261
4.873352 -2.977497 -0.325810
4.876626 -2.979059 -0.331681
4.894208 -3.001243 -0.323014
4.912382 -2.966543 -0.357245
4.932646 -2.957419 -0.338017
4.970896 -2.975008 -0.342223
4.987574 -2.941976 -0.360320
5.009903 -2.933128 -0.340150
5.044268 -2.928577 -0.323118
5.061008 -2.936013 -0.349873
5.072317 -2.919340 -0.336306
5.075399 -2.887580 -0.359275
5.101155 -2.895662 -0.326920
5.108747 -2.913675 -0.366305
5.154906 -2.876396 -0.354296
5.172011 -2.862617 -0.329227
5.197143 -2.862329 -0.325556
5.211055 -2.857895 -0.345998
5.235031 -2.845473 -0.346667
5.258530 -2.840949 -0.355372
5.283925 -2.819153 -0.329826
5.317390 -2.802161 -0.354671
5.319045 -2.810807 -0.338880
5.338362 -2.790331 -0.336774
7.943512 -4.129084 -0.510450
7.975495 -4.102650 -0.522543
8.047195 -4.129699 -0.515461
8.107474 -4.120564 -0.546215
8.176229 -4.108951 -0.512343
8.232522 -4.127579 -0.532098
8.295619 -4.118242 -0.542679
8.354484 -4.114570 -0.537736
8.395481 -4.093979 -0.548390
8.449433 -4.105824 -0.537289
8.521484 -4.116260 -0.540190
8.586502 -4.094667 -0.545418
8.635309 -4.097233 -0.533801
8.710015 -4.089670 -0.543444
8.756707 -4.079528 -0.563210
8.841452 -4.087643 -0.567271
8.902993 -4.077765 -0.578191
8.959535 -4.073932 -0.570135
9.035648 -4.074969 -0.574697
9.124305 -4.072953 -0.591497
9.171267 -4.048749 -0.587929
9.258038 -4.074760 -0.564905
9.321631 -4.052085 -0.597860
9.376996 -4.049616 -0.587270
9.461971 -4.050774 -0.599081
9.520232 -4.060003 -0.589260
9.606909 -4.067831 -0.606150
9.663409 -4.047371 -0.597609
9.759614 -4.039250 -0.613546
9.831857 -4.053269 -0.616981
9.920884 -4.030624 -0.624563
9.996422 -4.035383 -0.651303
10.073451 -4.037028 -0.631323
10.156615 -4.025056 -0.635276
10.230558 -4.038958 -0.624062
10.298492 -3.998261 -0.635829
10.429752 -4.009453 -0.645960
10.492965 -3.992915 -0.643636
10.573736 -4.009253 -0.657345
10.666050 -4.002292 -0.663528
10.743324 -4.002794 -0.679098
10.833809 -4.004020 -0.674853
10.916317 -3.981555 -0.668425
11.014024 -3.981721 -0.679711
11.119070 -3.981592 -0.693348
11.206589 -3.959108 -0.692681
11.285496 -3.962284 -0.712922
11.374420 -3.950481 -0.700595
11.469590 -3.945740 -0.704577
11.546721 -3.946249 -0.709178
11.655163 -3.939339 -0.696472
11.754916 -3.917802 -0.719849
11.838913 -3.910382 -0.725548
11.932774 -3.887873 -0.735125
8.970022 -2.922926 -0.558261
9.012512 -2.884964 -0.558787
12.238461 -3.891259 -0.730079
12.316305 -3.866010 -0.753040
12.439967 -3.866500 -0.761323
12.548783 -3.838269 -0.753996
12.657726 -3.836294 -0.741612
12.760186 -3.843471 -0.765650
12.875779 -3.821786 -0.772171
12.964926 -3.803319 -0.769409
13.094644 -3.799013 -0.784772
13.190267 -3.788123 -0.782393
13.321352 -3.763785 -0.805436
13.451903 -3.761483 -0.811605
13.563772 -3.746904 -0.809010
13.698580 -3.744912 -0.827072
13.810781 -3.726472 -0.835743
13.931998 -3.726566 -0.829706
14.065753 -3.715440 -0.834639
14.200623 -3.712208 -0.833806
14.333679 -3.686446 -0.849804
14.474293 -3.683257 -0.851546
14.612044 -3.667955 -0.856940
14.723304 -3.653687 -0.867696
14.813462 -3.615645 -0.901727
14.904984 -3.584154 -0.896737
14.981360 -3.573632 -0.900553
15.093079 -3.535840 -0.896636
15.165793 -3.519658 -0.888235
15.266671 -3.501735 -0.905079
15.366940 -3.458551 -0.907601
15.456779 -3.414982 -0.916140
15.559497 -3.373975 -0.917137
15.655518 -3.359587 -0.913134
15.743717 -3.343657 -0.937130
15.851761 -3.314914 -0.923094
15.964993 -3.271460 -0.927592
16.044830 -3.246779 -0.959061
16.145954 -3.217354 -0.949579
14.534594 -2.843542 -0.870225
14.435139 -2.792457 -0.867416
14.401714 -2.734691 -0.823803
14.373897 -2.677138 -0.844361
14.369407 -2.637060 -0.851209
14.363436 -2.579768 -0.850981
14.367997 -2.518479 -0.847333
14.378811 -2.498758 -0.843087
14.393501 -2.451159 -0.848889
14.415692 -2.410947 -0.846474
14.442801 -2.367181 -0.834841
14.495936 -2.325172 -0.831705
14.580091 -2.299652 -0.853495
17.382479 -2.699947 -1.017878
17.396437 -2.637311 -1.011721
17.414202 -2.583632 -1.015607
17.408022 -2.539268 -1.029845
17.420275 -2.483174 -0.995110
17.431023 -2.418544 -1.016873
17.436810 -2.367547 -1.024264
12.796474 -1.696549 -0.739607
17.448792 -2.256401 -1.013272
17.460360 -2.210434 -1.017064
17.477779 -2.161782 -1.002299
14.059203 -1.688458 -0.806985
17.476101 -2.052758 -1.014641
17.470213 -1.989168 -1.016090
17.479502 -1.930430 -1.026042
17.496334 -1.881812 -1.018345
17.502783 -1.835467 -1.019589
15.345423 -1.556447 -0.894839
15.320672 -1.513997 -0.897618
17.522793 -1.681855 -1.027400
17.525417 -1.617329 -1.031012
17.532698 -1.578396 -1.016737
17.532730 -1.504580 -1.016063
17.533024 -1.459714 -1.025295
17.546864 -1.390224 -1.029650
16.419880 -1.255397 -0.950706
16.440521 -1.203565 -0.951440
17.535496 -1.225071 -1.013906
17.552488 -1.198828 -1.000505
17.550182 -1.137771 -1.028501
17.565918 -1.086321 -1.019701
17.562202 -1.031396 -1.022010
17.536684 -0.977056 -1.023460
17.543734 -0.918089 -1.029744
17.575624 -0.863016 -1.036305
17.579998 -0.801013 -1.018318
17.589188 -0.751684 -1.005336
17.577410 -0.705299 -1.038003
17.566792 -0.653530 -1.011217
17.591000 -0.577301 -1.027431
17.582628 -0.528629 -1.017304
17.574005 -0.489975 -1.016787
17.580332 -0.424168 -1.016405
17.598728 -0.375922 -1.010213
17.581461 -0.325735 -1.011114
17.598536 -0.278685 -1.016136
17.599070 -0.226936 -1.023237
17.592119 -0.154000 -1.001834
17.578983 -0.109913 -1.007394
17.591164 -0.063793 -1.029274
17.599152 -0.009735 -1.003458
17.591370 0.049518 -1.027093
17.612186 0.095096 -1.022166
17.589502 0.163645 -1.020114
17.601521 0.229299 -1.017591
17.588369 0.259887 -1.019148
17.600082 0.315151 -1.007263
17.572596 0.383134 -1.005847
17.594315 0.428939 -1.023066
17.582729 0.484378 -1.017900
17.566439 0.537998 -1.007935
17.573343 0.595258 -1.025670
17.588047 0.649751 -1.025826
17.577757 0.705344 -1.019964
17.581144 0.752240 -1.028911
17.572060 0.802647 -1.017468
17.562687 0.864396 -1.020476
17.568804 0.918283 -1.008692
17.551281 0.961854 -1.022278
17.563478 1.034494 -1.012000
17.565044 1.068795 -1.037129
17.543510 1.127060 -1.030281
17.529739 1.195588 -1.003389
17.567453 1.229081 -1.024578
17.555120 1.281813 -1.018571
17.533190 1.329511 -1.020458
17.539356 1.411397 -1.023063
17.529993 1.447153 -1.005177
17.524517 1.511992 -1.005127
17.524334 1.563501 -1.020588
17.529009 1.633175 -1.023656
17.499826 1.677116 -1.027815
17.500458 1.730399 -1.025198
17.494085 1.789501 -1.022102
17.493296 1.844150 -1.020514
17.489788 1.870938 -1.015267
17.469069 1.928166 -1.024391
17.477156 1.970701 -1.017353
17.471859 2.036271 -1.032143
17.475307 2.095696 -1.020636
17.460327 2.149762 -1.021980
15.062790 1.914095 -0.873629
13.830874 1.794424 -0.825097
16.112091 2.131546 -0.938157
16.076050 2.186208 -0.945941
16.095449 2.245006 -0.923940
12.774156 1.826199 -0.750803
17.405046 2.512959 -1.016945
17.412949 2.586138 -1.015165
17.406107 2.631954 -1.013560
17.376717 2.699501 -1.012182
17.380726 2.749126 -1.009717
17.383823 2.804072 -1.007514
17.354231 2.828789 -1.008378
17.348038 2.903025 -1.031646
17.329792 2.960058 -1.022590
17.346178 3.012603 -1.016149
17.316631 3.071768 -1.015490
17.324213 3.127883 -1.014209
17.301250 3.168433 -1.017770
17.296225 3.237084 -1.027164
17.304770 3.279074 -1.035543
16.847921 3.249751 -1.002360
16.844200 3.307871 -0.994395
16.819965 3.356531 -0.981187
16.809109 3.395711 -0.984567
17.226892 3.547749 -1.009972
17.221678 3.612566 -1.023002
17.194952 3.639804 -1.009767
17.202589 3.722455 -1.006096
17.195057 3.759027 -1.018568
17.196697 3.816158 -1.017521
17.170637 3.850385 -1.035832
17.155066 3.915359 -1.024080
17.144024 3.962546 -1.018001
17.131357 4.011860 -1.007179
17.117998 4.052033 -1.022656
17.103678 4.127271 -1.020012
17.089409 4.180771 -1.007253
17.074207 4.227165 -1.022657
17.069637 4.273302 -1.009613
17.061743 4.337560 -1.023158
17.047356 4.395514 -1.014659
17.026527 4.433750 -1.021159
17.014614 4.499109 -1.023921
17.004078 4.546274 -1.028773
16.968241 4.593345 -1.007094
16.983738 4.655161 -1.019408
16.950270 4.698285 -1.020759
16.950918 4.750636 -1.018058
16.910147 4.803636 -1.008214
16.908136 4.847743 -1.026697
16.925541 4.910548 -1.010005
16.882933 4.969394 -1.010642
16.855619 5.016332 -1.030535
16.846174 5.070300 -1.017534
16.821100 5.105640 -1.026384
16.821106 5.164427 -1.021716
16.779322 5.206397 -1.031197
16.787817 5.266726 -1.031007
16.771637 5.321561 -1.021766
16.758183 5.368974 -1.013962
16.723801 5.405504 -1.015011
16.693604 5.452853 -1.032051
16.692398 5.538876 -1.038581
16.694447 5.546875 -1.012636
16.658958 5.626406 -1.025852
16.654505 5.681987 -1.011101
16.620380 5.710274 -0.996448
9.820514 3.424733 -0.623545
9.790247 3.428177 -0.597098
9.770474 3.453385 -0.603823
9.763562 3.502048 -0.583907
9.803220 3.555852 -0.601897
16.517412 6.023952 -1.012600
16.506086 6.093694 -1.037044
16.496046 6.123505 -1.032084
16.481083 6.195187 -1.010743
16.431215 6.237126 -1.017684
16.432678 6.289697 -1.020427
16.411015 6.326286 -1.022222
16.396984 6.392096 -1.026434
16.394253 6.439524 -1.019524
16.332291 6.474248 -1.024887
16.334055 6.536573 -1.018909
13.441034 5.430763 -0.841402
13.326297 5.436572 -0.837762
13.220342 5.429004 -0.832882
13.094573 5.421787 -0.825980
12.996473 5.429265 -0.806197
12.877384 5.431349 -0.804594
12.767900 5.447743 -0.800505
12.668422 5.425649 -0.815485
12.570855 5.442444 -0.783374
12.463902 5.434507 -0.788731
12.357833 5.435003 -0.774690
12.251681 5.442551 -0.790008
12.143104 5.443339 -0.777236
12.069856 5.448757 -0.769171
11.949038 5.442822 -0.764144
11.863516 5.441886 -0.767027
11.766993 5.434815 -0.758262
11.676711 5.431338 -0.755071
11.576666 5.424854 -0.742018
11.478933 5.458436 -0.731572
11.411577 5.442157 -0.725356
11.307820 5.447260 -0.733341
11.247403 5.446403 -0.724481
11.156532 5.449599 -0.718379
11.047522 5.446385 -0.725115
10.971182 5.434064 -0.716889
10.886168 5.455903 -0.699787
10.785533 5.446824 -0.715096
10.720838 5.440766 -0.687543
10.640325 5.445154 -0.687239
10.559639 5.450544 -0.686429
10.473055 5.456964 -0.700251
10.404225 5.426684 -0.683121
10.327021 5.443661 -0.685934
10.250003 5.450338 -0.669065
10.170644 5.448658 -0.664645
10.125724 5.452234 -0.680135
10.017041 5.454195 -0.645838
9.941925 5.449419 -0.650550
9.878037 5.454771 -0.646250
9.804607 5.458238 -0.627169
6.549709 3.674793 -0.431398
6.517772 3.676383 -0.423511
6.498608 3.688748 -0.424681
6.498444 3.694239 -0.430128
6.490227 3.720639 -0.431380
6.505011 3.772061 -0.439028
9.348495 5.446686 -0.645839
9.259125 5.443465 -0.629334
9.204637 5.440545 -0.630822
6.513680 3.877248 -0.435973
6.445042 3.859339 -0.444029
6.428483 3.870668 -0.444220
6.401818 3.892698 -0.439170
6.398443 3.930386 -0.429160
6.402791 3.962548 -0.441843
6.446352 3.983238 -0.444640
8.735468 5.454451 -0.606110
8.644032 5.455021 -0.583032
8.590494 5.434722 -0.596211
8.542830 5.448253 -0.590625
8.488736 5.452979 -0.570612
8.417961 5.435017 -0.583192
8.368174 5.460783 -0.586674
8.311420 5.447852 -0.582338
8.244762 5.450447 -0.575807
8.200211 5.456262 -0.580809
8.136673 5.448914 -0.551536
8.089186 5.458011 -0.568616
8.043877 5.431287 -0.555392
7.994133 5.459787 -0.554286
7.947917 5.445848 -0.534016
7.868426 5.463025 -0.552698
7.806737 5.440453 -0.559393
7.795446 5.431851 -0.553078
7.726701 5.450309 -0.542690
7.687328 5.453282 -0.541186
7.626171 5.449254 -0.544360
7.582216 5.447580 -0.536755
7.539135 5.446141 -0.537568
7.486630 5.445666 -0.536359
7.433764 5.452526 -0.531955
7.383018 5.460227 -0.544964
7.336704 5.467059 -0.517531
7.303066 5.453055 -0.543095
7.233079 5.462409 -0.535547
7.223455 5.451584 -0.515675
7.164813 5.465244 -0.526488
7.130341 5.450725 -0.514662
7.075468 5.449027 -0.519376
7.022327 5.457850 -0.533637
6.971903 5.462404 -0.506609
6.927048 5.443491 -0.514311
6.883764 5.469328 -0.523088
6.850996 5.469195 -0.501280
6.808551 5.440228 -0.498639
6.767801 5.455564 -0.491395
6.712708 5.458475 -0.497833
6.692183 5.466190 -0.472213
6.640256 5.436260 -0.500295
6.606720 5.465552 -0.491665
6.561191 5.457926 -0.479850
6.517089 5.461060 -0.501164
6.466986 5.484221 -0.476685
6.432013 5.452833 -0.503221
6.391155 5.460406 -0.489656
6.356572 5.462319 -0.500314
6.316829 5.442495 -0.474270
6.288912 5.449039 -0.481127
6.238723 5.472763 -0.479443
6.201579 5.476238 -0.474729
6.159510 5.457075 -0.464812
6.126529 5.447423 -0.466277
6.108441 5.466814 -0.465417
6.051482 5.454950 -0.452190
6.020471 5.452676 -0.479072
5.982471 5.440329 -0.461940
5.943596 5.455347 -0.456801
5.913691 5.452717 -0.453966
5.866904 5.465994 -0.456052
5.820228 5.446967 -0.460408
5.779939 5.456517 -0.456426
5.749657 5.458999 -0.455129
5.726999 5.439838 -0.454599
5.692965 5.459917 -0.451344
5.637434 5.454383 -0.472210
5.628128 5.437301 -0.452517
5.582996 5.442068 -0.454621
5.549864 5.446317 -0.458596
5.508224 5.459338 -0.433156
5.471509 5.450840 -0.430261
5.450061 5.459971 -0.437024
5.416617 5.447466 -0.447850
5.369990 5.454726 -0.439127
5.345767 5.451754 -0.437827
5.313047 5.461847 -0.432732
5.300412 5.455071 -0.449058
5.254436 5.443821 -0.444767
5.212713 5.474632 -0.442166
5.186021 5.456360 -0.446453
5.156158 5.460034 -0.440891
5.128450 5.460335 -0.423312
5.105553 5.455538 -0.442972
5.066268 5.466605 -0.440346
5.026163 5.448510 -0.435930
4.998405 5.476318 -0.423375
4.963369 5.456139 -0.427543
4.941497 5.448529 -0.439111
4.910639 5.440099 -0.411870
4.870294 5.438971 -0.411517
4.838935 5.447030 -0.422505
4.793448 5.457361 -0.437635
4.791665 5.463600 -0.424172
4.762397 5.450484 -0.421522
4.725513 5.459073 -0.425086
4.695573 5.460540 -0.413078
4.689384 5.451728 -0.410615
4.648350 5.449039 -0.402304
4.610210 5.463506 -0.422417
4.561567 5.464647 -0.401425
4.551573 5.460901 -0.408917
4.503426 5.467935 -0.417618
4.502108 5.445294 -0.397122
4.469683 5.464035 -0.413482
4.437378 5.465805 -0.404837
4.404938 5.458160 -0.384711
4.390686 5.459239 -0.405313
4.362617 5.453741 -0.413506
4.343148 5.459938 -0.397147
4.314016 5.461735 -0.389952
4.284620 5.442461 -0.396857
4.259365 5.453002 -0.390103
4.226680 5.454225 -0.386234
4.202358 5.464216 -0.405164
4.186458 5.437324 -0.398438
4.144557 5.459254 -0.390033
4.105731 5.457630 -0.384333
4.076011 5.467734 -0.385432
4.053310 5.464362 -0.400663
4.031814 5.463495 -0.392834
4.012689 5.462673 -0.399907
3.990012 5.447720 -0.394388
3.962955 5.448322 -0.384318
3.940057 5.470101 -0.395587
3.921682 5.474281 -0.386838
3.886036 5.445873 -0.381948
3.864770 5.461421 -0.397210
3.844920 5.459856 -0.381444
3.812394 5.489655 -0.396209
3.773590 5.449162 -0.380934
3.770535 5.447079 -0.378162
3.732705 5.463430 -0.386122
3.715832 5.462346 -0.373621
3.679202 5.473104 -0.379404
3.663821 5.457366 -0.368248
3.631150 5.463688 -0.383860
3.618652 5.454166 -0.378267
3.601596 5.464901 -0.372964
3.556570 5.468568 -0.385008
3.532640 5.438908 -0.378163
3.534074 5.456049 -0.381230
3.480246 5.458052 -0.381603
3.469490 5.468115 -0.382699
3.464616 5.444260 -0.385201
3.425984 5.473399 -0.391269
3.399760 5.463527 -0.366986
3.370409 5.467053 -0.376998
3.351198 5.461675 -0.369046
3.334966 5.456511 -0.377828
3.294997 5.467624 -0.373465
3.295854 5.461056 -0.372797
3.264716 5.466813 -0.369849
3.241681 5.457165 -0.359777
3.233573 5.477835 -0.367891
3.202186 5.471510 -0.364086
3.169173 5.477748 -0.388977
3.171545 5.457185 -0.360169
3.136253 5.441974 -0.360382
3.091951 5.450930 -0.348947
3.087345 5.458396 -0.363223
3.073672 5.446898 -0.359317
3.041563 5.447227 -0.366165
2.993268 5.464153 -0.370464
2.994443 5.458979 -0.357993
2.971494 5.472466 -0.349839
2.963620 5.455804 -0.359997
2.923032 5.457634 -0.359019
2.921721 5.451901 -0.335408
2.896036 5.461371 -0.359404
2.861351 5.487702 -0.363318
2.823537 5.471962 -0.368073
2.815533 5.439796 -0.367902
2.801144 5.466769 -0.345744
2.782490 5.460330 -0.365600
2.749784 5.458058 -0.355601
2.746154 5.446474 -0.344127
2.739756 5.469254 -0.360668
2.697087 5.466337 -0.364675
2.681444 5.471465 -0.367410
2.646688 5.470090 -0.338014
2.630711 5.477727 -0.338591
2.612229 5.471645 -0.350367
2.599762 5.465598 -0.355535
2.581396 5.464956 -0.351716
2.570719 5.465840 -0.374079
2.534773 5.468722 -0.354427
2.520309 5.468722 -0.350021
2.491425 5.445269 -0.346707
2.469118 5.476755 -0.355685
2.453171 5.462706 -0.344736
2.443331 5.467338 -0.341833
2.432217 5.469344 -0.349594
2.390230 5.478162 -0.328331
2.384294 5.456933 -0.336966
2.356563 5.448115 -0.343542
2.332054 5.449487 -0.344199
2.298035 5.460129 -0.335621
2.299619 5.452161 -0.329440
2.291252 5.463789 -0.347039
2.248106 5.462639 -0.351029
2.241987 5.443314 -0.343900
2.222907 5.482505 -0.317507
2.221659 5.471937 -0.329188
2.180520 5.489685 -0.335932
2.148021 5.470479 -0.329079
2.144230 5.476799 -0.340606
2.120673 5.450922 -0.345445
2.087409 5.453293 -0.331012
2.089328 5.485802 -0.332217
2.065810 5.459606 -0.347152
2.030420 5.476606 -0.343569
2.043049 5.478489 -0.353153
2.014551 5.461157 -0.334234
1.967531 5.456008 -0.314155
1.955756 5.460736 -0.323422
1.941683 5.468948 -0.332064
1.930859 5.470311 -0.331104
1.896682 5.459474 -0.338287
1.883829 5.455521 -0.333683
1.892825 5.472892 -0.325765
1.849228 5.464174 -0.317154
1.830592 5.465306 -0.345579
1.819786 5.453594 -0.329254
1.795830 5.467848 -0.343563
1.783647 5.477436 -0.330440
1.760858 5.479049 -0.331539
1.739718 5.476672 -0.321602
1.725538 5.463868 -0.314961
1.725491 5.473679 -0.337587
1.692352 5.447661 -0.336969
1.657389 5.473447 -0.324260
1.652207 5.472761 -0.311525
1.641599 5.473396 -0.325909
1.613708 5.464043 -0.327914
1.585711 5.468507 -0.336933
1.570224 5.467966 -0.319150
1.543336 5.475303 -0.336331
1.546711 5.465312 -0.343514
1.539045 5.470423 -0.315179
1.501891 5.474188 -0.329701
1.494242 5.481039 -0.333917
1.474349 5.483064 -0.324716
1.433341 5.461127 -0.319412
1.446391 5.467614 -0.321124
1.405989 5.478509 -0.324465
1.396129 5.466788 -0.325007
1.389822 5.481514 -0.339927
1.369582 5.465902 -0.335017
1.341763 5.465805 -0.326313
1.324670 5.471200 -0.315448
1.325241 5.461745 -0.324162
1.286609 5.477745 -0.322773
1.285965 5.479902 -0.303064
1.253599 5.472150 -0.330760
1.242195 5.465684 -0.332831
1.239797 5.457313 -0.328663
1.190327 5.467782 -0.310720
1.190163 5.451915 -0.322107
1.191895 5.461860 -0.317262
1.130677 5.485416 -0.323383
1.132341 5.482955 -0.326500
1.115234 5.447852 -0.327495
1.090382 5.452676 -0.323110
1.074388 5.463520 -0.331681
1.078068 5.485334 -0.325237
1.039084 5.491781 -0.310152
1.019416 5.479832 -0.323941
1.001731 5.467009 -0.315019
0.993053 5.471299 -0.332504
0.956919 5.449321 -0.328756
0.972269 5.471414 -0.326307
0.943781 5.459280 -0.336663
0.919210 5.458102 -0.321652
0.895546 5.465664 -0.310315
0.895370 5.476069 -0.325175
0.868699 5.475150 -0.317998
0.858561 5.454557 -0.328540
0.854229 5.457999 -0.299636
0.838197 5.466913 -0.312015
0.796579 5.461545 -0.316201
0.785437 5.460517 -0.316452
0.770715 5.474658 -0.314804
0.752072 5.461733 -0.324969
0.718423 5.477770 -0.312351
0.731168 5.481227 -0.321990
0.717853 5.486944 -0.322372
0.672150 5.475656 -0.316703
0.665641 5.468155 -0.334922
0.662428 5.469441 -0.310217
0.629856 5.476339 -0.342549
0.612825 5.474775 -0.313231
0.603947 5.460783 -0.327881
0.571272 5.487700 -0.330139
0.559611 5.484056 -0.316449
0.558681 5.476829 -0.338597
0.536359 5.455880 -0.304980
0.505094 5.474158 -0.318896
0.494758 5.479781 -0.307671
0.476616 5.488286 -0.321200
0.450411 5.473699 -0.323165
0.439475 5.461892 -0.314603
0.440788 5.481988 -0.318597
0.411864 5.465397 -0.315568
0.389725 5.464898 -0.321872
0.385583 5.451105 -0.327586
0.351085 5.452451 -0.317448
0.354574 5.457638 -0.324395
0.322297 5.458401 -0.313063
0.321076 5.479883 -0.306442
0.280892 5.477750 -0.311683
0.275226 5.471181 -0.315147
0.254201 5.495992 -0.305263
0.240732 5.453187 -0.327106
0.230305 5.462395 -0.318135
0.194428 5.477472 -0.324279
0.194897 5.471246 -0.313880
0.173223 5.453947 -0.323089
0.150015 5.459299 -0.324303
0.137664 5.463699 -0.351875
0.111390 5.489368 -0.323124
0.108887 5.468065 -0.320720
0.088238 5.483997 -0.314176
0.078619 5.456587 -0.314464
0.055554 5.452104 -0.313483
0.050911 5.479873 -0.334261
0.022641 5.473413 -0.334079
0.011800 5.459792 -0.311378
-0.011020 5.462809 -0.331292
0.000851 -4.473099 -0.235229
0.013339 -4.455739 -0.242445
0.042409 -4.448605 -0.222519
0.049512 -4.468328 -0.222786
0.064143 -4.458714 -0.208456
0.079540 -4.481262 -0.211893
0.085820 -4.458555 -0.227321
0.113302 -4.462331 -0.210288
0.121645 -4.465374 -0.214212
0.141989 -4.453801 -0.217410
0.155020 -4.467197 -0.210411
0.133931 -4.464591 -0.220448
0.165510 -4.456377 -0.229465
0.184318 -4.461157 -0.222016
0.188899 -4.453257 -0.224432
0.218278 -4.449757 -0.235757
0.224280 -4.456563 -0.202971
0.243493 -4.465630 -0.219290
0.246530 -4.445503 -0.226229
0.273066 -4.455517 -0.214906
0.269527 -4.447053 -0.205901
0.289170 -4.445456 -0.227264
0.312484 -4.470285 -0.225584
0.326524 -4.456758 -0.208050
0.335828 -4.448311 -0.229111
0.350748 -4.452733 -0.235561
0.368317 -4.457436 -0.213506
0.379374 -4.448509 -0.204764
0.401553 -4.458948 -0.225712
0.406736 -4.459422 -0.232121
0.414183 -4.454692 -0.223043
0.432920 -4.434182 -0.223209
0.448249 -4.450938 -0.225362
0.457715 -4.452620 -0.233299
0.473018 -4.451307 -0.219378
0.508887 -4.441968 -0.226363
0.504730 -4.454246 -0.220834
0.507425 -4.443424 -0.214589
0.526626 -4.439085 -0.229325
0.549244 -4.438548 -0.214890
0.558194 -4.444981 -0.225451
0.567983 -4.437994 -0.224303
0.583042 -4.451660 -0.232932
0.589815 -4.420318 -0.231324
0.606577 -4.415579 -0.220536
0.632509 -4.444727 -0.218951
0.626911 -4.437812 -0.194702
0.658468 -4.432156 -0.213161
0.647923 -4.428951 -0.232477
0.681757 -4.430767 -0.229393
0.682293 -4.432616 -0.228769
0.717592 -4.424735 -0.219397
0.729069 -4.450904 -0.213120
0.734081 -4.449228 -0.235091
0.748245 -4.427557 -0.216169
0.744808 -4.418777 -0.209606
0.799686 -4.430535 -0.211415
0.795708 -4.428010 -0.220252
0.831980 -4.420341 -0.234457
0.810111 -4.434268 -0.219687
0.847373 -4.445999 -0.223321
0.856785 -4.425331 -0.216942
0.854701 -4.422327 -0.202985
0.874690 -4.424808 -0.228162
0.902310 -4.442928 -0.211666
0.907595 -4.434763 -0.230238
0.894049 -4.425673 -0.231489
0.939828 -4.419344 -0.209395
0.933418 -4.442761 -0.212260
0.950912 -4.435354 -0.221372
0.975035 -4.431571 -0.216837
0.990464 -4.422466 -0.225742
1.003696 -4.413089 -0.235997
1.017703 -4.427290 -0.211804
1.029656 -4.422645 -0.213938
1.040590 -4.415909 -0.223825
1.051692 -4.418183 -0.217686
1.054438 -4.430344 -0.212096
1.081195 -4.429215 -0.234620
1.100018 -4.404337 -0.222572
1.109250 -4.412962 -0.226801
1.132405 -4.422308 -0.224236
1.125059 -4.436006 -0.205083
1.150362 -4.442589 -0.219910
1.184470 -4.409100 -0.237633
1.193798 -4.416957 -0.219464
1.212382 -4.425032 -0.226458
1.214048 -4.421823 -0.213056
1.245375 -4.422988 -0.215146
1.225353 -4.395617 -0.218849
1.242814 -4.407178 -0.214777
1.275383 -4.410695 -0.236602
1.287723 -4.412392 -0.223939
1.290738 -4.406009 -0.229286
1.302173 -4.413272 -0.234279
1.327196 -4.401033 -0.227481
1.340837 -4.406343 -0.214315
1.350510 -4.398339 -0.216542
1.383241 -4.405712 -0.241685
1.394693 -4.406507 -0.223402
1.395967 -4.421265 -0.216146
1.415587 -4.399825 -0.221691
1.443762 -4.416687 -0.226367
1.453118 -4.413694 -0.229786
1.482965 -4.411586 -0.243602
1.486861 -4.399025 -0.221765
1.492036 -4.407200 -0.212304
1.482573 -4.405632 -0.242920
1.514324 -4.401151 -0.228037
1.545284 -4.394072 -0.222078
1.563902 -4.402552 -0.231149
1.551608 -4.410502 -0.237080
1.579176 -4.401769 -0.218667
1.615108 -4.380497 -0.248817
1.614203 -4.395999 -0.227172
1.625192 -4.385428 -0.221556
1.637661 -4.382126 -0.241471
1.648580 -4.399734 -0.232517
1.667586 -4.406680 -0.234678
1.692242 -4.404307 -0.229518
1.705533 -4.390799 -0.227697
1.714576 -4.395776 -0.232151
1.732320 -4.393919 -0.231665
1.751136 -4.400690 -0.260946
1.770489 -4.398347 -0.247520
1.783016 -4.402186 -0.243399
1.789696 -4.392885 -0.228687
1.814564 -4.389814 -0.228657
1.829995 -4.387446 -0.223977
1.840378 -4.363630 -0.232308
1.850248 -4.397682 -0.223622
1.868026 -4.366158 -0.252134
1.899894 -4.383380 -0.263224
1.904452 -4.382605 -0.234868
1.921536 -4.371537 -0.219823
1.924370 -4.394415 -0.235383
1.970411 -4.382540 -0.244773
1.986090 -4.382648 -0.233568
1.992586 -4.392336 -0.246065
1.996141 -4.385565 -0.230208
2.021523 -4.398966 -0.233462
2.050943 -4.373827 -0.230876
2.059942 -4.397476 -0.219563
2.055869 -4.371059 -0.220299
2.086121 -4.376704 -0.246518
2.105342 -4.393851 -0.214943
2.110310 -4.372612 -0.228307
2.141666 -4.397144 -0.233273
2.147103 -4.374459 -0.239324
2.163382 -4.367406 -0.244680
2.196397 -4.371161 -0.237239
2.197832 -4.372159 -0.243879
2.205709 -4.373505 -0.256064
2.215989 -4.366676 -0.238223
2.242851 -4.370572 -0.236598
2.264974 -4.383424 -0.234821
2.279845 -4.370699 -0.247517
2.293239 -4.350954 -0.229371
2.317341 -4.380962 -0.244736
2.320181 -4.386423 -0.254519
2.336418 -4.375195 -0.256680
2.359823 -4.366702 -0.236962
2.395078 -4.363961 -0.241255
2.413585 -4.373214 -0.248172
2.430357 -4.359843 -0.231114
2.432274 -4.368856 -0.255149
2.432891 -4.361417 -0.249348
2.457768 -4.354262 -0.264621
2.486752 -4.349314 -0.247757
2.503737 -4.360174 -0.256103
2.508620 -4.368447 -0.256639
2.540543 -4.344711 -0.254581
2.546650 -4.363631 -0.259763
2.566163 -4.345987 -0.259717
2.583264 -4.362391 -0.250364
2.612626 -4.350734 -0.256036
2.607731 -4.360925 -0.236463
2.634396 -4.349824 -0.253891
2.651779 -4.364711 -0.230503
2.675129 -4.353806 -0.251856
2.697829 -4.348117 -0.229287
2.699014 -4.360415 -0.253170
2.728879 -4.341114 -0.245120
2.761961 -4.355707 -0.241149
2.759077 -4.343764 -0.241490
2.781077 -4.356188 -0.265518
2.809663 -4.336750 -0.269677
2.833322 -4.345615 -0.258227
2.859535 -4.356539 -0.235945
2.849626 -4.332717 -0.254043
2.874626 -4.334416 -0.262555
2.891873 -4.339761 -0.245412
2.908512 -4.326261 -0.248900
2.938627 -4.327307 -0.258417
2.956624 -4.307949 -0.248760
2.975052 -4.323961 -0.254602
2.995535 -4.331782 -0.260353
2.998024 -4.340564 -0.258094
3.026662 -4.338663 -0.274055
3.036294 -4.336855 -0.249738
3.055795 -4.328676 -0.254008
3.091355 -4.337270 -0.259139
3.099064 -4.305394 -0.253001
3.104253 -4.337403 -0.254819
3.153451 -4.315627 -0.263184
3.159585 -4.309910 -0.250944
3.170296 -4.333443 -0.273111
3.193235 -4.314692 -0.253629
3.218722 -4.310998 -0.261815
3.229486 -4.309531 -0.258180
3.274207 -4.328220 -0.254633
3.268446 -4.304144 -0.264709
3.302718 -4.306571 -0.261900
3.313767 -4.307395 -0.249989
3.356174 -4.320771 -0.270878
3.369992 -4.325656 -0.280597
3.374866 -4.326313 -0.257504
3.386052 -4.342668 -0.266990
3.426975 -4.310749 -0.282230
3.451883 -4.324744 -0.275761
3.461210 -4.315418 -0.274742
3.489311 -4.303004 -0.258222
3.501050 -4.307050 -0.283744
3.529718 -4.310396 -0.273040
3.554571 -4.306265 -0.261259
3.588981 -4.313628 -0.249582
3.584477 -4.321631 -0.267445
3.626489 -4.297348 -0.295819
3.634387 -4.285193 -0.261594
3.655083 -4.287535 -0.281438
3.687439 -4.329879 -0.272706
3.700093 -4.297544 -0.282366
3.734004 -4.288632 -0.267072
3.754450 -4.308505 -0.265059
3.766803 -4.288236 -0.285797
3.800148 -4.303466 -0.292897
3.808225 -4.303362 -0.284723
3.849204 -4.291518 -0.262629
3.855681 -4.314547 -0.277820
3.901090 -4.310776 -0.284902
3.903986 -4.294991 -0.296080
3.926146 -4.292109 -0.292806
3.958699 -4.296288 -0.292887
3.959865 -4.293494 -0.283390
3.995184 -4.285794 -0.290010
4.024312 -4.292049 -0.300349
4.046189 -4.291412 -0.279896
4.073345 -4.289001 -0.285709
4.102332 -4.272383 -0.307476
4.131213 -4.286573 -0.280207
4.145671 -4.274233 -0.280889
4.189721 -4.297199 -0.281292
4.208729 -4.276927 -0.302206
4.227420 -4.284275 -0.296765
4.237764 -4.258379 -0.303753
4.271405 -4.251713 -0.288663
4.312202 -4.283608 -0.297932
4.313149 -4.277647 -0.299354
4.366782 -4.278697 -0.292274
4.393146 -4.287021 -0.297231
4.392561 -4.283955 -0.292242
4.433469 -4.265810 -0.306047
4.451412 -4.254558 -0.302425
4.458241 -4.247648 -0.295832
4.504713 -4.263294 -0.277624
4.509048 -4.255839 -0.309416
4.569496 -4.259967 -0.316019
4.579272 -4.270136 -0.314487
4.605577 -4.263938 -0.298707
4.628812 -4.256539 -0.314788
4.653128 -4.252317 -0.305991
4.698049 -4.264402 -0.306775
4.731408 -4.250740 -0.313989
4.743255 -4.263345 -0.309471
4.780794 -4.244143 -0.310830
4.803284 -4.257301 -0.338183
4.843047 -4.261703 -0.325111
4.859884 -4.242593 -0.322387
4.884854 -4.249627 -0.331980
4.922328 -4.248641 -0.316345
4.953819 -4.260133 -0.312096
4.986429 -4.260874 -0.326168
5.003417 -4.244275 -0.336479
5.036479 -4.256258 -0.323012
5.064009 -4.236756 -0.325521
5.095991 -4.244276 -0.307925
5.123771 -4.255182 -0.331827
5.150316 -4.224635 -0.337084
5.203564 -4.229393 -0.330235
5.209081 -4.251977 -0.343541
5.258236 -4.245211 -0.339206
5.266597 -4.235389 -0.324865
5.326014 -4.223727 -0.322182
5.332572 -4.231200 -0.335760
5.388174 -4.205914 -0.331595
5.419361 -4.239325 -0.327106
5.434609 -4.230133 -0.340140
5.492484 -4.219035 -0.337065
5.523725 -4.232467 -0.338151
5.540863 -4.210028 -0.351899
5.580364 -4.234180 -0.351554
5.623181 -4.221248 -0.342842
5.652923 -4.218936 -0.337724
5.681148 -4.221838 -0.341270
5.704007 -4.216949 -0.352766
5.737295 -4.210802 -0.335043
5.804722 -4.207656 -0.346277
5.824183 -4.200000 -0.358524
5.853518 -4.208563 -0.357055
5.880206 -4.216231 -0.360197
5.930231 -4.208657 -0.350020
5.026098 -3.535736 -0.308935
4.994501 -3.511526 -0.299428
4.979652 -3.466517 -0.288245
4.965780 -3.438000 -0.296288
4.959186 -3.404971 -0.307945
4.933570 -3.378552 -0.302546
4.935915 -3.341833 -0.284894
4.890894 -3.314543 -0.274715
4.896939 -3.277282 -0.288154
4.885225 -3.243438 -0.268412
4.877762 -3.196943 -0.289585
4.863599 -3.177376 -0.283451
4.836316 -3.158311 -0.276395
4.845456 -3.117984 -0.259969
4.828207 -3.120940 -0.265810
4.820051 -3.090084 -0.280114
4.809068 -3.057937 -0.287918
4.805121 -3.020885 -0.279957
4.820746 -3.034696 -0.259651
4.825846 -3.000795 -0.276796
4.860445 -2.998724 -0.295364
4.883313 -2.993533 -0.282416
4.912679 -2.987041 -0.285177
4.928278 -2.984321 -0.281258
4.956296 -2.975631 -0.287022
4.953646 -2.972898 -0.282463
4.976394 -2.953027 -0.280781
5.024242 -2.927500 -0.289947
5.031692 -2.928649 -0.295000
5.033165 -2.940927 -0.276187
5.066068 -2.922638 -0.285653
5.090584 -2.908650 -0.301102
5.117805 -2.900494 -0.276306
5.115972 -2.871779 -0.298918
5.166813 -2.876719 -0.295382
5.156495 -2.883152 -0.288596
5.175697 -2.878093 -0.297075
5.211544 -2.857449 -0.296371
5.230716 -2.855887 -0.295216
5.254225 -2.831061 -0.299339
5.274414 -2.822450 -0.292359
5.312049 -2.817797 -0.299964
5.308570 -2.810211 -0.291982
5.314400 -2.787046 -0.290714
7.950061 -4.118556 -0.430336
7.989543 -4.127010 -0.443303
8.035680 -4.113779 -0.460254
8.125115 -4.102941 -0.447612
8.154661 -4.117161 -0.435078
8.228414 -4.099957 -0.445383
8.268560 -4.107468 -0.467004
8.334291 -4.103560 -0.475859
8.395085 -4.097119 -0.463884
8.464498 -4.096513 -0.458929
8.522670 -4.101394 -0.467781
8.578436 -4.087178 -0.466992
8.635613 -4.079147 -0.493502
8.719026 -4.095089 -0.464104
8.794406 -4.081334 -0.484463
8.855331 -4.082588 -0.474141
8.890575 -4.097653 -0.478981
8.967212 -4.079473 -0.495469
9.044101 -4.068104 -0.475531
9.102590 -4.072413 -0.477990
9.171618 -4.079005 -0.505183
9.240373 -4.077423 -0.496852
9.322078 -4.060210 -0.497271
9.389896 -4.067276 -0.502756
9.457146 -4.050168 -0.516470
9.524607 -4.056601 -0.506924
9.617526 -4.059159 -0.502908
9.686824 -4.051275 -0.507936
9.748824 -4.047838 -0.514665
9.835973 -4.048412 -0.517008
9.915991 -4.031302 -0.532421
10.002338 -4.027462 -0.526350
10.066080 -4.027795 -0.521474
10.174996 -4.038173 -0.528698
10.231377 -4.031233 -0.532680
10.318456 -4.015279 -0.553886
10.384618 -4.038901 -0.558169
10.500997 -4.016342 -0.554182
10.580016 -3.994641 -0.545429
10.656460 -3.988453 -0.559952
10.754758 -3.994903 -0.560566
10.842085 -4.001779 -0.561068
10.948462 -3.996755 -0.577197
11.039850 -3.967995 -0.575936
11.133718 -3.998740 -0.579352
11.247637 -3.992654 -0.559758
11.327689 -3.978937 -0.566596
11.442484 -3.963095 -0.594827
11.535698 -3.971260 -0.596315
11.648668 -3.969430 -0.621428
11.746168 -3.958328 -0.598237
11.842461 -3.974128 -0.612636
11.948136 -3.955022 -0.597996
12.086190 -3.952169 -0.628251
8.977407 -2.900630 -0.462989
9.023122 -2.884674 -0.461126
12.422402 -3.935978 -0.636494
12.530355 -3.947324 -0.634043
12.650701 -3.939428 -0.657801
12.776357 -3.909033 -0.655696
12.879446 -3.918314 -0.650143
12.996572 -3.900307 -0.655929
13.126630 -3.894875 -0.672998
13.258317 -3.880913 -0.671821
13.367287 -3.875655 -0.699257
13.495605 -3.866668 -0.689016
13.597075 -3.851158 -0.702448
13.711034 -3.841835 -0.699979
13.831680 -3.846318 -0.730918
13.973392 -3.831417 -0.703206
14.120676 -3.805969 -0.705724
14.249545 -3.793010 -0.736346
14.374680 -3.766999 -0.733529
14.518483 -3.787604 -0.732154
14.653153 -3.787902 -0.744086
14.759591 -3.735038 -0.736394
14.822303 -3.715187 -0.750030
14.938426 -3.719695 -0.752893
15.028707 -3.673823 -0.750551
15.096539 -3.617019 -0.772878
15.205427 -3.602487 -0.767754
15.290433 -3.595239 -0.756134
15.366411 -3.564778 -0.764666
15.486579 -3.527275 -0.793529
15.591408 -3.506518 -0.772454
15.673793 -3.463669 -0.798825
15.803500 -3.454382 -0.786922
15.868101 -3.411800 -0.770260
15.978277 -3.398088 -0.798782
16.098312 -3.361897 -0.799995
16.185081 -3.306608 -0.804635
16.303734 -3.304319 -0.817107
16.382626 -3.253481 -0.805137
14.529207 -2.857258 -0.732918
14.451932 -2.786941 -0.712934
14.377706 -2.717391 -0.737542
14.375832 -2.694310 -0.731282
14.353969 -2.624667 -0.718464
14.362815 -2.575556 -0.728813
14.347979 -2.540173 -0.702135
14.377794 -2.497900 -0.704729
14.383312 -2.459230 -0.717445
14.410780 -2.406672 -0.728389
14.455545 -2.383218 -0.713333
14.494417 -2.314384 -0.712225
14.568525 -2.303313 -0.713585
18.005358 -2.790587 -0.892228
18.130817 -2.759379 -0.907713
18.292089 -2.706110 -0.900772
18.397034 -2.673081 -0.901218
18.464489 -2.623370 -0.929051
18.545799 -2.585679 -0.904317
18.614540 -2.524247 -0.931880
18.692640 -2.452029 -0.904589
18.772526 -2.442013 -0.913226
18.872023 -2.395116 -0.904940
18.934464 -2.329054 -0.924243
19.016796 -2.303741 -0.940425
19.063042 -2.242702 -0.937143
19.161493 -2.183436 -0.938944
19.243673 -2.159516 -0.942041
19.344244 -2.097324 -0.958082
19.416683 -2.030001 -0.966664
19.505508 -1.998660 -0.947209
15.360691 -1.515314 -0.759912
19.680408 -1.873398 -0.967800
19.771391 -1.832789 -0.973890
19.871138 -1.761455 -0.965128
19.965506 -1.699463 -0.982238
20.050465 -1.660922 -0.995892
20.136621 -1.611078 -0.996046
16.459002 -1.260316 -0.806455
16.472918 -1.201795 -0.793034
20.416496 -1.445406 -1.009776
20.522945 -1.393282 -0.994941
20.537817 -1.323651 -1.012133
20.530149 -1.268721 -1.010249
20.526833 -1.202002 -1.002818
17.610695 -0.980545 -0.860816
17.616409 -0.926435 -0.865698
20.552181 -1.003613 -1.008806
20.548882 -0.953145 -0.993627
20.562281 -0.879366 -1.000166
20.542599 -0.819543 -1.005899
20.545181 -0.751237 -0.997592
20.572655 -0.700100 -1.007161
20.571642 -0.612763 -1.030553
20.561880 -0.578242 -0.994133
20.567932 -0.497946 -0.988816
20.572388 -0.436685 -1.019768
20.558256 -0.386701 -1.004869
20.539574 -0.326537 -1.002466
20.568018 -0.250526 -1.007046
18.808935 -0.171683 -0.921114
18.826204 -0.135556 -0.916912
20.569532 -0.049630 -1.017343
20.564482 -0.006958 -1.008023
20.561691 0.053237 -1.005002
20.565771 0.125430 -0.992911
20.572763 0.182797 -1.019246
20.561302 0.258261 -1.001521
20.576672 0.317866 -1.016345
20.561031 0.388185 -1.002381
20.560238 0.441593 -0.992066
20.553013 0.498209 -1.002483
20.558836 0.562354 -1.008994
20.555481 0.621888 -1.005023
20.558876 0.705954 -1.033864
20.563377 0.742004 -1.016879
20.547838 0.808734 -1.008332
20.557961 0.895044 -1.014363
20.553829 0.931868 -1.001279
20.523899 0.995286 -0.993926
20.550800 1.099607 -1.003223
19.692167 1.097764 -0.967268
19.679743 1.147960 -0.952114
20.527744 1.257808 -1.013660
20.527451 1.326630 -1.017378
20.510899 1.397196 -1.008725
20.499943 1.448221 -0.995559
20.526323 1.504371 -0.996437
20.500214 1.575865 -1.008281
20.502361 1.647825 -1.005612
20.496542 1.702625 -0.994383
20.494576 1.752283 -1.011835
20.465366 1.852289 -1.002814
20.449278 1.896691 -1.008007
20.483738 1.950551 -1.002094
20.473597 2.013344 -1.013540
20.463905 2.083142 -1.006227
20.463554 2.148176 -0.989446
20.450897 2.200732 -1.015288
20.447947 2.266104 -0.997909
20.435236 2.333630 -1.019727
20.437698 2.384986 -1.018682
20.425074 2.459998 -0.995042
20.194771 2.484453 -1.001261
20.194586 2.542330 -0.998335
15.066313 1.933556 -0.759966
20.357044 2.702327 -1.023122
16.124262 2.191235 -0.797943
20.379869 2.850464 -1.023498
20.349895 2.874545 -1.022518
20.351664 2.975967 -1.007384
20.342556 3.014996 -1.020239
20.325851 3.074656 -1.006407
20.327906 3.154423 -1.000315
20.299137 3.216166 -1.025086
20.322519 3.263343 -0.998449
20.308592 3.342230 -1.015129
20.296644 3.394670 -1.008236
20.270548 3.472025 -1.013049
20.251476 3.526393 -0.998274
20.258888 3.586323 -0.993739
20.241301 3.646425 -0.996309
20.210867 3.713488 -1.007540
20.212509 3.764993 -0.997189
20.209646 3.846967 -0.991243
20.194740 3.897722 -1.017292
16.869982 3.317219 -0.846491
16.846148 3.376691 -0.851941
20.149208 4.089128 -1.007392
20.145250 4.117759 -1.015414
20.157351 4.212357 -1.014098
20.108580 4.270673 -1.019574
20.104359 4.323199 -1.003821
20.085127 4.393664 -1.002976
20.077179 4.436444 -1.002315
20.060642 4.510102 -0.987767
20.054352 4.575891 -1.017917
20.039207 4.624276 -1.010896
20.020700 4.709510 -0.996580
20.019993 4.746903 -0.990345
19.978300 4.810311 -1.025885
19.986027 4.877943 -1.010651
19.964407 4.943449 -1.013733
19.945398 4.999636 -1.000647
19.925755 5.057155 -1.005588
19.925009 5.118526 -1.010517
19.889570 5.191522 -0.995782
19.895626 5.239351 -1.005401
19.881420 5.303796 -1.004571
19.873394 5.366777 -1.010005
19.853098 5.416131 -1.011911
19.809328 5.485292 -1.005383
19.819944 5.562809 -1.007096
19.797245 5.628078 -1.010029
19.771326 5.672983 -1.014141
19.733486 5.744870 -1.012093
19.722479 5.789911 -1.005568
19.728680 5.856215 -0.994105
19.688068 5.915442 -1.014261
19.663576 5.980132 -1.014418
19.641220 6.043163 -1.007045
19.647282 6.103066 -1.034502
19.641905 6.156278 -0.998381
19.599283 6.227551 -1.006034
19.591095 6.257085 -1.003153
19.554844 6.336523 -1.026077
19.535124 6.403982 -1.020527
19.518106 6.449176 -1.003170
19.501350 6.511617 -1.006063
19.480066 6.590635 -1.003140
19.460178 6.629341 -1.020016
19.457579 6.694353 -0.998453
9.814103 3.405174 -0.523217
9.796158 3.434821 -0.501109
9.761501 3.474509 -0.511488
9.760990 3.501080 -0.495362
9.790575 3.550608 -0.508878
19.333679 7.066619 -1.000201
19.289780 7.120679 -1.022506
19.270905 7.193313 -1.011603
19.238821 7.240215 -1.011596
19.222025 7.272823 -1.007253
19.212070 7.355088 -0.996893
19.198740 7.402751 -1.014093
19.141415 7.469582 -1.004948
19.134562 7.523772 -1.015987
19.125982 7.592593 -1.007390
19.095436 7.640329 -0.991508
13.452251 5.426826 -0.721531
13.332667 5.414074 -0.711800
13.212699 5.420702 -0.691081
13.105173 5.448156 -0.699612
12.993401 5.420053 -0.693032
12.886752 5.429435 -0.675214
12.782108 5.436031 -0.678040
12.672839 5.428803 -0.666697
12.570100 5.441430 -0.683030
12.470671 5.430860 -0.661773
12.360518 5.439169 -0.659449
12.247079 5.423869 -0.667732
12.162015 5.442508 -0.650403
12.065738 5.445612 -0.630986
11.953087 5.438658 -0.652995
11.881869 5.431853 -0.636699
11.756668 5.447137 -0.636777
11.659185 5.429009 -0.638180
11.593453 5.436635 -0.633024
11.490736 5.463470 -0.633290
11.400540 5.440325 -0.621262
11.314358 5.435716 -0.611512
11.226122 5.443430 -0.622786
11.141706 5.442379 -0.615109
11.046997 5.421333 -0.598632
10.974045 5.444310 -0.606118
10.867388 5.443940 -0.598644
10.805977 5.427704 -0.583677
10.729072 5.446525 -0.586912
10.624430 5.449894 -0.585706
10.563898 5.444767 -0.578467
10.469893 5.450507 -0.585351
10.399437 5.428663 -0.569045
10.341379 5.451757 -0.566947
10.252608 5.478412 -0.589780
10.173027 5.437110 -0.564150
10.101833 5.454281 -0.559381
10.020782 5.440865 -0.551529
9.952174 5.443094 -0.546541
9.883019 5.447059 -0.581318
9.813251 5.454784 -0.549900
6.530076 3.658810 -0.359603
6.525386 3.674211 -0.390034
6.476858 3.679001 -0.361175
6.472208 3.681904 -0.359654
6.462087 3.723392 -0.379523
6.485812 3.743473 -0.354623
9.328894 5.448741 -0.528629
9.250609 5.450526 -0.536070
9.198592 5.459363 -0.548549
6.469324 3.847858 -0.386950
6.439974 3.864936 -0.366091
6.425410 3.881207 -0.355726
6.407207 3.885082 -0.363484
6.389797 3.910703 -0.371763
6.400022 3.949010 -0.372874
6.425740 4.000791 -0.366502
8.713090 5.456838 -0.503596
8.661367 5.431411 -0.502767
8.616497 5.462256 -0.505550
8.525562 5.459144 -0.501174
8.488623 5.456463 -0.513823
8.421371 5.434161 -0.491259
8.359191 5.447776 -0.493919
8.311728 5.437020 -0.475611
8.265004 5.450453 -0.476740
8.192354 5.440934 -0.488673
8.145487 5.445227 -0.505420
8.081492 5.443973 -0.473153
8.047196 5.452875 -0.476353
7.993799 5.448482 -0.486414
7.921060 5.451999 -0.470477
7.888571 5.451328 -0.476782
7.840769 5.461631 -0.454458
7.782852 5.450576 -0.469586
7.722056 5.441936 -0.473469
7.670697 5.461117 -0.432578
7.649286 5.444140 -0.466977
7.584914 5.449625 -0.451837
7.552951 5.455233 -0.449016
7.496263 5.447266 -0.453429
7.451028 5.449935 -0.453622
7.379838 5.466000 -0.443271
7.339057 5.439921 -0.458859
7.302795 5.450291 -0.441387
7.253206 5.473019 -0.446421
7.203330 5.456184 -0.432146
7.165936 5.444541 -0.451262
7.114604 5.462149 -0.441287
7.075034 5.457189 -0.431175
7.017449 5.467628 -0.432112
6.982951 5.454695 -0.428959
6.937922 5.468638 -0.426615
6.874318 5.431318 -0.431926
6.853175 5.443977 -0.433126
6.818749 5.461736 -0.414972
6.769448 5.470791 -0.426776
6.715457 5.454846 -0.427175
6.679330 5.468643 -0.435523
6.646691 5.459041 -0.426917
6.603065 5.464957 -0.405945
6.546297 5.462632 -0.409435
6.520351 5.451216 -0.413613
6.483413 5.454338 -0.402981
6.417796 5.442565 -0.399595
6.397990 5.458797 -0.411531
6.361169 5.446631 -0.410082
6.309580 5.458913 -0.404559
6.280563 5.442748 -0.404112
6.224601 5.439479 -0.386115
6.200790 5.469912 -0.376682
6.154797 5.459678 -0.400777
6.126927 5.454923 -0.405819
6.089333 5.471158 -0.382771
6.027823 5.449028 -0.387643
6.007782 5.465256 -0.397326
5.972400 5.457141 -0.398599
5.929813 5.463518 -0.408334
5.898010 5.449349 -0.389160
5.867521 5.444963 -0.378350
5.821337 5.456493 -0.372908
5.805822 5.452562 -0.400993
5.754358 5.453366 -0.391251
5.724473 5.454488 -0.364542
5.684112 5.449066 -0.394369
5.638295 5.460765 -0.382073
5.605590 5.456858 -0.358262
5.553730 5.473086 -0.371926
5.546174 5.443408 -0.365968
5.518897 5.461983 -0.379875
5.462418 5.457341 -0.369209
5.455718 5.462856 -0.397011
5.395611 5.441704 -0.384516
5.369009 5.459092 -0.362567
5.344368 5.444600 -0.377389
5.307021 5.433182 -0.356605
5.287030 5.460874 -0.368181
5.232439 5.438721 -0.366639
5.225832 5.457873 -0.363576
5.181457 5.442389 -0.374519
5.160713 5.456446 -0.370340
5.138556 5.471662 -0.364833
5.092197 5.463552 -0.365274
5.049235 5.436550 -0.356924
5.005136 5.453285 -0.351802
4.997967 5.446780 -0.364546
4.963639 5.476377 -0.374096
4.923096 5.451119 -0.357037
4.897648 5.451916 -0.342762
4.870747 5.454102 -0.359298
4.834327 5.455766 -0.374129
4.798373 5.461852 -0.359448
4.808861 5.444600 -0.337172
4.763047 5.437884 -0.358630
4.717419 5.449991 -0.372290
4.716202 5.459365 -0.360506
4.659064 5.438167 -0.360422
4.636776 5.452378 -0.355110
4.590340 5.460737 -0.362494
4.577635 5.468412 -0.352074
4.573251 5.456933 -0.348517
4.522055 5.431252 -0.334126
4.512630 5.443424 -0.346685
4.492737 5.461942 -0.342838
4.442056 5.447083 -0.355620
4.433925 5.457817 -0.340424
4.394719 5.448679 -0.353047
4.368254 5.460854 -0.339463
4.318027 5.451622 -0.341714
4.289352 5.469974 -0.332001
4.284173 5.455551 -0.354360
4.243206 5.434037 -0.324270
4.224637 5.458097 -0.337620
4.184932 5.475762 -0.349193
4.187174 5.446465 -0.336918
4.137980 5.464186 -0.335709
4.118406 5.463615 -0.328260
4.079819 5.457683 -0.334788
4.071591 5.454048 -0.322573
4.030519 5.479446 -0.339675
4.032112 5.462292 -0.327821
3.990753 5.463027 -0.338853
3.970061 5.464441 -0.320933
3.931461 5.455677 -0.330946
3.907305 5.428833 -0.325157
3.877159 5.462862 -0.316816
3.883589 5.476677 -0.339602
3.839818 5.450522 -0.321304
3.819447 5.468814 -0.329227
3.803400 5.447697 -0.336852
3.753472 5.457510 -0.318907
3.717410 5.477230 -0.314819
3.712116 5.454900 -0.340425
3.685645 5.453566 -0.320761
3.671612 5.449112 -0.321386
3.654196 5.463281 -0.329555
3.610175 5.465796 -0.319328
3.598983 5.467144 -0.330021
3.582369 5.475950 -0.315409
3.541991 5.454085 -0.302260
3.507331 5.458807 -0.318119
3.488943 5.464237 -0.309943
3.477478 5.458532 -0.306741
3.444498 5.457159 -0.333973
3.425804 5.461501 -0.326118
3.409550 5.455339 -0.337827
3.369748 5.460688 -0.305956
3.367152 5.457686 -0.303816
3.343664 5.466742 -0.320798
3.311176 5.436222 -0.326147
3.307463 5.451160 -0.308282
3.270350 5.448211 -0.312843
3.246343 5.443328 -0.296912
3.226268 5.475842 -0.319486
3.189648 5.478307 -0.324656
3.188242 5.455945 -0.309125
3.156958 5.473095 -0.304652
3.126940 5.456935 -0.297855
3.111594 5.460880 -0.312909
3.079257 5.469732 -0.300339
3.064202 5.466508 -0.308384
3.037079 5.491911 -0.295037
3.009546 5.473784 -0.307576
2.996910 5.450541 -0.303706
2.975520 5.455701 -0.311826
2.958366 5.464115 -0.313648
2.931390 5.471119 -0.300188
2.916585 5.449524 -0.278029
2.903715 5.468602 -0.308691
2.870277 5.471414 -0.321119
2.831325 5.480290 -0.311318
2.829610 5.470244 -0.314337
2.800593 5.464746 -0.316086
2.789742 5.447880 -0.294646
2.746048 5.455198 -0.304666
2.733758 5.468712 -0.306380
2.718325 5.465424 -0.300834
2.695369 5.455983 -0.290211
2.689018 5.439590 -0.296634
2.657110 5.463482 -0.269957
2.629804 5.447477 -0.312592
2.611974 5.456025 -0.286583
2.595282 5.453581 -0.288118
2.571244 5.466033 -0.307589
2.576535 5.452350 -0.284449
2.533925 5.465735 -0.305066
2.506482 5.464192 -0.303581
2.495498 5.448300 -0.287857
2.491718 5.452045 -0.292093
2.435828 5.437725 -0.288304
2.448676 5.473532 -0.283661
2.403397 5.482969 -0.299529
2.406326 5.455173 -0.294019
2.363886 5.474760 -0.300169
2.367999 5.468590 -0.288777
2.329001 5.460015 -0.303851
2.320151 5.460586 -0.301579
2.313860 5.463142 -0.279859
2.269923 5.458468 -0.280189
2.244643 5.440459 -0.307152
2.251490 5.470920 -0.278108
2.238413 5.450912 -0.284791
2.205516 5.478070 -0.283414
2.166645 5.463639 -0.285662
2.160393 5.444575 -0.305289
2.129621 5.457232 -0.275544
2.116760 5.464286 -0.295779
2.101781 5.471013 -0.303922
2.075534 5.455145 -0.289255
2.041416 5.445785 -0.293600
2.016156 5.464668 -0.282027
2.017741 5.466179 -0.268153
2.011798 5.453536 -0.275151
1.999015 5.478495 -0.293104
1.981394 5.495145 -0.272365
1.952783 5.460082 -0.281257
1.926424 5.469293 -0.299146
1.920455 5.472544 -0.290716
1.894984 5.473769 -0.295179
1.881815 5.452240 -0.290214
1.847355 5.475221 -0.303084
1.848573 5.477427 -0.288863
1.813154 5.472660 -0.283595
1.796662 5.463118 -0.288785
1.760885 5.466736 -0.284911
1.760644 5.455624 -0.279264
1.742897 5.472606 -0.279697
1.716288 5.466888 -0.270554
1.709715 5.463457 -0.294552
1.688506 5.455310 -0.275235
1.668762 5.462705 -0.288028
1.670393 5.451325 -0.274604
1.626000 5.472300 -0.277796
1.609937 5.451759 -0.286690
1.607544 5.478197 -0.287163
1.567572 5.450198 -0.268240
1.557997 5.455502 -0.284877
1.524664 5.472230 -0.258167
1.504142 5.471789 -0.273618
1.514712 5.476514 -0.275007
1.476879 5.436516 -0.277120
1.466263 5.479549 -0.284824
1.452887 5.476293 -0.277636
1.448869 5.475076 -0.270330
1.404980 5.478004 -0.278337
1.399221 5.460550 -0.264455
1.386246 5.459972 -0.262113
1.366629 5.460299 -0.271197
1.354842 5.465885 -0.272659
1.322208 5.471995 -0.281794
1.299574 5.471652 -0.288969
1.292922 5.465329 -0.281638
1.278282 5.459808 -0.276938
1.249874 5.479206 -0.278362
1.241711 5.461351 -0.283147
1.201906 5.481062 -0.274306
1.209405 5.465889 -0.273918
1.172032 5.466599 -0.274285
1.169101 5.456926 -0.268010
1.156298 5.463948 -0.293721
1.122539 5.466262 -0.261627
1.100580 5.455819 -0.278505
1.086361 5.462137 -0.268913
1.074107 5.466274 -0.276514
1.079205 5.440659 -0.293804
1.041077 5.462467 -0.271106
1.031613 5.453827 -0.267875
1.021245 5.463661 -0.262196
1.004328 5.479678 -0.283204
0.978807 5.461782 -0.290674
0.950690 5.476117 -0.273986
0.950787 5.478629 -0.273764
0.929926 5.459769 -0.276528
0.904566 5.478217 -0.267105
0.873833 5.466081 -0.270634
0.874801 5.448555 -0.274554
0.858300 5.468639 -0.276644
0.837367 5.469576 -0.257008
0.808749 5.454584 -0.268516
0.802482 5.456913 -0.256821
0.781269 5.464903 -0.276361
0.775663 5.493687 -0.273058
0.742090 5.464472 -0.288800
0.749017 5.460473 -0.267725
0.729470 5.461369 -0.267264
0.705399 5.475676 -0.262795
0.680493 5.458286 -0.264727
0.664937 5.457990 -0.287566
0.640170 5.468512 -0.264066
0.614768 5.470898 -0.279354
0.616359 5.460123 -0.263464
0.586805 5.460820 -0.264898
0.565360 5.460430 -0.259886
0.552518 5.479221 -0.274502
0.539278 5.470652 -0.268296
0.538440 5.473856 -0.263090
0.513175 5.484762 -0.266106
0.481716 5.489695 -0.263678
0.472542 5.482751 -0.264661
0.466415 5.471525 -0.267143
0.453196 5.464581 -0.266075
0.418392 5.456721 -0.257969
0.410187 5.446356 -0.273852
0.380916 5.469856 -0.275566
0.385361 5.468373 -0.264453
0.369277 5.476413 -0.247333
0.346627 5.451641 -0.266905
0.321327 5.474449 -0.274271
0.295691 5.466179 -0.279254
0.300728 5.481811 -0.252706
0.276690 5.475946 -0.270878
0.282237 5.470170 -0.258949
0.252241 5.474517 -0.259281
0.256938 5.484110 -0.252419
0.203364 5.448199 -0.270908
0.191441 5.468149 -0.277724
0.175685 5.465837 -0.267130
0.165898 5.486445 -0.267364
0.161249 5.487618 -0.281301
0.120453 5.474533 -0.257542
0.087924 5.471298 -0.272868
0.095919 5.471789 -0.258408
0.045483 5.467615 -0.244326
0.055150 5.453341 -0.276533
0.047855 5.476859 -0.274278
0.042064 5.482833 -0.270337
-0.011711 5.478293 -0.278199
0.012906 5.478756 -0.274238
0.002238 -4.456223 -0.184729
0.032773 -4.468219 -0.190142
0.033629 -4.471260 -0.169444
0.045349 -4.476957 -0.178375
0.081679 -4.460873 -0.169538
0.050294 -4.482412 -0.205001
0.111019 -4.469087 -0.175625
0.103104 -4.476701 -0.152479
0.124843 -4.466349 -0.189925
0.113435 -4.458735 -0.173563
0.132789 -4.446551 -0.172636
0.168330 -4.472266 -0.174038
0.158824 -4.469368 -0.200523
0.203786 -4.448253 -0.181680
0.213802 -4.458578 -0.189980
0.222986 -4.472519 -0.194267
0.188925 -4.435152 -0.161750
0.236868 -4.436649 -0.163124
0.255271 -4.449237 -0.181618
0.274085 -4.443281 -0.186319
0.262328 -4.459865 -0.177611
0.282190 -4.465505 -0.186244
0.309193 -4.454147 -0.190980
0.327342 -4.433261 -0.185239
0.355540 -4.465912 -0.176231
0.336530 -4.443381 -0.183019
0.382731 -4.455812 -0.188528
0.384080 -4.476192 -0.188668
0.395877 -4.465331 -0.175318
0.395280 -4.471658 -0.183588
0.406762 -4.439050 -0.211561
0.443993 -4.433187 -0.171264
0.440003 -4.451396 -0.178416
0.453184 -4.425581 -0.194787
0.479155 -4.435468 -0.195286
0.494277 -4.438963 -0.176835
0.498128 -4.453560 -0.166723
0.520607 -4.450961 -0.183980
0.530041 -4.446283 -0.190409
0.546935 -4.442795 -0.185187
0.555983 -4.443716 -0.169587
0.551504 -4.435697 -0.160988
0.576924 -4.429104 -0.185060
0.600313 -4.437784 -0.178621
0.598328 -4.449427 -0.192595
0.604081 -4.442299 -0.178446
0.641332 -4.427117 -0.183931
0.640972 -4.442815 -0.181308
0.664679 -4.426386 -0.177636
0.686978 -4.441963 -0.194989
0.696229 -4.460904 -0.170819
0.709804 -4.451126 -0.191353
0.726702 -4.457806 -0.203496
0.727614 -4.430135 -0.169444
0.758430 -4.440799 -0.173413
0.765071 -4.438619 -0.164243
0.780605 -4.431896 -0.169476
0.794923 -4.433409 -0.187645
0.802770 -4.423521 -0.170158
0.823207 -4.429808 -0.181607
0.829287 -4.427500 -0.193933
0.853263 -4.419565 -0.174202
0.869539 -4.430207 -0.182838
0.883308 -4.421981 -0.179557
0.902767 -4.432712 -0.186436
0.883654 -4.430118 -0.181106
0.912233 -4.422791 -0.182436
0.938249 -4.429770 -0.181550
0.954477 -4.449383 -0.163411
0.949576 -4.425876 -0.190373
0.977827 -4.427554 -0.184889
0.970514 -4.418422 -0.183795
0.990480 -4.425291 -0.175136
1.001195 -4.433625 -0.175322
1.008294 -4.405709 -0.185206
1.046539 -4.423714 -0.191288
1.068227 -4.415981 -0.189045
1.075467 -4.423124 -0.180105
1.078079 -4.425096 -0.184140
1.091091 -4.402975 -0.192203
1.104844 -4.420457 -0.181468
1.138592 -4.430143 -0.180853
1.139611 -4.405696 -0.172542
1.167820 -4.404614 -0.191121
1.179054 -4.406636 -0.180991
1.191093 -4.408211 -0.180195
1.205605 -4.398410 -0.165776
1.217932 -4.422303 -0.174939
1.234556 -4.418346 -0.183381
1.244207 -4.417157 -0.195988
1.257376 -4.409377 -0.178116
1.272413 -4.420990 -0.168138
1.306434 -4.398520 -0.169183
1.288088 -4.415461 -0.188878
1.332586 -4.404233 -0.183162
1.330320 -4.419211 -0.176617
1.349804 -4.406331 -0.186506
1.341924 -4.399427 -0.183381
1.372875 -4.402846 -0.192033
1.368703 -4.400214 -0.179020
1.399974 -4.415801 -0.184085
1.424980 -4.402172 -0.188269
1.431780 -4.407248 -0.187509
1.444862 -4.404337 -0.190263
1.465598 -4.406687 -0.217629
1.470727 -4.412993 -0.216572
1.502007 -4.403561 -0.188698
1.486006 -4.404378 -0.177970
1.524515 -4.380281 -0.177894
1.529043 -4.415589 -0.189693
1.550099 -4.401956 -0.176149
1.579598 -4.405742 -0.208637
1.594214 -4.400388 -0.187898
1.604322 -4.378961 -0.177138
1.602892 -4.427386 -0.174084
1.625728 -4.394706 -0.189089
1.646369 -4.398254 -0.198252
1.645243 -4.398709 -0.180221
1.688948 -4.405921 -0.184085
1.702517 -4.397862 -0.192211
1.683861 -4.394760 -0.188484
1.728192 -4.388473 -0.186643
1.735210 -4.395240 -0.176284
1.752079 -4.405871 -0.203947
1.785502 -4.387777 -0.193093
1.789920 -4.391368 -0.191326
1.794960 -4.382524 -0.183648
1.820953 -4.387714 -0.188154
1.835325 -4.381581 -0.174350
1.825000 -4.385245 -0.206154
1.850969 -4.369646 -0.174339
1.876649 -4.395310 -0.193971
1.896609 -4.370821 -0.187351
1.895935 -4.389685 -0.189427
1.917165 -4.377364 -0.200396
1.927666 -4.382245 -0.172136
1.951316 -4.376362 -0.193518
1.970280 -4.386703 -0.205711
1.966385 -4.379758 -0.195815
1.999267 -4.358304 -0.195465
2.011176 -4.390486 -0.194120
2.022297 -4.379296 -0.190256
2.051351 -4.383005 -0.193729
2.070067 -4.361847 -0.174151
2.071963 -4.361279 -0.192987
2.081796 -4.366849 -0.193211
2.129273 -4.382412 -0.208001
2.141632 -4.379000 -0.196177
2.142483 -4.365406 -0.205937
2.137315 -4.381905 -0.188719
2.159637 -4.391947 -0.193296
2.189093 -4.381828 -0.187810
2.222411 -4.363590 -0.201080
2.238247 -4.351787 -0.183264
2.260678 -4.367096 -0.193412
2.272361 -4.366225 -0.194861
2.277688 -4.377739 -0.197298
2.298850 -4.349336 -0.193848
2.314331 -4.366606 -0.195093
2.321866 -4.368489 -0.207730
2.340845 -4.359399 -0.209019
2.369560 -4.377484 -0.209276
2.394939 -4.366556 -0.193585
2.394109 -4.352888 -0.208413
2.408933 -4.343957 -0.193615
2.423646 -4.371240 -0.191298
2.447525 -4.367945 -0.187596
2.459644 -4.357555 -0.200414
2.462233 -4.354612 -0.197371
2.479199 -4.356900 -0.203494
2.518099 -4.368552 -0.205913
2.539146 -4.364040 -0.202049
2.552125 -4.362924 -0.195708
2.559540 -4.345913 -0.193664
2.586891 -4.349623 -0.185481
2.586086 -4.346174 -0.205878
2.622779 -4.349420 -0.200962
2.641166 -4.352156 -0.215604
2.669251 -4.362933 -0.200132
2.692809 -4.343091 -0.195100
2.699521 -4.364515 -0.194393
2.711439 -4.365076 -0.200612
2.731593 -4.333921 -0.212148
2.741413 -4.343462 -0.192033
2.759110 -4.361285 -0.202583
2.810363 -4.350377 -0.212525
2.797659 -4.350371 -0.197699
2.826531 -4.341849 -0.195250
2.828426 -4.348806 -0.226769
2.844016 -4.340232 -0.209978
2.891843 -4.335135 -0.214562
2.879043 -4.336578 -0.221687
2.914182 -4.332798 -0.215216
2.948781 -4.321473 -0.214860
2.939917 -4.324978 -0.215703
2.947029 -4.357768 -0.208541
2.997310 -4.331111 -0.204404
2.993329 -4.334210 -0.236084
3.025369 -4.329656 -0.217654
3.061424 -4.306182 -0.206999
3.062281 -4.313911 -0.206176
3.088373 -4.334178 -0.216471
3.111179 -4.322349 -0.204876
3.097860 -4.326455 -0.213480
3.146717 -4.333177 -0.212213
3.181814 -4.326175 -0.212901
3.173670 -4.341901 -0.222299
3.206719 -4.314017 -0.218780
3.212579 -4.316649 -0.206040
3.239801 -4.324547 -0.219437
3.266933 -4.302382 -0.223624
3.275624 -4.324589 -0.210451
3.294384 -4.317948 -0.224414
3.328743 -4.315033 -0.214675
3.349939 -4.312786 -0.206372
3.343793 -4.300308 -0.211752
3.386214 -4.322623 -0.226060
3.406777 -4.308074 -0.203610
3.422028 -4.311804 -0.229014
3.456177 -4.319875 -0.234702
3.459886 -4.312377 -0.221857
3.491496 -4.307869 -0.223108
3.505474 -4.332595 -0.221764
3.537118 -4.319914 -0.236899
3.544755 -4.299806 -0.222273
3.561402 -4.327198 -0.230855
3.588880 -4.293139 -0.236297
3.601443 -4.321804 -0.225818
3.653663 -4.293219 -0.221431
3.667041 -4.307212 -0.225775
3.673553 -4.289034 -0.227055
3.701117 -4.308344 -0.235979
3.734504 -4.296639 -0.232065
3.742146 -4.316780 -0.229109
3.773588 -4.310219 -0.219073
3.791379 -4.297130 -0.220666
3.813358 -4.287681 -0.226188
3.821980 -4.287165 -0.237094
3.858057 -4.271430 -0.236926
3.888582 -4.297655 -0.229408
3.911921 -4.280941 -0.222579
3.936022 -4.295643 -0.218354
3.959394 -4.308303 -0.244510
3.992169 -4.286767 -0.240583
3.987334 -4.276884 -0.247540
4.010056 -4.298880 -0.227767
4.058583 -4.295887 -0.247501
4.065651 -4.290882 -0.254985
4.124377 -4.299803 -0.227840
4.113042 -4.284720 -0.232635
4.139877 -4.267687 -0.208560
4.174945 -4.289212 -0.241295
4.198174 -4.263053 -0.261348
4.236835 -4.257726 -0.236983
4.256805 -4.280816 -0.221743
4.287050 -4.266361 -0.251772
4.301970 -4.273954 -0.231948
4.321096 -4.266331 -0.259438
4.350945 -4.269298 -0.254591
4.379604 -4.266167 -0.239194
4.400985 -4.267774 -0.244619
4.417247 -4.270016 -0.258308
4.453063 -4.263740 -0.256740
4.474442 -4.256555 -0.244757
4.492066 -4.287972 -0.240707
4.520091 -4.259230 -0.232532
4.553234 -4.263664 -0.234002
4.567269 -4.263683 -0.246266
4.610502 -4.273082 -0.234887
4.625319 -4.263079 -0.246452
4.658888 -4.268658 -0.259784
4.706949 -4.262478 -0.252405
4.719976 -4.256222 -0.237048
4.756681 -4.243886 -0.251449
4.761805 -4.276923 -0.267493
4.789759 -4.274679 -0.259833
4.835977 -4.240910 -0.259765
4.865103 -4.260563 -0.279403
4.893547 -4.243715 -0.269345
4.903101 -4.250330 -0.241588
4.953061 -4.243122 -0.255545
4.976310 -4.241757 -0.241902
5.016709 -4.250197 -0.259084
5.036686 -4.260582 -0.271763
5.057996 -4.226393 -0.276914
5.102710 -4.244576 -0.248432
5.144576 -4.234594 -0.254484
5.159398 -4.251926 -0.254115
5.186301 -4.233272 -0.267311
5.232326 -4.250083 -0.272648
5.241419 -4.230838 -0.277124
5.294261 -4.224671 -0.247381
5.303263 -4.228060 -0.268446
5.326619 -4.225518 -0.293531
5.396513 -4.224981 -0.273982
5.396191 -4.229838 -0.285006
5.426007 -4.204886 -0.277337
5.480606 -4.224304 -0.271104
5.527142 -4.220514 -0.262986
5.542815 -4.217960 -0.271188
5.588814 -4.212672 -0.268935
5.610041 -4.219975 -0.288172
5.637929 -4.234252 -0.269317
5.682609 -4.210356 -0.283331
5.717301 -4.203208 -0.315709
5.755667 -4.220777 -0.295950
5.787058 -4.192464 -0.291922
5.812564 -4.222183 -0.275070
5.836606 -4.202254 -0.287531
5.909871 -4.207242 -0.290504
5.934386 -4.207753 -0.287486
5.002195 -3.519339 -0.248112
4.995134 -3.502474 -0.231853
4.984262 -3.459743 -0.250760
4.979084 -3.436390 -0.248487
4.958124 -3.386927 -0.231824
4.929496 -3.370879 -0.253813
4.936090 -3.343398 -0.246480
4.912125 -3.302494 -0.229663
4.897317 -3.270945 -0.237126
4.879280 -3.243319 -0.213042
4.874323 -3.221885 -0.241918
4.859666 -3.206243 -0.238017
4.842335 -3.152517 -0.233888
4.850374 -3.131088 -0.234814
4.828293 -3.107095 -0.240062
4.846651 -3.078843 -0.234273
4.818871 -3.045163 -0.222231
4.795229 -3.045258 -0.223523
4.804104 -2.998057 -0.253072
4.835196 -3.002092 -0.213616
4.865448 -3.005802 -0.234718
4.880797 -2.990390 -0.244618
4.893326 -2.977818 -0.222585
4.922732 -2.963367 -0.233599
4.937756 -2.948369 -0.233740
4.960867 -2.951207 -0.237830
4.977456 -2.954315 -0.223491
5.007980 -2.941477 -0.251791
5.032228 -2.941126 -0.246552
5.048323 -2.926663 -0.236341
5.078943 -2.908486 -0.233565
5.113172 -2.904472 -0.224296
5.106813 -2.899528 -0.244633
5.124038 -2.878690 -0.227048
5.155382 -2.868151 -0.233319
5.154894 -2.880350 -0.225072
5.186337 -2.858243 -0.235045
5.204849 -2.857237 -0.221681
5.239940 -2.841695 -0.255274
5.261473 -2.833725 -0.239405
5.294010 -2.836659 -0.238335
5.290343 -2.826746 -0.242777
5.306605 -2.814441 -0.238762
5.326325 -2.793847 -0.251727
7.947379 -4.141218 -0.353094
7.991278 -4.126864 -0.357099
8.047240 -4.139494 -0.361654
8.107862 -4.114645 -0.355152
8.157823 -4.120579 -0.357942
8.206969 -4.100112 -0.373799
8.279078 -4.108401 -0.367692
8.335698 -4.097205 -0.367329
8.390953 -4.110558 -0.365643
8.450716 -4.098999 -0.395582
8.508236 -4.088026 -0.369472
8.573551 -4.103534 -0.377743
8.650209 -4.099374 -0.380331
8.698716 -4.104291 -0.367837
8.756294 -4.075843 -0.377076
8.847342 -4.074337 -0.389926
8.917915 -4.068246 -0.391556
8.952112 -4.076827 -0.381975
9.043054 -4.067404 -0.400260
9.102626 -4.065782 -0.397549
9.175586 -4.048014 -0.410960
9.241475 -4.074364 -0.391215
9.308075 -4.064755 -0.403464
9.383760 -4.052635 -0.418406
9.462615 -4.059433 -0.404718
9.532192 -4.055748 -0.424294
9.591874 -4.060652 -0.414095
9.685699 -4.047314 -0.419977
9.755486 -4.048310 -0.425707
9.833279 -4.018567 -0.427428
9.900871 -4.031571 -0.419735
9.983886 -4.019106 -0.427338
10.074252 -4.028478 -0.427010
10.160371 -4.034984 -0.442373
10.239858 -4.042724 -0.421831
10.320222 -4.016293 -0.440864
10.402102 -4.021560 -0.444763
10.492596 -4.010374 -0.441439
10.588108 -4.029485 -0.464452
10.677723 -4.010412 -0.432811
10.765477 -4.021389 -0.453001
10.850516 -4.005820 -0.476048
10.944986 -3.994692 -0.483888
11.035165 -4.002483 -0.458110
11.139178 -3.997560 -0.478241
11.244459 -3.973890 -0.494408
11.335319 -3.975089 -0.478407
11.446221 -3.964663 -0.504665
11.542027 -3.983748 -0.472615
11.644771 -3.960632 -0.490164
11.744026 -3.957485 -0.496697
11.851265 -3.952774 -0.497768
11.955411 -3.938876 -0.500624
12.064400 -3.938058 -0.498347
8.993567 -2.894038 -0.381976
9.003267 -2.887623 -0.386819
12.411345 -3.941770 -0.515737
12.524024 -3.918267 -0.517004
12.643958 -3.924688 -0.534421
12.763041 -3.921637 -0.541640
12.874377 -3.913931 -0.550308
12.999902 -3.913532 -0.544825
13.149185 -3.904709 -0.552530
13.279517 -3.901876 -0.549746
13.411887 -3.890871 -0.551944
13.539420 -3.875985 -0.559693
13.683804 -3.883931 -0.585775
13.825015 -3.876164 -0.577103
13.961840 -3.871675 -0.585381
14.113461 -3.865848 -0.591694
14.252654 -3.861024 -0.594879
14.413337 -3.861879 -0.598124
14.577619 -3.841680 -0.593692
14.729087 -3.829107 -0.605928
14.818103 -3.823109 -0.610554
14.911427 -3.775666 -0.627342
15.004418 -3.775644 -0.610377
15.083424 -3.749594 -0.632740
15.207713 -3.716016 -0.616822
15.283761 -3.690420 -0.638887
15.391087 -3.669993 -0.626692
15.498807 -3.622831 -0.631171
15.612579 -3.601768 -0.626991
15.713710 -3.583422 -0.630491
15.809331 -3.567457 -0.654916
15.907807 -3.545872 -0.652419
15.996675 -3.508249 -0.653937
16.087862 -3.459937 -0.650083
16.217745 -3.443922 -0.653957
16.313496 -3.411165 -0.673579
16.431555 -3.367002 -0.666001
16.525770 -3.339617 -0.686458
16.649757 -3.310765 -0.658602
14.608210 -2.874261 -0.587035
14.480646 -2.795076 -0.612419
14.416998 -2.732916 -0.590175
14.390972 -2.694432 -0.578597
14.358896 -2.631656 -0.574084
14.375912 -2.583005 -0.594826
14.371705 -2.553644 -0.583492
14.386525 -2.499623 -0.576905
14.406376 -2.442425 -0.599348
14.411244 -2.426687 -0.566283
14.457886 -2.385213 -0.599652
14.513131 -2.336862 -0.593558
14.593348 -2.296662 -0.594476
18.301310 -2.824769 -0.752720
18.434256 -2.788749 -0.749746
18.516161 -2.746668 -0.763004
18.587448 -2.704004 -0.753013
18.659981 -2.659643 -0.755409
18.743221 -2.605114 -0.757350
18.832157 -2.552561 -0.757929
18.905205 -2.526276 -0.745036
18.969717 -2.477871 -0.764630
19.032658 -2.401260 -0.751546
19.132627 -2.373692 -0.778606
19.211920 -2.317169 -0.761966
19.288280 -2.262163 -0.772265
19.364641 -2.225134 -0.788937
19.457710 -2.166525 -0.771061
19.551285 -2.116855 -0.780058
19.626986 -2.033259 -0.782376
19.702955 -1.991312 -0.794600
19.798635 -1.937382 -0.798979
19.901443 -1.889978 -0.793986
19.968281 -1.838371 -0.790755
20.061199 -1.794441 -0.794198
20.143787 -1.738044 -0.816788
20.235645 -1.672809 -0.814393
20.317188 -1.617336 -0.829984
20.397200 -1.562540 -0.816210
20.488012 -1.504182 -0.821516
20.585226 -1.455473 -0.831894
20.684137 -1.386596 -0.815045
20.782114 -1.333874 -0.812680
20.859529 -1.270668 -0.836981
20.973013 -1.223177 -0.837139
21.057669 -1.164848 -0.847004
21.154047 -1.114913 -0.841856
21.261677 -1.046942 -0.848889
21.347849 -1.000104 -0.854761
21.444725 -0.924591 -0.860218
21.562233 -0.857657 -0.868950
21.619730 -0.807284 -0.861156
21.621441 -0.738526 -0.858097
21.653095 -0.658004 -0.874562
21.647076 -0.569920 -0.870712
21.667257 -0.530138 -0.862978
21.695576 -0.473973 -0.870823
21.706837 -0.401160 -0.893092
21.721527 -0.337487 -0.875298
21.748734 -0.263908 -0.882328
21.764256 -0.190790 -0.854545
18.854406 -0.107578 -0.751120
21.792534 -0.068687 -0.877105
21.823126 0.007350 -0.868417
21.830725 0.074865 -0.879735
21.845814 0.128298 -0.872823
21.868662 0.189081 -0.871217
21.882452 0.275785 -0.884647
21.897385 0.328153 -0.879922
21.920090 0.416433 -0.877503
21.933514 0.476100 -0.863136
21.952257 0.543387 -0.886462
21.968285 0.612119 -0.885329
21.983505 0.683823 -0.896942
22.000408 0.753092 -0.890077
22.010685 0.811052 -0.872256
22.038782 0.880141 -0.908879
22.052725 0.964300 -0.883859
22.079828 1.027619 -0.879299
22.087589 1.087690 -0.880573
22.119709 1.153462 -0.877586
19.757566 1.093685 -0.786989
19.752045 1.157061 -0.794358
22.174082 1.377094 -0.895774
22.179049 1.450324 -0.885780
22.199635 1.497872 -0.887200
22.219408 1.574597 -0.899411
22.220716 1.649235 -0.876637
22.246517 1.712391 -0.893530
22.260574 1.777328 -0.880414
22.299191 1.859603 -0.882688
22.312813 1.901391 -0.916143
22.338987 1.994505 -0.897004
22.342936 2.062025 -0.898678
22.343933 2.118647 -0.899660
22.364899 2.196759 -0.898796
22.400772 2.297227 -0.893222
22.414904 2.358021 -0.889774
22.431372 2.421561 -0.915282
22.450737 2.507667 -0.905763
22.449961 2.560655 -0.897170
22.477743 2.625583 -0.921894
22.504454 2.704060 -0.901691
22.507193 2.780119 -0.903385
20.264271 2.562291 -0.821328
24.482317 3.188303 -0.991267
24.487991 3.230242 -0.991628
24.478497 3.317910 -1.006863
24.472626 3.404899 -0.975483
24.452875 3.474981 -0.992166
24.449123 3.538627 -0.998263
24.420580 3.619777 -0.990167
24.433052 3.689011 -0.986539
24.421175 3.787397 -0.998815
24.390738 3.853264 -1.002469
24.382238 3.932200 -0.975634
24.346987 4.003952 -0.985291
24.370058 4.070201 -0.997463
24.367836 4.160503 -0.983084
24.329203 4.220332 -0.987445
21.868149 3.860116 -0.894887
21.856792 3.941561 -0.888710
24.297432 4.445593 -0.992740
24.270185 4.548378 -0.974747
24.266993 4.615986 -0.992674
22.311466 4.285250 -0.915344
24.244308 4.747569 -0.981419
24.233143 4.824546 -0.990552
24.194002 4.902393 -0.974108
24.166492 4.972864 -0.969200
24.188578 5.040932 -0.987841
24.164021 5.126116 -0.999765
24.115322 5.191795 -0.995671
24.126707 5.278302 -0.997196
24.106384 5.340304 -0.980888
24.092316 5.414431 -0.996393
24.073694 5.464558 -0.995082
24.052767 5.573409 -0.969390
24.037420 5.628689 -0.986887
24.011263 5.716105 -0.984459
23.998068 5.790852 -0.999817
23.985718 5.860756 -1.001575
23.955647 5.934374 -0.982513
23.935314 6.024135 -0.985985
23.947899 6.077641 -0.983233
23.899107 6.134127 -0.954781
23.887083 6.242896 -0.975981
23.868158 6.310526 -0.995669
23.859779 6.361757 -0.995667
23.858997 6.459845 -0.991693
23.806446 6.507533 -1.001238
23.798145 6.600156 -0.982814
20.660870 5.789106 -0.856203
20.596653 5.838714 -0.854557
23.725212 6.820214 -0.977952
23.725063 6.871846 -0.983009
23.712631 6.964811 -0.992530
23.662308 7.014268 -0.992450
23.656317 7.112273 -0.985047
23.630981 7.165311 -0.973444
23.586826 7.253379 -0.984052
23.568642 7.327248 -0.984119
23.573833 7.400479 -0.987710
23.536989 7.458650 -0.990295
23.516756 7.541203 -0.968564
23.494076 7.614713 -0.991191
23.477484 7.667621 -0.976517
23.436510 7.738859 -0.996805
23.430521 7.811927 -0.986631
23.395140 7.904297 -0.987720
23.370596 7.967160 -1.000921
23.348280 8.055132 -1.008456
9.808539 3.400887 -0.421735
9.781046 3.427680 -0.413655
9.778120 3.460861 -0.405897
9.768725 3.495627 -0.426379
23.216290 8.408498 -0.987154
23.199451 8.465921 -1.007449
23.161806 8.557090 -0.988954
23.133322 8.615478 -0.990709
23.116461 8.691176 -0.980611
23.086166 8.760353 -0.983906
23.059740 8.831017 -1.001343
20.977205 8.104466 -0.890630
23.023666 8.956935 -0.968553
22.969212 9.011750 -1.001334
22.965401 9.101854 -0.995141
22.115658 8.838801 -0.959658
13.440689 5.423797 -0.570820
13.333024 5.442150 -0.589922
13.216424 5.447080 -0.568668
13.112998 5.420454 -0.577400
12.993158 5.429227 -0.571654
12.872942 5.414733 -0.555016
12.776062 5.427606 -0.538049
12.646190 5.430315 -0.540419
12.556049 5.431865 -0.560520
12.452148 5.433719 -0.537536
12.368671 5.428770 -0.540127
12.246591 5.433510 -0.537823
12.165502 5.426657 -0.520763
12.063925 5.430217 -0.530052
11.964767 5.428102 -0.522807
11.852295 5.447469 -0.508309
11.742358 5.425366 -0.529399
11.679236 5.428253 -0.504088
11.584764 5.450551 -0.499499
11.495016 5.445546 -0.507354
11.397489 5.449948 -0.497052
11.292225 5.433132 -0.494916
11.235114 5.434418 -0.481714
11.135226 5.442588 -0.489085
11.030365 5.442924 -0.484458
10.951332 5.447186 -0.486184
10.880484 5.448884 -0.497283
10.789595 5.440228 -0.493802
10.714349 5.435065 -0.491375
10.635103 5.434446 -0.465942
10.550108 5.445085 -0.494988
10.461249 5.439191 -0.491255
10.406117 5.446743 -0.473330
10.323042 5.440289 -0.462459
10.247445 5.434186 -0.460034
10.161324 5.428634 -0.477753
10.092898 5.430852 -0.457899
10.037195 5.427989 -0.455997
9.975812 5.444184 -0.459689
9.877728 5.442748 -0.444503
6.591093 3.659521 -0.294677
6.510998 3.658975 -0.297588
6.495838 3.645905 -0.316005
6.473105 3.670547 -0.298980
6.462627 3.709561 -0.298147
6.460418 3.718544 -0.321866
6.442633 3.756559 -0.299272
6.485476 3.780787 -0.308227
9.269036 5.437864 -0.425912
9.194758 5.436432 -0.429417
6.463923 3.872329 -0.318602
6.416603 3.851438 -0.295664
6.419782 3.888576 -0.299121
6.386351 3.904929 -0.327183
6.398118 3.899525 -0.311421
6.387568 3.938334 -0.306414
6.387366 3.973862 -0.285770
8.697589 5.446109 -0.429641
8.645084 5.454487 -0.393284
8.594501 5.441036 -0.396707
8.549632 5.446312 -0.402224
8.475841 5.452735 -0.391714
8.434528 5.448722 -0.404177
8.360737 5.454728 -0.413714
8.296901 5.450520 -0.407287
8.274619 5.434829 -0.399387
8.200762 5.445732 -0.395638
8.146125 5.464028 -0.385280
8.103544 5.452909 -0.393141
8.033399 5.450255 -0.389521
7.977718 5.447088 -0.407749
7.935721 5.428676 -0.382524
7.888192 5.442619 -0.386731
7.847547 5.452490 -0.394109
7.778305 5.468219 -0.380036
7.743308 5.459731 -0.372615
7.686468 5.450390 -0.369495
7.628876 5.466412 -0.372398
7.594740 5.447787 -0.382162
7.531897 5.444855 -0.380225
7.494940 5.459427 -0.361112
7.420958 5.477272 -0.358262
7.390661 5.451021 -0.365776
7.348672 5.436333 -0.364822
7.288130 5.438969 -0.377721
7.247107 5.467896 -0.352023
7.186195 5.464505 -0.361152
7.158857 5.464085 -0.362560
7.112293 5.462395 -0.350081
7.057439 5.445511 -0.354221
7.020566 5.445132 -0.360782
6.972713 5.457433 -0.348182
6.950114 5.466555 -0.344743
6.905372 5.471203 -0.343702
6.866218 5.452644 -0.359552
6.810327 5.449335 -0.352787
6.762334 5.460715 -0.337805
6.713759 5.449607 -0.343492
6.696033 5.450919 -0.346920
6.632396 5.471218 -0.362488
6.615934 5.453209 -0.323033
6.546526 5.447491 -0.334857
6.496283 5.458798 -0.352565
6.461601 5.456347 -0.357727
6.447844 5.454447 -0.365747
6.392852 5.452580 -0.335447
6.372579 5.446331 -0.326912
6.307605 5.456719 -0.332389
6.296734 5.459494 -0.333356
6.224316 5.479838 -0.349387
6.201322 5.458829 -0.348389
6.166796 5.458969 -0.350870
6.138980 5.469350 -0.321675
6.076277 5.454362 -0.331488
6.049116 5.462286 -0.337184
6.003063 5.435067 -0.325884
5.984597 5.476269 -0.324468
5.939015 5.451733 -0.312479
5.886024 5.441932 -0.323980
5.865763 5.451113 -0.332584
5.815242 5.446848 -0.318207
5.796581 5.447509 -0.344693
5.761645 5.447590 -0.320836
5.717600 5.445654 -0.319530
5.689663 5.462670 -0.325541
5.645639 5.444483 -0.318846
5.612589 5.465583 -0.313762
5.579934 5.452345 -0.311895
5.530427 5.444530 -0.300726
5.507485 5.442576 -0.326754
5.482328 5.460450 -0.315070
5.473361 5.466372 -0.325080
5.397625 5.451851 -0.301447
5.388770 5.449459 -0.296394
5.351847 5.468313 -0.300207
5.295986 5.452579 -0.287963
5.272766 5.446569 -0.315836
5.253260 5.461772 -0.283869
5.243476 5.454415 -0.296741
5.183236 5.467597 -0.287447
5.165956 5.457472 -0.293615
5.110563 5.439741 -0.290027
5.083933 5.468172 -0.304585
5.055733 5.451987 -0.289708
5.029891 5.445708 -0.299725
5.005269 5.462062 -0.293399
4.960113 5.449056 -0.311158
4.935416 5.445591 -0.289393
4.912209 5.446824 -0.307643
4.863536 5.449955 -0.302738
4.827676 5.446637 -0.313666
4.821809 5.467092 -0.292960
4.794151 5.456143 -0.290661
4.761680 5.456699 -0.276330
4.718039 5.452889 -0.312217
4.706814 5.453522 -0.284886
4.693506 5.450303 -0.282052
4.649235 5.465621 -0.289131
4.596895 5.454022 -0.287654
4.586683 5.435576 -0.271066
4.558301 5.450444 -0.288371
4.532516 5.444101 -0.278361
4.495062 5.447973 -0.289076
4.475316 5.457253 -0.258427
4.442032 5.458593 -0.280589
4.403658 5.479363 -0.274005
4.380702 5.462549 -0.286072
4.373513 5.448843 -0.254476
4.343960 5.450906 -0.278570
4.314507 5.464427 -0.281879
4.257672 5.443552 -0.271013
4.253977 5.468159 -0.267262
4.221814 5.460669 -0.270710
4.193109 5.465182 -0.282130
4.194994 5.467471 -0.273220
4.125499 5.453179 -0.274517
4.120654 5.462031 -0.262065
4.096540 5.465981 -0.285378
4.071825 5.446113 -0.276512
4.045329 5.462908 -0.269392
4.022543 5.446271 -0.271918
3.989600 5.471405 -0.258441
3.951977 5.456485 -0.270781
3.925878 5.457985 -0.260819
3.927362 5.454800 -0.262018
3.896044 5.470286 -0.287418
3.844246 5.460587 -0.263606
3.823895 5.464943 -0.259013
3.813759 5.451333 -0.257446
3.803870 5.453191 -0.256169
3.768828 5.465045 -0.269143
3.732753 5.454538 -0.259284
3.726652 5.436509 -0.243952
3.710187 5.451913 -0.266429
3.673376 5.469906 -0.255590
3.654100 5.468789 -0.243107
3.614274 5.462260 -0.260280
3.611514 5.462692 -0.256670
3.587385 5.461232 -0.258131
3.537920 5.469714 -0.268463
3.517839 5.460290 -0.256188
3.480598 5.461714 -0.265684
3.469325 5.459226 -0.254041
3.450128 5.456031 -0.265433
3.446267 5.463773 -0.276169
3.422185 5.477442 -0.256446
3.369503 5.476062 -0.251652
3.354078 5.469753 -0.272810
3.339646 5.449862 -0.266179
3.324289 5.471663 -0.249003
3.281191 5.449289 -0.250857
3.268377 5.473629 -0.248813
3.245224 5.455737 -0.267511
3.216748 5.457267 -0.259670
3.200622 5.453336 -0.276488
3.186016 5.461824 -0.271847
3.166240 5.455553 -0.260739
3.134207 5.472491 -0.240831
3.104212 5.481980 -0.249715
3.088447 5.470787 -0.237186
3.061404 5.448793 -0.253770
3.046314 5.455702 -0.235764
3.032839 5.461350 -0.250387
2.989620 5.467511 -0.248993
2.987318 5.453722 -0.247128
2.969902 5.460027 -0.246369
2.929808 5.449951 -0.241326
2.906699 5.473999 -0.234634
2.892633 5.445483 -0.268048
2.884449 5.468470 -0.241719
2.848484 5.461829 -0.243872
2.819523 5.471143 -0.251427
2.811339 5.459502 -0.235205
2.782754 5.471348 -0.249081
2.753054 5.473877 -0.252816
2.756656 5.470107 -0.239676
2.724352 5.467786 -0.260957
2.699542 5.462267 -0.253135
2.679789 5.483246 -0.244734
2.657766 5.460687 -0.242008
2.626236 5.457603 -0.250125
2.631022 5.467946 -0.260568
2.593649 5.462106 -0.225584
2.586568 5.451089 -0.236932
2.559857 5.475498 -0.222285
2.539630 5.479167 -0.253837
2.510635 5.464957 -0.233420
2.499944 5.464866 -0.253989
2.459400 5.462861 -0.228846
2.457894 5.454736 -0.238797
2.430411 5.455218 -0.233169
2.415354 5.461364 -0.236646
2.385833 5.470116 -0.230185
2.381773 5.467620 -0.254850
2.332421 5.451158 -0.246173
2.327109 5.472983 -0.235056
2.318727 5.467776 -0.243982
2.280815 5.434917 -0.240837
2.281500 5.471147 -0.235303
2.259990 5.463527 -0.237707
2.240320 5.485363 -0.237513
2.229495 5.484202 -0.241612
2.189540 5.481050 -0.238175
2.174953 5.476373 -0.244249
2.164883 5.475146 -0.233789
2.116396 5.456686 -0.227659
2.115750 5.461944 -0.231452
2.089435 5.476286 -0.238513
2.069153 5.461938 -0.228921
2.053047 5.478804 -0.242091
2.042529 5.462461 -0.226630
2.032320 5.470143 -0.218972
1.996187 5.445726 -0.241605
1.983798 5.446728 -0.229589
1.976937 5.471115 -0.249255
1.961805 5.462214 -0.256048
1.926110 5.441652 -0.232157
1.911825 5.450367 -0.236020
1.893376 5.453663 -0.241102
1.884382 5.458400 -0.221616
1.849500 5.464750 -0.239106
1.831700 5.475564 -0.227231
1.810458 5.479844 -0.245581
1.800490 5.477541 -0.235387
1.774362 5.457975 -0.241336
1.762112 5.455864 -0.226886
1.748978 5.463006 -0.217566
1.719508 5.451196 -0.233206
1.694714 5.462839 -0.215373
1.683048 5.463159 -0.240583
1.660089 5.451444 -0.244430
1.656139 5.459019 -0.238563
1.648232 5.437658 -0.218993
1.600877 5.468563 -0.229819
1.602192 5.474357 -0.237819
1.563615 5.456641 -0.245173
1.547503 5.464751 -0.225705
1.530322 5.457264 -0.226680
1.517460 5.458523 -0.230023
1.516083 5.456209 -0.216899
1.498304 5.456099 -0.217978
1.461627 5.456965 -0.216266
1.466713 5.486973 -0.227095
1.422194 5.478601 -0.239636
1.411163 5.481353 -0.230006
1.389589 5.466863 -0.221421
1.385948 5.462372 -0.228329
1.381754 5.458320 -0.235718
1.341041 5.468952 -0.222093
1.320663 5.472622 -0.224136
1.311667 5.472525 -0.231814
1.277986 5.480753 -0.248448
1.250753 5.487419 -0.228171
1.252868 5.466056 -0.209456
1.231889 5.461305 -0.221703
1.227717 5.452196 -0.215604
1.189982 5.475035 -0.225411
1.187417 5.485437 -0.216164
1.170901 5.461654 -0.220982
1.152814 5.465410 -0.235467
1.136615 5.458823 -0.215996
1.113785 5.467360 -0.214274
1.117361 5.467039 -0.227470
1.080944 5.473831 -0.242951
1.053152 5.458345 -0.217281
1.045608 5.472693 -0.224682
1.032191 5.458638 -0.228394
0.994212 5.466430 -0.225724
0.993828 5.475334 -0.214946
0.957499 5.460340 -0.210085
0.949541 5.476336 -0.227454
0.951039 5.484899 -0.231222
0.913371 5.471325 -0.214724
0.896294 5.453167 -0.214564
0.908430 5.479640 -0.218098
0.881669 5.476500 -0.227524
0.861917 5.482860 -0.229977
0.854102 5.462215 -0.220323
0.803310 5.473399 -0.233783
0.808342 5.489659 -0.215923
0.787601 5.450173 -0.209399
0.767957 5.467651 -0.212533
0.753001 5.479857 -0.216963
0.750359 5.477232 -0.218040
0.706978 5.475512 -0.208355
0.708589 5.468161 -0.210001
0.697983 5.471420 -0.211423
0.671990 5.475463 -0.212160
0.661480 5.489871 -0.220491
0.634204 5.468874 -0.222503
0.601332 5.457541 -0.206983
0.596611 5.458458 -0.222449
0.589493 5.468019 -0.202338
0.562255 5.462840 -0.190997
0.539472 5.474988 -0.219945
0.538977 5.480098 -0.215196
0.514456 5.481659 -0.213772
0.503161 5.474040 -0.205403
0.490927 5.482104 -0.227371
0.456084 5.465983 -0.226414
0.433502 5.472697 -0.217236
0.444838 5.457364 -0.218837
0.396792 5.478968 -0.218394
0.393658 5.474025 -0.231934
0.357596 5.453171 -0.216061
0.367507 5.483103 -0.231715
0.346248 5.475003 -0.225950
0.346199 5.457607 -0.231883
0.297453 5.481987 -0.202062
0.279429 5.468876 -0.225840
0.275155 5.484863 -0.211341
0.265327 5.475613 -0.228475
0.247812 5.483920 -0.216053
0.233766 5.468972 -0.224166
0.211426 5.474132 -0.223913
0.203211 5.488342 -0.211008
0.167547 5.466600 -0.218692
0.169166 5.484597 -0.220224
0.131411 5.455909 -0.200476
0.123568 5.473080 -0.208552
0.120118 5.479987 -0.219271
0.075709 5.460333 -0.218503
0.059000 5.468829 -0.231450
0.062258 5.462441 -0.216614
0.037786 5.472760 -0.220686
0.024422 5.463588 -0.222720
0.022333 5.453082 -0.216978
-0.035343 5.471549 -0.223114
0.024814 -4.464540 -0.131383
0.024580 -4.472376 -0.143406
0.036386 -4.457874 -0.150294
0.048166 -4.460971 -0.136017
0.058107 -4.459969 -0.146777
0.079384 -4.468088 -0.126858
0.101236 -4.465593 -0.126856
0.102564 -4.465887 -0.127315
0.110640 -4.456058 -0.140423
0.144208 -4.477901 -0.158734
0.129068 -4.461728 -0.129741
0.155581 -4.476251 -0.153640
0.172473 -4.447373 -0.157744
0.174490 -4.461033 -0.140047
0.201896 -4.461673 -0.138491
0.199177 -4.454808 -0.154342
0.221750 -4.478454 -0.158445
0.219322 -4.443373 -0.151998
0.246892 -4.461825 -0.117215
0.260358 -4.440952 -0.134428
0.285042 -4.456534 -0.143731
0.284579 -4.453662 -0.139402
0.307674 -4.456577 -0.144182
0.323700 -4.441943 -0.142304
0.326350 -4.452201 -0.139119
0.353709 -4.444596 -0.124384
0.366886 -4.457853 -0.153024
0.387333 -4.450509 -0.122930
0.379572 -4.442389 -0.133961
0.424045 -4.457734 -0.138723
0.426734 -4.448114 -0.149211
0.433133 -4.447410 -0.156622
0.425872 -4.440982 -0.137870
0.465676 -4.458659 -0.144502
0.479510 -4.444424 -0.134666
0.472537 -4.465588 -0.153200
0.505327 -4.441314 -0.149416
0.524841 -4.447454 -0.132398
0.542421 -4.438199 -0.144783
0.534530 -4.438166 -0.150852
0.563066 -4.443694 -0.136881
0.585427 -4.433294 -0.120579
0.575245 -4.446841 -0.138024
0.609031 -4.446707 -0.152485
0.594402 -4.457509 -0.140145
0.608067 -4.442363 -0.140075
0.640599 -4.458081 -0.120234
0.650855 -4.438433 -0.153900
0.669772 -4.439563 -0.131835
0.673107 -4.441123 -0.154354
0.696421 -4.423378 -0.151104
0.701635 -4.428556 -0.119188
0.702587 -4.435094 -0.150137
0.709134 -4.441722 -0.146299
0.747187 -4.425321 -0.132770
0.756815 -4.429876 -0.149532
0.771177 -4.435822 -0.165580
0.791893 -4.419830 -0.144118
0.801850 -4.436631 -0.127907
0.824011 -4.412647 -0.130786
0.830430 -4.433418 -0.140320
0.849822 -4.434653 -0.146907
0.867121 -4.432325 -0.165528
0.873275 -4.435217 -0.133770
0.878325 -4.408952 -0.132002
0.882843 -4.415598 -0.144653
0.925037 -4.452229 -0.152354
0.915186 -4.416255 -0.139052
0.939193 -4.423301 -0.151393
0.958745 -4.416812 -0.139901
0.962927 -4.437660 -0.154641
0.985447 -4.432681 -0.131745
1.007852 -4.429182 -0.153280
1.003532 -4.431695 -0.136189
1.022136 -4.414239 -0.146161
1.052312 -4.422071 -0.143473
1.053962 -4.438226 -0.130586
1.067422 -4.424531 -0.130094
1.087881 -4.417056 -0.146698
1.115699 -4.427032 -0.125234
1.112273 -4.417350 -0.129014
1.131225 -4.418081 -0.162044
1.141799 -4.422991 -0.162771
1.160321 -4.423200 -0.125749
1.189515 -4.419785 -0.142104
1.182464 -4.433517 -0.126785
1.192909 -4.423600 -0.141732
1.217568 -4.415233 -0.134346
1.233469 -4.404251 -0.159838
1.225918 -4.419683 -0.140653
1.252884 -4.408957 -0.151131
1.281889 -4.406191 -0.124889
1.283732 -4.408668 -0.146562
1.307897 -4.399257 -0.150860
1.304982 -4.418168 -0.131227
1.321399 -4.405202 -0.136681
1.355151 -4.420577 -0.136173
1.373045 -4.393387 -0.140970
1.374877 -4.398492 -0.152348
1.379980 -4.408955 -0.133502
1.391906 -4.417083 -0.142901
1.414971 -4.406056 -0.138739
1.435246 -4.408760 -0.157753
1.452377 -4.390725 -0.140468
1.459926 -4.414277 -0.142511
1.467357 -4.411810 -0.157813
1.497188 -4.415002 -0.157752
1.513229 -4.390649 -0.146420
1.531618 -4.404085 -0.138571
1.523988 -4.399073 -0.167697
1.544649 -4.399021 -0.150476
1.581578 -4.418356 -0.144012
1.576829 -4.413945 -0.155820
1.587582 -4.391382 -0.149845
1.612891 -4.403357 -0.151153
1.630407 -4.392384 -0.143314
1.650426 -4.390857 -0.153397
1.654259 -4.394558 -0.148134
1.679743 -4.405046 -0.151649
1.670575 -4.394897 -0.136802
1.706575 -4.393185 -0.149384
1.711472 -4.407200 -0.143688
1.745958 -4.377065 -0.136492
1.764306 -4.405966 -0.146820
1.765449 -4.394748 -0.147136
1.773969 -4.394656 -0.139637
1.774000 -4.397738 -0.146475
1.806366 -4.395211 -0.156605
1.829308 -4.385993 -0.160255
1.869048 -4.390079 -0.148096
1.863092 -4.375838 -0.150146
1.896142 -4.387526 -0.135306
1.880110 -4.387704 -0.152219
1.916464 -4.394988 -0.131222
1.941912 -4.378038 -0.158794
1.941515 -4.373334 -0.140946
1.970768 -4.363947 -0.139587
1.954183 -4.374146 -0.159698
1.987513 -4.378661 -0.142344
1.991333 -4.388903 -0.137466
2.026139 -4.392549 -0.150125
2.025761 -4.371864 -0.165959
2.037378 -4.399486 -0.143867
2.078273 -4.385764 -0.153750
2.079180 -4.375834 -0.156543
2.099584 -4.375769 -0.150228
2.115101 -4.384495 -0.165771
2.120728 -4.365875 -0.136411
2.156338 -4.361578 -0.146434
2.168242 -4.372060 -0.149014
2.179988 -4.370993 -0.155224
2.207482 -4.390039 -0.155411
2.222930 -4.354885 -0.154606
2.240507 -4.372881 -0.154028
2.244977 -4.395089 -0.152208
2.263535 -4.386354 -0.147800
2.282624 -4.380053 -0.166715
2.303436 -4.379668 -0.159099
2.306200 -4.380934 -0.153185
2.316180 -4.352570 -0.144692
2.336141 -4.369983 -0.149528
2.380278 -4.361576 -0.150160
2.386789 -4.384943 -0.170741
2.390246 -4.358438 -0.149215
2.427829 -4.353593 -0.136388
2.427289 -4.367593 -0.148602
2.453886 -4.356597 -0.141376
2.476212 -4.348903 -0.159436
2.474076 -4.350186 -0.157767
2.481858 -4.356875 -0.165984
2.511414 -4.356735 -0.162916
2.531086 -4.369051 -0.154752
2.547843 -4.364637 -0.169926
2.560839 -4.363269 -0.167702
2.573720 -4.360248 -0.157689
2.622860 -4.344836 -0.136161
2.628103 -4.335035 -0.145140
2.647630 -4.347146 -0.149919
2.657619 -4.342185 -0.158884
2.676231 -4.357198 -0.152163
2.689262 -4.343104 -0.153960
2.709071 -4.344289 -0.171915
2.715007 -4.351856 -0.173597
2.744220 -4.342053 -0.154066
2.759573 -4.359376 -0.148612
2.775359 -4.335317 -0.157699
2.815952 -4.346489 -0.150684
2.817369 -4.356761 -0.166112
2.830243 -4.352525 -0.170065
2.879581 -4.331164 -0.167245
2.875022 -4.332525 -0.164152
2.905834 -4.353575 -0.156430
2.895514 -4.335116 -0.147451
2.908070 -4.330053 -0.160515
2.951333 -4.330337 -0.162888
2.959277 -4.329724 -0.154238
2.980639 -4.330125 -0.164658
3.012014 -4.339170 -0.182976
3.023493 -4.323016 -0.182527
3.050879 -4.334445 -0.160039
3.061902 -4.337559 -0.154120
3.069250 -4.329396 -0.151114
3.105042 -4.331679 -0.168453
3.110036 -4.315483 -0.168418
3.140710 -4.337520 -0.183389
3.148507 -4.326938 -0.149957
3.162844 -4.326045 -0.172295
3.189536 -4.320530 -0.149236
3.217633 -4.325496 -0.162259
3.230057 -4.326247 -0.160592
3.266163 -4.332613 -0.177897
3.278576 -4.310283 -0.187873
3.292980 -4.327975 -0.169235
3.315214 -4.308333 -0.170354
3.354278 -4.295143 -0.178322
3.356713 -4.299154 -0.158213
3.388330 -4.306411 -0.165906
3.411849 -4.314063 -0.188161
3.436439 -4.306328 -0.178845
3.441060 -4.300825 -0.164971
3.471480 -4.302361 -0.176908
3.477560 -4.318864 -0.179231
3.494147 -4.306738 -0.170040
3.540574 -4.300565 -0.179159
3.540877 -4.319842 -0.146019
3.557286 -4.303243 -0.171105
3.592432 -4.318623 -0.175947
3.623213 -4.306928 -0.168389
3.628372 -4.305988 -0.185658
3.681004 -4.268384 -0.182367
3.675069 -4.297881 -0.170353
3.706960 -4.302891 -0.175134
3.711633 -4.287152 -0.193633
3.749258 -4.314152 -0.198100
3.783299 -4.304067 -0.194373
3.774466 -4.293680 -0.172915
3.829789 -4.306478 -0.182645
3.855955 -4.282285 -0.176850
3.860114 -4.287986 -0.173628
3.876283 -4.289390 -0.195548
3.917328 -4.261805 -0.187613
3.939821 -4.279016 -0.177702
3.961628 -4.281445 -0.166055
3.980520 -4.294598 -0.179439
4.009319 -4.289935 -0.181346
4.019898 -4.279995 -0.181024
4.055328 -4.297100 -0.170600
4.073361 -4.288368 -0.194175
4.098272 -4.297491 -0.170559
4.120467 -4.281728 -0.193974
4.139494 -4.268874 -0.177425
4.182216 -4.283591 -0.177017
4.181311 -4.292938 -0.178699
4.212596 -4.276611 -0.184120
4.255198 -4.274897 -0.205915
4.264932 -4.282117 -0.184683
4.286232 -4.282382 -0.179553
4.317540 -4.270437 -0.190186
4.337757 -4.275223 -0.195143
4.361810 -4.273554 -0.179748
4.401133 -4.266854 -0.198000
4.421782 -4.267734 -0.192853
4.434128 -4.263283 -0.185331
4.480641 -4.261919 -0.202890
4.510015 -4.283248 -0.178393
4.522412 -4.260108 -0.192824
4.558035 -4.279778 -0.194894
4.584885 -4.255043 -0.177873
4.615005 -4.247460 -0.210660
4.634341 -4.254209 -0.187768
4.661182 -4.272182 -0.196742
4.701725 -4.258806 -0.192229
4.714507 -4.249293 -0.203814
4.738502 -4.244446 -0.213155
4.781322 -4.250845 -0.198742
4.795091 -4.259346 -0.207439
4.806713 -4.250556 -0.197470
4.870656 -4.247949 -0.213555
4.881831 -4.257023 -0.205958
4.910828 -4.239729 -0.187113
4.942693 -4.268456 -0.218521
4.986458 -4.240576 -0.212185
5.011493 -4.241113 -0.209741
5.018350 -4.244386 -0.196647
5.077958 -4.242778 -0.200769
5.103527 -4.231880 -0.206447
5.125080 -4.239275 -0.212351
5.160473 -4.249162 -0.225243
5.192624 -4.237205 -0.209813
5.219380 -4.236368 -0.210664
5.247688 -4.238235 -0.216599
5.281936 -4.249214 -0.212753
5.311567 -4.223726 -0.214005
5.337371 -4.249272 -0.216255
5.382321 -4.238384 -0.207420
5.397260 -4.220001 -0.203273
5.431844 -4.221108 -0.217150
5.468314 -4.221254 -0.217586
5.518437 -4.208911 -0.227238
5.558290 -4.220050 -0.221016
5.571345 -4.220239 -0.217310
5.599902 -4.222439 -0.222553
5.635085 -4.201127 -0.233476
5.669448 -4.202100 -0.221217
5.715886 -4.209209 -0.220434
5.742725 -4.209578 -0.207804
5.781442 -4.217623 -0.231256
5.824972 -4.211225 -0.231699
5.843832 -4.214512 -0.221026
5.883197 -4.195683 -0.237055
5.918156 -4.211792 -0.227318
5.019425 -3.516798 -0.201612
5.009846 -3.490350 -0.169207
4.987987 -3.457620 -0.198682
4.953873 -3.426100 -0.186330
4.953961 -3.415409 -0.183173
4.940586 -3.370272 -0.190740
4.920562 -3.333293 -0.182128
4.922101 -3.344956 -0.181799
4.903105 -3.289159 -0.182150
4.913038 -3.257560 -0.168103
4.891515 -3.214688 -0.178014
4.877499 -3.191414 -0.184525
4.844739 -3.164360 -0.174509
4.840187 -3.128675 -0.172163
4.826195 -3.100019 -0.180554
4.828645 -3.074336 -0.186582
4.784864 -3.070718 -0.188724
4.794680 -3.009803 -0.180067
4.810009 -3.003047 -0.189142
4.841409 -2.986858 -0.175031
4.854465 -2.988576 -0.184085
4.869880 -2.987832 -0.176497
4.925013 -2.990120 -0.187609
4.917994 -2.974568 -0.179740
4.941609 -2.980391 -0.185975
4.951210 -2.954758 -0.182509
4.997626 -2.956972 -0.168976
5.001403 -2.921555 -0.171706
5.016625 -2.925455 -0.176651
5.036365 -2.921110 -0.178834
5.064023 -2.914132 -0.174019
5.093904 -2.900068 -0.190505
5.107489 -2.903999 -0.185580
5.123617 -2.873790 -0.188611
5.136748 -2.878548 -0.178953
5.173141 -2.872850 -0.185707
5.184488 -2.875428 -0.185295
5.214639 -2.870224 -0.187138
5.235445 -2.855575 -0.189658
5.263084 -2.815111 -0.186319
5.294987 -2.819795 -0.186254
5.274078 -2.819488 -0.188614
5.300384 -2.823634 -0.188041
5.336057 -2.782996 -0.183821
7.952792 -4.123323 -0.277343
8.001596 -4.130166 -0.286010
8.045777 -4.105885 -0.258208
8.107343 -4.108268 -0.279339
8.184081 -4.112072 -0.263060
8.246685 -4.108286 -0.280848
8.277976 -4.111887 -0.291363
8.352319 -4.081532 -0.270861
8.400198 -4.099691 -0.309272
8.459661 -4.098926 -0.296431
8.521474 -4.093332 -0.285623
8.585605 -4.106907 -0.311130
8.638388 -4.085943 -0.302475
8.713030 -4.081335 -0.298452
8.752154 -4.072521 -0.300885
8.836359 -4.101155 -0.307887
8.899218 -4.063392 -0.311403
8.964685 -4.084105 -0.310369
9.033542 -4.094865 -0.319579
9.089682 -4.081274 -0.289182
9.187475 -4.051069 -0.326574
9.260077 -4.053589 -0.325447
9.318331 -4.066898 -0.306198
9.393312 -4.074054 -0.317844
9.468261 -4.074218 -0.309835
9.529389 -4.062096 -0.332784
9.609571 -4.059042 -0.327712
9.668981 -4.053328 -0.332910
9.761656 -4.044182 -0.326116
9.837883 -4.033277 -0.334407
9.905245 -4.048233 -0.332930
9.984387 -4.032660 -0.352486
10.070160 -4.034280 -0.339144
10.162237 -4.024779 -0.339749
10.251447 -4.017957 -0.347068
10.303021 -4.034560 -0.347650
10.390221 -4.010727 -0.335660
10.484807 -4.036473 -0.364666
10.569159 -4.021630 -0.327034
10.669569 -4.013572 -0.349975
10.753586 -4.005865 -0.338912
10.844934 -3.993526 -0.363445
10.949097 -3.994993 -0.366310
11.050753 -3.998346 -0.369969
11.134595 -3.989470 -0.377874
11.229458 -4.013812 -0.369868
11.340752 -3.996788 -0.376086
11.420048 -3.976067 -0.383788
11.535278 -3.985442 -0.363403
11.652230 -3.964374 -0.371749
11.722343 -3.963239 -0.391608
11.860851 -3.971065 -0.403372
11.979948 -3.977233 -0.389505
12.064320 -3.946306 -0.399765
8.979712 -2.912368 -0.287739
9.006937 -2.884202 -0.289943
12.406676 -3.938570 -0.410041
12.543083 -3.927403 -0.418199
12.635001 -3.927405 -0.403957
12.774442 -3.918353 -0.391541
12.895031 -3.904528 -0.418252
13.039905 -3.914504 -0.425509
13.152797 -3.916846 -0.427615
13.278063 -3.893047 -0.440999
13.425254 -3.898811 -0.449154
13.559181 -3.893524 -0.425316
13.686213 -3.884211 -0.453593
13.848786 -3.885687 -0.437718
13.975092 -3.880349 -0.444001
14.117402 -3.860694 -0.451325
14.274775 -3.846531 -0.456775
14.414778 -3.864473 -0.468080
14.583407 -3.846602 -0.470041
14.701212 -3.814465 -0.489598
14.809885 -3.811207 -0.463913
14.899928 -3.798106 -0.472662
15.000556 -3.752045 -0.480868
15.109765 -3.736031 -0.486754
15.197214 -3.696556 -0.488373
15.290648 -3.690434 -0.488537
15.396502 -3.652342 -0.487882
15.516885 -3.638403 -0.503709
15.598651 -3.609262 -0.499400
15.722144 -3.586923 -0.487522
15.801024 -3.541562 -0.495220
15.926847 -3.543992 -0.512036
16.026232 -3.510375 -0.524361
16.140524 -3.458326 -0.531476
16.251610 -3.458000 -0.524921
16.347128 -3.418311 -0.539897
16.466536 -3.389189 -0.504591
16.583569 -3.364173 -0.508710
16.701006 -3.335644 -0.528782
14.622661 -2.869867 -0.454616
14.468433 -2.795216 -0.463635
14.423443 -2.740801 -0.477495
14.396779 -2.690459 -0.450294
14.397040 -2.648218 -0.457027
14.354004 -2.584549 -0.471644
14.364631 -2.544920 -0.435199
14.375891 -2.493385 -0.459605
14.410541 -2.460323 -0.467090
14.404324 -2.409181 -0.458828
14.464694 -2.364823 -0.452114
14.513476 -2.345253 -0.453287
14.613412 -2.312337 -0.464542
18.498028 -2.861650 -0.580374
18.567049 -2.811580 -0.593593
18.652246 -2.776019 -0.584952
18.743443 -2.714656 -0.606432
18.802374 -2.680589 -0.582998
18.899960 -2.629252 -0.591782
18.989975 -2.580076 -0.600583
19.071091 -2.537941 -0.607877
19.153563 -2.506711 -0.597890
19.210114 -2.420199 -0.597210
19.317286 -2.378366 -0.627280
19.407116 -2.339035 -0.599556
19.505064 -2.289033 -0.615368
19.578739 -2.241485 -0.601987
19.659405 -2.177786 -0.617900
19.763361 -2.129006 -0.597622
19.825560 -2.071498 -0.616690
19.908148 -2.006003 -0.618651
20.035749 -1.970414 -0.611804
20.107668 -1.915650 -0.633977
20.201105 -1.872356 -0.633271
20.293409 -1.788255 -0.621537
20.370398 -1.767342 -0.645467
20.478500 -1.686502 -0.643525
20.549063 -1.644075 -0.634441
20.646688 -1.576644 -0.644418
20.743511 -1.537097 -0.637728
20.833303 -1.490294 -0.644633
20.916897 -1.405641 -0.644429
21.021479 -1.340678 -0.677836
21.113697 -1.317796 -0.648148
21.231314 -1.235959 -0.679590
21.332241 -1.182537 -0.648480
21.408236 -1.102992 -0.673949
21.483597 -1.071089 -0.660171
21.629009 -0.988881 -0.679653
21.705189 -0.947869 -0.691916
21.755304 -0.869424 -0.688391
21.756090 -0.830139 -0.671850
21.793425 -0.729515 -0.692950
21.791536 -0.656853 -0.683078
21.825155 -0.607257 -0.683097
21.837877 -0.531146 -0.666898
21.829918 -0.481848 -0.674913
21.857609 -0.392904 -0.684236
21.889626 -0.333635 -0.675036
21.905668 -0.305577 -0.694107
21.913229 -0.198587 -0.669362
21.941793 -0.151570 -0.673255
21.949589 -0.070130 -0.688714
21.969164 0.007589 -0.696992
21.988689 0.061783 -0.687037
21.998104 0.144856 -0.678034
22.010248 0.188234 -0.682762
22.038429 0.264918 -0.692136
22.063158 0.335082 -0.695806
22.082611 0.404045 -0.698542
22.079201 0.490926 -0.684333
22.133980 0.544248 -0.689965
22.120770 0.613997 -0.685456
22.142225 0.690856 -0.680944
22.171503 0.744906 -0.687247
22.197298 0.817196 -0.683873
22.189890 0.895933 -0.680434
22.206409 0.965620 -0.700069
22.239790 1.035890 -0.681147
22.237722 1.109286 -0.687713
22.272753 1.150360 -0.690968
22.271524 1.224571 -0.694271
22.289961 1.296982 -0.696582
22.318661 1.363590 -0.685752
22.334335 1.443852 -0.708599
22.361523 1.503282 -0.700928
22.392027 1.579084 -0.716608
22.399393 1.652188 -0.699191
22.413307 1.716550 -0.692637
22.425274 1.803254 -0.689360
22.451246 1.885213 -0.710943
22.467474 1.928707 -0.704222
22.482637 2.021305 -0.711412
22.502968 2.078815 -0.711933
22.524588 2.145877 -0.716009
22.525452 2.210187 -0.713303
22.541264 2.308380 -0.703362
22.577656 2.349161 -0.702069
22.586185 2.444790 -0.734709
22.610994 2.506251 -0.703821
22.640419 2.560013 -0.712510
22.644257 2.633468 -0.698451
22.662910 2.711543 -0.707880
22.682152 2.795110 -0.718513
30.422304 3.847893 -0.968683
30.468836 3.940503 -0.963653
30.572624 4.063215 -0.950043
30.535402 4.134388 -0.965839
30.530716 4.239852 -0.945702
30.498289 4.339841 -0.960486
30.501467 4.413718 -0.983595
30.472794 4.528164 -0.962834
30.457100 4.613726 -0.950701
30.444973 4.702998 -0.956587
30.430288 4.817941 -0.962017
30.410822 4.897617 -0.980128
30.401531 4.998960 -0.945338
30.384949 5.101832 -0.958497
30.361095 5.175472 -0.959298
30.350927 5.276957 -0.962045
21.867523 3.870924 -0.684491
21.876390 3.925029 -0.686598
30.300350 5.551105 -0.963628
30.265354 5.653576 -0.949455
30.267637 5.721405 -0.949392
22.181330 4.286401 -0.699885
22.300541 4.369957 -0.706139
30.222181 5.997998 -0.961585
30.212517 6.117222 -0.958277
30.186346 6.227867 -0.978039
30.154451 6.294806 -0.948500
30.146341 6.380602 -0.958625
30.103437 6.484156 -0.945552
30.102945 6.574282 -0.949411
30.080858 6.672287 -0.949378
30.064707 6.762269 -0.949391
30.048182 6.857533 -0.954860
30.006966 6.940854 -0.952191
30.003151 7.033346 -0.983216
29.972572 7.128916 -0.952895
29.950130 7.221210 -0.955120
29.936333 7.293846 -0.973111
29.904604 7.384010 -0.965903
29.886795 7.503510 -0.966443
29.867107 7.587696 -0.980806
29.847862 7.669500 -0.951484
29.828960 7.784177 -0.971856
29.797312 7.869297 -0.946118
29.768574 7.966201 -0.954842
29.748615 8.052465 -0.956726
29.719820 8.132999 -0.973438
29.683104 8.241218 -0.971682
29.663559 8.304957 -0.941423
29.626495 8.413240 -0.958597
29.612146 8.491915 -0.965694
29.611954 8.574532 -0.970846
29.569683 8.690120 -0.944558
29.524406 8.782435 -0.963462
29.508160 8.858479 -0.958343
29.475599 8.960702 -0.959609
29.466284 9.031694 -0.960136
29.429108 9.120189 -0.955323
8.502281 2.679545 -0.293939
8.494442 2.694968 -0.280396
8.491130 2.730438 -0.272832
8.453375 2.739179 -0.288362
8.445279 2.771276 -0.273092
8.427816 2.812763 -0.278058
8.407049 2.802649 -0.284707
8.402582 2.822064 -0.279939
8.409544 2.859716 -0.275919
11.311152 3.902351 -0.373429
9.810637 3.410448 -0.329282
9.796426 3.455631 -0.318592
9.779964 3.465680 -0.314495
9.758375 3.482147 -0.333949
11.241909 4.057560 -0.372151
11.224590 4.099064 -0.387868
11.202959 4.154051 -0.375685
11.173099 4.157139 -0.370552
11.166867 4.203272 -0.371319
11.155540 4.245202 -0.349657
11.140858 4.256769 -0.339371
11.137614 4.287554 -0.364528
28.713688 11.187336 -0.968307
28.678391 11.282940 -0.964622
28.635950 11.374971 -0.948858
22.142750 8.860814 -0.747972
13.460047 5.433955 -0.457923
13.354384 5.437737 -0.456271
13.220054 5.429920 -0.449508
13.114655 5.445743 -0.453035
12.985817 5.430170 -0.437426
12.883883 5.432424 -0.445719
12.777666 5.442340 -0.431602
12.674823 5.454483 -0.422070
12.551994 5.422420 -0.440317
12.442785 5.433061 -0.413672
12.362779 5.421839 -0.418066
12.246243 5.442379 -0.411483
12.154931 5.423808 -0.408010
12.045197 5.433430 -0.417876
11.958208 5.435777 -0.400575
11.871345 5.447413 -0.412556
11.765880 5.427349 -0.404724
11.666906 5.432965 -0.377549
11.586474 5.429027 -0.396041
11.482009 5.430724 -0.395634
11.403224 5.432169 -0.388644
11.306833 5.422153 -0.399262
11.218987 5.436850 -0.383883
11.137649 5.426244 -0.390061
11.051987 5.436792 -0.380950
10.959892 5.432803 -0.377625
10.882730 5.464474 -0.371422
10.777090 5.426572 -0.382524
10.729224 5.429819 -0.348327
10.634491 5.454687 -0.349373
10.550782 5.435485 -0.359279
10.471150 5.447953 -0.371642
10.400992 5.437751 -0.381559
10.317024 5.447192 -0.369511
10.252436 5.439328 -0.342310
10.181821 5.433728 -0.368934
10.099633 5.452537 -0.341192
10.021969 5.449022 -0.366096
9.966469 5.428935 -0.352376
6.548506 3.586338 -0.222773
6.580558 3.655187 -0.245429
6.537163 3.640560 -0.223421
6.495274 3.667539 -0.237303
6.476243 3.669448 -0.226130
6.464386 3.692518 -0.229644
6.444114 3.712069 -0.219751
6.463004 3.728155 -0.241270
6.448442 3.778198 -0.225229
9.272807 5.434224 -0.331327
6.493023 3.848705 -0.245639
6.432365 3.839386 -0.252463
6.421704 3.847889 -0.246253
6.391304 3.879214 -0.231538
6.389041 3.871423 -0.241672
6.368022 3.904541 -0.228262
6.370975 3.938151 -0.232463
6.395664 3.986120 -0.243414
6.421807 3.996688 -0.240147
6.357642 3.997295 -0.211773
8.584463 5.450456 -0.307902
8.531824 5.434755 -0.338508
8.481976 5.442593 -0.322359
8.436201 5.446216 -0.332078
8.363544 5.443161 -0.298296
8.321921 5.444070 -0.301323
8.263729 5.449341 -0.315046
8.198833 5.454702 -0.304960
8.155152 5.475342 -0.304770
8.100460 5.445456 -0.301898
8.031896 5.460903 -0.285854
8.002405 5.459323 -0.286262
7.923474 5.447322 -0.286539
7.862422 5.460438 -0.284176
7.824723 5.457238 -0.305704
7.774306 5.460125 -0.299510
7.729234 5.442208 -0.293337
7.691250 5.457041 -0.309828
7.625968 5.452874 -0.311211
7.571013 5.452918 -0.292706
7.530404 5.468668 -0.289418
7.487299 5.463681 -0.278745
7.428175 5.446304 -0.288838
7.391932 5.454030 -0.290634
7.329923 5.472364 -0.286439
7.299685 5.447502 -0.307795
7.248866 5.466859 -0.295475
7.208219 5.451963 -0.266666
7.173538 5.443124 -0.274809
7.125462 5.457619 -0.278097
7.072268 5.454753 -0.286314
7.013095 5.429966 -0.268324
6.974965 5.440246 -0.281099
6.930722 5.452103 -0.275922
6.887051 5.457403 -0.278442
6.835717 5.462734 -0.283280
6.811890 5.450734 -0.264864
6.772079 5.456437 -0.265586
6.707231 5.463298 -0.269382
6.674134 5.450070 -0.264957
6.619518 5.468143 -0.275042
6.588176 5.443178 -0.252308
6.549266 5.453542 -0.266480
6.498596 5.473039 -0.269323
6.487449 5.461823 -0.252285
6.437927 5.457348 -0.274081
6.396062 5.466601 -0.266623
6.341197 5.447631 -0.250842
6.332894 5.460114 -0.261090
6.277079 5.456367 -0.268071
6.245852 5.445904 -0.248905
6.204945 5.473666 -0.259287
6.172884 5.430606 -0.246403
6.144710 5.457071 -0.245618
6.090941 5.453718 -0.255874
6.052411 5.451115 -0.258245
5.990867 5.446394 -0.251515
5.974987 5.436751 -0.254892
5.922049 5.433804 -0.230742
5.912922 5.462426 -0.237441
5.864435 5.469678 -0.252183
5.821636 5.437033 -0.235393
5.778855 5.436431 -0.258978
5.743341 5.455931 -0.239644
5.713760 5.447837 -0.261853
5.685176 5.435043 -0.259981
5.644549 5.444167 -0.224155
5.626537 5.462916 -0.222919
5.589339 5.459996 -0.244032
5.546979 5.463140 -0.241171
5.523516 5.438242 -0.245904
5.465359 5.436938 -0.234335
5.427629 5.462551 -0.248714
5.423987 5.445807 -0.233637
5.379622 5.460033 -0.231903
5.338454 5.468349 -0.226153
5.324915 5.454651 -0.232178
5.273920 5.460458 -0.249578
5.258295 5.461310 -0.243710
5.216266 5.454040 -0.227232
5.159271 5.448368 -0.225831
5.147792 5.452905 -0.215018
5.118299 5.445396 -0.227401
5.089270 5.452120 -0.224553
5.056498 5.457613 -0.237323
5.050926 5.456612 -0.230580
4.999716 5.466089 -0.231340
4.965892 5.452913 -0.222599
4.942427 5.441493 -0.243610
4.910522 5.447150 -0.229956
4.880379 5.468016 -0.209353
4.847737 5.457095 -0.231066
4.817387 5.448767 -0.219409
4.776411 5.440953 -0.243293
4.757037 5.452698 -0.233096
4.731625 5.468421 -0.219189
4.701488 5.462667 -0.225527
4.667340 5.464290 -0.223615
4.640307 5.449426 -0.219840
4.592663 5.441912 -0.241076
4.568088 5.457233 -0.217991
4.551672 5.452625 -0.227040
4.527009 5.455824 -0.217999
4.485965 5.445957 -0.222996
4.486639 5.467209 -0.218012
4.455639 5.469908 -0.214368
4.412486 5.468675 -0.226050
4.387318 5.460216 -0.214043
4.336370 5.475778 -0.211422
4.333567 5.452186 -0.206757
4.296568 5.448525 -0.216508
4.276066 5.451437 -0.219788
4.237115 5.445573 -0.208988
4.230430 5.449458 -0.214228
4.190354 5.456368 -0.224717
4.177870 5.465019 -0.205633
4.155937 5.449780 -0.230457
4.120062 5.440762 -0.206053
4.103723 5.473828 -0.223015
4.056288 5.470476 -0.201079
4.061952 5.470330 -0.216178
4.023660 5.465042 -0.198127
3.991162 5.451972 -0.200196
3.960686 5.460462 -0.210500
3.933723 5.447196 -0.216554
3.906678 5.457019 -0.219365
3.885829 5.464014 -0.197956
3.874985 5.455287 -0.204929
3.837553 5.473965 -0.203757
3.807875 5.451774 -0.206065
3.799589 5.457147 -0.201497
3.742269 5.471305 -0.209835
3.748846 5.470654 -0.191844
3.719530 5.449122 -0.231921
3.693664 5.450500 -0.206821
3.672779 5.459617 -0.222211
3.630659 5.463073 -0.197134
3.609131 5.458668 -0.208778
3.578587 5.466816 -0.184293
3.571860 5.483721 -0.195945
3.536480 5.461364 -0.198617
3.521712 5.466671 -0.186582
3.504631 5.451141 -0.212693
3.482132 5.484702 -0.212085
3.468040 5.456646 -0.195576
3.430962 5.460742 -0.226588
3.396223 5.462041 -0.200018
3.388483 5.454630 -0.210167
3.361433 5.479561 -0.212231
3.346156 5.446883 -0.189312
3.318531 5.456196 -0.197334
3.280175 5.459877 -0.196610
3.278317 5.462318 -0.209472
3.235198 5.473203 -0.206201
3.237378 5.466964 -0.203862
3.219375 5.465299 -0.197646
3.177964 5.464003 -0.203156
3.147600 5.457702 -0.198990
3.130883 5.446182 -0.183198
3.090576 5.458911 -0.188014
3.077417 5.472070 -0.202398
3.079121 5.466429 -0.186365
3.041951 5.467620 -0.183355
3.026544 5.469236 -0.203136
2.970140 5.463905 -0.189949
2.975368 5.442457 -0.203821
2.950777 5.473890 -0.186868
2.942647 5.451171 -0.193910
2.922564 5.460810 -0.170800
2.874735 5.458420 -0.188025
2.861297 5.451475 -0.181018
2.829379 5.480410 -0.196769
2.807596 5.462692 -0.184152
2.813743 5.450598 -0.210339
2.781954 5.448546 -0.194317
2.759172 5.467829 -0.194404
2.730600 5.449472 -0.202136
2.729664 5.459110 -0.185544
2.708289 5.469050 -0.177701
2.685162 5.480598 -0.196476
2.663858 5.447393 -0.191380
2.632190 5.474282 -0.169731
2.621346 5.470684 -0.191342
2.606049 5.468649 -0.195057
2.589404 5.450336 -0.179824
2.569668 5.447227 -0.191071
2.538725 5.469028 -0.178366
2.515685 5.463669 -0.199072
2.499081 5.472053 -0.185286
2.469275 5.454849 -0.211689
2.451694 5.463980 -0.198421
2.426625 5.461071 -0.202417
2.416074 5.468546 -0.189927
2.391228 5.468890 -0.186924
2.370535 5.463974 -0.191043
2.362819 5.460819 -0.188454
2.330713 5.455423 -0.194153
2.311632 5.475585 -0.171402
2.297334 5.451684 -0.186041
2.270548 5.461655 -0.185208
2.249069 5.466448 -0.201943
2.235511 5.463744 -0.205032
2.215177 5.451581 -0.173526
2.204523 5.459887 -0.187764
2.174854 5.480004 -0.179924
2.141161 5.468216 -0.179545
2.150717 5.475708 -0.195332
2.132661 5.452260 -0.178119
2.090370 5.452728 -0.178557
2.090418 5.457088 -0.203150
2.052738 5.458082 -0.185938
2.045630 5.472555 -0.180748
2.029512 5.493938 -0.190634
2.006508 5.452971 -0.184489
1.990894 5.467151 -0.184238
1.989172 5.482693 -0.202522
1.940984 5.473277 -0.178619
1.917355 5.466592 -0.174725
1.909290 5.459066 -0.174418
1.887748 5.467903 -0.195224
1.860170 5.454938 -0.186405
1.860746 5.453560 -0.167796
1.822744 5.465326 -0.173233
1.822370 5.474984 -0.171746
1.810666 5.477067 -0.187845
1.772921 5.474505 -0.165466
1.757393 5.487659 -0.178112
1.734752 5.484102 -0.187016
1.715372 5.485651 -0.180505
1.711471 5.479282 -0.178151
1.710463 5.453207 -0.179822
1.673803 5.473222 -0.165658
1.647896 5.466784 -0.182881
1.650059 5.476222 -0.182728
1.627625 5.459486 -0.170061
1.600660 5.479549 -0.178736
1.570726 5.475118 -0.168815
1.560791 5.462142 -0.191479
1.547925 5.464567 -0.179798
1.514895 5.464215 -0.178394
1.494873 5.468709 -0.164057
1.486800 5.474550 -0.190555
1.477815 5.456171 -0.183718
1.473338 5.485263 -0.172894
1.445152 5.471823 -0.187246
1.423082 5.456620 -0.169308
1.385712 5.478337 -0.178209
1.372166 5.461078 -0.171722
1.380619 5.467371 -0.166928
1.329689 5.472879 -0.165068
1.332451 5.467824 -0.170290
1.317584 5.464127 -0.164077
1.272543 5.457311 -0.169121
1.270089 5.489048 -0.180931
1.237883 5.461998 -0.182877
1.233261 5.462104 -0.172325
1.211483 5.465319 -0.188099
1.193064 5.475076 -0.182355
1.174784 5.466117 -0.181071
1.173162 5.472566 -0.173355
1.141586 5.468741 -0.167757
1.131000 5.466713 -0.176093
1.118201 5.459232 -0.186484
1.083723 5.461396 -0.175602
1.093822 5.457009 -0.156567
1.067192 5.470245 -0.167207
1.043740 5.464256 -0.170271
1.017967 5.476814 -0.176464
1.011823 5.480862 -0.158237
0.976914 5.468124 -0.180260
0.974159 5.470070 -0.165595
0.966961 5.468626 -0.176067
0.938400 5.472269 -0.177739
0.909512 5.480903 -0.172727
0.896961 5.471693 -0.163093
0.891668 5.455604 -0.178495
0.873452 5.464684 -0.172888
0.840220 5.461943 -0.177861
0.834778 5.459706 -0.176796
0.806636 5.482643 -0.152295
0.801790 5.459128 -0.182505
0.792955 5.478826 -0.165085
0.756822 5.472370 -0.165423
0.763058 5.459268 -0.150776
0.732970 5.477342 -0.167433
0.733035 5.471491 -0.168356
0.704955 5.467318 -0.183917
0.683254 5.455043 -0.166383
0.674586 5.466698 -0.188456
0.656073 5.453255 -0.189279
0.627083 5.473391 -0.177227
0.635867 5.477851 -0.165781
0.612661 5.463449 -0.161585
0.586966 5.458265 -0.172674
0.573806 5.459238 -0.160219
0.548066 5.473226 -0.162252
0.526464 5.459656 -0.175778
0.517199 5.467400 -0.187713
0.498604 5.473041 -0.173114
0.479831 5.461751 -0.177072
0.458813 5.465906 -0.171414
0.434052 5.475259 -0.195794
0.436746 5.486167 -0.178351
0.421822 5.481625 -0.180505
0.389395 5.475651 -0.168686
0.381927 5.477217 -0.176688
0.353267 5.459768 -0.146176
0.336270 5.459751 -0.178666
0.333500 5.466079 -0.152529
0.307424 5.473438 -0.173160
0.293927 5.480092 -0.176690
0.276435 5.465086 -0.176573
0.271219 5.467742 -0.156226
0.233716 5.487328 -0.177432
0.211510 5.482712 -0.183163
0.207826 5.471654 -0.167994
0.189827 5.464462 -0.184833
0.193564 5.478218 -0.173987
0.178723 5.474784 -0.178825
0.144787 5.479067 -0.169795
0.116267 5.475468 -0.166847
0.107414 5.471251 -0.183847
0.082265 5.471363 -0.149816
0.071387 5.465620 -0.151487
0.066666 5.465915 -0.174037
0.027900 5.467639 -0.167538
0.023725 5.463029 -0.178871
0.010459 5.474846 -0.186995
-0.013751 5.473603 -0.172614
0.004872 -4.480114 -0.105450
-0.000106 -4.467498 -0.095457
0.037252 -4.456748 -0.098254
0.049113 -4.477299 -0.080566
0.069511 -4.456520 -0.092243
0.067817 -4.444155 -0.089364
0.107369 -4.461350 -0.102407
0.112535 -4.456002 -0.096300
0.126696 -4.466821 -0.106226
0.125402 -4.462113 -0.094227
0.145076 -4.455700 -0.111328
0.160487 -4.451028 -0.101330
0.178301 -4.448584 -0.090237
0.187016 -4.469556 -0.080370
0.183347 -4.457647 -0.100724
0.233205 -4.443387 -0.100801
0.217440 -4.460890 -0.104911
0.234599 -4.453675 -0.107474
0.260655 -4.443793 -0.095516
0.261165 -4.458943 -0.091483
0.292232 -4.439151 -0.106174
0.292700 -4.460657 -0.102111
0.304731 -4.467202 -0.103112
0.319395 -4.450202 -0.098033
0.321056 -4.446556 -0.098025
0.345647 -4.465057 -0.102127
0.339180 -4.474246 -0.091264
0.373960 -4.447436 -0.088803
0.398097 -4.452286 -0.113561
0.401892 -4.445997 -0.099860
0.412989 -4.459305 -0.098258
0.440495 -4.437265 -0.102146
0.454370 -4.468243 -0.110584
0.477330 -4.436438 -0.084217
0.466538 -4.445262 -0.104513
0.496527 -4.451428 -0.106353
0.516023 -4.441061 -0.102660
0.508401 -4.438412 -0.090893
0.525176 -4.455845 -0.092419
0.533328 -4.438225 -0.105059
0.548030 -4.439000 -0.089470
0.570140 -4.444351 -0.097083
0.602394 -4.430644 -0.095025
0.580660 -4.434269 -0.097838
0.615168 -4.426293 -0.103395
0.624952 -4.422736 -0.110278
0.632219 -4.446483 -0.108162
0.654148 -4.438016 -0.098118
0.674480 -4.448994 -0.092407
0.676457 -4.456048 -0.101621
0.679623 -4.428850 -0.095467
0.708039 -4.435117 -0.109422
0.733027 -4.432008 -0.103137
0.729398 -4.445724 -0.125997
0.748207 -4.430821 -0.098312
0.765344 -4.445934 -0.089572
0.778922 -4.411082 -0.106343
0.781789 -4.437552 -0.101399
0.786275 -4.425385 -0.099580
0.817294 -4.415507 -0.086444
0.835503 -4.418092 -0.109534
0.845653 -4.424789 -0.101096
0.842806 -4.429825 -0.109072
0.868210 -4.424579 -0.093174
0.884585 -4.426842 -0.104169
0.907677 -4.436627 -0.108003
0.917196 -4.438520 -0.093690
0.919329 -4.412975 -0.116584
0.970085 -4.412322 -0.108996
0.949217 -4.421602 -0.094376
0.967905 -4.408398 -0.115389
0.985531 -4.422184 -0.098514
1.001871 -4.429121 -0.112704
1.015591 -4.422142 -0.096490
1.013793 -4.429932 -0.080826
1.030579 -4.416110 -0.106591
1.068521 -4.416398 -0.112336
1.062408 -4.404971 -0.103684
1.073517 -4.428597 -0.108020
1.100622 -4.414104 -0.089100
1.113389 -4.423631 -0.116865
1.142591 -4.430032 -0.096378
1.137923 -4.415380 -0.076096
1.152625 -4.410294 -0.088974
1.169069 -4.415971 -0.116967
1.175530 -4.422147 -0.092842
1.208081 -4.413292 -0.100417
1.210836 -4.407795 -0.118632
1.213193 -4.418873 -0.103716
1.249686 -4.413632 -0.111295
1.244541 -4.410222 -0.109822
1.273759 -4.389714 -0.096013
1.282073 -4.425552 -0.089205
1.305454 -4.412143 -0.112982
1.311482 -4.408257 -0.105267
1.341489 -4.415950 -0.093281
1.343107 -4.424321 -0.098039
1.360461 -4.404389 -0.110244
1.380836 -4.416110 -0.105561
1.396189 -4.421504 -0.107934
1.391228 -4.394012 -0.100423
1.416215 -4.409788 -0.102560
1.442870 -4.400473 -0.115520
1.451485 -4.390385 -0.107748
1.446366 -4.404418 -0.103270
1.492990 -4.397593 -0.107089
1.496787 -4.404091 -0.111554
1.503062 -4.412996 -0.108117
1.528777 -4.408510 -0.097870
1.542669 -4.402816 -0.111274
1.560569 -4.397410 -0.110029
1.585463 -4.389175 -0.110151
1.570511 -4.398207 -0.103202
1.600405 -4.383533 -0.113049
1.625825 -4.395891 -0.096467
1.627856 -4.401633 -0.114246
1.663963 -4.403717 -0.113225
1.660317 -4.401281 -0.111314
1.671101 -4.402595 -0.108604
1.690049 -4.387977 -0.119753
1.689985 -4.352876 -0.105622
1.703200 -4.411278 -0.121579
1.754594 -4.390011 -0.116328
1.760155 -4.411196 -0.110371
1.766045 -4.389051 -0.090282
1.768929 -4.403378 -0.106943
1.800162 -4.385744 -0.117836
1.826563 -4.395843 -0.122851
1.830365 -4.395298 -0.107360
1.848151 -4.384709 -0.109977
1.869353 -4.396388 -0.092169
1.867828 -4.381510 -0.104631
1.890443 -4.391950 -0.096939
1.901662 -4.393315 -0.111623
1.924973 -4.392399 -0.101059
1.952433 -4.387004 -0.106771
1.939418 -4.385824 -0.091328
1.976714 -4.373950 -0.114559
1.997274 -4.375956 -0.107281
2.003971 -4.384614 -0.100872
2.017634 -4.378492 -0.098814
2.026158 -4.382076 -0.103081
2.056691 -4.376942 -0.106037
2.086151 -4.380276 -0.119711
2.070955 -4.372681 -0.117115
2.118357 -4.368140 -0.084091
2.120862 -4.375996 -0.094670
2.127769 -4.374551 -0.114563
2.144356 -4.377196 -0.121683
2.166388 -4.386928 -0.115500
2.186295 -4.381633 -0.094007
2.191225 -4.374703 -0.113103
2.230408 -4.379662 -0.118510
2.238645 -4.364263 -0.117739
2.244188 -4.382083 -0.102329
2.266917 -4.361851 -0.122611
2.262933 -4.367294 -0.122937
2.282689 -4.358288 -0.106145
2.312272 -4.366265 -0.123099
2.341609 -4.391300 -0.094915
2.336713 -4.380190 -0.107536
2.352730 -4.386210 -0.102481
2.382830 -4.368577 -0.119173
2.385829 -4.348594 -0.099249
2.423882 -4.350795 -0.128896
2.429384 -4.376167 -0.093609
2.442406 -4.359666 -0.124557
2.469239 -4.366519 -0.112226
2.486679 -4.360475 -0.129866
2.503301 -4.351757 -0.129788
2.503466 -4.371138 -0.106789
2.539432 -4.347238 -0.123989
2.534835 -4.362770 -0.113798
2.570027 -4.348234 -0.104961
2.599193 -4.346989 -0.113896
2.615192 -4.363844 -0.118071
2.625026 -4.348078 -0.116174
2.628590 -4.347548 -0.114017
2.673227 -4.348078 -0.098017
2.671128 -4.340230 -0.112353
2.671676 -4.363703 -0.111731
2.719676 -4.349468 -0.118447
2.716833 -4.354317 -0.108701
2.737377 -4.355769 -0.104809
2.752546 -4.328799 -0.108804
2.782010 -4.348829 -0.111979
2.802025 -4.348568 -0.104612
2.809304 -4.336568 -0.121323
2.845936 -4.341528 -0.110591
2.859639 -4.337860 -0.113271
2.871553 -4.330011 -0.114248
2.881928 -4.342461 -0.101451
2.902729 -4.346587 -0.118311
2.936996 -4.357230 -0.109622
2.942441 -4.345037 -0.137162
2.984465 -4.362776 -0.119475
2.981431 -4.348592 -0.120234
3.018088 -4.314606 -0.114794
3.031595 -4.333798 -0.112219
3.037608 -4.325649 -0.098670
3.057347 -4.333586 -0.120299
3.079772 -4.330211 -0.123495
3.112035 -4.314081 -0.122934
3.113332 -4.337885 -0.111174
3.147324 -4.336290 -0.109963
3.168226 -4.321508 -0.115776
3.198226 -4.321180 -0.122544
3.204073 -4.306530 -0.115389
3.218459 -4.328124 -0.136483
3.249329 -4.306233 -0.100184
3.250369 -4.328016 -0.124509
3.287313 -4.311850 -0.112200
3.312315 -4.334120 -0.115570
3.312522 -4.306822 -0.132265
3.340028 -4.327673 -0.120491
3.364168 -4.320819 -0.115473
3.380354 -4.317120 -0.103360
3.410327 -4.306438 -0.123533
3.422669 -4.300280 -0.110519
3.449455 -4.317019 -0.144314
3.462279 -4.308013 -0.133213
3.479440 -4.305769 -0.105917
3.503718 -4.278765 -0.135466
3.519485 -4.312268 -0.137265
3.550097 -4.303326 -0.137423
3.572950 -4.298758 -0.144544
3.598978 -4.302401 -0.119626
3.610772 -4.316586 -0.123536
3.637131 -4.312931 -0.121500
3.677869 -4.294456 -0.134848
3.666519 -4.301003 -0.112882
3.720216 -4.291292 -0.123716
3.749327 -4.302347 -0.129424
3.739336 -4.279572 -0.094812
3.767015 -4.294069 -0.129922
3.796314 -4.295815 -0.117512
3.805505 -4.281517 -0.131051
3.846665 -4.287278 -0.144210
3.851520 -4.280033 -0.117846
3.885585 -4.293722 -0.127098
3.912749 -4.267736 -0.122252
3.943812 -4.307652 -0.139014
3.945137 -4.295645 -0.146616
3.962342 -4.277440 -0.117137
4.010700 -4.275552 -0.113051
4.029483 -4.290678 -0.126088
4.067234 -4.294563 -0.120349
4.061410 -4.283618 -0.123039
4.089780 -4.286198 -0.124570
4.121660 -4.285358 -0.126957
4.153882 -4.292669 -0.137339
4.166481 -4.296525 -0.142959
4.177691 -4.273674 -0.126203
4.218108 -4.285089 -0.125347
4.241119 -4.269207 -0.134013
4.252284 -4.272081 -0.131808
4.303905 -4.279634 -0.129997
4.309425 -4.262567 -0.129517
4.356040 -4.273634 -0.137827
4.353407 -4.264685 -0.135931
4.417955 -4.258454 -0.120997
4.416022 -4.271536 -0.147235
4.436018 -4.248662 -0.133511
4.468387 -4.260381 -0.144573
4.509588 -4.262613 -0.118617
4.518651 -4.248136 -0.133875
4.567584 -4.283211 -0.124653
4.579625 -4.245090 -0.134091
4.607129 -4.263885 -0.132685
4.643909 -4.271990 -0.158402
4.667175 -4.259320 -0.132754
4.708102 -4.240823 -0.140268
4.727612 -4.268532 -0.163014
4.745580 -4.261190 -0.141187
4.767811 -4.254992 -0.146104
4.794506 -4.257566 -0.141096
4.837150 -4.255805 -0.145554
4.870744 -4.251051 -0.141227
4.881087 -4.243089 -0.122316
4.930573 -4.240663 -0.143320
4.934927 -4.241085 -0.146088
4.977590 -4.255882 -0.132373
4.992849 -4.250312 -0.145478
5.029830 -4.249602 -0.146382
5.072298 -4.229995 -0.147326
5.096917 -4.245151 -0.147063
5.129906 -4.235875 -0.136452
5.148839 -4.253730 -0.150724
5.173984 -4.245507 -0.150773
5.220087 -4.243508 -0.143495
5.248394 -4.243497 -0.165875
5.251403 -4.241315 -0.152151
5.305899 -4.231900 -0.166663
5.340690 -4.240294 -0.167399
5.380184 -4.220869 -0.142684
5.408613 -4.226204 -0.146726
5.425328 -4.228343 -0.153182
5.497837 -4.220786 -0.154838
5.520836 -4.213337 -0.157042
5.534263 -4.225922 -0.163973
5.557204 -4.218032 -0.137413
5.627670 -4.218342 -0.156724
5.649078 -4.217690 -0.151883
5.675831 -4.206317 -0.143234
5.705370 -4.219860 -0.157594
5.744136 -4.206888 -0.149706
5.789371 -4.205912 -0.164439
5.826692 -4.203883 -0.160164
5.864634 -4.184452 -0.152449
5.882498 -4.207571 -0.177058
5.918756 -4.183246 -0.171730
5.015343 -3.523617 -0.129430
4.985294 -3.520691 -0.127857
4.996954 -3.465581 -0.124799
4.971161 -3.411956 -0.123939
4.949035 -3.404577 -0.150928
4.913281 -3.383530 -0.131069
4.935155 -3.337680 -0.122647
4.915136 -3.313995 -0.146233
4.902380 -3.268297 -0.141231
4.885059 -3.242893 -0.132425
4.868062 -3.222645 -0.124471
4.860185 -3.180290 -0.112902
4.879526 -3.174654 -0.133522
4.838293 -3.136261 -0.131296
4.819279 -3.097195 -0.125933
4.811617 -3.077916 -0.118264
4.808966 -3.059167 -0.137566
4.788656 -3.020597 -0.132779
4.814439 -2.995147 -0.133893
4.841646 -3.017529 -0.135247
4.857053 -3.010188 -0.131640
4.875356 -3.000082 -0.125652
4.899091 -2.978355 -0.122482
4.911303 -2.970397 -0.130795
4.933414 -2.967830 -0.131579
4.965940 -2.956085 -0.128083
4.971658 -2.945140 -0.133372
5.024459 -2.937734 -0.118862
5.011166 -2.914989 -0.127922
5.045907 -2.911664 -0.099766
5.055765 -2.911556 -0.146860
5.082378 -2.904823 -0.124310
5.112852 -2.900001 -0.125940
5.131480 -2.878551 -0.150857
5.152181 -2.875468 -0.124730
5.170354 -2.874910 -0.135249
5.182187 -2.850498 -0.126639
5.210482 -2.848084 -0.129141
5.242160 -2.837488 -0.139777
5.277884 -2.820315 -0.144975
5.294624 -2.824036 -0.146669
5.305193 -2.815324 -0.122656
5.322439 -2.813450 -0.130018
5.330131 -2.785308 -0.147446
7.946775 -4.153716 -0.209073
7.998830 -4.114761 -0.192655
8.040606 -4.129333 -0.210380
8.125990 -4.116708 -0.212187
8.146685 -4.104528 -0.188435
8.222739 -4.108114 -0.196982
8.269744 -4.097833 -0.205509
8.335968 -4.094042 -0.198193
8.383591 -4.106922 -0.211177
8.468366 -4.099777 -0.208755
8.506569 -4.102480 -0.191988
8.581901 -4.092365 -0.201069
8.633630 -4.103808 -0.207000
8.723897 -4.087450 -0.208195
8.766745 -4.099598 -0.203116
8.827948 -4.083369 -0.209496
8.902687 -4.087063 -0.219304
8.981235 -4.073396 -0.225315
9.032428 -4.066718 -0.210180
9.096268 -4.065551 -0.233302
9.176742 -4.065751 -0.210036
9.240881 -4.066104 -0.206388
9.304556 -4.069593 -0.216144
9.392901 -4.057751 -0.238611
9.462330 -4.048194 -0.231798
9.510107 -4.055714 -0.239828
9.606451 -4.053795 -0.215032
9.679006 -4.052096 -0.230816
9.758101 -4.070214 -0.230020
9.845323 -4.037712 -0.230321
9.921285 -4.050066 -0.237416
9.988407 -4.025391 -0.225997
10.084132 -4.018299 -0.241943
10.145726 -4.040665 -0.249643
10.225598 -4.034858 -0.238500
10.323243 -4.025746 -0.243878
10.400953 -4.008574 -0.245597
10.474220 -4.003516 -0.271288
10.556510 -3.991542 -0.263797
10.652117 -3.991635 -0.245367
10.749588 -4.002928 -0.249972
10.857137 -3.998813 -0.266630
10.947511 -3.997997 -0.253445
11.058352 -3.997341 -0.276730
11.158634 -3.998863 -0.252173
11.246407 -3.990820 -0.250204
11.335947 -3.972301 -0.265347
11.425206 -3.978752 -0.267540
11.534492 -3.968644 -0.265450
11.640078 -3.964259 -0.273648
11.735612 -3.965900 -0.268226
11.838996 -3.966234 -0.271955
11.955583 -3.956077 -0.275688
12.062499 -3.942750 -0.269781
8.974122 -2.896251 -0.224366
9.002381 -2.887713 -0.223234
12.419237 -3.947241 -0.300298
12.526269 -3.927753 -0.300508
12.658317 -3.896890 -0.283705
12.766020 -3.921828 -0.308812
12.903541 -3.904709 -0.297782
13.014702 -3.903638 -0.307238
13.165140 -3.900402 -0.321835
13.275082 -3.893854 -0.305086
13.413481 -3.904933 -0.310677
13.548279 -3.895483 -0.317573
13.692121 -3.883320 -0.315200
13.831762 -3.888659 -0.329933
13.958818 -3.859811 -0.324922
14.115616 -3.869436 -0.327969
14.268111 -3.870873 -0.339765
14.423731 -3.853624 -0.337882
14.561553 -3.824502 -0.337903
14.717813 -3.825109 -0.323266
14.824284 -3.814204 -0.354739
14.913085 -3.795563 -0.350933
14.999792 -3.766903 -0.357699
15.092488 -3.748808 -0.338197
15.206409 -3.686515 -0.354017
15.291784 -3.693675 -0.354741
15.401169 -3.669400 -0.344120
15.514366 -3.638333 -0.355828
15.610316 -3.601687 -0.362574
15.732967 -3.580494 -0.357121
15.814692 -3.545520 -0.369066
15.915114 -3.522264 -0.375634
16.030884 -3.518845 -0.373233
16.149858 -3.467687 -0.365840
16.262899 -3.449490 -0.373772
16.352114 -3.414833 -0.387656
16.486818 -3.394774 -0.386405
16.603617 -3.354069 -0.369399
16.711058 -3.306965 -0.378183
16.827665 -3.275276 -0.375900
14.482118 -2.791773 -0.326296
14.433078 -2.756262 -0.339018
14.401758 -2.682911 -0.320418
14.401405 -2.634231 -0.295162
14.384617 -2.572136 -0.332793
14.389522 -2.539342 -0.320556
14.394551 -2.512915 -0.346219
14.422924 -2.460469 -0.304295
14.430761 -2.423739 -0.327919
14.474586 -2.381275 -0.333928
14.528796 -2.343699 -0.331359
14.632008 -2.308763 -0.334252
18.496531 -2.862345 -0.424503
18.572014 -2.807272 -0.423250
18.666790 -2.791883 -0.411341
18.738457 -2.741181 -0.435363
18.826452 -2.682705 -0.412355
18.902496 -2.643044 -0.431620
18.994209 -2.574025 -0.431641
19.052374 -2.556945 -0.426203
19.142355 -2.482290 -0.417233
19.224070 -2.431129 -0.426940
19.339573 -2.369144 -0.443640
19.377789 -2.320087 -0.430814
19.505077 -2.295158 -0.439925
19.575766 -2.236506 -0.435355
19.666855 -2.185722 -0.439282
19.742472 -2.133340 -0.426955
19.837393 -2.080748 -0.452050
19.915920 -2.026128 -0.443379
20.026136 -1.962094 -0.466478
20.089783 -1.942302 -0.440835
20.205168 -1.846559 -0.460002
20.276167 -1.815436 -0.452978
20.385784 -1.754529 -0.441391
20.497040 -1.696360 -0.467537
20.571846 -1.647515 -0.479789
20.681824 -1.576532 -0.467296
20.759806 -1.536530 -0.476480
20.879215 -1.480132 -0.455288
20.956528 -1.427953 -0.469998
21.076262 -1.358107 -0.480151
21.170536 -1.302954 -0.471018
21.274387 -1.241592 -0.471259
21.378128 -1.185598 -0.473128
21.488529 -1.129246 -0.475766
21.580549 -1.054347 -0.457856
21.676788 -1.003871 -0.478019
21.746344 -0.948165 -0.491998
21.786034 -0.872388 -0.474061
21.792542 -0.812589 -0.473135
21.833414 -0.729608 -0.510972
21.818165 -0.665030 -0.512175
21.869726 -0.604726 -0.485080
21.887878 -0.536996 -0.484681
21.887047 -0.473535 -0.484022
21.917274 -0.405056 -0.492937
21.937925 -0.328104 -0.495444
21.941355 -0.267827 -0.490467
21.968660 -0.209932 -0.494519
21.973907 -0.138619 -0.477982
22.019979 -0.062994 -0.498086
22.024792 0.018188 -0.500035
22.042534 0.069619 -0.491273
22.056805 0.132437 -0.493608
22.085657 0.205565 -0.477405
22.094698 0.268874 -0.504998
22.104803 0.328441 -0.481751
22.134720 0.398864 -0.486917
22.141727 0.476529 -0.490658
22.167976 0.548524 -0.487768
22.170177 0.611936 -0.506834
22.189964 0.682555 -0.482546
22.221195 0.757463 -0.494594
22.240328 0.820518 -0.492727
22.251841 0.889766 -0.490231
22.268353 0.962859 -0.500141
22.288919 1.039009 -0.483455
22.331932 1.099123 -0.511867
22.329990 1.173583 -0.502078
22.351587 1.226142 -0.501916
22.367144 1.302608 -0.487132
22.388683 1.377064 -0.508015
22.390339 1.455150 -0.500846
22.443867 1.508461 -0.512496
22.440460 1.580740 -0.511354
22.471720 1.664531 -0.492695
22.495083 1.733640 -0.503689
22.498600 1.816229 -0.508644
22.516781 1.851642 -0.504176
22.528362 1.953314 -0.500780
22.553066 1.992832 -0.491045
22.590052 2.099692 -0.496651
22.597321 2.178426 -0.483282
22.622740 2.228699 -0.521728
22.627115 2.296813 -0.506978
22.657169 2.379353 -0.491795
22.675102 2.465456 -0.510426
22.699623 2.517726 -0.495462
22.723812 2.580512 -0.505177
22.730436 2.675960 -0.509923
22.738432 2.743179 -0.508741
22.754780 2.796068 -0.509977
30.437994 3.856461 -0.673830
30.487143 3.953645 -0.669037
30.531788 4.068550 -0.675348
30.600166 4.141191 -0.684473
30.654730 4.246924 -0.691918
30.706915 4.389027 -0.699378
30.776632 4.467980 -0.699006
30.828341 4.586317 -0.697054
30.896591 4.694989 -0.700090
30.955116 4.782867 -0.673271
31.025583 4.895339 -0.691034
31.066526 4.997759 -0.696708
31.123631 5.103288 -0.700517
31.212622 5.213469 -0.704713
31.267536 5.332660 -0.711021
31.318550 5.426849 -0.709241
21.867052 3.862544 -0.469950
21.851387 3.940915 -0.485046
31.489483 5.785784 -0.709564
31.560057 5.869038 -0.694573
21.995008 4.170826 -0.494523
22.045998 4.238519 -0.487809
31.773008 6.214647 -0.736949
40.451366 8.069223 -0.907013
40.415836 8.180176 -0.923298
40.402546 8.281467 -0.918567
40.374432 8.445135 -0.916712
40.343288 8.559402 -0.906056
40.329102 8.678497 -0.915294
40.299793 8.799965 -0.909898
40.275967 8.935305 -0.907094
40.240337 9.047751 -0.914259
40.222458 9.178283 -0.922236
40.171429 9.294792 -0.913176
40.164108 9.426895 -0.918567
40.124104 9.543226 -0.911419
40.114864 9.677396 -0.909594
8.935617 2.185169 -0.214141
8.901068 2.202829 -0.190291
8.890207 2.232831 -0.208591
8.872203 2.273949 -0.192671
8.858078 2.274252 -0.190370
8.850770 2.306470 -0.227278
8.846493 2.331985 -0.209838
8.806237 2.339655 -0.187174
8.790963 2.387393 -0.207798
8.767077 2.392913 -0.206606
8.775242 2.446532 -0.201588
8.738633 2.461515 -0.209797
8.705719 2.449782 -0.208650
8.727462 2.512028 -0.206661
8.708726 2.529595 -0.215897
8.689880 2.545172 -0.210410
8.646923 2.585217 -0.195303
8.654131 2.580055 -0.181770
8.656449 2.603780 -0.191229
8.632496 2.647135 -0.193980
8.613721 2.670805 -0.209223
8.597419 2.713293 -0.196886
8.584239 2.725554 -0.198009
8.567733 2.741018 -0.201542
8.540756 2.772711 -0.221639
8.547253 2.791407 -0.196007
8.531125 2.820316 -0.205787
8.490137 2.828384 -0.193227
8.490705 2.883225 -0.193796
8.473021 2.889784 -0.205413
8.437240 2.917799 -0.203805
8.431380 2.933635 -0.206423
8.422266 2.961529 -0.198803
8.400923 2.989297 -0.191927
8.371823 3.000801 -0.201212
8.345308 3.029481 -0.200181
11.117983 4.054294 -0.241282
11.110287 4.107632 -0.260255
11.095577 4.120595 -0.276139
11.054387 4.159659 -0.268472
11.067233 4.183683 -0.258062
11.051079 4.225571 -0.259217
11.035692 4.260624 -0.267878
11.020475 4.288782 -0.250806
10.999222 4.322019 -0.251926
10.988628 4.376911 -0.261622
10.979082 4.403088 -0.266455
10.973361 4.417904 -0.259474
10.950810 4.456786 -0.261094
10.930180 4.485280 -0.258641
10.907290 4.514106 -0.260183
10.906347 4.560565 -0.270763
10.907363 4.607961 -0.241881
12.764707 5.426153 -0.319995
12.666384 5.435278 -0.298933
12.561965 5.424027 -0.301814
12.460682 5.438555 -0.319550
12.350629 5.436749 -0.296548
12.241027 5.435250 -0.288083
12.157794 5.443634 -0.295169
12.043756 5.425294 -0.296041
11.948961 5.452144 -0.293470
11.871084 5.458221 -0.287009
11.773887 5.463876 -0.299324
11.671609 5.452437 -0.296710
11.583016 5.452532 -0.293466
11.498514 5.438042 -0.288815
11.390083 5.442451 -0.293286
11.314045 5.437225 -0.280333
11.229709 5.434170 -0.281596
11.145769 5.462542 -0.283279
11.051171 5.446380 -0.285588
10.970305 5.446954 -0.276251
10.872215 5.443515 -0.269320
10.794746 5.461217 -0.253059
9.798040 4.979828 -0.248093
10.640223 5.442949 -0.255371
10.557252 5.437826 -0.274697
10.495305 5.437847 -0.265162
10.406527 5.450423 -0.258845
10.331982 5.450093 -0.256947
10.227081 5.426275 -0.255321
10.176464 5.446381 -0.248534
10.108140 5.446209 -0.245166
10.018160 5.434224 -0.255260
6.560367 3.593113 -0.156281
6.537107 3.588073 -0.178565
6.511988 3.619153 -0.153594
6.544405 3.638427 -0.173966
6.492870 3.657746 -0.163396
6.503479 3.667963 -0.153814
6.459456 3.673653 -0.171041
6.459599 3.716410 -0.160568
6.456140 3.731345 -0.142504
6.458922 3.762426 -0.161260
6.460008 3.794720 -0.155264
6.475272 3.834584 -0.171792
6.445935 3.835481 -0.158932
6.413460 3.850546 -0.175120
6.403891 3.862919 -0.153918
6.384561 3.896278 -0.164707
6.386817 3.903872 -0.166667
6.383392 3.918944 -0.153166
6.375925 3.967717 -0.172950
8.713286 5.450259 -0.226829
6.348977 4.002739 -0.170060
6.356022 4.031116 -0.173341
8.536880 5.458776 -0.235971
8.476125 5.438695 -0.231485
8.426925 5.459946 -0.215002
8.366617 5.459686 -0.230465
8.315302 5.449080 -0.211586
8.249428 5.453544 -0.217642
8.209354 5.460147 -0.223622
8.145448 5.447026 -0.220699
8.099018 5.444144 -0.218411
8.035489 5.433152 -0.231531
7.994763 5.419632 -0.215415
7.928863 5.441248 -0.222159
7.882480 5.441787 -0.198107
7.840484 5.452526 -0.220246
7.776822 5.443730 -0.208517
7.740199 5.447416 -0.205402
7.682306 5.455292 -0.206069
7.632283 5.438869 -0.210415
7.570775 5.450136 -0.198408
7.533077 5.443002 -0.195439
7.482064 5.449539 -0.194444
7.445120 5.468561 -0.198422
7.399603 5.462121 -0.202768
7.337797 5.444062 -0.205439
7.293695 5.448312 -0.200931
7.257390 5.437055 -0.204979
7.219327 5.455714 -0.181398
7.151124 5.467072 -0.197596
7.118558 5.443360 -0.198979
7.084768 5.459192 -0.197193
7.017027 5.455699 -0.190953
6.979973 5.445991 -0.218302
6.940063 5.453852 -0.196716
6.886929 5.457425 -0.181652
6.858829 5.455842 -0.183676
6.784121 5.460687 -0.170223
6.758382 5.465496 -0.180617
6.722620 5.468032 -0.189131
6.700500 5.461953 -0.187823
6.625049 5.430175 -0.202837
6.588044 5.450264 -0.200712
6.539650 5.458647 -0.181952
6.517178 5.454949 -0.180364
6.462568 5.464734 -0.197227
6.422364 5.468139 -0.187180
6.410839 5.477200 -0.190077
6.362423 5.463822 -0.179091
6.310713 5.448746 -0.180913
6.274688 5.443313 -0.201562
6.243752 5.452893 -0.183026
6.186200 5.461679 -0.179472
6.173948 5.426598 -0.171489
6.117093 5.458084 -0.175386
6.091977 5.468867 -0.198259
6.048929 5.462577 -0.178432
6.023758 5.458510 -0.146778
5.954949 5.464866 -0.168981
5.910149 5.447616 -0.175690
5.895343 5.453757 -0.171686
5.849915 5.452457 -0.164006
5.826428 5.460469 -0.176477
5.806419 5.463941 -0.171843
5.761847 5.451272 -0.158803
5.731190 5.452997 -0.155990
5.689347 5.442618 -0.171162
5.627460 5.460956 -0.189454
5.620265 5.454913 -0.171627
5.573295 5.447477 -0.183400
5.536470 5.446921 -0.168940
5.518550 5.459350 -0.160557
5.485662 5.449427 -0.158979
5.455227 5.458560 -0.181987
5.410727 5.445505 -0.179125
5.394330 5.443187 -0.166695
5.335019 5.456863 -0.173645
5.321555 5.457573 -0.176380
5.284981 5.464576 -0.165959
5.237299 5.473942 -0.169868
5.240730 5.455200 -0.179191
5.189888 5.444293 -0.179960
5.164570 5.441028 -0.182537
5.124971 5.464555 -0.165406
5.103691 5.438545 -0.163208
5.038491 5.449224 -0.171602
5.021400 5.470475 -0.167093
5.006969 5.424854 -0.159008
4.964956 5.456533 -0.160661
4.939967 5.446912 -0.164962
4.885839 5.462454 -0.163677
4.883157 5.451550 -0.164616
4.864930 5.460709 -0.165283
4.805047 5.426585 -0.162451
4.789937 5.443000 -0.182772
4.762579 5.442124 -0.145835
4.727716 5.464742 -0.171737
4.698426 5.462441 -0.168600
4.676150 5.449615 -0.157808
4.649679 5.462406 -0.137045
4.608155 5.457770 -0.147383
4.571303 5.466004 -0.148496
4.562242 5.482375 -0.149247
4.528024 5.473674 -0.161013
4.514297 5.430866 -0.137869
4.485281 5.447303 -0.162572
4.452754 5.468586 -0.160779
4.402814 5.451707 -0.139311
4.383620 5.463070 -0.163669
4.352482 5.463056 -0.136676
4.333933 5.463327 -0.156414
4.288817 5.453090 -0.156360
4.275866 5.434822 -0.161276
4.237891 5.464675 -0.146340
4.245184 5.465013 -0.150210
4.196530 5.472736 -0.152700
4.164523 5.470510 -0.149410
4.135150 5.467761 -0.165238
4.108375 5.457579 -0.160550
4.072730 5.466638 -0.163427
4.061691 5.451680 -0.157409
4.017939 5.457311 -0.130622
4.017165 5.463642 -0.142158
3.981541 5.461791 -0.133009
3.968367 5.461680 -0.149658
3.931328 5.459436 -0.150264
3.914363 5.462966 -0.137448
3.891116 5.464926 -0.153492
3.868518 5.442029 -0.143215
3.835189 5.468038 -0.146997
3.797591 5.448977 -0.156030
3.797975 5.464868 -0.159211
3.758202 5.447348 -0.139603
3.744093 5.453525 -0.152833
3.701396 5.471759 -0.152184
3.692457 5.454197 -0.138213
3.669381 5.450251 -0.153181
3.653381 5.460660 -0.136539
3.606876 5.459973 -0.140796
3.604219 5.447262 -0.144578
3.560748 5.440917 -0.146812
3.550842 5.468725 -0.147171
3.519535 5.443710 -0.147756
3.511081 5.458575 -0.149472
3.470837 5.462092 -0.138512
3.458520 5.443174 -0.139480
3.426530 5.469511 -0.138660
3.401645 5.443788 -0.145605
3.389498 5.452999 -0.149275
3.349912 5.480607 -0.136671
3.328354 5.470563 -0.160851
3.310943 5.453876 -0.150561
3.284802 5.465696 -0.124060
3.262835 5.453578 -0.142463
3.247958 5.468860 -0.125173
3.205744 5.468830 -0.141872
3.184483 5.464419 -0.136989
3.171155 5.455558 -0.130371
3.152776 5.469333 -0.143493
3.113453 5.471113 -0.136621
3.114290 5.436026 -0.127706
3.076556 5.462258 -0.155280
3.056055 5.468174 -0.147027
3.056140 5.468781 -0.143281
3.030182 5.451711 -0.140541
2.990452 5.464025 -0.134522
2.972037 5.478682 -0.132800
2.940857 5.451148 -0.140304
2.930710 5.469533 -0.141291
2.919308 5.448924 -0.118219
2.893928 5.488560 -0.148748
2.884418 5.465284 -0.152464
2.842930 5.446944 -0.139657
2.833771 5.445519 -0.131459
2.798115 5.463290 -0.122465
2.791269 5.480180 -0.128638
2.754789 5.457209 -0.141257
2.731326 5.463713 -0.135844
2.724278 5.466547 -0.114490
2.697360 5.456071 -0.126272
2.680952 5.454842 -0.123585
2.645240 5.458995 -0.139627
2.632301 5.471816 -0.142608
2.585434 5.458512 -0.130562
2.588395 5.468090 -0.147123
2.559267 5.481055 -0.115059
2.567873 5.470915 -0.142913
2.534577 5.449156 -0.123614
2.511633 5.454428 -0.130919
2.492216 5.461502 -0.120890
2.466501 5.466792 -0.128091
2.446965 5.453468 -0.135655
2.435147 5.457274 -0.146109
2.409066 5.470898 -0.131992
2.393749 5.457174 -0.119932
2.364159 5.475147 -0.128386
2.358836 5.477439 -0.123062
2.332858 5.461249 -0.133555
2.316797 5.462541 -0.124701
2.284001 5.468913 -0.127654
2.291382 5.465199 -0.136051
2.271931 5.464343 -0.131568
2.221130 5.466475 -0.121124
2.206984 5.481606 -0.127257
2.201063 5.470158 -0.131569
2.183447 5.458769 -0.142081
2.172396 5.472687 -0.134525
2.141232 5.462392 -0.123151
2.110373 5.475074 -0.132317
2.096948 5.467898 -0.133041
2.091814 5.450667 -0.118029
2.061103 5.469792 -0.127910
2.052184 5.458540 -0.128385
2.028009 5.460861 -0.137163
2.005217 5.467226 -0.133570
1.993958 5.467082 -0.135099
1.966528 5.458240 -0.141450
1.952985 5.456993 -0.129880
1.956753 5.463870 -0.114676
1.922538 5.471476 -0.135693
1.899812 5.470483 -0.115543
1.864687 5.476589 -0.125071
1.889704 5.459923 -0.108866
1.847074 5.463081 -0.131821
1.824834 5.454006 -0.132701
1.813690 5.466719 -0.110389
1.766629 5.464506 -0.124703
1.759423 5.451719 -0.130107
1.759859 5.471477 -0.140991
1.729716 5.462334 -0.143778
1.706082 5.464312 -0.114191
1.686877 5.467324 -0.121125
1.668061 5.454936 -0.140820
1.644889 5.477518 -0.135184
1.640230 5.443233 -0.138358
1.629052 5.466282 -0.121381
1.606441 5.468920 -0.121828
1.583464 5.477026 -0.117818
1.560032 5.465435 -0.123629
1.544063 5.464646 -0.151346
1.523817 5.466979 -0.113830
1.526780 5.444629 -0.126589
1.498911 5.482819 -0.141410
1.468181 5.473572 -0.137917
1.451082 5.487006 -0.124426
1.432103 5.474217 -0.132666
1.423921 5.485687 -0.116893
1.396656 5.482771 -0.145990
1.391591 5.473638 -0.116224
1.372081 5.475023 -0.115263
1.368957 5.447788 -0.128891
1.340785 5.453728 -0.118409
1.334861 5.464064 -0.126140
1.274582 5.466668 -0.115271
1.274271 5.479863 -0.117532
1.258495 5.457648 -0.126422
1.245174 5.462976 -0.117817
1.233462 5.479797 -0.144706
1.213865 5.471440 -0.132374
1.162269 5.475678 -0.110218
1.152180 5.462612 -0.137225
1.157361 5.462540 -0.140591
1.119581 5.460852 -0.121374
1.111145 5.463519 -0.116866
1.110284 5.479063 -0.130569
1.068646 5.469979 -0.128675
1.063243 5.465059 -0.146991
1.038489 5.469182 -0.139217
1.040028 5.478932 -0.123720
1.009444 5.469100 -0.151536
0.999155 5.465411 -0.113507
0.985738 5.463385 -0.122508
0.974430 5.485869 -0.108474
0.947230 5.472297 -0.109773
0.940348 5.466991 -0.107070
0.906166 5.451608 -0.129316
0.880732 5.466832 -0.116142
0.868562 5.466372 -0.109103
0.873138 5.472248 -0.123474
0.842870 5.462048 -0.113628
0.813392 5.460552 -0.127390
0.798120 5.477625 -0.109232
0.784362 5.477053 -0.152855
0.755171 5.476082 -0.118332
0.744476 5.469689 -0.123282
0.732751 5.458604 -0.109080
0.716067 5.478116 -0.123146
0.703529 5.463135 -0.118932
0.677381 5.455250 -0.102644
0.652770 5.460985 -0.126493
0.662964 5.455745 -0.108798
0.618433 5.460490 -0.112821
0.625601 5.464285 -0.104741
0.587740 5.471892 -0.141265
0.589206 5.497076 -0.105132
0.558713 5.486864 -0.113163
0.546862 5.485156 -0.104918
0.533766 5.465471 -0.126859
0.521482 5.483062 -0.130441
0.487601 5.478925 -0.110523
0.491732 5.460915 -0.121375
0.462994 5.471065 -0.119185
0.440970 5.480406 -0.116547
0.436001 5.469075 -0.111603
0.392334 5.484820 -0.129526
0.397864 5.471690 -0.120927
0.387460 5.463823 -0.123116
0.350674 5.470386 -0.115008
0.346734 5.469876 -0.112329
0.347988 5.487797 -0.132924
0.307108 5.460459 -0.121084
0.301736 5.478232 -0.131384
0.266307 5.479294 -0.136864
0.245994 5.460945 -0.115994
0.243466 5.477247 -0.133386
0.218258 5.486585 -0.103675
0.207887 5.471817 -0.120324
0.179563 5.458347 -0.131572
0.183336 5.475030 -0.128786
0.140580 5.461364 -0.113984
0.125652 5.476985 -0.111859
0.111537 5.472314 -0.124502
0.104924 5.473752 -0.114141
0.096432 5.473494 -0.118188
0.092409 5.453961 -0.115336
0.067627 5.468028 -0.126195
0.042599 5.464079 -0.139872
0.022336 5.463797 -0.118845
0.027767 5.493093 -0.098998
0.004924 5.473424 -0.106898
0.021237 -4.468904 -0.067990
0.031167 -4.467484 -0.050518
0.032092 -4.453457 -0.074869
0.034272 -4.479823 -0.050058
0.051906 -4.464857 -0.053037
0.085921 -4.470788 -0.063935
0.087597 -4.461732 -0.037874
0.091567 -4.432567 -0.057372
0.099556 -4.453649 -0.052681
0.132939 -4.464307 -0.057118
0.145690 -4.463436 -0.061436
0.162737 -4.472031 -0.056427
0.181370 -4.453047 -0.068415
0.183774 -4.453125 -0.050810
0.197339 -4.464901 -0.097795
0.224108 -4.459592 -0.056320
0.234636 -4.469453 -0.078171
0.223436 -4.453343 -0.069156
0.250310 -4.441830 -0.053065
0.266704 -4.453381 -0.064013
0.270616 -4.459021 -0.058670
0.308692 -4.452661 -0.058772
0.287413 -4.449586 -0.067324
0.318948 -4.468906 -0.045025
0.338199 -4.461426 -0.047586
0.343725 -4.433056 -0.071398
0.363817 -4.438767 -0.060868
0.372879 -4.445915 -0.057770
0.380469 -4.462462 -0.046495
0.408938 -4.431896 -0.052046
0.405408 -4.430882 -0.062167
0.432001 -4.469285 -0.047791
0.447223 -4.435818 -0.058285
0.450068 -4.437987 -0.048404
0.480695 -4.459207 -0.055098
0.465511 -4.447875 -0.068385
0.513578 -4.439196 -0.054434
0.525690 -4.436074 -0.058234
0.519016 -4.421176 -0.065786
0.543071 -4.460058 -0.047815
0.529929 -4.442040 -0.074445
0.565281 -4.450576 -0.053179
0.586525 -4.444850 -0.062972
0.577690 -4.460310 -0.048837
0.613475 -4.434463 -0.066051
0.630314 -4.437799 -0.057272
0.622694 -4.431828 -0.053879
0.646289 -4.425973 -0.059809
0.667163 -4.443738 -0.075233
0.688056 -4.449363 -0.039616
0.701465 -4.445303 -0.055859
0.710116 -4.440563 -0.053896
0.712597 -4.420773 -0.066257
0.749805 -4.446903 -0.062228
0.749169 -4.435833 -0.051244
0.765543 -4.458766 -0.066152
0.779581 -4.428721 -0.059147
0.774215 -4.426486 -0.059820
0.792767 -4.437628 -0.065560
0.807247 -4.419552 -0.059228
0.845595 -4.413959 -0.059861
0.851261 -4.433203 -0.066744
0.862978 -4.440046 -0.054600
0.857003 -4.422703 -0.062080
0.874696 -4.450756 -0.052991
0.885509 -4.449203 -0.058518
0.916312 -4.420126 -0.065789
0.918933 -4.424243 -0.050878
0.957613 -4.415797 -0.064837
0.934281 -4.410973 -0.066018
0.977066 -4.420697 -0.065454
0.983216 -4.430125 -0.062643
1.007445 -4.425367 -0.075171
1.017136 -4.429536 -0.052931
1.035313 -4.420314 -0.062912
1.052087 -4.405502 -0.067502
1.070113 -4.424023 -0.072972
1.062583 -4.394438 -0.069090
1.078757 -4.424977 -0.062269
1.115195 -4.413134 -0.064734
1.109212 -4.410158 -0.057285
1.113485 -4.420121 -0.066843
1.133015 -4.410026 -0.063660
1.147792 -4.406341 -0.041091
1.175369 -4.410150 -0.054799
1.184424 -4.422891 -0.055694
1.194854 -4.425894 -0.058054
1.203436 -4.424130 -0.067481
1.242070 -4.413291 -0.078138
1.242743 -4.415438 -0.058985
1.277375 -4.404377 -0.064968
1.291338 -4.421218 -0.057926
1.282080 -4.396760 -0.050874
1.298248 -4.408183 -0.072955
1.305243 -4.414443 -0.060786
1.341601 -4.404275 -0.061045
1.346388 -4.400721 -0.064370
1.361600 -4.426133 -0.046245
1.382667 -4.417821 -0.072432
1.383107 -4.407087 -0.054353
1.405190 -4.407135 -0.071628
1.416199 -4.422266 -0.072733
1.417166 -4.411030 -0.066522
1.442687 -4.412126 -0.060544
1.452040 -4.382021 -0.048020
1.490945 -4.403959 -0.055454
1.501501 -4.398596 -0.067484
1.490799 -4.408644 -0.066478
1.541665 -4.397526 -0.047591
1.531752 -4.412514 -0.055567
1.557255 -4.376782 -0.052628
1.561425 -4.405254 -0.064797
1.598523 -4.406750 -0.049625
1.588543 -4.388015 -0.079612
1.621096 -4.376634 -0.049195
1.634275 -4.392602 -0.080308
1.644893 -4.399443 -0.048876
1.660959 -4.401060 -0.057788
1.663263 -4.370800 -0.066814
1.679373 -4.393048 -0.068290
1.708549 -4.374229 -0.062812
1.717168 -4.397940 -0.059859
1.740161 -4.397193 -0.054882
1.747678 -4.389487 -0.061674
1.751199 -4.401235 -0.052860
1.787946 -4.384026 -0.066311
1.804809 -4.382072 -0.080906
1.807267 -4.395342 -0.059057
1.825002 -4.399785 -0.067329
1.834338 -4.393813 -0.064060
1.849634 -4.398341 -0.069930
1.873020 -4.387803 -0.074154
1.895387 -4.390626 -0.072739
1.875915 -4.356539 -0.072480
1.933401 -4.379029 -0.043533
1.940980 -4.377935 -0.071132
1.963634 -4.381340 -0.067924
1.962810 -4.374550 -0.048507
1.986442 -4.367247 -0.055794
2.030076 -4.379661 -0.070599
2.011895 -4.376432 -0.063990
2.027725 -4.364776 -0.069952
2.045734 -4.364534 -0.076533
2.057717 -4.366607 -0.071258
2.045511 -4.390978 -0.059586
2.080850 -4.381069 -0.052259
2.104568 -4.347974 -0.062723
2.130723 -4.369054 -0.052195
2.151569 -4.378335 -0.061844
2.155045 -4.372293 -0.074945
2.184985 -4.366714 -0.065849
2.170573 -4.377067 -0.074812
2.223956 -4.362328 -0.047522
2.227110 -4.376196 -0.074928
2.251835 -4.368295 -0.076682
2.260794 -4.372571 -0.056617
2.272903 -4.367175 -0.057605
2.288616 -4.366871 -0.061614
2.326631 -4.367139 -0.072882
2.334326 -4.366252 -0.085227
2.342329 -4.369109 -0.062685
2.356429 -4.359663 -0.075483
2.390843 -4.353164 -0.068384
2.391439 -4.355837 -0.066648
2.413576 -4.375202 -0.057392
2.425411 -4.361834 -0.050607
2.471886 -4.373236 -0.060018
2.468013 -4.369992 -0.077404
2.486714 -4.359833 -0.067332
2.489153 -4.382171 -0.072673
2.511571 -4.370849 -0.054932
2.521218 -4.375736 -0.090684
2.538471 -4.356890 -0.078282
2.551793 -4.340652 -0.063776
2.594741 -4.347032 -0.067630
2.604311 -4.345507 -0.084188
2.626694 -4.361207 -0.063307
2.630402 -4.356854 -0.066390
2.656081 -4.334328 -0.069971
2.665099 -4.355704 -0.047656
2.703557 -4.343071 -0.068617
2.715843 -4.341952 -0.067841
2.737569 -4.356687 -0.068705
2.753221 -4.355167 -0.052662
2.769953 -4.345783 -0.066118
2.774604 -4.342560 -0.057504
2.794763 -4.338939 -0.062442
2.830669 -4.348577 -0.065713
2.837355 -4.336853 -0.070078
2.855708 -4.323613 -0.072015
2.871165 -4.343099 -0.073165
2.878970 -4.336633 -0.081670
2.909528 -4.322364 -0.067353
2.933148 -4.347331 -0.073171
2.953825 -4.322632 -0.065113
2.976253 -4.338230 -0.085406
2.993274 -4.339241 -0.062312
2.997113 -4.318121 -0.071643
3.022425 -4.340672 -0.074008
3.031615 -4.322297 -0.074530
3.060696 -4.343460 -0.080948
3.077149 -4.333038 -0.071418
3.106884 -4.319847 -0.073588
3.106290 -4.310124 -0.069069
3.150597 -4.343522 -0.086758
3.177939 -4.337298 -0.064827
3.162930 -4.310208 -0.077901
3.199987 -4.308743 -0.051440
3.221718 -4.329286 -0.084049
3.228485 -4.314455 -0.077977
3.241423 -4.328394 -0.075793
3.288836 -4.326253 -0.083064
3.314138 -4.322707 -0.065153
3.308615 -4.315535 -0.054563
3.329530 -4.307312 -0.081009
3.347939 -4.332126 -0.067798
3.365183 -4.316617 -0.058241
3.397297 -4.324040 -0.076109
3.415997 -4.312764 -0.077717
3.442451 -4.310650 -0.068464
3.481084 -4.322857 -0.070617
3.473303 -4.329627 -0.066578
3.513193 -4.325756 -0.080838
3.535424 -4.288057 -0.073230
3.555676 -4.312169 -0.054410
3.574000 -4.298561 -0.064219
3.590663 -4.297442 -0.082782
3.602721 -4.297220 -0.063611
3.627486 -4.303776 -0.073108
3.658852 -4.305751 -0.055255
3.696731 -4.299109 -0.083717
3.698748 -4.292390 -0.082392
3.740400 -4.313882 -0.077242
3.749093 -4.296184 -0.088463
3.783305 -4.280624 -0.089746
3.780517 -4.299394 -0.082826
3.823432 -4.283745 -0.077787
3.837057 -4.286567 -0.091973
3.850348 -4.280819 -0.080410
3.878067 -4.301146 -0.083914
3.890610 -4.289987 -0.092038
3.946071 -4.303794 -0.081053
3.956838 -4.289236 -0.083617
3.975244 -4.285629 -0.070131
3.995912 -4.277806 -0.060744
4.041182 -4.289347 -0.087912
4.054856 -4.304436 -0.079550
4.055712 -4.282933 -0.086418
4.096560 -4.287138 -0.093972
4.113031 -4.277744 -0.074488
4.140829 -4.283690 -0.067558
4.171596 -4.317319 -0.086791
4.198758 -4.278832 -0.077728
4.221043 -4.291770 -0.107512
4.248278 -4.258867 -0.071791
4.263430 -4.283628 -0.077761
4.283040 -4.274899 -0.075617
4.332661 -4.291956 -0.078963
4.338253 -4.261662 -0.079064
4.379591 -4.244437 -0.092870
4.390979 -4.257877 -0.077914
4.407250 -4.273185 -0.068985
4.440032 -4.250995 -0.069348
4.471144 -4.280080 -0.076493
4.498058 -4.279740 -0.081748
4.514127 -4.264392 -0.091209
4.556045 -4.280249 -0.084197
4.585515 -4.262270 -0.097732
4.613887 -4.266618 -0.090912
4.636014 -4.264968 -0.081455
4.663023 -4.258890 -0.077639
4.689596 -4.259605 -0.088328
4.729987 -4.260127 -0.074980
4.744418 -4.253907 -0.093511
4.765512 -4.263505 -0.098468
4.808313 -4.251258 -0.075225
4.828968 -4.266785 -0.087646
4.862146 -4.232981 -0.082381
4.876996 -4.242475 -0.101314
4.927523 -4.241255 -0.089925
4.916299 -4.241922 -0.099774
4.977930 -4.245735 -0.064709
5.013284 -4.250640 -0.096477
5.034761 -4.255784 -0.096095
5.060256 -4.228755 -0.109438
5.098546 -4.242315 -0.087031
5.105955 -4.244531 -0.078926
5.168736 -4.222557 -0.076647
5.197466 -4.254508 -0.089811
5.230575 -4.236160 -0.084075
5.250951 -4.255061 -0.080060
5.278497 -4.237564 -0.096117
5.323285 -4.244825 -0.111310
5.352695 -4.219288 -0.087149
5.365985 -4.235822 -0.086079
5.408500 -4.232605 -0.089833
5.463728 -4.219136 -0.088145
5.478869 -4.222592 -0.091964
5.508473 -4.220259 -0.089638
5.529871 -4.209253 -0.086102
5.576301 -4.243209 -0.092867
5.602545 -4.216081 -0.090567
5.641690 -4.199997 -0.090697
5.671943 -4.226181 -0.098995
5.707129 -4.222174 -0.089195
5.754847 -4.216558 -0.097330
5.771782 -4.218241 -0.104055
5.818168 -4.203301 -0.084853
5.866043 -4.215771 -0.094125
5.894318 -4.211887 -0.090974
5.919692 -4.196712 -0.089341
5.015650 -3.506517 -0.103130
4.984566 -3.492897 -0.063394
4.982621 -3.473961 -0.080100
4.977218 -3.442051 -0.063498
4.929535 -3.393026 -0.081562
4.944307 -3.357119 -0.059145
4.908415 -3.329797 -0.064521
4.938403 -3.307629 -0.077888
4.892140 -3.297584 -0.084023
4.884499 -3.252022 -0.090288
4.877642 -3.221382 -0.078952
4.847947 -3.192932 -0.070573
4.840183 -3.169087 -0.090643
4.830649 -3.121329 -0.075339
4.805160 -3.091705 -0.081816
4.810169 -3.075897 -0.080516
4.784900 -3.044508 -0.080162
4.778605 -3.014363 -0.085293
4.806087 -3.013174 -0.068286
4.853782 -3.005140 -0.067275
4.872304 -3.021410 -0.066598
4.875068 -2.985114 -0.055030
4.897074 -2.972251 -0.077935
4.906200 -2.969691 -0.081082
4.949694 -2.955169 -0.081843
4.942674 -2.953025 -0.064618
4.981622 -2.956766 -0.094358
5.009417 -2.941955 -0.063891
5.025890 -2.934107 -0.081742
5.038152 -2.920592 -0.075844
5.058461 -2.934156 -0.079328
5.099734 -2.892919 -0.078859
5.116216 -2.906040 -0.088031
5.106994 -2.900163 -0.092160
5.147286 -2.862229 -0.068717
5.173053 -2.864568 -0.095835
5.187424 -2.851645 -0.082172
5.215166 -2.841384 -0.094432
5.241211 -2.861223 -0.056319
5.253184 -2.829511 -0.073724
5.264553 -2.817397 -0.080240
5.293056 -2.819714 -0.083798
5.331331 -2.804444 -0.076606
5.343412 -2.782551 -0.085183
7.937376 -4.104732 -0.126997
7.992041 -4.118588 -0.115730
8.065093 -4.116529 -0.103799
8.110714 -4.124763 -0.109445
8.163302 -4.113161 -0.119557
8.217335 -4.123534 -0.125275
8.270995 -4.110065 -0.130607
8.332810 -4.104490 -0.130902
8.413062 -4.106162 -0.115427
8.462053 -4.093235 -0.132036
8.521046 -4.104354 -0.121199
8.569220 -4.089281 -0.125176
8.628924 -4.104352 -0.123950
8.698284 -4.083116 -0.129607
8.780592 -4.079130 -0.122504
8.848593 -4.085006 -0.116092
8.892951 -4.071979 -0.117396
8.970230 -4.100573 -0.132893
9.036723 -4.067593 -0.126773
9.107966 -4.078861 -0.134276
9.184084 -4.071537 -0.134364
9.242764 -4.066350 -0.153510
9.329899 -4.052243 -0.127310
9.373937 -4.071809 -0.147842
9.460522 -4.049968 -0.133923
9.525357 -4.046706 -0.114848
9.616093 -4.040670 -0.142788
9.683882 -4.042815 -0.144842
9.759686 -4.040918 -0.156927
9.831100 -4.037601 -0.143908
9.889899 -4.038292 -0.136457
9.990300 -4.036901 -0.156076
10.061650 -4.048447 -0.143140
10.141131 -4.008169 -0.148239
10.241233 -4.034770 -0.166257
10.334330 -4.020493 -0.150101
10.401690 -4.009269 -0.132239
10.498774 -4.003113 -0.135344
10.575428 -4.000477 -0.151341
10.660764 -4.005917 -0.148517
10.752342 -4.006220 -0.161309
10.851180 -4.016181 -0.145692
10.964780 -4.003566 -0.147827
11.036331 -4.003715 -0.151456
11.152201 -3.991146 -0.147540
11.233634 -3.998864 -0.150153
11.341185 -3.992430 -0.155585
11.437428 -3.976722 -0.160407
11.555918 -3.978583 -0.158914
11.656870 -3.959901 -0.164245
11.744155 -3.976647 -0.181455
11.868614 -3.957589 -0.163076
11.945980 -3.974295 -0.177200
12.080525 -3.960284 -0.177136
8.989508 -2.905966 -0.114029
8.999278 -2.877468 -0.127338
12.396145 -3.945841 -0.156591
12.527571 -3.937955 -0.171942
12.655807 -3.930037 -0.180119
12.767693 -3.917657 -0.189973
12.896039 -3.910707 -0.172318
13.014167 -3.924847 -0.189624
13.156103 -3.907159 -0.175558
13.291088 -3.885239 -0.196611
13.399745 -3.885625 -0.182060
13.560444 -3.878443 -0.186924
13.688600 -3.874591 -0.191145
13.812760 -3.872255 -0.190656
13.979442 -3.874609 -0.187076
14.137817 -3.878582 -0.194758
14.264170 -3.840466 -0.201174
14.419847 -3.849577 -0.195530
14.559161 -3.828670 -0.204855
14.709290 -3.857837 -0.216523
14.811543 -3.809800 -0.192430
14.909796 -3.805296 -0.201063
14.999988 -3.744465 -0.219389
15.077759 -3.743963 -0.208591
15.201528 -3.717318 -0.227535
15.305721 -3.689946 -0.208259
15.399104 -3.667148 -0.202978
15.498116 -3.638639 -0.213618
15.603935 -3.596033 -0.208394
15.716323 -3.577000 -0.197911
15.817223 -3.546003 -0.205935
15.917221 -3.535318 -0.217107
16.018250 -3.502799 -0.224330
16.147121 -3.468695 -0.223456
16.244448 -3.438212 -0.224459
16.356340 -3.425182 -0.219483
16.466640 -3.390038 -0.210287
16.591827 -3.352792 -0.205503
16.699705 -3.333734 -0.233074
16.836241 -3.293048 -0.203200
14.509905 -2.769788 -0.187777
14.450323 -2.739119 -0.200937
14.435858 -2.681737 -0.202147
14.405529 -2.642767 -0.201263
14.408033 -2.597122 -0.192820
14.385905 -2.549459 -0.197458
14.398202 -2.493029 -0.214528
14.413618 -2.459735 -0.188730
14.447618 -2.418686 -0.189606
14.496914 -2.368894 -0.195786
14.547758 -2.328955 -0.187444
18.368235 -2.902090 -0.258092
18.501272 -2.862441 -0.261796
18.564072 -2.821632 -0.243743
18.643068 -2.766524 -0.240891
18.743828 -2.735618 -0.265085
18.819683 -2.678394 -0.251995
18.884899 -2.619235 -0.261454
18.962658 -2.589998 -0.267032
19.068447 -2.531560 -0.265787
19.148687 -2.485839 -0.268766
19.245575 -2.438331 -0.262798
19.317570 -2.387213 -0.248579
19.390150 -2.320833 -0.266132
19.503407 -2.282923 -0.254881
19.573994 -2.260078 -0.264826
19.689547 -2.182937 -0.255071
19.751350 -2.120439 -0.272197
19.828020 -2.072976 -0.274534
19.902756 -2.031208 -0.265326
20.006313 -1.983438 -0.257232
20.113403 -1.913988 -0.275524
20.202667 -1.877108 -0.276860
20.276892 -1.802092 -0.268163
20.389059 -1.755929 -0.264130
20.473864 -1.694631 -0.285202
20.565767 -1.652903 -0.258323
20.665228 -1.586208 -0.266468
20.768473 -1.543452 -0.293000
20.888079 -1.475109 -0.274433
20.979774 -1.424600 -0.283745
21.051111 -1.369061 -0.285399
21.143791 -1.307523 -0.261808
21.266920 -1.248374 -0.288947
21.362373 -1.198290 -0.291868
21.465857 -1.115385 -0.288093
21.589180 -1.067833 -0.295186
21.687687 -0.999383 -0.288379
21.771757 -0.931525 -0.289057
21.801765 -0.887781 -0.299426
21.797581 -0.791024 -0.286059
21.822943 -0.746461 -0.279872
21.857250 -0.677227 -0.296420
21.873003 -0.593412 -0.288198
21.879957 -0.540640 -0.293177
21.907812 -0.478178 -0.285152
21.920021 -0.403874 -0.282350
21.931925 -0.348304 -0.310094
21.952288 -0.270877 -0.289644
21.949831 -0.213582 -0.287230
21.980373 -0.147368 -0.287846
21.993378 -0.067599 -0.294361
22.018276 -0.013803 -0.281166
22.036921 0.067115 -0.293261
22.056673 0.144558 -0.312765
22.060026 0.214319 -0.292676
22.089264 0.264095 -0.286382
22.113514 0.338795 -0.297446
22.124525 0.417880 -0.294072
22.148302 0.471081 -0.301635
22.170404 0.553172 -0.298135
22.188784 0.616168 -0.295311
22.203516 0.670232 -0.294639
22.226625 0.742414 -0.307281
22.251341 0.818933 -0.298602
22.245697 0.903049 -0.305766
22.286411 0.954671 -0.320493
22.278442 1.030646 -0.297607
22.324276 1.104985 -0.305756
22.352308 1.160300 -0.288590
22.345112 1.248151 -0.308044
22.372480 1.325187 -0.282999
22.387814 1.385992 -0.297282
22.425673 1.440206 -0.303657
22.423712 1.520007 -0.284881
22.442263 1.589526 -0.307033
22.456057 1.649581 -0.299026
22.496944 1.738511 -0.297191
22.488167 1.795764 -0.312368
22.498125 1.879974 -0.299256
22.544531 1.968386 -0.315597
22.566607 2.021560 -0.307017
22.556742 2.081042 -0.308551
22.595112 2.162982 -0.307046
22.600479 2.231812 -0.305626
22.639513 2.312357 -0.297723
22.651379 2.367617 -0.300690
22.682211 2.439232 -0.293588
22.694626 2.510419 -0.295568
22.692850 2.614046 -0.314741
22.720894 2.653003 -0.309821
22.749134 2.740927 -0.300342
22.761774 2.815241 -0.299257
30.431953 3.873007 -0.392906
30.473162 3.964478 -0.427309
30.534119 4.073737 -0.409749
30.597136 4.155667 -0.416969
30.653624 4.251462 -0.419459
30.715219 4.378891 -0.435308
30.772329 4.474487 -0.406455
30.843477 4.597373 -0.414017
30.883224 4.688962 -0.419040
30.956078 4.793291 -0.403225
31.009491 4.910277 -0.421210
31.070940 4.992626 -0.429869
31.141594 5.113720 -0.428946
31.180542 5.208522 -0.425297
31.271593 5.335390 -0.418547
31.329641 5.439685 -0.414974
21.896654 3.879819 -0.302800
21.874781 3.949226 -0.285872
31.506144 5.769370 -0.424927
21.975832 4.088806 -0.300013
21.928015 4.133060 -0.313997
21.959082 4.249416 -0.297510
10.313683 2.036531 -0.147393
10.396011 2.067487 -0.157217
10.463212 2.117954 -0.138832
10.543818 2.172654 -0.147545
10.610054 2.219771 -0.152935
10.640984 2.244715 -0.149393
10.709653 2.316914 -0.136941
10.749304 2.344393 -0.142728
10.858817 2.397632 -0.150746
10.887760 2.437176 -0.150337
10.957029 2.494674 -0.143554
9.145238 2.088500 -0.132157
9.104360 2.144562 -0.129328
9.067905 2.162030 -0.130278
9.078930 2.182886 -0.135216
9.029402 2.216053 -0.104754
9.000909 2.234516 -0.117477
8.975406 2.263606 -0.122120
8.958840 2.283349 -0.104628
8.934890 2.293627 -0.123560
8.944838 2.312607 -0.124361
8.893087 2.353110 -0.137351
8.902169 2.389846 -0.149238
8.866305 2.401487 -0.105513
8.870872 2.409358 -0.116456
8.842522 2.455733 -0.138906
8.824634 2.471249 -0.127129
8.816748 2.509478 -0.132671
8.793875 2.502536 -0.125246
8.796926 2.547500 -0.110737
8.776288 2.575307 -0.128424
8.772508 2.595131 -0.123497
8.744308 2.616862 -0.116252
8.707492 2.638905 -0.111186
8.726006 2.674807 -0.115471
8.687977 2.681268 -0.124519
8.688774 2.723280 -0.120911
8.670825 2.754492 -0.118396
8.630985 2.774596 -0.119132
8.623025 2.811834 -0.120600
8.617942 2.824807 -0.106447
8.594202 2.841538 -0.127742
8.583170 2.864497 -0.116718
8.565128 2.892245 -0.130862
8.550667 2.930359 -0.112344
8.522535 2.946259 -0.118207
8.532407 2.953594 -0.099214
8.489702 2.990173 -0.117509
8.471259 2.999176 -0.113442
8.460903 3.022202 -0.131159
8.454842 3.051139 -0.138238
8.455019 3.078830 -0.121646
8.411157 3.097940 -0.117070
8.394950 3.111288 -0.102401
8.354548 3.147131 -0.096960
8.376197 3.190543 -0.131487
8.335673 3.191076 -0.128101
8.320868 3.203270 -0.100577
10.908257 4.245472 -0.167053
10.901333 4.294724 -0.175170
10.881615 4.328272 -0.160999
10.881953 4.366977 -0.143810
10.862929 4.390738 -0.143104
10.848364 4.421078 -0.160420
10.843332 4.441441 -0.151458
10.836966 4.484226 -0.156921
10.817070 4.520656 -0.134575
10.786441 4.564487 -0.164334
10.782701 4.593831 -0.157160
10.772560 4.616878 -0.165230
10.764617 4.646770 -0.158131
10.731791 4.674942 -0.149636
10.714559 4.707156 -0.154808
10.677387 4.746383 -0.164437
10.638532 4.749285 -0.145481
10.572408 4.760308 -0.147951
10.525184 4.776715 -0.137588
10.501537 4.807800 -0.143605
10.414954 4.822395 -0.149092
10.383928 4.831198 -0.151747
10.332977 4.863240 -0.141533
10.294480 4.862286 -0.157336
10.248564 4.887580 -0.147978
10.197764 4.896499 -0.156025
10.154381 4.910399 -0.152751
10.004792 4.897977 -0.151518
9.930395 4.901732 -0.157677
8.501132 4.216620 -0.125783
8.564011 4.280096 -0.122831
8.610668 4.346154 -0.130146
8.651709 4.394031 -0.115962
8.660844 4.435246 -0.118772
8.677251 4.488354 -0.135310
8.711376 4.530195 -0.143715
10.395148 5.468574 -0.163207
10.321832 5.444864 -0.160227
10.256557 5.452776 -0.162892
10.177635 5.429047 -0.148604
10.091573 5.430673 -0.153808
10.024413 5.444738 -0.156325
6.572360 3.590145 -0.116858
6.537224 3.582709 -0.108822
9.801556 5.450723 -0.127266
6.518689 3.667282 -0.097470
6.501453 3.685714 -0.094885
6.474154 3.688466 -0.081147
6.461204 3.688350 -0.101145
6.456608 3.718776 -0.106424
6.458557 3.718095 -0.114293
6.451971 3.750868 -0.117519
6.428841 3.777309 -0.099282
6.415395 3.777422 -0.095698
6.409224 3.807195 -0.112252
6.398053 3.847667 -0.100648
6.400988 3.865111 -0.097457
6.390644 3.889390 -0.120225
6.384176 3.903648 -0.086070
6.389434 3.933432 -0.099688
6.382774 3.980094 -0.086900
8.715379 5.463759 -0.152198
6.375508 4.002879 -0.073161
6.344127 4.033729 -0.105281
8.547125 5.447363 -0.136189
8.462591 5.442493 -0.105552
8.443827 5.453527 -0.137883
8.356133 5.453064 -0.138100
8.308223 5.459672 -0.124781
8.249025 5.437106 -0.137677
8.187299 5.450413 -0.152699
8.161415 5.430571 -0.136197
8.085725 5.460179 -0.131288
8.039192 5.434418 -0.127219
7.985463 5.434024 -0.126407
7.941260 5.448695 -0.126965
7.893124 5.455936 -0.130774
7.812401 5.447643 -0.119950
7.789549 5.454863 -0.105804
7.726102 5.455398 -0.121397
7.681173 5.457152 -0.123501
7.640228 5.461342 -0.128399
7.602314 5.454091 -0.121194
7.532294 5.444255 -0.119044
7.464313 5.457179 -0.121126
7.432161 5.450026 -0.123677
7.393811 5.441331 -0.135127
7.332957 5.461376 -0.115994
7.285646 5.455619 -0.122999
7.247811 5.447954 -0.108182
7.207491 5.446175 -0.106812
7.161477 5.459374 -0.146054
7.099042 5.471207 -0.097864
7.073674 5.458162 -0.122025
7.044188 5.443043 -0.082841
6.996029 5.452424 -0.129580
6.940167 5.462902 -0.121833
6.894401 5.448198 -0.109740
6.853962 5.468534 -0.140913
6.806950 5.461825 -0.115979
6.784692 5.467685 -0.116640
6.724366 5.442883 -0.112566
6.675075 5.461263 -0.113858
6.635627 5.469184 -0.117542
6.608819 5.456388 -0.121185
6.550358 5.441213 -0.124008
6.520506 5.450471 -0.131691
6.494257 5.461451 -0.121399
6.441143 5.469245 -0.118940
6.419541 5.446241 -0.113904
6.353152 5.465245 -0.104108
6.316937 5.429940 -0.108604
6.275867 5.478521 -0.091271
6.238043 5.448435 -0.114226
6.229593 5.457103 -0.109264
6.157102 5.468664 -0.105373
6.131701 5.468404 -0.111688
6.085885 5.458797 -0.114268
6.058997 5.455639 -0.099036
5.998307 5.441570 -0.116109
5.981596 5.441644 -0.115921
5.927947 5.440001 -0.120735
5.905399 5.456401 -0.109653
5.872752 5.458286 -0.121592
5.829331 5.455124 -0.124084
5.769504 5.455655 -0.125685
5.764384 5.443321 -0.096930
5.714865 5.452789 -0.123881
5.694312 5.440732 -0.113301
5.649106 5.456875 -0.111105
5.602843 5.460080 -0.118013
5.598944 5.449843 -0.116513
5.544720 5.460623 -0.105488
5.513189 5.448939 -0.114037
5.474721 5.457964 -0.102370
5.451069 5.453717 -0.115993
5.417605 5.436825 -0.097936
5.375373 5.459824 -0.106492
5.323394 5.452562 -0.098976
5.312573 5.438497 -0.100624
5.286278 5.475424 -0.097767
5.244869 5.433586 -0.096379
5.224671 5.434089 -0.109733
5.187136 5.452790 -0.113274
5.144997 5.463143 -0.111513
5.129571 5.441021 -0.101539
5.088649 5.455587 -0.102544
5.063444 5.445413 -0.090358
5.014966 5.448652 -0.095909
4.993753 5.455067 -0.095744
4.971594 5.454292 -0.097450
4.935997 5.453441 -0.093046
4.921442 5.468215 -0.096171
4.871225 5.445585 -0.112062
4.853568 5.451216 -0.087933
4.821236 5.432781 -0.098502
4.787748 5.454144 -0.105148
4.752351 5.454442 -0.071409
4.731153 5.451969 -0.091860
4.721795 5.473986 -0.110862
4.663933 5.458158 -0.091587
4.633841 5.433723 -0.079678
4.610590 5.456188 -0.101062
4.575173 5.453166 -0.080379
4.546216 5.466590 -0.098811
4.535790 5.469613 -0.077787
4.493602 5.447518 -0.088557
4.476868 5.462152 -0.093588
4.447662 5.464231 -0.091246
4.428390 5.455255 -0.109655
4.391620 5.462233 -0.091840
4.361439 5.462771 -0.066197
4.329895 5.470482 -0.082020
4.301569 5.479274 -0.088369
4.257538 5.460366 -0.078352
4.258234 5.456032 -0.075975
4.216005 5.457538 -0.095033
4.182825 5.464942 -0.096845
4.176301 5.464503 -0.091661
4.151315 5.444421 -0.094880
4.106220 5.465940 -0.092673
4.094482 5.457417 -0.100989
4.061058 5.448937 -0.090831
4.039473 5.461936 -0.083236
3.999070 5.453928 -0.098031
3.996074 5.463786 -0.077954
3.972420 5.463782 -0.070590
3.939157 5.458401 -0.095842
3.921104 5.463302 -0.086476
3.889175 5.432669 -0.096489
3.856340 5.453225 -0.095787
3.834903 5.470288 -0.102159
3.825032 5.445354 -0.080128
3.777896 5.456696 -0.104906
3.767945 5.460217 -0.090202
3.733118 5.461848 -0.075030
3.712446 5.460529 -0.095521
3.693769 5.463146 -0.091363
3.664715 5.457433 -0.086384
3.645242 5.478430 -0.092893
3.599180 5.461387 -0.089645
3.585266 5.462987 -0.097121
3.564868 5.466017 -0.080214
3.542965 5.464194 -0.084608
3.529465 5.453908 -0.085676
3.477379 5.465206 -0.084038
3.474391 5.479125 -0.084414
3.439590 5.451022 -0.078695
3.417452 5.462350 -0.064124
3.405142 5.459455 -0.086633
3.390707 5.469701 -0.102148
3.354448 5.447412 -0.098589
3.338940 5.473863 -0.089817
3.303498 5.452433 -0.066928
3.285025 5.470781 -0.086268
3.264019 5.465967 -0.096993
3.253872 5.436061 -0.079806
3.227259 5.466093 -0.067032
3.209450 5.432377 -0.090081
3.188476 5.451867 -0.074167
3.153077 5.450669 -0.086762
3.118900 5.452076 -0.071383
3.088411 5.445728 -0.088373
3.094586 5.458754 -0.080041
3.070467 5.463389 -0.070202
3.049230 5.462129 -0.067524
3.029677 5.461367 -0.093258
2.993825 5.454027 -0.075422
2.974849 5.453090 -0.078712
2.953776 5.462224 -0.092132
2.919914 5.467060 -0.082050
2.912447 5.456841 -0.074782
2.881588 5.450438 -0.080657
2.870342 5.452498 -0.076236
2.842954 5.456752 -0.072737
2.821229 5.444304 -0.085648
2.803897 5.467520 -0.071136
2.802292 5.463824 -0.084700
2.755394 5.472351 -0.074143
2.740307 5.467745 -0.104384
2.729663 5.469770 -0.084605
2.693703 5.462492 -0.087624
2.679909 5.475688 -0.075112
2.653526 5.461521 -0.063190
2.621002 5.465253 -0.102090
2.621733 5.449397 -0.073561
2.603328 5.458498 -0.098933
2.561589 5.471357 -0.075287
2.559032 5.463920 -0.071779
2.548259 5.470297 -0.086832
2.519909 5.462851 -0.063623
2.504138 5.453286 -0.081754
2.477094 5.455829 -0.073786
2.436763 5.470519 -0.085224
2.424858 5.444973 -0.086318
2.414516 5.475894 -0.089279
2.388218 5.471358 -0.084727
2.355488 5.471595 -0.074014
2.339673 5.458442 -0.096665
2.340848 5.462116 -0.086140
2.329500 5.468884 -0.087153
2.298584 5.454348 -0.068757
2.261735 5.444883 -0.079275
2.249310 5.479065 -0.051180
2.242105 5.463243 -0.091087
2.209967 5.468944 -0.094637
2.167847 5.482181 -0.083521
2.190967 5.468277 -0.082993
2.158307 5.477513 -0.072331
2.140284 5.454286 -0.078069
2.103368 5.458096 -0.061719
2.103699 5.463669 -0.092174
2.076548 5.456471 -0.092887
2.048975 5.451682 -0.092251
2.043393 5.469407 -0.064733
2.019736 5.475136 -0.092006
1.997749 5.473409 -0.077451
1.998725 5.463376 -0.076264
1.967428 5.460816 -0.049288
1.938967 5.459450 -0.075480
1.926813 5.459468 -0.097017
1.901924 5.461984 -0.086667
1.879095 5.455999 -0.075671
1.867292 5.468461 -0.085161
1.846795 5.458605 -0.075621
1.838440 5.467864 -0.075952
1.826536 5.457831 -0.067352
1.795423 5.461123 -0.078193
1.784130 5.463469 -0.070727
1.760641 5.470323 -0.104289
1.739253 5.461921 -0.097836
1.731147 5.439910 -0.091624
1.695005 5.468497 -0.068220
1.698326 5.469032 -0.091469
1.665200 5.485468 -0.078876
1.652555 5.446997 -0.079068
1.637773 5.479501 -0.056767
1.607171 5.475758 -0.074458
1.596069 5.474347 -0.062717
1.572450 5.480021 -0.084476
1.556308 5.475159 -0.091305
1.540523 5.483682 -0.067845
1.519442 5.465872 -0.086646
1.510130 5.468138 -0.070446
1.498064 5.463356 -0.069418
1.479221 5.472789 -0.071564
1.463798 5.453873 -0.081187
1.443909 5.461247 -0.072148
1.408216 5.480474 -0.065077
1.400203 5.460763 -0.075630
1.367018 5.487575 -0.068753
1.359714 5.474294 -0.075685
1.330809 5.484929 -0.087601
1.329192 5.457506 -0.070657
1.309523 5.462871 -0.083035
1.286177 5.473282 -0.062788
1.258911 5.473047 -0.087680
1.262099 5.476031 -0.086032
1.219573 5.475178 -0.056134
1.228867 5.472831 -0.069624
1.216056 5.462424 -0.059376
1.166044 5.462494 -0.078363
1.149532 5.472827 -0.067935
1.150524 5.462989 -0.081843
1.118235 5.458610 -0.068762
1.110253 5.465250 -0.075264
1.099694 5.455769 -0.088328
1.080820 5.471170 -0.091075
1.038124 5.448277 -0.082067
1.049009 5.475200 -0.058269
1.037538 5.456836 -0.082344
1.012747 5.450237 -0.067734
1.001815 5.466558 -0.068476
0.977370 5.479637 -0.089669
0.959074 5.467098 -0.069606
0.930728 5.471279 -0.068553
0.925237 5.459980 -0.066760
0.895928 5.466007 -0.057763
0.893574 5.469994 -0.077659
0.869122 5.457612 -0.079137
0.851267 5.469855 -0.069559
0.834328 5.469165 -0.067500
0.805225 5.473142 -0.080918
0.798026 5.463904 -0.071429
0.790609 5.460788 -0.058053
0.773448 5.461619 -0.069791
0.763401 5.469342 -0.068493
0.738735 5.469509 -0.083098
0.713768 5.474054 -0.070321
0.697074 5.460314 -0.071490
0.687247 5.459178 -0.088111
0.668176 5.480985 -0.062266
0.660262 5.479062 -0.068172
0.639429 5.465525 -0.072179
0.601616 5.460060 -0.074974
0.596415 5.458463 -0.087868
0.588551 5.465718 -0.074070
0.563237 5.476586 -0.074847
0.553226 5.470402 -0.065914
0.545632 5.465058 -0.068405
0.521883 5.463660 -0.085121
0.502411 5.477120 -0.091451
0.473124 5.475402 -0.067557
0.440349 5.460101 -0.084337
0.451369 5.472435 -0.064715
0.432917 5.478226 -0.065421
0.416414 5.456580 -0.108627
0.373984 5.461180 -0.076828
0.385483 5.482172 -0.063775
0.359760 5.457127 -0.067985
0.346445 5.482134 -0.082518
0.326594 5.489685 -0.075454
0.311740 5.483824 -0.051800
0.285465 5.474236 -0.084094
0.283024 5.480839 -0.082025
0.269654 5.471471 -0.080910
0.253438 5.461555 -0.081862
0.221376 5.473108 -0.067653
0.206767 5.470973 -0.070412
0.214640 5.457764 -0.056037
0.173364 5.476748 -0.065300
0.170219 5.468020 -0.073856
0.143211 5.473831 -0.065146
0.113492 5.470283 -0.085654
0.092274 5.474884 -0.072373
0.104028 5.475093 -0.083197
0.080199 5.479315 -0.083158
0.052401 5.481066 -0.075461
0.057884 5.489897 -0.057327
0.027371 5.461615 -0.066529
-0.014733 5.466568 -0.069722
-0.000952 5.464467 -0.070017
0.005395 -4.464921 -0.024227
0.017999 -4.469498 -0.005240
0.026402 -4.456947 -0.019902
0.055971 -4.471230 0.001320
0.073877 -4.448660 -0.011217
0.077657 -4.481418 -0.007168
0.083242 -4.468695 -0.017261
0.103625 -4.469444 -0.023895
0.123447 -4.443542 -0.024744
0.126346 -4.453961 -0.024574
0.168576 -4.462985 -0.019859
0.129017 -4.457843 -0.023987
0.166078 -4.448474 -0.017567
0.191550 -4.459231 -0.012886
0.229933 -4.453697 -0.033666
0.199274 -4.439950 -0.019397
0.215684 -4.465583 -0.005268
0.233614 -4.436034 -0.013548
0.253348 -4.457231 -0.025301
0.277566 -4.463328 -0.012173
0.265651 -4.475299 -0.014811
0.293442 -4.464764 -0.001209
0.309728 -4.441048 -0.018487
0.312235 -4.448919 -0.040005
0.338940 -4.452710 -0.010918
0.360859 -4.456958 0.002740
0.357658 -4.437319 -0.008210
0.389786 -4.456167 -0.027499
0.389702 -4.448435 -0.023418
0.391953 -4.481477 -0.016218
0.424901 -4.453708 -0.002344
0.434425 -4.449511 -0.017681
0.435836 -4.447483 -0.017649
0.465229 -4.446803 -0.022477
0.474918 -4.432968 -0.037513
0.475146 -4.436166 -0.023960
0.496006 -4.459562 -0.005577
0.511303 -4.462465 -0.033984
0.520329 -4.429435 0.001716
0.534957 -4.437537 -0.016797
0.570491 -4.459949 -0.000732
0.579464 -4.433302 -0.012402
0.570322 -4.457915 -0.027007
0.596183 -4.432782 -0.028667
0.611832 -4.450081 -0.021075
0.618438 -4.427830 -0.031329
0.633339 -4.434881 -0.015467
0.655474 -4.446751 -0.021551
0.679111 -4.436066 0.000143
0.675749 -4.452434 -0.027991
0.691817 -4.444442 -0.015291
0.715485 -4.428333 -0.011803
0.749047 -4.433659 -0.000449
0.737554 -4.405614 -0.012938
0.754585 -4.423742 -0.019591
0.770775 -4.424886 -0.024428
0.788478 -4.448477 -0.017600
0.801043 -4.432663 0.000298
0.802099 -4.425504 -0.023133
0.811892 -4.428168 -0.018031
0.834653 -4.418674 -0.022532
0.858732 -4.446078 0.001240
0.847305 -4.433997 -0.019550
0.874757 -4.430791 -0.021336
0.890049 -4.419611 -0.003248
0.887725 -4.427643 -0.010986
0.925440 -4.407387 -0.019139
0.931292 -4.444856 -0.031081
0.930206 -4.440277 -0.023897
0.973943 -4.421142 -0.039096
0.983936 -4.429210 -0.012944
0.980294 -4.419169 -0.035309
1.024103 -4.427509 -0.012152
1.017831 -4.417466 -0.028992
1.023077 -4.428567 -0.007939
1.035231 -4.420348 -0.002325
1.063605 -4.429350 -0.018231
1.071885 -4.421293 -0.018092
1.097930 -4.397337 -0.005647
1.094838 -4.426141 -0.033333
1.120102 -4.425474 0.004773
1.115317 -4.419286 -0.007439
1.149652 -4.413696 -0.011986
1.151399 -4.430690 -0.019951
1.176347 -4.399209 -0.013099
1.173741 -4.415709 -0.026527
1.181792 -4.412675 -0.023343
1.241773 -4.393472 -0.026104
1.232812 -4.419144 -0.024342
1.234794 -4.405577 -0.032094
1.252644 -4.412229 -0.024060
1.280447 -4.428875 -0.021257
1.298685 -4.406966 -0.014245
1.300995 -4.416512 -0.042669
1.314714 -4.393055 -0.008142
1.310828 -4.409108 -0.003270
1.347836 -4.412458 -0.012773
1.356594 -4.409173 -0.027739
1.372351 -4.414591 -0.014380
1.383080 -4.405180 -0.029708
1.394488 -4.404023 -0.031926
1.423206 -4.412827 -0.025310
1.451501 -4.394284 -0.017633
1.433923 -4.416086 -0.014480
1.467162 -4.410294 -0.012382
1.472744 -4.388638 -0.029993
1.507357 -4.406266 -0.023055
1.514524 -4.396976 -0.022465
1.527402 -4.406368 -0.016465
1.547665 -4.395635 -0.032412
1.540818 -4.406718 -0.015086
1.567518 -4.392185 -0.019506
1.557539 -4.415798 -0.025523
1.602337 -4.384817 -0.023732
1.616012 -4.400631 -0.028107
1.620522 -4.402328 -0.034122
1.644054 -4.399779 -0.018331
1.654025 -4.385191 -0.012723
1.669562 -4.399968 -0.019196
1.690218 -4.411466 -0.029233
1.693055 -4.399125 -0.026975
1.728207 -4.396667 -0.030020
1.733104 -4.396120 -0.010606
1.745688 -4.373901 -0.012714
1.773031 -4.384993 -0.031885
1.776553 -4.371454 0.000932
1.802596 -4.395563 -0.039118
1.811478 -4.390034 -0.005968
1.822735 -4.395133 -0.044397
1.853525 -4.384459 -0.007506
1.854287 -4.373667 -0.046240
1.874552 -4.379407 -0.024841
1.878357 -4.397117 -0.001370
1.910687 -4.394564 -0.029675
1.924284 -4.373135 -0.033109
1.936856 -4.368591 -0.019759
1.948104 -4.344733 -0.012047
1.971224 -4.399282 -0.028634
1.982996 -4.364821 -0.025473
1.974380 -4.395829 -0.017530
2.025634 -4.369233 -0.007630
2.039445 -4.370018 -0.018858
2.039272 -4.387889 -0.024815
2.063949 -4.390522 -0.043120
2.078836 -4.372119 -0.022891
2.078577 -4.374710 -0.024473
2.124318 -4.372455 -0.033550
2.121703 -4.372517 -0.020197
2.150808 -4.383640 -0.029329
2.167325 -4.358138 -0.015434
2.161797 -4.381950 -0.026314
2.197084 -4.360811 -0.019854
2.219484 -4.357084 -0.017763
2.226319 -4.377058 -0.015841
2.249974 -4.389577 -0.015121
2.239838 -4.358450 -0.010893
2.277372 -4.386240 -0.020677
2.293743 -4.353057 -0.018355
2.289316 -4.374944 -0.016824
2.330459 -4.365400 -0.023111
2.320568 -4.379285 -0.018473
2.370498 -4.387402 -0.047775
2.380448 -4.368301 -0.007243
2.399820 -4.358678 -0.036840
2.437104 -4.364674 -0.019950
2.433893 -4.358187 -0.011009
2.449719 -4.344663 -0.023330
2.463912 -4.368915 -0.027660
2.473879 -4.367853 -0.034719
2.498283 -4.346692 -0.029820
2.503020 -4.359979 -0.020441
2.550380 -4.350637 -0.037556
2.539821 -4.373697 -0.016241
2.567326 -4.371913 -0.030869
2.586470 -4.355672 -0.032633
2.589036 -4.363961 -0.024141
2.614080 -4.361830 -0.029766
2.643582 -4.358862 -0.016670
2.662082 -4.338747 -0.006338
2.677996 -4.369394 -0.033211
2.684449 -4.345549 -0.021753
2.732363 -4.361976 -0.016928
2.733961 -4.339734 -0.024796
2.752290 -4.332971 -0.011101
2.749323 -4.343835 -0.028710
2.774858 -4.360935 -0.029920
2.791047 -4.356162 -0.014991
2.815907 -4.344868 -0.016389
2.838872 -4.346882 -0.018270
2.841443 -4.307431 -0.019120
2.865659 -4.334546 -0.026541
2.886037 -4.339278 -0.029365
2.912586 -4.330162 -0.021167
2.918627 -4.330587 -0.016062
2.936807 -4.330656 -0.019049
2.954555 -4.313307 -0.031314
2.987892 -4.332894 -0.026824
2.995232 -4.310211 -0.028513
3.019865 -4.322020 -0.009391
3.045332 -4.326707 -0.016772
3.068811 -4.322925 -0.040877
3.094026 -4.332579 -0.026464
3.090592 -4.314339 -0.031206
3.122386 -4.316446 -0.043032
3.128521 -4.325172 -0.018964
3.150330 -4.308281 -0.027982
3.158941 -4.341304 -0.025262
3.202286 -4.308237 -0.032459
3.214541 -4.319741 -0.032400
3.246552 -4.325305 -0.018377
3.263952 -4.310565 -0.024244
3.285078 -4.330454 -0.014888
3.291499 -4.327761 -0.025100
3.320942 -4.317340 -0.030053
3.332230 -4.295750 -0.031735
3.366942 -4.305429 -0.024853
3.379373 -4.324369 -0.000318
3.401191 -4.329691 -0.028466
3.411167 -4.325400 -0.023188
3.434934 -4.314226 -0.020633
3.455981 -4.327302 -0.036917
3.478970 -4.310831 -0.025142
3.506084 -4.310225 -0.043133
3.532096 -4.315304 -0.026146
3.533708 -4.321569 -0.029479
3.571796 -4.292435 -0.043743
3.595050 -4.290819 -0.038063
3.616940 -4.297406 -0.021631
3.648030 -4.304850 -0.038258
3.652215 -4.317327 -0.028387
3.699296 -4.308899 -0.034448
3.694272 -4.316373 -0.014437
3.724583 -4.290006 -0.019403
3.744147 -4.290566 -0.005740
3.759806 -4.306107 -0.020498
3.802974 -4.291191 -0.029466
3.820796 -4.298499 -0.027793
3.832111 -4.286885 -0.020784
3.868849 -4.289584 -0.008042
3.878777 -4.288371 -0.027184
3.890528 -4.286891 -0.020488
3.944736 -4.291694 -0.042210
3.954946 -4.290631 -0.047611
3.974679 -4.281398 -0.028680
4.007664 -4.297679 -0.016123
4.024140 -4.265539 -0.030479
4.046955 -4.289363 -0.025439
4.060705 -4.265371 -0.021634
4.092879 -4.269265 -0.030903
4.115870 -4.296961 -0.021733
4.155746 -4.278000 -0.029950
4.172291 -4.301660 -0.005262
4.205741 -4.285333 -0.017805
4.208216 -4.272999 -0.016944
4.242804 -4.280529 -0.009747
4.251984 -4.258402 -0.019350
4.292421 -4.282065 -0.032031
4.318347 -4.280500 -0.029523
4.341257 -4.279497 -0.041179
4.358435 -4.274173 -0.032282
4.395855 -4.276672 -0.026731
4.420540 -4.263930 -0.008784
4.443864 -4.269424 -0.012603
4.483665 -4.269316 -0.034549
4.488464 -4.266811 -0.032200
4.519885 -4.289046 -0.015751
4.563725 -4.263383 -0.047487
4.573749 -4.279093 -0.013764
4.596386 -4.258039 -0.024236
4.634765 -4.252817 -0.012059
4.658485 -4.253862 -0.046739
4.710024 -4.259840 -0.028745
4.736477 -4.248869 -0.025071
4.744688 -4.257536 -0.014216
4.775511 -4.243786 -0.029871
4.788648 -4.251926 -0.002779
4.840024 -4.253447 -0.028262
4.854071 -4.243716 -0.036017
4.887573 -4.261501 -0.007817
4.914128 -4.251216 -0.023188
4.935414 -4.246476 -0.030805
4.962963 -4.242358 -0.027349
5.011108 -4.237932 -0.033640
5.017650 -4.231459 -0.023528
5.078188 -4.231411 -0.035080
5.096416 -4.226027 -0.027700
5.126225 -4.232532 -0.024965
5.141884 -4.223250 -0.022937
5.198497 -4.227405 -0.038002
5.212689 -4.234531 -0.033848
5.252375 -4.238336 -0.039205
5.260300 -4.236783 -0.024954
5.310112 -4.256933 -0.033578
5.331563 -4.232766 -0.045007
5.388131 -4.221671 -0.041904
5.393339 -4.227839 -0.019247
5.431732 -4.257689 -0.028121
5.481780 -4.217947 -0.020104
5.505592 -4.231107 -0.033079
5.570862 -4.231939 -0.029418
5.583165 -4.221333 -0.049920
5.601722 -4.215989 -0.023777
5.626781 -4.212463 -0.032431
5.671226 -4.226184 -0.030640
5.721641 -4.218767 -0.034790
5.767003 -4.225768 -0.031651
5.776252 -4.225764 -0.040455
5.784897 -4.208849 -0.027271
5.852255 -4.209303 -0.033740
5.874900 -4.214342 -0.035565
5.924845 -4.208786 -0.013711
5.014710 -3.529040 -0.024170
4.983985 -3.498791 -0.027752
4.973487 -3.451823 -0.003039
4.965178 -3.424162 -0.024455
4.956589 -3.397622 -0.021060
4.931777 -3.367957 -0.007403
4.923122 -3.347415 -0.029069
4.916242 -3.308070 -0.024943
4.913439 -3.271988 -0.017464
4.890146 -3.265165 -0.041304
4.875844 -3.220313 -0.023634
4.858890 -3.169799 -0.023337
4.863200 -3.161702 -0.035725
4.837386 -3.134103 -0.029700
4.837388 -3.105747 -0.000483
4.800197 -3.067209 -0.022426
4.803799 -3.041541 -0.034224
4.799325 -3.021277 -0.033104
4.795985 -3.013907 -0.014003
4.838178 -3.003390 -0.014042
4.875555 -2.994987 -0.036579
4.886585 -2.989832 -0.038367
4.903028 -2.981359 -0.032591
4.901004 -2.983503 -0.034114
4.936861 -2.965098 -0.046740
4.968485 -2.984673 -0.028015
5.005654 -2.947660 -0.018121
5.003681 -2.924310 -0.023795
5.022017 -2.926155 -0.026170
5.044307 -2.922009 -0.024837
5.073627 -2.908791 -0.027589
5.085509 -2.902594 -0.028152
5.107050 -2.895782 -0.041760
5.108036 -2.877192 -0.015120
5.171393 -2.875904 -0.030873
5.183030 -2.865765 -0.016190
5.177782 -2.871164 -0.024960
5.210800 -2.830115 -0.025674
5.243839 -2.836141 -0.025556
5.252704 -2.833995 -0.020329
5.284853 -2.847835 -0.012768
5.287242 -2.809012 -0.027350
5.332740 -2.805925 -0.026241
5.323053 -2.796697 -0.030645
7.935197 -4.104783 -0.054773
7.989816 -4.122468 -0.035058
8.047521 -4.108046 -0.040048
8.104619 -4.121182 -0.042090
8.167595 -4.107230 -0.025988
8.230387 -4.096941 -0.041180
8.272592 -4.100710 -0.037280
8.331827 -4.113603 -0.039624
8.396617 -4.095780 -0.034728
8.436488 -4.087364 -0.044839
8.513889 -4.093025 -0.041820
8.582815 -4.087383 -0.046134
8.655636 -4.089103 -0.042993
8.709794 -4.069346 -0.032460
8.766932 -4.091109 -0.053729
8.827434 -4.079931 -0.032109
8.898664 -4.079884 -0.043577
8.989399 -4.083812 -0.061764
9.028084 -4.076987 -0.048809
9.114256 -4.082845 -0.052796
9.202157 -4.060421 -0.063590
9.230207 -4.071409 -0.051019
9.313566 -4.064453 -0.061147
9.376498 -4.061089 -0.042913
9.456503 -4.051713 -0.052224
9.534507 -4.057070 -0.042155
9.635694 -4.051038 -0.035911
9.673483 -4.029347 -0.063075
9.748964 -4.052254 -0.045637
9.829624 -4.044625 -0.049072
9.907731 -4.039192 -0.048929
9.964852 -4.026109 -0.037296
10.066008 -4.038931 -0.058970
10.169079 -4.017649 -0.045853
10.238936 -4.031301 -0.042071
10.324776 -4.020851 -0.036251
10.399791 -4.008042 -0.041856
10.492813 -4.019559 -0.053718
10.571650 -4.018623 -0.062952
10.668393 -4.000201 -0.070410
10.750512 -4.008894 -0.042255
10.845413 -3.984873 -0.049982
10.963604 -4.003935 -0.065531
11.037930 -3.993931 -0.035611
11.142126 -3.980192 -0.037730
11.224336 -3.985948 -0.056625
11.341178 -3.969259 -0.049752
11.444119 -3.962987 -0.056670
11.533698 -3.970752 -0.044460
11.652431 -3.966838 -0.048179
11.764071 -3.962317 -0.064190
11.849435 -3.959537 -0.054281
11.975072 -3.958497 -0.061002
12.063686 -3.967353 -0.044339
9.001144 -2.912238 -0.050537
9.001128 -2.903280 -0.060778
12.401305 -3.947780 -0.079389
12.532628 -3.935873 -0.051927
12.666907 -3.928085 -0.067689
12.764741 -3.926207 -0.046757
12.905420 -3.922727 -0.062871
13.020336 -3.914356 -0.066955
13.155640 -3.898442 -0.067786
13.279496 -3.898251 -0.061556
13.419610 -3.901923 -0.068268
13.533925 -3.881634 -0.055677
13.689216 -3.893020 -0.078253
13.814545 -3.864381 -0.083723
13.959381 -3.878678 -0.042834
14.108555 -3.872670 -0.072985
14.266145 -3.849585 -0.062494
14.410657 -3.852427 -0.045969
14.578242 -3.867977 -0.069173
14.692947 -3.829354 -0.064654
14.810898 -3.813259 -0.052477
14.894538 -3.790637 -0.060861
14.977752 -3.755351 -0.084365
15.098602 -3.750050 -0.073446
15.206323 -3.707652 -0.071672
15.311287 -3.702739 -0.085493
15.400111 -3.641398 -0.075198
15.492521 -3.624596 -0.074894
15.598815 -3.612283 -0.064761
15.698453 -3.587606 -0.071627
15.826425 -3.554053 -0.066667
15.913864 -3.533875 -0.072771
16.016869 -3.495165 -0.067730
16.150496 -3.473278 -0.072420
16.254114 -3.442885 -0.065493
16.355097 -3.403935 -0.074075
16.479662 -3.384508 -0.087077
16.597799 -3.358616 -0.066381
16.715000 -3.335901 -0.058253
16.813646 -3.317199 -0.079775
14.493714 -2.804283 -0.067077
14.459633 -2.727212 -0.069836
14.421062 -2.687651 -0.071311
14.397928 -2.638974 -0.065251
14.403173 -2.570441 -0.062761
14.403455 -2.535172 -0.076342
14.416173 -2.505047 -0.069699
14.422898 -2.436011 -0.086879
14.433111 -2.436018 -0.061827
14.483441 -2.352262 -0.063896
14.540755 -2.336562 -0.065579
18.368042 -2.906707 -0.081559
18.507364 -2.869693 -0.088760
18.576500 -2.806458 -0.096547
18.659260 -2.768054 -0.093768
18.731554 -2.726753 -0.085979
18.802410 -2.670254 -0.065607
18.910606 -2.633055 -0.083582
18.972363 -2.591610 -0.079532
19.074652 -2.529483 -0.073172
19.136072 -2.490948 -0.081248
19.209105 -2.440527 -0.078361
19.311855 -2.376473 -0.087602
19.406715 -2.335269 -0.082441
19.498503 -2.283076 -0.102167
19.558788 -2.232741 -0.088940
19.659451 -2.185905 -0.095121
19.756552 -2.129567 -0.089464
19.827179 -2.091569 -0.097663
19.926767 -2.027722 -0.087717
20.005445 -1.962513 -0.085614
20.114777 -1.930869 -0.076950
20.210812 -1.858904 -0.094349
20.298285 -1.809800 -0.094741
20.391958 -1.760072 -0.109259
20.473137 -1.692942 -0.100455
20.591019 -1.646302 -0.077306
20.695293 -1.568958 -0.087843
20.769037 -1.530737 -0.087950
20.868267 -1.472141 -0.072989
20.996838 -1.424947 -0.094756
21.058920 -1.347888 -0.086806
21.177725 -1.307215 -0.097040
21.281343 -1.246268 -0.076797
21.364906 -1.178284 -0.090776
21.484097 -1.102834 -0.085666
21.598433 -1.057875 -0.101872
21.692104 -1.001856 -0.097621
21.784927 -0.923846 -0.108968
21.770464 -0.875809 -0.088417
21.807446 -0.811708 -0.096859
21.824228 -0.741497 -0.098945
21.834005 -0.667477 -0.101545
21.885214 -0.608058 -0.101381
21.879848 -0.530920 -0.094440
21.910650 -0.459067 -0.103866
21.909245 -0.391040 -0.102838
21.916327 -0.342199 -0.094899
21.931652 -0.266933 -0.090044
21.982988 -0.203897 -0.087993
21.983282 -0.143827 -0.100593
22.002388 -0.064546 -0.099958
22.028172 0.001881 -0.098522
22.026701 0.077170 -0.091703
22.041712 0.143655 -0.104017
22.083269 0.209411 -0.108908
22.086174 0.281888 -0.094316
22.098078 0.359376 -0.102959
22.129580 0.400041 -0.106664
22.151499 0.492027 -0.113190
22.160507 0.545954 -0.105949
22.176023 0.608905 -0.105108
22.193727 0.665609 -0.100293
22.216850 0.753208 -0.081528
22.240694 0.809350 -0.100537
22.270929 0.901078 -0.107051
22.267031 0.990007 -0.113774
22.280285 1.016472 -0.103835
22.310123 1.099091 -0.098792
22.328602 1.151864 -0.104898
22.356571 1.231560 -0.098440
22.367849 1.294954 -0.105576
22.385250 1.364272 -0.109743
22.402235 1.440803 -0.115298
22.413015 1.515659 -0.091506
22.440580 1.590386 -0.099424
22.459455 1.640601 -0.093722
22.471575 1.723194 -0.097958
22.498758 1.795853 -0.095373
22.520456 1.863341 -0.110699
22.531418 1.937272 -0.098143
22.572361 2.027605 -0.092271
22.576511 2.084819 -0.093898
22.600592 2.157812 -0.094962
22.600927 2.211857 -0.118612
22.623236 2.284424 -0.111963
22.643366 2.389939 -0.114712
22.662992 2.451449 -0.111879
22.704821 2.521284 -0.108101
22.709599 2.580340 -0.098539
22.730379 2.657529 -0.095819
22.758028 2.747298 -0.110064
22.761763 2.810576 -0.104094
30.433464 3.839514 -0.146547
30.482285 3.934004 -0.144262
30.533531 4.053532 -0.133139
30.289818 4.118624 -0.121719
30.331047 4.200461 -0.133062
30.392565 4.316002 -0.142839
30.452967 4.418360 -0.145756
30.515762 4.530598 -0.137390
30.563673 4.653500 -0.139146
30.617531 4.742510 -0.133048
30.690292 4.831484 -0.142032
30.729156 4.960589 -0.133176
30.810087 5.056248 -0.136816
30.858078 5.171796 -0.145973
31.257547 5.332078 -0.164424
31.296183 5.454798 -0.134881
21.963932 3.887481 -0.116317
21.920221 3.944440 -0.089745
21.923048 4.016921 -0.102264
21.928621 4.103277 -0.099609
21.672577 4.099828 -0.088799
21.927187 4.212451 -0.089696
9.973667 1.945790 -0.063347
10.070045 1.991769 -0.057009
10.139800 2.070035 -0.036734
9.850689 2.028081 -0.044073
10.312090 2.136758 -0.045564
10.416485 2.225417 -0.054941
9.377536 2.012114 -0.036405
9.358304 2.045636 -0.041179
9.325501 2.056814 -0.054287
9.301932 2.090542 -0.048927
9.280775 2.130672 -0.046506
9.240597 2.134187 -0.054520
9.216227 2.156531 -0.049143
9.193990 2.178889 -0.047644
9.161770 2.218119 -0.037779
9.147207 2.236714 -0.053360
9.119413 2.255999 -0.038737
9.107112 2.269464 -0.051926
9.070907 2.307205 -0.036234
9.052546 2.335265 -0.039423
9.013271 2.340097 -0.054357
8.991527 2.388390 -0.058937
8.989575 2.404983 -0.026194
8.971059 2.412992 -0.043814
8.942535 2.454532 -0.016579
8.948539 2.471352 -0.048746
8.917226 2.523256 -0.043100
8.902719 2.535441 -0.069692
8.889642 2.568170 -0.031550
8.876279 2.570659 -0.058109
8.848298 2.601428 -0.029042
8.827600 2.628916 -0.030568
8.832644 2.675533 -0.048957
8.811665 2.661048 -0.027902
8.793623 2.718315 -0.059260
8.799589 2.731715 -0.033954
8.771032 2.750194 -0.039439
8.747631 2.776653 -0.031557
8.723802 2.779825 -0.046729
8.705017 2.805810 -0.039305
8.711354 2.857250 -0.037169
8.680463 2.870016 -0.046038
8.661820 2.882841 -0.038884
8.643394 2.919828 -0.047561
8.632790 2.929241 -0.057809
8.637784 2.977843 -0.053906
8.609035 2.990036 -0.028335
8.590691 3.005181 -0.038641
8.570829 3.035547 -0.050866
8.537758 3.076071 -0.015465
8.532108 3.073428 -0.043123
8.523401 3.113411 -0.050966
8.505765 3.117307 -0.034745
8.485782 3.142855 -0.046628
8.467458 3.173834 -0.053284
8.428490 3.196787 -0.040783
8.421544 3.227994 -0.049673
8.411381 3.240120 -0.035788
8.390306 3.262136 -0.054222
8.368781 3.303939 -0.043238
8.343823 3.329348 -0.029388
8.331831 3.340692 -0.043903
8.317926 3.351155 -0.022378
8.286967 3.395987 -0.028873
10.732729 4.423018 -0.052067
10.739687 4.470529 -0.044640
10.707971 4.484476 -0.041732
10.687537 4.496741 -0.060359
10.685964 4.557126 -0.041469
10.668488 4.577068 -0.043164
10.652155 4.620923 -0.043414
10.610932 4.639645 -0.048690
10.557893 4.656403 -0.039529
10.531674 4.674736 -0.055898
10.473183 4.698989 -0.069598
10.422791 4.689597 -0.060122
10.373777 4.706400 -0.050133
10.338191 4.752677 -0.037943
10.283569 4.748848 -0.063202
10.242018 4.773783 -0.055875
10.211229 4.799516 -0.062128
8.394627 3.983891 -0.032805
8.473222 4.048851 -0.035224
8.516052 4.106458 -0.047482
8.570425 4.187858 -0.040714
8.645248 4.219690 -0.040744
8.703503 4.267677 -0.037442
8.721079 4.331187 -0.039196
8.749677 4.363429 -0.031467
8.763847 4.419658 -0.056577
8.776635 4.466791 -0.043884
8.823601 4.487153 -0.043268
8.824868 4.556250 -0.034729
8.850238 4.625350 -0.044375
8.886679 4.649955 -0.060040
8.912735 4.695524 -0.031721
10.260574 5.438800 -0.065067
10.191278 5.449475 -0.040534
10.103832 5.444444 -0.053952
10.016246 5.443128 -0.035098
6.602333 3.599606 -0.032954
6.573036 3.613537 -0.033981
6.569910 3.641608 -0.037613
6.524300 3.668133 -0.041646
6.506246 3.659336 -0.015775
6.476727 3.668453 -0.048973
6.458081 3.693293 -0.036480
6.443068 3.717079 -0.026354
6.433912 3.731930 -0.038493
6.403168 3.740608 -0.030542
6.402076 3.765621 -0.011987
6.393069 3.789145 -0.041090
6.403231 3.810057 -0.047056
6.399037 3.836814 -0.038138
6.385448 3.856378 -0.031400
6.381407 3.871088 -0.021255
6.374670 3.903811 -0.032128
6.374095 3.927024 -0.034492
6.382421 3.956521 -0.030942
8.712455 5.452581 -0.053618
6.382993 4.001716 -0.033919
6.388178 4.036934 -0.036291
8.522595 5.448139 -0.058689
8.471770 5.462273 -0.054460
8.411193 5.459936 -0.049531
8.366083 5.444013 -0.044144
8.295064 5.445000 -0.065612
8.272717 5.453197 -0.048997
8.179353 5.448160 -0.052806
8.152428 5.434374 -0.039355
8.081215 5.445697 -0.051698
8.044988 5.450782 -0.052982
8.005700 5.450190 -0.047703
7.929755 5.452781 -0.035559
7.890688 5.442486 -0.052855
7.842114 5.460630 -0.049491
7.792459 5.449729 -0.034569
7.735684 5.457126 -0.043578
7.697558 5.458463 -0.030663
7.640557 5.451251 -0.047524
7.590010 5.443763 -0.029158
7.532089 5.468446 -0.034856
7.484709 5.446113 -0.033469
7.431934 5.449634 -0.043945
7.396114 5.457839 -0.041684
7.333652 5.432452 -0.052990
7.299614 5.460220 -0.030239
7.240489 5.443780 -0.057586
7.196850 5.447419 -0.036081
7.160470 5.453816 -0.050327
7.116544 5.456010 -0.041752
7.080225 5.461439 -0.046055
7.030207 5.456675 -0.045222
6.973866 5.453946 -0.015914
6.939140 5.456470 -0.041028
6.879807 5.461503 -0.020917
6.846241 5.449299 -0.037890
6.807043 5.471580 -0.045418
6.772053 5.441054 -0.044429
6.712718 5.455460 -0.050633
6.685660 5.461843 -0.022200
6.635586 5.449878 -0.043450
6.584193 5.450973 -0.046595
6.546799 5.465512 -0.033385
6.512745 5.465541 -0.043708
6.476790 5.459787 -0.050661
6.419737 5.460690 -0.028812
6.408157 5.450083 -0.019674
6.341525 5.453698 -0.023601
6.305406 5.439681 -0.039793
6.269596 5.442437 -0.046217
6.247739 5.443202 -0.038243
6.196784 5.484379 -0.034404
6.158490 5.478747 -0.032170
6.131875 5.455631 -0.042775
6.074141 5.452556 -0.041714
6.028565 5.452662 -0.023674
5.994659 5.460169 -0.042696
5.978303 5.454103 -0.020416
5.933778 5.439779 -0.035849
5.894617 5.459492 -0.028032
5.869561 5.448514 -0.029836
5.828681 5.439964 -0.040806
5.790940 5.443820 -0.036561
5.741305 5.459971 -0.042782
5.723647 5.460498 -0.048310
5.680164 5.455005 -0.031902
5.649434 5.472112 -0.034812
5.607418 5.444405 -0.034171
5.581459 5.453228 -0.027865
5.531174 5.465778 -0.024738
5.529375 5.468752 -0.052061
5.499115 5.454951 -0.027428
5.453480 5.456152 -0.041790
5.410663 5.468941 -0.024866
5.375142 5.464877 -0.043212
5.349834 5.448997 -0.055090
5.315091 5.475225 -0.017519
5.291267 5.442356 -0.034616
5.255517 5.446950 -0.043244
5.206340 5.446886 -0.046112
5.195910 5.446193 -0.036329
5.154455 5.455715 -0.021864
5.126125 5.446235 -0.046298
5.107818 5.457796 -0.049882
5.058774 5.457705 -0.033858
5.019889 5.443975 -0.025248
4.998134 5.452560 -0.044086
4.978672 5.448479 -0.041865
4.934505 5.436549 -0.051041
4.916412 5.456300 -0.027778
4.862062 5.441473 -0.037414
4.853474 5.453413 -0.034483
4.810224 5.445677 -0.023884
4.787318 5.444218 -0.021677
4.739944 5.476976 -0.034561
4.743879 5.439337 -0.037110
4.696447 5.450140 -0.023293
4.655859 5.453969 -0.021302
4.639411 5.448959 -0.021590
4.607184 5.443460 -0.027939
4.573598 5.452244 -0.020126
4.564359 5.465636 -0.030731
4.508866 5.428273 -0.046077
4.489718 5.462708 -0.039746
4.464715 5.447090 -0.019504
4.462347 5.482851 -0.034492
4.393331 5.446126 -0.032587
4.377071 5.460603 -0.035137
4.355643 5.440392 -0.041364
4.317601 5.465800 -0.012832
4.308873 5.450953 -0.029555
4.284839 5.443683 -0.041626
4.230053 5.453612 -0.033746
4.227367 5.472735 -0.027186
4.207007 5.458491 -0.007531
4.191287 5.446027 -0.040323
4.150548 5.451400 -0.040453
4.121105 5.471156 -0.044577
4.099538 5.453887 -0.048281
4.073822 5.459854 -0.019412
4.016094 5.436179 -0.025176
4.026386 5.441676 -0.037519
3.992528 5.481736 -0.020495
3.977632 5.459160 -0.014039
3.939584 5.448015 -0.031249
3.918882 5.426503 -0.029483
3.891969 5.473002 -0.045668
3.853858 5.449439 -0.036532
3.827803 5.461533 -0.037830
3.807738 5.456620 -0.040217
3.783601 5.463267 -0.031386
3.755172 5.460646 -0.022776
3.734121 5.468202 -0.024747
3.731054 5.454969 -0.028687
3.667620 5.470838 -0.048396
3.678909 5.461322 -0.025279
3.623418 5.481270 -0.021410
3.614582 5.442451 -0.028938
3.578688 5.453767 -0.051784
3.563674 5.446609 -0.038452
3.545357 5.461340 -0.038577
3.534026 5.458069 -0.038091
3.478670 5.461681 -0.008693
3.482831 5.442922 -0.011933
3.443522 5.449648 -0.007997
3.429268 5.425660 -0.024471
3.395645 5.462737 -0.025056
3.379287 5.459594 -0.028064
3.352040 5.466869 -0.033301
3.330624 5.483087 -0.037218
3.311473 5.456791 -0.039757
3.301394 5.467834 -0.014160
3.267624 5.460454 -0.032727
3.243264 5.463924 -0.025253
3.188684 5.445613 -0.021726
3.190845 5.449846 -0.022544
3.191487 5.469808 -0.039212
3.145776 5.456666 -0.032107
3.116250 5.458448 -0.023814
3.110054 5.459188 -0.046571
3.080333 5.445759 -0.036370
3.075008 5.453555 -0.037418
3.066673 5.468743 -0.024879
3.000777 5.461962 -0.030180
2.991423 5.456489 -0.048815
2.966577 5.484704 -0.025163
2.962778 5.463497 -0.035416
2.910454 5.482791 -0.032723
2.923774 5.469013 -0.029974
2.881908 5.457826 -0.032611
2.878962 5.466764 -0.015432
2.854697 5.461676 -0.026523
2.829538 5.459958 -0.045471
2.782552 5.468389 -0.043256
2.794406 5.467023 -0.003178
2.776942 5.461185 -0.037086
2.728257 5.444018 -0.034561
2.722025 5.458556 -0.027294
2.703329 5.466009 -0.021241
2.680843 5.452248 -0.012761
2.659579 5.447566 -0.026844
2.626559 5.469625 -0.040449
2.604473 5.464467 -0.021098
2.564707 5.451102 -0.027747
2.566568 5.452320 -0.017759
2.558098 5.473326 -0.027702
2.543076 5.455629 -0.035139
2.521986 5.461809 -0.039862
2.495379 5.472546 -0.001715
2.457788 5.469245 -0.027898
2.446512 5.468945 -0.031212
2.425724 5.468653 -0.012618
2.417292 5.478295 -0.022610
2.389658 5.466890 -0.005009
2.371766 5.465655 -0.027736
2.343688 5.454243 -0.028260
2.341488 5.468554 -0.027991
2.322560 5.459107 -0.022383
2.305008 5.457316 -0.024966
2.270232 5.454366 -0.018234
2.261815 5.466235 -0.026141
2.242769 5.472891 -0.023566
2.202896 5.472127 -0.031369
2.173430 5.463536 -0.033731
2.185931 5.481204 -0.041825
2.141707 5.472987 -0.035059
2.143180 5.467706 -0.019727
2.126175 5.469200 -0.032795
2.103064 5.443104 -0.007987
2.092585 5.469184 -0.014633
2.076745 5.474761 -0.022501
2.037438 5.459973 -0.026726
1.999465 5.465889 -0.027524
2.013751 5.463117 -0.019084
1.980193 5.473679 -0.033827
1.962988 5.469121 -0.031198
1.943707 5.464249 -0.029970
1.922120 5.466507 -0.022073
1.914323 5.458835 -0.032192
1.900405 5.470505 -0.036087
1.859165 5.471781 -0.033166
1.853307 5.456373 -0.022331
1.842769 5.465979 -0.015950
1.812912 5.449331 -0.021102
1.796424 5.452508 -0.027102
1.778336 5.460637 -0.013961
1.744910 5.453227 -0.022856
1.734418 5.457903 -0.030983
1.727537 5.458797 -0.012763
1.702673 5.468091 -0.034874
1.687984 5.465848 -0.020999
1.668869 5.461075 -0.033767
1.642425 5.461631 -0.038852
1.627375 5.483281 -0.025852
1.623061 5.458560 -0.039651
1.603969 5.463287 -0.022599
1.575375 5.476534 -0.022990
1.564504 5.473331 -0.023410
1.537289 5.467068 -0.010120
1.529319 5.476409 -0.041190
1.511591 5.457216 -0.043065
1.479361 5.464003 -0.027816
1.462372 5.457269 -0.028932
1.456225 5.484607 -0.016774
1.429230 5.467402 -0.001694
1.429605 5.464188 -0.032227
1.401948 5.479372 -0.034936
1.383093 5.461256 -0.024964
1.363191 5.472633 -0.028232
1.331311 5.473952 -0.023088
1.311052 5.462991 -0.016664
1.281423 5.479803 -0.017040
1.286262 5.451558 -0.028454
1.293131 5.485318 -0.036543
1.238679 5.469054 -0.014595
1.246405 5.476542 -0.016245
1.214544 5.473423 -0.028894
1.209957 5.477306 -0.037405
1.205673 5.456373 -0.026456
1.163438 5.467560 -0.019705
1.150794 5.478263 -0.026905
1.148950 5.450425 -0.032486
1.102763 5.442364 -0.022086
1.103900 5.469800 -0.021015
1.076197 5.475394 -0.023027
1.055238 5.475463 -0.027347
1.039693 5.466423 -0.032969
1.027246 5.458699 -0.033666
1.010595 5.457908 -0.002746
0.987584 5.466514 -0.052754
0.969256 5.473347 -0.019516
0.964901 5.466372 -0.035944
0.943911 5.474977 -0.009472
0.914132 5.461922 -0.041827
0.911483 5.447647 -0.028620
0.872494 5.458946 -0.025594
0.865014 5.460979 -0.039993
0.855101 5.480111 -0.035490
0.826038 5.471297 -0.018702
0.826948 5.458359 -0.029000
0.805569 5.477162 -0.027843
0.804175 5.467381 -0.016382
0.758976 5.455229 -0.020499
0.754388 5.461720 -0.011350
0.720199 5.475412 -0.028269
0.713592 5.475657 -0.034426
0.703906 5.455503 -0.023163
0.684772 5.483106 -0.039446
0.667637 5.478259 -0.009815
0.661734 5.476943 -0.012757
0.634840 5.473065 -0.045327
0.609861 5.473512 -0.020506
0.604092 5.469756 -0.027983
0.577537 5.470663 -0.031304
0.555634 5.463373 -0.022899
0.536099 5.482676 -0.007542
0.538950 5.461394 -0.020864
0.499355 5.459253 -0.022223
0.505852 5.457360 -0.032023
0.480760 5.472439 -0.018307
0.460208 5.473614 -0.016203
0.457931 5.453270 -0.038521
0.442546 5.495472 -0.019760
0.397071 5.469353 -0.018876
0.387151 5.486682 -0.029077
0.385099 5.482180 -0.015113
0.346750 5.479951 -0.029563
0.344079 5.463441 -0.035283
0.325814 5.478961 -0.032354
0.324755 5.436778 -0.047308
0.278195 5.453230 -0.024665
0.273441 5.480638 -0.023296
0.249081 5.475765 -0.031043
0.257738 5.461004 -0.029713
0.242137 5.476480 -0.022968
0.208223 5.476176 -0.039493
0.170651 5.478239 -0.053325
0.164426 5.476857 -0.043426
0.171159 5.475390 -0.032151
0.140044 5.483525 -0.011020
0.132536 5.454658 -0.019773
0.105742 5.476463 -0.012098
0.095197 5.475851 -0.023081
0.073140 5.476460 -0.037255
0.048226 5.480155 -0.017284
0.035878 5.489954 -0.036005
0.010529 5.466681 -0.025686
0.018205 5.472226 -0.009052
-0.004720 5.468915 -0.025866
0.009587 -4.454078 0.000858
0.021537 -4.458096 -0.007620
0.037387 -4.469418 -0.001564
0.045360 -4.464962 0.001581
0.068980 -4.459083 -0.025691
0.073121 -4.460249 0.015690
0.092727 -4.462915 -0.011327
0.098273 -4.478822 -0.002733
0.095524 -4.444423 -0.020897
0.142805 -4.460797 -0.001882
0.138237 -4.460774 0.012081
0.167767 -4.458441 -0.009028
0.187672 -4.452194 -0.002647
0.190065 -4.445022 0.007152
0.203640 -4.439971 -0.000299
0.198139 -4.453934 -0.019209
0.234881 -4.467626 0.000371
0.256793 -4.457311 -0.014740
0.263336 -4.457877 0.009869
0.274342 -4.466770 -0.001995
0.289027 -4.458817 -0.002027
0.282419 -4.454614 -0.001189
0.312648 -4.466444 -0.009048
0.318985 -4.457185 -0.013786
0.340289 -4.451730 -0.013758
0.351233 -4.453408 0.005086
0.362345 -4.435267 -0.024382
0.380162 -4.458096 -0.008604
0.396694 -4.451928 0.010719
0.406604 -4.445939 -0.000317
0.427820 -4.471523 -0.008515
0.440870 -4.451908 0.004288
0.434068 -4.428034 -0.000303
0.461336 -4.433518 0.012835
0.490683 -4.450073 0.010867
0.508235 -4.461322 -0.002205
0.486781 -4.454622 -0.006886
0.516813 -4.443930 0.008143
0.535037 -4.439226 -0.023941
0.546431 -4.445007 0.003796
0.562152 -4.449979 -0.010928
0.561609 -4.436860 0.014880
0.588904 -4.437998 0.008462
0.586898 -4.431302 0.009819
0.605535 -4.445359 -0.001261
0.618223 -4.445355 -0.013970
0.640930 -4.435091 0.021117
0.650829 -4.435254 0.006436
0.658666 -4.435022 -0.018679
0.686690 -4.427229 0.008409
0.713304 -4.430910 -0.003883
0.689411 -4.431431 0.008016
0.731022 -4.457466 -0.008892
0.725971 -4.429977 -0.012871
0.751628 -4.434509 0.018189
0.749668 -4.415132 -0.013321
0.775081 -4.432159 0.005642
0.804194 -4.433292 0.011406
0.807373 -4.409693 0.004643
0.805220 -4.423008 -0.000851
0.830886 -4.435391 -0.008602
0.835808 -4.422891 0.010068
0.866107 -4.438179 0.003300
0.888701 -4.428503 -0.015500
0.893500 -4.414920 -0.003443
0.905522 -4.432025 -0.003176
0.910885 -4.437570 0.018177
0.929166 -4.426905 0.000578
0.935165 -4.414972 -0.000853
0.938765 -4.406550 0.016653
0.973601 -4.442754 -0.001477
0.992035 -4.435552 0.000201
1.006631 -4.424004 -0.008930
0.998860 -4.439588 -0.002664
1.018776 -4.423734 0.009675
1.045859 -4.428865 -0.011052
1.044517 -4.425930 0.002856
1.080830 -4.416604 0.003513
1.096440 -4.419511 -0.018582
1.108377 -4.410286 -0.002720
1.120380 -4.399611 0.009001
1.122568 -4.420257 0.001001
1.150263 -4.394255 0.003544
1.155155 -4.430640 0.017963
1.192672 -4.416381 -0.006018
1.201630 -4.411995 -0.000662
1.205747 -4.418892 -0.005716
1.202230 -4.420429 -0.004286
1.228828 -4.435734 0.000270
1.251785 -4.414335 0.000029
1.254123 -4.401437 -0.015396
1.270604 -4.430776 -0.019423
1.280481 -4.429754 0.001165
1.314896 -4.412505 -0.000250
1.322713 -4.405434 -0.013632
1.334454 -4.404483 0.003364
1.347981 -4.408337 0.005826
1.355330 -4.412288 -0.004304
1.374934 -4.399151 -0.007233
1.396023 -4.415214 0.004220
1.406039 -4.389381 -0.008790
1.438354 -4.388291 -0.008268
1.431594 -4.420187 -0.006529
1.450227 -4.398145 0.000420
1.446246 -4.402738 -0.002182
1.465831 -4.400692 -0.001601
1.490383 -4.411452 -0.017517
1.492596 -4.404990 0.002474
1.526796 -4.410492 0.008224
1.523808 -4.410206 -0.022390
1.536897 -4.407471 -0.002073
1.563548 -4.409334 -0.000430
1.586659 -4.405913 -0.001815
1.592409 -4.387546 -0.015325
1.591735 -4.387049 0.006811
1.626619 -4.379971 -0.010782
1.649182 -4.400111 -0.009074
1.660196 -4.391318 0.001045
1.676645 -4.389341 0.006228
1.689747 -4.394479 0.012171
1.701308 -4.380493 0.003491
1.737216 -4.384665 0.005439
1.738361 -4.393956 -0.003756
1.736617 -4.401392 0.004830
1.777576 -4.398156 -0.002381
1.789400 -4.404167 0.004521
1.794537 -4.385327 -0.001972
1.810775 -4.388476 -0.010657
1.828380 -4.396700 -0.005526
1.839601 -4.387520 0.000083
1.850450 -4.395410 -0.001034
1.847362 -4.389441 -0.023200
1.894290 -4.386855 -0.002606
1.906717 -4.375489 0.013042
1.920464 -4.397272 0.010874
1.947666 -4.401250 -0.003290
1.952356 -4.365218 -0.020319
1.978968 -4.382747 -0.029452
1.992112 -4.381212 0.002871
2.022270 -4.383237 0.008562
2.009976 -4.373523 -0.000010
2.026054 -4.380413 -0.018263
2.055272 -4.398776 0.003887
2.068420 -4.384072 0.021741
2.086686 -4.375752 -0.012953
2.079453 -4.385584 0.026366
2.112147 -4.375289 0.016981
2.097235 -4.368167 -0.009424
2.141343 -4.368438 -0.014023
2.178049 -4.366599 0.012957
2.165430 -4.376815 -0.007108
2.195378 -4.376554 -0.003249
2.206300 -4.377322 0.005899
2.224274 -4.360590 0.009199
2.251192 -4.372928 -0.009092
2.256595 -4.382863 0.014460
2.286548 -4.347279 0.006541
2.301795 -4.363443 0.001576
2.309081 -4.386191 0.006515
2.321272 -4.362390 0.011249
2.345486 -4.364274 -0.007516
2.359180 -4.377763 -0.017816
2.379836 -4.375529 -0.005823
2.401624 -4.360528 0.004963
2.419156 -4.373039 0.009299
2.432349 -4.376616 -0.014508
2.453716 -4.351322 -0.006474
2.465489 -4.357125 0.005176
2.477102 -4.374508 0.009798
2.501372 -4.348165 0.014624
2.514834 -4.352671 0.013839
2.550880 -4.359246 -0.002904
2.534536 -4.344430 -0.009172
2.567338 -4.363825 -0.014037
2.574112 -4.365703 -0.008629
2.608140 -4.356352 0.007738
2.636298 -4.347256 -0.007850
2.631741 -4.344320 0.004113
2.663315 -4.349040 0.006520
2.681108 -4.356081 -0.003748
2.689328 -4.341761 -0.009628
2.714667 -4.342712 -0.010723
2.722536 -4.351753 0.013395
2.728441 -4.338357 -0.003588
2.758369 -4.354680 0.005010
2.790305 -4.342288 0.017327
2.811872 -4.346309 -0.011003
2.792656 -4.319242 0.007412
2.850639 -4.341284 0.003378
2.849236 -4.322530 0.013230
2.858860 -4.326643 -0.005990
2.890743 -4.330042 -0.009790
2.914488 -4.352381 0.006566
2.911383 -4.345452 0.013039
2.941504 -4.321794 0.000759
2.948113 -4.342430 -0.011546
2.973863 -4.323884 -0.008959
3.009713 -4.322026 -0.021879
3.032498 -4.324038 -0.000331
3.040644 -4.320972 0.003049
3.052534 -4.316993 0.002314
3.093266 -4.328747 -0.008693
3.111388 -4.335765 -0.010755
3.127823 -4.337320 -0.004326
3.131998 -4.340611 0.005147
3.162184 -4.310728 -0.015943
3.185329 -4.329898 -0.005915
3.202395 -4.327023 0.000027
3.232149 -4.314044 0.004510
3.233950 -4.313319 -0.000463
3.258610 -4.312758 -0.004560
3.283247 -4.330025 0.007164
3.273012 -4.305725 0.010872
3.332023 -4.314796 -0.015457
3.345265 -4.318661 0.002359
3.366882 -4.329597 0.017402
3.369826 -4.293514 -0.009525
3.413735 -4.311852 -0.011915
3.426941 -4.320342 0.001002
3.430816 -4.324834 -0.009396
3.449423 -4.311860 0.021963
3.486206 -4.319372 0.001346
3.503131 -4.300237 0.008393
3.532331 -4.311658 0.004380
3.543504 -4.337082 -0.013704
3.562756 -4.311526 -0.011010
3.579877 -4.303337 -0.009295
3.618369 -4.296253 0.004847
3.632962 -4.312223 -0.003181
3.668590 -4.297150 -0.005085
3.683552 -4.304807 -0.007620
3.719161 -4.283069 -0.001239
3.714051 -4.309552 0.014908
3.732103 -4.291454 -0.022206
3.779706 -4.295138 0.008671
3.788362 -4.295166 -0.008467
3.817064 -4.289286 -0.005655
3.830982 -4.291362 0.002728
3.875028 -4.295251 0.000891
3.893617 -4.288984 -0.009301
3.912009 -4.283197 0.012319
3.920106 -4.312322 0.005420
3.951609 -4.278398 0.007633
3.955849 -4.291357 0.002561
4.023843 -4.296002 -0.014701
4.026381 -4.302356 0.006950
4.055639 -4.294664 -0.027470
4.072639 -4.278146 0.014390
4.098978 -4.282744 -0.008892
4.136748 -4.261191 -0.020016
4.145754 -4.293963 0.007273
4.153217 -4.284833 0.002196
4.203183 -4.257365 0.011042
4.217970 -4.271545 -0.013586
4.240645 -4.283711 0.013870
4.263159 -4.274865 -0.004988
4.299901 -4.263741 0.013356
4.314767 -4.278869 0.009878
4.344270 -4.253629 0.007416
4.362295 -4.281505 -0.003121
4.397381 -4.266149 -0.018733
4.430313 -4.276906 -0.001250
4.460112 -4.266212 0.007231
4.483273 -4.275694 -0.002207
4.506832 -4.288989 0.012704
4.507232 -4.291906 0.015964
4.576280 -4.261820 -0.017267
4.573092 -4.251639 -0.003888
4.616278 -4.254203 0.021942
4.627484 -4.260657 0.008680
4.660694 -4.256710 0.004935
4.674994 -4.241930 -0.008035
4.724120 -4.265041 -0.001091
4.742362 -4.279397 -0.013567
4.772621 -4.254220 -0.016833
4.805427 -4.255527 -0.010829
4.824703 -4.243586 -0.000810
4.852317 -4.240259 0.001678
4.908774 -4.255176 -0.010998
4.916082 -4.250918 0.004897
4.955662 -4.263809 -0.012401
4.987637 -4.218302 -0.009375
5.003448 -4.223643 0.005717
5.023891 -4.240156 -0.007554
5.056962 -4.255565 -0.001299
5.087779 -4.238453 -0.001699
5.127872 -4.232231 -0.000036
5.139279 -4.248541 -0.002010
5.178120 -4.248302 -0.002009
5.197807 -4.228146 -0.008368
5.240574 -4.252913 -0.017487
5.285651 -4.238857 0.007051
5.328480 -4.239935 0.008139
5.345541 -4.224859 0.012659
5.385191 -4.233343 -0.009754
5.401638 -4.232507 -0.004165
5.450394 -4.238060 0.016877
5.478120 -4.228253 -0.004046
5.513197 -4.225374 0.008346
5.551557 -4.213651 -0.003994
5.584035 -4.227720 0.001133
5.604591 -4.233921 -0.013559
5.644976 -4.219265 -0.003439
5.690174 -4.199737 0.013081
5.714526 -4.199728 -0.002073
5.770132 -4.220335 0.006408
5.782234 -4.217079 0.006957
5.817615 -4.210821 0.010924
5.852018 -4.189676 0.005258
5.892574 -4.207135 -0.017509
5.942539 -4.209086 -0.006132
5.003489 -3.525681 0.019441
4.987974 -3.496172 -0.018479
4.966496 -3.482320 -0.002576
4.972233 -3.448562 0.008319
4.963857 -3.413839 -0.012288
4.935444 -3.349907 -0.018681
4.927257 -3.339794 -0.006048
4.923597 -3.308352 0.015142
4.914382 -3.279228 -0.007342
4.873542 -3.246557 -0.003548
4.878500 -3.220152 -0.011147
4.866741 -3.198804 -0.000524
4.856822 -3.164555 -0.009205
4.861811 -3.129818 -0.006335
4.822916 -3.104060 -0.004043
4.813959 -3.057205 -0.002735
4.788087 -3.045076 0.000727
4.811210 -3.004105 -0.009718
4.814040 -3.009463 -0.006480
4.821930 -3.018561 0.007208
4.864713 -3.004335 0.023883
4.868210 -2.989918 0.001605
4.886298 -2.968482 -0.003604
4.931843 -2.974873 -0.004672
4.925416 -2.967374 0.010087
4.973593 -2.959355 0.001479
4.980479 -2.953020 0.004002
5.001913 -2.947275 -0.005570
5.026467 -2.945047 0.004271
5.016558 -2.925429 -0.006588
5.059551 -2.917885 0.013831
5.084034 -2.896695 -0.003209
5.107469 -2.900049 0.017982
5.123070 -2.897773 -0.003491
5.150564 -2.870259 0.018470
5.180410 -2.856342 -0.002806
5.184217 -2.863712 0.000295
5.206206 -2.864644 -0.006280
5.226430 -2.840388 0.007456
5.249566 -2.835300 -0.000832
5.285198 -2.804730 0.020896
5.287200 -2.800812 -0.000913
5.320117 -2.818956 -0.016371
5.348286 -2.775427 -0.012063
7.928700 -4.142185 0.003975
7.985303 -4.123068 -0.008427
8.041880 -4.113811 0.002817
8.110041 -4.118804 -0.006665
8.165581 -4.106774 0.023233
8.207599 -4.099414 -0.006381
8.262386 -4.113146 0.002813
8.337288 -4.104843 -0.013973
8.394364 -4.120792 0.007837
8.458212 -4.112340 0.004422
8.511154 -4.084317 0.019637
8.585429 -4.092122 0.006356
8.632831 -4.096751 0.004587
8.699965 -4.080368 0.010209
8.779998 -4.090624 0.016762
8.816988 -4.088497 -0.006483
8.900778 -4.075375 0.004695
8.971107 -4.071047 -0.004455
9.027366 -4.076296 -0.006858
9.101332 -4.081135 -0.009952
9.180779 -4.090228 0.001636
9.263384 -4.045694 0.002485
9.320113 -4.059960 -0.008071
9.370192 -4.063219 0.002975
9.476091 -4.061176 -0.007520
9.544067 -4.059673 -0.006919
9.595399 -4.064880 -0.012443
9.677599 -4.038456 -0.003933
9.748031 -4.041252 -0.004047
9.845296 -4.035584 -0.009634
9.890812 -4.035192 0.005716
9.997816 -4.043030 0.007609
10.070349 -4.040825 0.001171
10.133449 -4.030558 0.001707
10.221315 -4.012930 0.006082
10.311687 -4.028182 0.008098
10.394364 -4.013571 -0.008115
10.491902 -4.003508 -0.008491
10.561190 -4.015135 0.009553
10.656521 -3.999703 -0.010678
10.754668 -4.009043 -0.006958
10.850698 -3.989646 0.005478
10.962138 -3.990103 -0.004918
11.053551 -3.991045 0.010148
11.149882 -3.963980 -0.007477
11.234292 -4.018765 0.016425
11.338619 -3.983176 0.002237
11.427147 -3.970572 0.006623
11.537101 -3.983629 0.004001
11.629329 -3.982048 0.003938
11.748056 -3.968831 0.003439
11.842833 -3.946162 -0.012672
11.962057 -3.953010 -0.005593
12.085391 -3.955603 0.007121
8.990637 -2.911903 0.013448
8.991864 -2.884160 -0.001088
12.429132 -3.928013 -0.002196
12.548574 -3.923359 0.014313
12.652083 -3.927296 0.005998
12.762149 -3.928149 0.000788
12.915227 -3.934468 -0.012203
13.033879 -3.928991 -0.018848
13.137476 -3.895301 0.007134
13.268970 -3.917572 -0.006050
13.416323 -3.911217 0.013900
13.566580 -3.885810 0.006836
13.691096 -3.854536 -0.008663
13.846405 -3.874588 -0.008466
13.966736 -3.876776 0.005644
14.118205 -3.880721 0.003962
14.259644 -3.868588 0.001188
14.409984 -3.851222 0.001798
14.569072 -3.838418 0.007991
14.739299 -3.817424 -0.005279
14.801805 -3.812798 -0.007241
14.905344 -3.792509 -0.002170
14.998142 -3.767812 0.010727
15.093637 -3.735388 -0.001621
15.196445 -3.696017 0.003466
15.309270 -3.706215 -0.020298
15.400073 -3.667194 0.001268
15.489690 -3.642723 0.018149
15.586739 -3.594402 -0.012515
15.705654 -3.584454 0.003873
15.812224 -3.551644 -0.006676
15.909095 -3.532885 0.010904
16.035782 -3.493077 0.006269
16.138861 -3.457500 -0.001722
16.270967 -3.451868 -0.004568
16.369547 -3.390526 0.000957
16.478516 -3.401728 -0.017030
16.587427 -3.351869 -0.010871
16.708420 -3.324581 -0.003311
16.813284 -3.306257 -0.002609
14.540974 -2.795820 -0.001297
14.460509 -2.752052 -0.000275
14.426003 -2.697151 0.001725
14.418463 -2.632694 -0.005421
14.400187 -2.581544 -0.010560
14.397688 -2.548645 -0.015826
14.425510 -2.496350 -0.025868
14.447551 -2.458565 -0.007339
14.471206 -2.417109 0.008749
14.485958 -2.392087 -0.013087
14.568142 -2.359384 0.001240
18.380585 -2.887255 0.008460
18.494711 -2.876939 0.015886
18.584169 -2.817151 -0.007163
18.649265 -2.777927 0.017099
18.748999 -2.733704 0.002658
18.828840 -2.696547 0.001169
18.903753 -2.636260 -0.010658
18.977850 -2.576840 -0.007743
19.071217 -2.519836 -0.000468
19.149473 -2.491221 -0.005147
19.230722 -2.433270 0.016751
19.308184 -2.377408 -0.006809
19.391817 -2.358623 -0.003116
19.476761 -2.276676 0.021222
19.567055 -2.203145 -0.010717
19.657932 -2.186752 0.002289
19.749233 -2.138775 0.008770
19.843536 -2.081345 -0.010447
19.931507 -2.038972 0.000172
20.011021 -1.983317 0.006344
20.109188 -1.922330 0.016602
20.213335 -1.873692 0.008100
20.293518 -1.815124 0.003527
20.385824 -1.768756 -0.005688
20.477039 -1.701068 0.007811
20.593168 -1.648853 0.004865
20.673845 -1.602010 0.003836
20.760618 -1.538265 -0.005363
20.872898 -1.483616 -0.018196
20.959293 -1.428812 0.004713
21.064531 -1.357505 -0.011680
21.170456 -1.299878 -0.009861
21.262190 -1.245032 0.014264
21.373415 -1.205610 0.003120
21.470938 -1.134204 -0.016208
21.587645 -1.056087 0.007502
21.677610 -0.990064 -0.003919
21.770840 -0.949489 -0.022423
21.804188 -0.870824 -0.004107
21.809378 -0.798929 -0.014897
21.817642 -0.732258 0.014570
21.844790 -0.665654 -0.006243
21.874464 -0.612757 0.008069
21.879208 -0.551905 -0.003609
21.893827 -0.468727 -0.007338
21.923319 -0.401979 0.012688
21.943666 -0.326749 -0.004536
21.936991 -0.274725 0.004021
21.962412 -0.204471 -0.011388
21.968315 -0.138526 -0.006201
21.993418 -0.076767 -0.003085
22.036367 0.007705 -0.013700
22.028614 0.059262 0.015298
22.047550 0.155346 -0.010643
22.075918 0.186458 -0.002234
22.085855 0.273477 0.002322
22.095947 0.320222 -0.010104
22.152113 0.401825 -0.003978
22.133768 0.471310 -0.020248
22.148024 0.533507 -0.009510
22.181513 0.625582 0.009704
22.198034 0.664716 0.001372
22.226778 0.752633 0.009884
22.248505 0.804293 -0.009172
22.254021 0.889160 0.000529
22.280645 0.947951 0.018727
22.279015 1.023816 0.010017
22.309330 1.087661 -0.015239
22.325563 1.168023 0.008677
22.346394 1.243183 -0.006661
22.363605 1.307806 0.011558
22.390509 1.386544 -0.003824
22.395924 1.459501 0.005955
22.422190 1.507873 0.005127
22.452362 1.589633 0.015695
22.461088 1.650723 -0.008962
22.477541 1.710671 -0.004299
22.501286 1.796608 0.011508
22.513311 1.880468 -0.008115
22.527540 1.945601 -0.027942
22.577381 2.024140 -0.000998
22.587004 2.072190 -0.002391
22.611179 2.150874 -0.005928
22.598171 2.223319 -0.001355
22.633129 2.304518 -0.023995
22.649397 2.360429 -0.005697
22.682253 2.409076 0.000849
22.688822 2.513878 -0.019835
22.703932 2.582802 0.005344
22.732176 2.670689 0.005870
22.743029 2.737293 0.007895
22.762913 2.835689 -0.001838
30.432816 3.842848 -0.005426
30.472628 3.944992 -0.006171
30.255297 4.006126 -0.003679
30.313265 4.126573 -0.001361
30.385460 4.229397 0.002308
30.428699 4.337128 0.010498
30.484091 4.430807 0.002955
30.537214 4.543682 0.009040
30.541311 4.631801 -0.003329
30.672518 4.747478 0.026144
30.726736 4.850655 0.002792
30.784346 4.972667 -0.005648
30.837435 5.062863 -0.017041
30.905777 5.170027 -0.002135
30.973763 5.278257 0.003305
31.321302 5.424215 0.005742
22.044582 3.896500 -0.005606
21.931742 3.952916 0.006200
21.875038 4.030820 0.009071
21.869076 4.080642 0.006753
21.884573 4.150735 -0.015100
21.747732 4.203635 0.014820
31.756927 6.232420 0.007677
9.632692 1.911772 0.014881
9.616062 1.952964 -0.005641
9.586598 1.976111 -0.006069
9.573519 2.001456 0.001363
9.536502 2.014934 0.001359
9.501151 2.038839 -0.003184
9.492507 2.085081 -0.005736
9.438848 2.083636 0.012448
9.435984 2.114367 -0.006411
9.381773 2.127665 -0.009339
9.375640 2.174275 0.009076
9.344124 2.194105 0.016578
9.292910 2.214882 -0.006075
9.283096 2.228651 -0.014597
9.274741 2.267961 -0.004092
9.244993 2.292014 -0.009865
9.203132 2.313149 -0.003276
9.180497 2.352102 -0.000542
9.139493 2.374406 -0.001262
9.124869 2.369621 -0.013582
9.104611 2.389834 -0.001876
9.081642 2.428901 -0.011506
9.063531 2.451515 0.005071
9.041155 2.477834 -0.003064
9.035540 2.489161 -0.015167
9.008579 2.527047 0.020356
8.988297 2.550378 0.005634
8.972008 2.575209 -0.012327
8.954605 2.614961 -0.023342
8.966508 2.628378 0.014581
8.942046 2.634059 -0.000731
8.670410 2.592012 0.005332
8.653955 2.614943 -0.015446
8.643245 2.646129 -0.000639
8.628168 2.675674 0.007559
8.623971 2.706950 0.005506
8.593744 2.741066 -0.003430
8.587556 2.734918 0.001360
8.577909 2.775562 0.020397
8.540957 2.795239 0.008485
8.533521 2.800370 -0.008342
8.507640 2.843150 0.011296
8.741025 2.952391 0.020635
8.727665 2.982564 -0.007380
8.712003 3.008200 -0.009026
8.689610 3.017776 -0.016975
8.675364 3.040110 0.001127
8.638787 3.066126 -0.002041
8.633338 3.076037 -0.007088
8.616127 3.114527 0.012386
8.603722 3.135707 -0.023266
8.574936 3.148449 0.007896
8.584633 3.188103 0.009180
8.536855 3.211640 -0.007551
8.533544 3.225619 0.008710
8.507745 3.257091 -0.003340
8.492079 3.278646 -0.003115
8.469602 3.311005 -0.000908
8.443422 3.326591 0.015482
8.421403 3.347589 0.021165
8.417344 3.368747 -0.006888
8.388404 3.373929 0.000798
8.387892 3.413511 -0.005682
8.369943 3.448178 -0.001656
8.339235 3.464377 -0.000738
8.323211 3.493175 0.014579
8.315888 3.502233 0.003795
8.282083 3.533059 -0.004809
8.265271 3.531881 -0.005942
9.205015 3.981231 0.001484
9.263460 4.029282 0.001515
9.327094 4.092087 -0.008111
9.387150 4.150148 0.006822
8.779362 3.925811 -0.000684
8.323166 3.739517 0.000235
8.374381 3.809085 -0.009485
8.431217 3.848886 -0.001847
8.493718 3.938094 0.005240
8.527792 3.988082 0.010081
8.593141 4.041723 -0.005242
8.648318 4.093241 0.007644
8.706800 4.164877 -0.008967
8.534907 4.088596 0.013661
8.547350 4.145323 0.026301
8.595464 4.213810 -0.008107
8.681841 4.272732 0.010336
8.712927 4.347978 -0.010487
8.789340 4.409214 0.015984
8.840018 4.460990 0.018537
8.917249 4.510609 0.004010
8.975859 4.583485 0.006357
9.005106 4.625659 0.018107
9.016104 4.682229 0.007986
9.030501 4.725598 0.014524
9.044770 4.787329 0.011190
9.102759 4.835438 -0.010839
10.168839 5.448124 -0.000224
10.080302 5.433350 0.014062
6.617563 3.609100 0.007016
6.579804 3.601054 -0.005167
6.559972 3.612313 -0.003952
9.809032 5.462897 0.014673
6.542051 3.645479 -0.005537
6.486086 3.660154 0.003082
6.463758 3.680317 0.002895
6.457470 3.682168 0.000093
6.460107 3.708677 0.011945
6.417378 3.720941 0.000058
6.425941 3.753956 0.006555
6.391041 3.742722 -0.009120
6.375810 3.779071 0.009386
6.371129 3.812696 -0.004252
6.385636 3.825495 -0.005722
6.369536 3.845164 -0.004667
6.375188 3.877225 -0.002313
6.369770 3.915657 0.006487
6.372950 3.941346 0.002616
6.417892 3.980286 0.010913
8.709785 5.457236 0.000983
6.375496 4.008440 -0.003126
6.365782 4.030725 0.004968
6.360816 4.058176 0.002935
8.471087 5.449293 0.015166
8.421998 5.451418 0.012385
8.366621 5.439339 0.020380
8.306658 5.443840 -0.008549
8.260071 5.460384 0.008914
8.203945 5.452274 0.009543
8.141816 5.448650 -0.004386
8.083371 5.451778 -0.003983
8.031520 5.451274 -0.004329
7.990170 5.460873 -0.007182
7.938113 5.432902 0.014365
7.873835 5.448650 -0.001336
7.828253 5.459867 0.000579
7.781134 5.446949 0.005256
7.734375 5.462059 0.006142
7.682704 5.444155 -0.010560
7.631304 5.463606 0.008650
7.564996 5.458571 0.013978
7.519342 5.451139 -0.010058
7.475436 5.466436 0.007476
7.424812 5.456201 -0.013755
7.386627 5.472252 -0.008510
7.328865 5.449523 -0.005760
7.291148 5.464078 -0.002075
7.251421 5.437663 -0.017744
7.208781 5.464966 0.007716
7.154105 5.448203 0.012308
7.117239 5.440198 -0.004080
7.081496 5.446877 0.007621
7.011931 5.443447 -0.010174
6.977680 5.441829 0.009471
6.950263 5.460735 -0.003390
6.890567 5.450808 0.000661
6.840178 5.457787 -0.000145
6.805942 5.442968 0.017464
6.752547 5.441141 -0.001630
6.729511 5.463605 -0.013802
6.677887 5.451478 0.006069
6.640452 5.450664 0.007407
6.604837 5.466896 -0.014582
6.563458 5.462395 0.010614
6.521652 5.460570 -0.005780
6.461830 5.474239 -0.003539
6.441219 5.467110 0.000453
6.386221 5.467679 -0.006070
6.365461 5.457595 -0.010781
6.303042 5.457099 0.000531
6.266806 5.459153 -0.003784
6.247662 5.467582 -0.016802
6.205616 5.468875 0.010401
6.158748 5.467953 -0.002599
6.125860 5.455925 -0.007841
6.068902 5.448324 -0.003549
6.057661 5.442581 -0.003881
6.012531 5.450884 0.010249
5.971759 5.440985 0.010927
5.933587 5.437664 0.011287
5.891263 5.458227 0.003348
5.839885 5.446792 0.009658
5.811346 5.449795 0.008565
5.785780 5.465793 0.015761
5.754415 5.448593 0.003909
5.726954 5.454115 -0.000028
5.681239 5.458017 0.004820
5.640035 5.450128 -0.006952
5.607329 5.454401 -0.006352
5.571283 5.443998 -0.003901
5.535618 5.465669 0.014089
5.513872 5.453461 0.008561
5.476557 5.435536 0.002186
5.443547 5.455717 -0.011539
5.410563 5.443433 0.006273
5.373721 5.448027 0.007041
5.347472 5.461582 0.007846
5.307468 5.475216 -0.012913
5.258505 5.455393 -0.005824
5.248223 5.454644 0.008607
5.208441 5.450594 -0.012228
5.200524 5.456112 -0.008904
5.168325 5.460648 -0.010990
5.114838 5.463404 -0.001230
5.097888 5.440691 -0.007906
5.060381 5.456374 -0.003670
5.043387 5.456354 0.001601
5.007753 5.461583 0.004205
4.992153 5.452502 0.003886
4.923573 5.454216 0.000673
4.911287 5.451379 -0.009402
4.883608 5.461703 -0.004024
4.851974 5.452109 0.011962
4.820161 5.471128 -0.003256
4.799612 5.450766 0.009238
4.756633 5.449519 -0.006695
4.721063 5.458419 -0.003679
4.717790 5.453846 0.009609
4.669877 5.442220 0.007159
4.658825 5.452822 0.005166
4.619032 5.461848 -0.002196
4.579141 5.467186 -0.000540
4.554846 5.448880 0.004473
4.525103 5.452738 -0.010357
4.499944 5.459724 -0.009233
4.481419 5.467745 -0.004092
4.431285 5.452614 0.004557
4.421363 5.462262 0.004452
4.396894 5.472371 0.002896
4.362661 5.457721 0.021538
4.334745 5.468399 0.003401
4.312605 5.441321 -0.005521
4.265595 5.471455 -0.005443
4.252350 5.452712 0.004839
4.214755 5.457025 -0.000690
4.178563 5.448251 -0.002101
4.179746 5.445567 0.005444
4.138991 5.454215 0.006476
4.125465 5.446898 -0.002464
4.085188 5.454767 0.002532
4.070905 5.463197 -0.005616
4.039994 5.442770 0.006794
4.030256 5.448074 -0.006125
3.991136 5.468884 0.018023
3.970579 5.439234 -0.012086
3.929236 5.470501 0.004946
3.909694 5.449260 -0.015368
3.895429 5.457737 0.001337
3.876909 5.442236 -0.007083
3.833010 5.445428 -0.009647
3.822813 5.452097 -0.008384
3.799034 5.455508 0.005568
3.765258 5.452547 0.011834
3.738102 5.452735 0.001363
3.707043 5.453522 -0.002158
3.679251 5.460095 -0.008609
3.671722 5.467188 -0.004854
3.647082 5.453980 -0.015035
3.614748 5.455329 -0.012629
3.592421 5.458995 0.012351
3.575058 5.450357 0.005369
3.542475 5.460785 -0.006764
3.507185 5.469689 -0.003038
3.499980 5.457808 -0.004130
3.479699 5.458939 0.004164
3.442009 5.457038 -0.022644
3.428046 5.473675 -0.003263
3.405645 5.460128 0.000465
3.393207 5.462474 -0.002389
3.351228 5.475032 -0.000460
3.333030 5.463689 0.004878
3.325979 5.463776 0.012804
3.269555 5.467234 0.001657
3.271334 5.455273 0.007910
3.248042 5.472670 -0.006019
3.227037 5.465201 -0.000162
3.201264 5.463717 0.018748
3.171572 5.458964 0.005389
3.160627 5.477821 0.000146
3.112285 5.466316 0.007315
3.102167 5.454434 0.008423
3.100009 5.461028 -0.018694
3.060249 5.451359 0.010965
3.051075 5.460089 -0.004482
3.020659 5.456028 -0.018884
3.009333 5.445234 -0.003773
2.983725 5.470828 0.005120
2.956027 5.458414 0.007104
2.933261 5.465931 0.005468
2.913258 5.454567 -0.011331
2.884999 5.466446 -0.001683
2.857450 5.450609 0.002254
2.847524 5.462324 0.013940
2.826199 5.469110 0.000903
2.802654 5.463147 0.001649
2.789841 5.469492 0.019063
2.780569 5.458645 -0.007741
2.752512 5.445160 0.005575
2.721769 5.462029 0.006651
2.692090 5.463775 -0.010878
2.675339 5.442457 -0.009869
2.669191 5.458946 0.008266
2.646811 5.443388 -0.000167
2.614727 5.454420 -0.003349
2.598313 5.456792 -0.009769
2.565020 5.449654 0.016000
2.550232 5.448876 -0.000530
2.549016 5.464738 0.004676
2.532798 5.452746 0.007376
2.498098 5.468538 -0.014583
2.497114 5.464853 -0.007812
2.460782 5.453148 -0.021156
2.426107 5.464479 -0.005409
2.419623 5.461358 0.004543
2.394410 5.447812 -0.006502
2.378890 5.464304 0.012433
2.345193 5.454908 0.000306
2.356239 5.445815 0.004955
2.299767 5.475793 -0.028968
2.308796 5.461820 -0.002196
2.273080 5.462030 0.004092
2.254003 5.457138 0.000414
2.226791 5.452782 -0.003972
2.230045 5.464861 -0.016599
2.195923 5.458566 0.002004
2.191967 5.458527 -0.011455
2.162151 5.464200 0.014686
2.139261 5.464499 -0.015049
2.134875 5.468158 -0.006899
2.099544 5.484685 -0.000161
2.074984 5.477607 0.002290
2.061414 5.463381 0.002023
2.050860 5.466650 0.012600
2.024215 5.471791 -0.003297
2.015898 5.487336 -0.019839
1.982654 5.463157 -0.000404
1.970046 5.465825 -0.004146
1.941768 5.466118 0.026410
1.935033 5.476278 0.007537
1.905360 5.450393 0.021061
1.885212 5.462648 0.003126
1.862919 5.463640 0.011903
1.858084 5.446309 0.016072
1.847080 5.455776 -0.000133
1.810907 5.457542 -0.009026
1.801258 5.473895 0.007127
1.773647 5.462574 -0.000250
1.767078 5.452288 -0.013248
1.749794 5.465165 -0.013190
1.734035 5.472565 -0.018042
1.704574 5.468010 -0.001509
1.690748 5.466859 0.007725
1.664796 5.470460 0.000365
1.638437 5.458882 -0.018726
1.625950 5.465894 0.002456
1.604353 5.485259 0.007902
1.598304 5.466487 0.009125
1.580620 5.474256 0.001218
1.563735 5.470491 -0.009821
1.532257 5.479455 0.013037
1.507432 5.465428 0.008371
1.517175 5.484738 0.020886
1.488329 5.470593 0.009051
1.473982 5.467780 -0.004526
1.427938 5.463538 -0.010846
1.443720 5.460705 0.017585
1.410178 5.464640 -0.009943
1.410682 5.463977 -0.010790
1.376486 5.450407 0.001843
1.373060 5.458004 0.019585
1.337461 5.492085 0.011132
1.312099 5.465375 -0.019693
1.302075 5.459869 -0.000908
1.284958 5.475312 0.009671
1.268374 5.483856 0.006465
1.245239 5.463652 0.001689
1.243439 5.479027 -0.000766
1.212920 5.459956 -0.001702
1.199260 5.466328 -0.010712
1.183843 5.473267 -0.020594
1.167140 5.459573 -0.009279
1.169677 5.460905 0.007527
1.132186 5.467271 -0.007717
1.116592 5.480151 0.000471
1.109163 5.490535 -0.009729
1.091657 5.472433 0.015081
1.067864 5.478814 -0.008035
1.053493 5.460697 0.008155
1.041228 5.469819 0.013843
1.027685 5.468184 -0.000503
0.991056 5.465651 -0.006655
0.980685 5.465353 -0.000414
0.967263 5.469880 -0.019900
0.928912 5.459584 -0.017411
0.926294 5.461865 -0.008650
0.920827 5.464932 0.002770
0.873408 5.453175 0.001598
0.884335 5.460615 0.008260
0.865646 5.470654 -0.009115
0.838021 5.486915 -0.003189
0.807436 5.477594 -0.000830
0.814506 5.477584 0.021790
0.784648 5.467730 0.011477
0.779522 5.457998 0.011106
0.744717 5.462836 0.008830
0.754647 5.470678 -0.018006
0.729450 5.474693 -0.000952
0.706193 5.483033 0.009850
0.700432 5.483692 -0.001194
0.671751 5.482126 -0.014414
0.645414 5.460071 0.000427
0.635273 5.464657 -0.000964
0.611028 5.468812 0.011081
0.596129 5.468522 0.002630
0.572884 5.483027 0.000143
0.557887 5.459792 0.002801
0.553432 5.474211 0.000609
0.535906 5.472118 0.016480
0.523060 5.487148 0.019899
0.492635 5.452933 0.006143
0.480242 5.473788 0.001725
0.452561 5.460108 0.001248
0.464614 5.471651 0.000284
0.433317 5.465273 0.004995
0.419284 5.469799 0.002992
0.400647 5.466609 -0.011455
0.389228 5.458151 -0.008182
0.348668 5.473410 0.004396
0.358642 5.467419 -0.015610
0.339208 5.460997 -0.007143
0.305924 5.467069 0.009288
0.286076 5.478723 0.005439
0.253565 5.470858 0.005617
0.279044 5.476007 -0.012955
0.248864 5.458466 -0.009970
0.223812 5.475745 -0.003706
0.224536 5.476861 0.003707
0.217735 5.467302 0.007758
0.174477 5.472750 -0.009433
0.159939 5.466785 0.004446
0.141218 5.461519 -0.000395
0.118127 5.479365 -0.008163
0.094871 5.469942 -0.006050
0.106091 5.473438 0.000661
0.087230 5.464770 0.000406
0.047971 5.481448 0.004957
0.054294 5.477217 -0.008663
0.015672 5.464720 0.003007
0.023591 5.487260 0.000798
0.003030 5.454372 0.002675
