-2.0156 -2.01562 -0.299601
-2.12244 -2.12246 -0.297836
-2.27294 -2.27296 -0.300081
-2.39619 -2.39621 -0.296477
-2.59518 -2.5952 -0.299593
-2.77285 -2.77287 -0.297148
-2.9992 -2.99923 -0.296598
-3.27668 -3.27671 -0.296957
-3.59661 -3.59664 -0.296249
-4.02882 -4.02885 -0.298601
-4.48345 -4.48349 -0.295318
-5.18716 -5.18721 -0.298911
-5.9779 -5.97795 -0.295224
-7.30707 -7.30713 -0.300684
-8.97585 -8.97593 -0.295453
-12.2861 -12.2862 -0.303287
-17.9686 -17.9687 -0.295691
-1.98853 -2.00249 -0.296616
-2.11783 -2.13269 -0.298232
-2.24458 -2.26033 -0.297377
-2.41712 -2.43408 -0.300116
-2.56308 -2.58107 -0.296926
-2.77852 -2.79802 -0.298801
-2.99093 -3.01192 -0.296818
-3.29293 -3.31605 -0.299479
-3.61257 -3.63793 -0.298609
-3.95589 -3.98366 -0.294225
-4.51929 -4.55102 -0.298725
-5.12748 -5.16347 -0.29651
-6.0743 -6.11694 -0.301038
-7.21624 -7.26689 -0.297989
-8.87301 -8.9353 -0.293094
-12.1328 -12.218 -0.300556
-17.753 -17.8776 -0.29317
-1.98362 -2.01155 -0.296929
-2.11148 -2.14121 -0.29839
-2.23812 -2.26963 -0.29757
-2.40175 -2.43557 -0.299263
-2.56323 -2.59933 -0.297994
-2.74672 -2.7854 -0.296427
-3.01371 -3.05615 -0.300137
-3.26668 -3.31268 -0.298141
-3.62149 -3.67249 -0.300406
-3.996 -4.05227 -0.29826
-4.48354 -4.54668 -0.29741
-5.19501 -5.26816 -0.301477
-6.00468 -6.08923 -0.29864
-7.1392 -7.23972 -0.29585
-9.12972 -9.25827 -0.30264
-12.0182 -12.1874 -0.298768
-17.5507 -17.7979 -0.290855
-1.97343 -2.01525 -0.296455
-2.10013 -2.14464 -0.297844
-2.23927 -2.28672 -0.298784
-2.37245 -2.42273 -0.296665
-2.55032 -2.60436 -0.297548
-2.7439 -2.80205 -0.297177
-2.97284 -3.03584 -0.29712
-3.26839 -3.33765 -0.29936
-3.57804 -3.65386 -0.297858
-3.96349 -4.04749 -0.296887
-4.51253 -4.60815 -0.300398
-5.11771 -5.22617 -0.298049
-5.94313 -6.06907 -0.296631
-7.26624 -7.42023 -0.302188
-9.01662 -9.20769 -0.299955
-11.8568 -12.108 -0.295806
-17.3496 -17.7172 -0.288545
-1.97633 -2.03236 -0.297955
-2.09592 -2.15535 -0.298312
-2.23544 -2.29883 -0.299343
-2.36988 -2.43707 -0.297406
-2.52492 -2.59651 -0.295642
-2.74528 -2.82312 -0.298392
-2.96973 -3.05393 -0.297874
-3.23 -3.32158 -0.296905
-3.60372 -3.7059 -0.301072
-3.98555 -4.09856 -0.29961
-4.44939 -4.57554 -0.297257
-5.06418 -5.20776 -0.295989
-6.01262 -6.1831 -0.301176
-7.17455 -7.37797 -0.299444
-8.91447 -9.16722 -0.29762
-11.7196 -12.0519 -0.293432
-18.5901 -19.1172 -0.310285
-1.96139 -2.03115 -0.296771
-2.07455 -2.14833 -0.296336
-2.22337 -2.30245 -0.298802
-2.3793 -2.46393 -0.299667
-2.53873 -2.62902 -0.298332
-2.71993 -2.81667 -0.296704
-2.97278 -3.07851 -0.299257
-3.2425 -3.35783 -0.29913
-3.5623 -3.68899 -0.298686
-3.94477 -4.08507 -0.297615
-4.40523 -4.56191 -0.29537
-5.12601 -5.30833 -0.300685
-5.95655 -6.1684 -0.299445
-7.10544 -7.35816 -0.297631
-8.8078 -9.12106 -0.295121
-11.5962 -12.0087 -0.291392
-18.363 -19.0161 -0.307602
-1.95581 -2.03958 -0.297003
-2.07975 -2.16883 -0.29816
-2.20721 -2.30175 -0.297709
-2.36325 -2.46447 -0.298728
-2.51995 -2.62788 -0.297202
-2.71942 -2.8359 -0.297727
-2.9473 -3.07354 -0.297771
-3.19355 -3.33033 -0.295685
-3.57622 -3.7294 -0.300944
-3.96016 -4.12978 -0.299863
-4.42995 -4.6197 -0.298108
-5.06472 -5.28165 -0.29817
-5.89365 -6.14608 -0.29736
-7.03064 -7.33178 -0.295569
-8.70832 -9.08132 -0.292849
-12.0929 -12.6108 -0.304976
-18.1375 -18.9143 -0.304929
-1.94879 -2.04652 -0.29702
-2.06504 -2.16861 -0.297136
-2.18364 -2.29315 -0.295608
-2.34053 -2.45791 -0.296939
-2.53114 -2.65808 -0.299616
-2.7163 -2.85252 -0.298475
-2.94494 -3.09263 -0.298622
-3.21014 -3.37113 -0.29831
-3.51961 -3.69612 -0.297264
-3.92724 -4.12419 -0.298459
-4.38833 -4.60841 -0.296388
-5.00805 -5.2592 -0.295913
-5.81772 -6.10948 -0.294604
-7.17768 -7.53765 -0.302855
-8.97322 -9.42323 -0.302862
-11.9618 -12.5616 -0.302774
-17.948 -18.8481 -0.302849
-1.94053 -2.05216 -0.296853
-2.07441 -2.19374 -0.299584
-2.18977 -2.31574 -0.297531
-2.3456 -2.48053 -0.29868
-2.50218 -2.64611 -0.297279
-2.69116 -2.84596 -0.296803
-2.91502 -3.0827 -0.296678
-3.17783 -3.36063 -0.296397
-3.48603 -3.68656 -0.295514
-3.93993 -4.16657 -0.300528
-4.42996 -4.68479 -0.300303
-5.07251 -5.3643 -0.300828
-5.91163 -6.25169 -0.300464
-7.08739 -7.49508 -0.300148
-8.86758 -9.37768 -0.300401
-11.8249 -12.5051 -0.300413
-17.7327 -18.7528 -0.30032
-1.94313 -2.06933 -0.298354
-2.06595 -2.20014 -0.299471
-2.19192 -2.33429 -0.29893
-2.33768 -2.48951 -0.298777
-2.48863 -2.65027 -0.296768
-2.71084 -2.88692 -0.300085
-2.92739 -3.11752 -0.299044
-3.19585 -3.40342 -0.299184
-3.49898 -3.72624 -0.297714
-3.89484 -4.14782 -0.298192
-4.37281 -4.65683 -0.297531
-5.00304 -5.32799 -0.29781
-5.84111 -6.2205 -0.297982
-7.00914 -7.46439 -0.297937
-8.76245 -9.33158 -0.297942
-11.6823 -12.441 -0.297893
-17.5338 -18.6726 -0.298053
-1.91767 -2.05658 -0.295547
-2.06148 -2.2108 -0.299941
-2.19137 -2.35009 -0.299971
-2.33564 -2.50482 -0.299633
-2.5073 -2.68891 -0.300112
-2.66821 -2.86148 -0.29647
-2.86667 -3.07432 -0.293936
-3.14577 -3.37363 -0.295598
-3.46612 -3.71719 -0.296021
-3.84532 -4.12385 -0.295502
-4.33452 -4.64848 -0.296028
-4.95627 -5.31528 -0.29613
-5.78219 -6.20101 -0.296079
-6.92054 -7.42182 -0.295271
-8.66931 -9.29726 -0.295877
-11.5578 -12.395 -0.295822
-17.3307 -18.586 -0.295703
-1.92892 -2.08318 -0.2984
-2.02089 -2.18251 -0.295143
-2.16535 -2.33851 -0.297526
-2.30577 -2.49017 -0.296916
-2.47627 -2.67431 -0.297515
-2.66045 -2.87322 -0.296721
-2.89033 -3.12148 -0.297479
-3.15905 -3.41168 -0.297963
-3.47959 -3.75787 -0.298291
-3.88114 -4.19152 -0.299378
-4.38106 -4.73143 -0.300334
-5.01005 -5.41072 -0.30047
-5.8727 -6.34236 -0.301847
-6.85698 -7.40535 -0.293661
-8.57607 -9.26192 -0.293797
-11.4213 -12.3347 -0.293429
-17.1518 -18.5235 -0.293753
-1.93192 -2.10109 -0.299997
-2.03204 -2.20999 -0.297897
-2.16257 -2.35195 -0.298272
-2.30453 -2.50633 -0.297881
-2.48273 -2.70014 -0.299422
-2.66933 -2.90308 -0.29884
-2.89958 -3.15349 -0.299562
-3.12871 -3.40269 -0.296221
-3.44936 -3.75142 -0.296821
-3.82521 -4.16018 -0.296183
-4.32407 -4.70272 -0.297551
-4.95801 -5.39218 -0.298477
-5.81073 -6.31957 -0.299794
-7.00107 -7.61415 -0.300969
-8.83925 -9.6133 -0.303962
-11.2812 -12.2691 -0.290928
-16.9328 -18.4156 -0.291101
-1.9016 -2.08268 -0.296418
-2.02556 -2.21844 -0.29808
-2.14994 -2.35467 -0.297663
-2.30201 -2.52121 -0.298692
-2.45314 -2.68674 -0.296984
-2.63218 -2.88282 -0.295807
-2.87067 -3.14403 -0.297709
-3.13087 -3.429 -0.297558
-3.46911 -3.79945 -0.29966
-3.866 -4.23413 -0.300484
-4.27859 -4.68601 -0.295546
-4.89594 -5.36215 -0.295866
-5.74757 -6.29487 -0.297669
-6.93929 -7.60007 -0.299453
-8.74141 -9.57379 -0.301746
-11.8219 -12.9476 -0.306037
-16.7428 -18.3371 -0.288934
-1.91359 -2.11057 -0.299434
-2.04257 -2.25283 -0.30174
-2.14621 -2.36713 -0.298288
-2.26763 -2.50105 -0.295362
-2.45505 -2.70777 -0.298359
-2.65887 -2.93256 -0.299956
-2.87377 -3.16958 -0.299176
-3.10867 -3.42867 -0.296585
-3.41601 -3.76764 -0.296209
-3.82587 -4.21969 -0.29851
-4.32114 -4.76594 -0.299633
-4.98042 -5.49309 -0.302129
-5.66746 -6.25085 -0.294649
-6.84072 -7.54488 -0.296335
-8.6462 -9.53621 -0.299607
-11.6918 -12.8953 -0.303834
-16.5699 -18.2755 -0.28705
-1.89256 -2.10209 -0.297291
-2.00643 -2.22856 -0.29755
-2.12851 -2.36416 -0.296976
-2.29338 -2.54728 -0.299874
-2.45831 -2.73046 -0.299912
-2.62408 -2.91459 -0.297178
-2.84203 -3.15666 -0.297018
-3.11213 -3.45667 -0.298065
-3.44019 -3.82105 -0.299461
-3.77276 -4.19044 -0.295506
-4.27335 -4.74645 -0.297468
-4.91094 -5.45462 -0.299068
-5.76887 -6.40753 -0.301083
-6.77822 -7.52863 -0.294765
-8.54243 -9.48815 -0.297158
-11.5579 -12.8375 -0.301517
-17.875 -19.8539 -0.310859
-1.89271 -2.11708 -0.298474
-1.9995 -2.23652 -0.297678
-2.14008 -2.39377 -0.299754
-2.27242 -2.5418 -0.298293
-2.43417 -2.72272 -0.298125
-2.62873 -2.94034 -0.298866
-2.86715 -3.20702 -0.300812
-3.09402 -3.46079 -0.297487
-3.40835 -3.81238 -0.297846
-3.81053 -4.26223 -0.299628
-4.23178 -4.73343 -0.295723
-4.86612 -5.44296 -0.297495
-5.71345 -6.39073 -0.299354
-6.93291 -7.75475 -0.302668
-8.4367 -9.4368 -0.294625
-11.4323 -12.7875 -0.299403
-17.6737 -19.7687 -0.308557
-1.88577 -2.12421 -0.298548
-1.99743 -2.24998 -0.298539
-2.09969 -2.36517 -0.295252
-2.26005 -2.5458 -0.297834
-2.4362 -2.74422 -0.299546
-2.59152 -2.91918 -0.295793
-2.82096 -3.17764 -0.29713
-3.08779 -3.47821 -0.298054
-3.3698 -3.79587 -0.295635
-3.75827 -4.23345 -0.29668
-4.26578 -4.80514 -0.29927
-4.80779 -5.41567 -0.295084
-5.65029 -6.36469 -0.297207
-6.85718 -7.72418 -0.300538
-8.35097 -9.40684 -0.292777
-11.3081 -12.7378 -0.297315
-17.4771 -19.6869 -0.306325
-1.87877 -2.13127 -0.298616
-1.97566 -2.24118 -0.296453
-2.10466 -2.38752 -0.297122
-2.26137 -2.56528 -0.299187
-2.41281 -2.73708 -0.297844
-2.59627 -2.94519 -0.297508
-2.8387 -3.2202 -0.300181
-3.0652 -3.47714 -0.297044
-3.4013 -3.85842 -0.299579
-3.71605 -4.21546 -0.294508
-4.21234 -4.77845 -0.29669
-4.87394 -5.52897 -0.300327
-5.58483 -6.3354 -0.294927
-6.7738 -7.68415 -0.298058
-8.63544 -9.79599 -0.303948
-11.1794 -12.6818 -0.295094
-17.2758 -19.5975 -0.303994
-1.868 -2.13404 -0.298088
-1.97066 -2.25131 -0.296881
-2.10108 -2.40031 -0.297799
-2.24024 -2.55929 -0.297573
-2.41238 -2.75594 -0.298978
-2.57756 -2.94464 -0.296541
-2.81196 -3.21242 -0.298538
-3.09246 -3.53287 -0.30088
-3.35325 -3.83081 -0.296524
-3.75189 -4.28621 -0.298533
-4.1814 -4.77689 -0.295685
-4.81411 -5.4997 -0.297822
-5.6998 -6.51153 -0.302197
-6.7169 -7.67348 -0.296732
-8.54778 -9.7651 -0.302061
-11.0575 -12.6323 -0.29304
-17.0875 -19.521 -0.301879
-1.86592 -2.14674 -0.298951
-1.97213 -2.26893 -0.298295
-2.09296 -2.40795 -0.297839
-2.23494 -2.5713 -0.29806
-2.39338 -2.75358 -0.297813
-2.57395 -2.96133 -0.297314
-2.81539 -3.23911 -0.300102
-3.04517 -3.50347 -0.297468
-3.38972 -3.89987 -0.300952
-3.72169 -4.28179 -0.297318
-4.22624 -4.86229 -0.300055
-4.76514 -5.48229 -0.295976
-5.6323 -6.47995 -0.299817
-6.633 -7.63126 -0.294202
-8.44401 -9.71483 -0.299592
-10.933 -12.5783 -0.290902
-16.8983 -19.4414 -0.299734
-1.85954 -2.15455 -0.299132
-1.9522 -2.26192 -0.296474
-2.09888 -2.43186 -0.299887
-2.20715 -2.55731 -0.295543
-2.37986 -2.75743 -0.297328
-2.56209 -2.96856 -0.29714
-2.77946 -3.22041 -0.297469
-3.06461 -3.55081 -0.300577
-3.33364 -3.86252 -0.297169
-3.74329 -4.33716 -0.300253
-4.17077 -4.83246 -0.297313
-4.84397 -5.61245 -0.302088
-5.56857 -6.45201 -0.297622
-6.80648 -7.88632 -0.303117
-8.35526 -9.68081 -0.297641
-11.4856 -13.3078 -0.306842
-16.7161 -19.3681 -0.297701
-1.85489 -2.16441 -0.299599
-1.94427 -2.2687 -0.296471
-2.06073 -2.4046 -0.295635
-2.21931 -2.58963 -0.298381
-2.35398 -2.74677 -0.295291
-2.55481 -2.98112 -0.297501
-2.75854 -3.21884 -0.296432
-3.03546 -3.54197 -0.29893
-3.29356 -3.84314 -0.294791
-3.7145 -4.33431 -0.299156
-4.12364 -4.81172 -0.29515
-4.79003 -5.58931 -0.29994
-5.51533 -6.43565 -0.295977
-6.72535 -7.84757 -0.300722
-8.25657 -9.6343 -0.295323
-11.3585 -13.2538 -0.304681
-16.5275 -19.2853 -0.29554
-1.84394 -2.1669 -0.299051
-1.95737 -2.30021 -0.299693
-2.06229 -2.42349 -0.297071
-2.2153 -2.60331 -0.299063
-2.3745 -2.79039 -0.299086
-2.52571 -2.96808 -0.295318
-2.76335 -3.24734 -0.298166
-2.99282 -3.51701 -0.295939
-3.32108 -3.90276 -0.298473
-3.67073 -4.31365 -0.296843
-4.18827 -4.92183 -0.301004
-4.73137 -5.56006 -0.297481
-5.4465 -6.40044 -0.293481
-6.65057 -7.81541 -0.298598
-8.17444 -9.60617 -0.293583
-11.2342 -13.2019 -0.302582
-16.3417 -19.2039 -0.293415
-1.82823 -2.1637 -0.297726
-1.93284 -2.28752 -0.297158
-2.06915 -2.44884 -0.299291
-2.2012 -2.60512 -0.298386
-2.36849 -2.8031 -0.299561
-2.53643 -3.00186 -0.297796
-2.7398 -3.24255 -0.296845
-3.00929 -3.5615 -0.298796
-3.29353 -3.89789 -0.297218
-3.7115 -4.39256 -0.301379
-4.14538 -4.90606 -0.299152
-4.67912 -5.53774 -0.295411
-5.56119 -6.58167 -0.300898
-6.59263 -7.80238 -0.297218
-8.08283 -9.56603 -0.291492
-11.1088 -13.1472 -0.300439
-16.1668 -19.1334 -0.291474
-1.81319 -2.16118 -0.296506
-1.93657 -2.30823 -0.298969
-2.04731 -2.44023 -0.297363
-2.19068 -2.61112 -0.298195
-2.34968 -2.80063 -0.298417
-2.51185 -2.99393 -0.296136
-2.74388 -3.27049 -0.298523
-2.98512 -3.55802 -0.297627
-3.31816 -3.95498 -0.300686
-3.66658 -4.37028 -0.298969
-4.0853 -4.86935 -0.296042
-4.7624 -5.6764 -0.301918
-5.49743 -6.5525 -0.298685
-6.51696 -7.7677 -0.295028
-8.37881 -9.98687 -0.303422
-10.9906 -13.1 -0.298479
-15.9938 -19.0633 -0.289553
-1.81357 -2.17704 -0.29781
-1.91563 -2.29954 -0.296974
-2.05535 -2.46726 -0.299779
-2.18419 -2.62193 -0.298556
-2.36174 -2.83506 -0.301205
-2.51886 -3.02367 -0.298206
-2.72333 -3.26912 -0.297528
-2.9944 -3.59451 -0.299803
-3.28985 -3.94918 -0.299369
-3.62457 -4.35098 -0.296781
-4.14126 -4.97122 -0.301354
-4.69936 -5.64116 -0.299169
-5.43772 -6.52751 -0.296678
-6.43723 -7.72733 -0.292639
-8.28043 -9.93993 -0.301115
-10.8768 -13.0567 -0.296626
-15.8102 -18.9788 -0.287428
-1.80112 -2.17751 -0.297012
-1.90474 -2.30278 -0.296532
-2.01807 -2.4398 -0.295585
-2.18173 -2.63766 -0.299478
-2.32672 -2.81295 -0.29799
-2.4913 -3.01192 -0.296187
-2.72891 -3.29919 -0.299395
-2.97121 -3.59211 -0.298735
-3.23994 -3.91701 -0.296071
-3.58041 -4.32863 -0.294402
-4.09545 -4.9513 -0.299277
-4.64839 -5.61978 -0.297172
-5.3742 -6.49727 -0.294449
-6.61878 -8.00193 -0.302161
-8.19491 -9.90744 -0.299262
-10.7604 -13.0091 -0.294689
-15.6578 -18.9299 -0.285858
-1.79383 -2.18419 -0.297067
-1.91028 -2.32598 -0.298658
-2.02949 -2.47113 -0.298519
-2.15618 -2.62539 -0.297227
-2.30214 -2.80311 -0.296094
-2.50506 -3.05019 -0.299088
-2.6946 -3.28097 -0.296887
-2.9393 -3.57893 -0.296783
-3.27478 -3.9874 -0.300525
-3.62314 -4.41157 -0.29918
-4.05714 -4.94001 -0.297736
-4.60289 -5.60453 -0.295514
-5.49835 -6.69485 -0.302531
-6.56115 -7.98892 -0.300802
-8.11018 -9.87504 -0.297425
-10.6394 -12.9546 -0.29261
-17.0335 -20.7401 -0.312294
-1.78617 -2.19042 -0.297064
-1.89795 -2.32749 -0.297999
-2.011 -2.46612 -0.297064
-2.15046 -2.63715 -0.297707
-2.30525 -2.82698 -0.297763
-2.47777 -3.03854 -0.297095
-2.67712 -3.28301 -0.296223
-2.95371 -3.6222 -0.299514
-3.23575 -3.96806 -0.298213
-3.58394 -4.39505 -0.297209
-4.01322 -4.92149 -0.295774
-4.66635 -5.72244 -0.30087
-5.44478 -6.67704 -0.300864
-6.47864 -7.94488 -0.29829
-8.01681 -9.83117 -0.295259
-10.5285 -12.9113 -0.2908
-16.8479 -20.6609 -0.310212
-1.78941 -2.21011 -0.298885
-1.89884 -2.34526 -0.299423
-2.0097 -2.48219 -0.298152
-2.14014 -2.6433 -0.297555
-2.28367 -2.82057 -0.296246
-2.4869 -3.07158 -0.299475
-2.69486 -3.32843 -0.299469
-2.92382 -3.61123 -0.29776
-3.20031 -3.95272 -0.296218
-3.5405 -4.37288 -0.294872
-4.06406 -5.01954 -0.300811
-4.62541 -5.71286 -0.299515
-5.3799 -6.64474 -0.29856
-6.41473 -7.92286 -0.29662
-7.9415 -9.80858 -0.293745
-10.4136 -12.8619 -0.288866
-16.6787 -20.5999 -0.30842
-1.77722 -2.2108 -0.298137
-1.86778 -2.32345 -0.295804
-2.00857 -2.49858 -0.299276
-2.14499 -2.66829 -0.299523
-2.29033 -2.84909 -0.298399
-2.45853 -3.05832 -0.297343
-2.65188 -3.29884 -0.295972
-2.88009 -3.58273 -0.294579
-3.22972 -4.01766 -0.300238
-3.58669 -4.46171 -0.300015
-4.02265 -5.00403 -0.299038
-4.57569 -5.69199 -0.297581
-5.33042 -6.63085 -0.297097
-6.3389 -7.88537 -0.294386
-7.84785 -9.76244 -0.291541
-10.98 -13.6588 -0.305901
-16.4879 -20.5104 -0.306215
-1.76132 -2.20676 -0.29676
-1.86818 -2.34065 -0.297161
-1.9924 -2.49628 -0.298165
-2.10725 -2.64018 -0.29554
-2.27001 -2.8441 -0.297045
-2.47495 -3.10087 -0.300637
-2.66882 -3.34377 -0.299165
-2.92082 -3.6595 -0.300051
-3.20421 -4.01457 -0.299168
-3.56162 -4.46237 -0.299221
-3.98433 -4.99198 -0.297484
-4.54326 -5.69226 -0.296763
-5.2673 -6.59941 -0.294863
-6.27133 -7.85736 -0.29252
-8.15068 -10.212 -0.304114
-10.8818 -13.6338 -0.304488
-16.3347 -20.4658 -0.304696
-1.74691 -2.20446 -0.295628
-1.84872 -2.33293 -0.295359
-1.99373 -2.51592 -0.299677
-2.12039 -2.67576 -0.298691
-2.26923 -2.86359 -0.29825
-2.45477 -3.09772 -0.299498
-2.65205 -3.34667 -0.298594
-2.87231 -3.62462 -0.296366
-3.16154 -3.98961 -0.296484
-3.51454 -4.43507 -0.296565
-3.93795 -4.96937 -0.295315
-4.47833 -5.65129 -0.29381
-5.38511 -6.79558 -0.302785
-6.45069 -8.14024 -0.302211
-8.0743 -10.1891 -0.302591
-10.7628 -13.5818 -0.302485
-16.1399 -20.3673 -0.302388
-1.75031 -2.22467 -0.297517
-1.85458 -2.3572 -0.29761
-1.96194 -2.49365 -0.296207
-2.10229 -2.67204 -0.297455
-2.25335 -2.86405 -0.297476
-2.41839 -3.07381 -0.296368
-2.6265 -3.33833 -0.297029
-2.85118 -3.62389 -0.29549
-3.20422 -4.07261 -0.301818
-3.5528 -4.51566 -0.301123
-3.99731 -5.08064 -0.301096
-4.54679 -5.77904 -0.299624
-5.31631 -6.75711 -0.300242
-6.38965 -8.12134 -0.300679
-7.9806 -10.1435 -0.300405
-10.6466 -13.532 -0.300546
-15.9582 -20.2831 -0.300308
-1.74745 -2.23708 -0.298358
-1.86503 -2.3876 -0.300623
-1.97716 -2.53114 -0.299838
-2.10393 -2.69343 -0.299016
-2.26137 -2.89498 -0.299867
-2.4383 -3.12149 -0.300142
-2.63056 -3.36762 -0.298815
-2.85666 -3.65707 -0.297381
-3.15167 -4.03474 -0.298194
-3.50743 -4.49019 -0.298605
-3.95171 -5.05895 -0.29899
-4.51209 -5.77635 -0.298665
-5.2715 -6.74853 -0.29904
-6.32903 -8.10237 -0.299156
-7.90457 -10.1194 -0.298872
-10.5359 -13.4879 -0.298747
-15.7948 -20.2203 -0.298561
-1.73172 -2.23297 -0.297002
-1.83147 -2.36159 -0.29654
-1.95826 -2.52508 -0.298307
-2.08939 -2.69416 -0.298285
-2.23013 -2.87565 -0.297055
-2.41141 -3.1094 -0.298168
-2.60558 -3.35977 -0.29731
-2.83641 -3.65742 -0.296601
-3.11326 -4.0144 -0.295885
-3.47442 -4.4801 -0.297125
-3.90767 -5.03875 -0.296988
-4.46891 -5.76244 -0.297137
-5.20905 -6.71682 -0.296827
-6.25024 -8.05938 -0.296761
-7.82814 -10.094 -0.297314
-10.4263 -13.4442 -0.29697
-15.6293 -20.1532 -0.296762
-1.74023 -2.2602 -0.299813
-1.84339 -2.39418 -0.299823
-1.95093 -2.53386 -0.298538
-2.09249 -2.71772 -0.300082
-2.24334 -2.91363 -0.300168
-2.41951 -3.14244 -0.300525
-2.61843 -3.4008 -0.300129
-2.81396 -3.65475 -0.295586
-3.09684 -4.02216 -0.295658
-3.44274 -4.47142 -0.29575
-3.84881 -4.99882 -0.29384
-4.42525 -5.74749 -0.295567
-5.15377 -6.6937 -0.295008
-6.18934 -8.03868 -0.295201
-7.72815 -10.0373 -0.294846
-10.3087 -13.3889 -0.294951
-15.4778 -20.1025 -0.295216
-1.72552 -2.25737 -0.298636
-1.81918 -2.37989 -0.297236
-1.93567 -2.53229 -0.297555
-2.0675 -2.70475 -0.297851
-2.21106 -2.89256 -0.297199
-2.39257 -3.13001 -0.298535
-2.58718 -3.38461 -0.297902
-2.84105 -3.71673 -0.299794
-3.12938 -4.09393 -0.300128
-3.48647 -4.56108 -0.300873
-3.9242 -5.13374 -0.300963
-4.50624 -5.89517 -0.302351
-5.11179 -6.68737 -0.29394
-6.1198 -8.00606 -0.293216
-7.65655 -10.0165 -0.293447
-10.2078 -13.354 -0.293397
-15.3094 -20.0282 -0.293338
-1.71557 -2.26068 -0.298279
-1.82211 -2.40107 -0.299084
-1.93666 -2.55201 -0.299075
-2.04126 -2.68985 -0.295423
-2.18485 -2.87906 -0.295027
-2.35442 -3.10251 -0.295125
-2.55723 -3.36976 -0.295806
-2.79806 -3.68711 -0.296614
-3.0824 -4.0618 -0.296981
-3.44467 -4.53917 -0.298632
-3.89043 -5.12656 -0.299744
-4.45136 -5.86573 -0.300041
-5.21557 -6.87275 -0.301286
-6.30151 -8.30375 -0.303311
-7.56825 -9.97298 -0.291397
-10.0914 -13.2978 -0.291385
-15.1394 -19.9498 -0.291414
-1.70121 -2.25809 -0.297152
-1.80523 -2.39616 -0.297685
-1.92171 -2.55077 -0.29814
-2.05123 -2.72268 -0.29824
-2.20783 -2.93055 -0.29951
-2.38087 -3.16023 -0.299822
-2.58283 -3.42829 -0.300151
-2.7665 -3.6721 -0.294628
-3.06294 -4.06557 -0.296473
-3.40749 -4.52291 -0.296777
-3.84396 -5.10225 -0.297536
-4.40974 -5.85324 -0.298613
-5.16236 -6.85221 -0.299593
-6.24124 -8.28427 -0.301801
-7.88768 -10.4696 -0.305102
-9.98284 -13.2506 -0.289585
-14.9773 -19.88 -0.289629
-1.70605 -2.28105 -0.299388
-1.80519 -2.4136 -0.299066
-1.88801 -2.52433 -0.294278
-2.03525 -2.72119 -0.297296
-2.18001 -2.91474 -0.297115
-2.36651 -3.1641 -0.299404
-2.5555 -3.41679 -0.29836
-2.79872 -3.74199 -0.29945
-3.08317 -4.12231 -0.299823
-3.37435 -4.51162 -0.295262
-3.81035 -5.09457 -0.29631
-4.3615 -5.83147 -0.296723
-5.1216 -6.84775 -0.298614
-6.1828 -8.26662 -0.300369
-7.80167 -10.4311 -0.303182
-10.5893 -14.1583 -0.308611
-14.8255 -19.8222 -0.28803
-1.67793 -2.25987 -0.295836
-1.7881 -2.40825 -0.297628
-1.89475 -2.55189 -0.296717
-2.03677 -2.74316 -0.298917
-2.18778 -2.94654 -0.299575
-2.32273 -3.12829 -0.295246
-2.53143 -3.40938 -0.296939
-2.7671 -3.72678 -0.297457
-3.05444 -4.11378 -0.298425
-3.40879 -4.59103 -0.299677
-3.8435 -5.17649 -0.300292
-4.3168 -5.81395 -0.295062
-5.05163 -6.80363 -0.295919
-6.12149 -8.24454 -0.298788
-7.71223 -10.387 -0.301115
-10.4783 -14.1124 -0.306811
-14.6724 -19.7611 -0.286395
-1.68742 -2.28931 -0.298917
-1.7943 -2.43431 -0.300073
-1.87927 -2.54959 -0.295685
-2.01985 -2.74033 -0.297838
-2.16213 -2.93335 -0.297465
-2.33385 -3.16633 -0.298064
-2.54326 -3.45043 -0.299739
-2.73916 -3.71621 -0.295847
-3.03599 -4.11891 -0.298026
-3.37903 -4.58431 -0.298466
-3.82192 -5.18518 -0.300019
-4.40162 -5.97166 -0.302284
-5.00257 -6.78696 -0.294432
-6.04162 -8.19664 -0.296286
-7.63627 -10.3601 -0.29956
-10.3687 -14.0672 -0.305039
-14.5115 -19.6876 -0.284594
-1.66825 -2.27994 -0.29693
-1.75617 -2.4001 -0.295098
-1.89355 -2.58784 -0.299352
-2.01128 -2.74874 -0.297987
-2.15081 -2.93944 -0.297319
-2.31454 -3.1632 -0.297007
-2.53327 -3.46213 -0.299985
-2.7576 -3.76871 -0.299259
-2.99376 -4.09147 -0.295283
-3.3374 -4.56111 -0.296195
-3.77349 -5.1571 -0.29763
-4.35349 -5.94977 -0.300404
-4.96711 -6.78838 -0.293739
-5.988 -8.18359 -0.295056
-7.5586 -10.3301 -0.297927
-10.2595 -14.0214 -0.303266
-15.965 -21.8188 -0.314593
-1.66263 -2.28899 -0.297351
-1.75057 -2.41007 -0.295569
-1.86978 -2.57419 -0.297015
-2.00733 -2.76355 -0.29883
-2.14651 -2.95516 -0.298149
-2.28889 -3.15118 -0.295126
-2.48768 -3.42486 -0.296
-2.72947 -3.75775 -0.297629
-3.03159 -4.17369 -0.30045
-3.31298 -4.56108 -0.29544
-3.7362 -5.14375 -0.296104
-4.30604 -5.92826 -0.298557
-5.07848 -6.9917 -0.301767
-5.91435 -8.14247 -0.292827
-7.47104 -10.2856 -0.295891
-10.1454 -13.9675 -0.301333
-15.7885 -21.7366 -0.312611
-1.66757 -2.31274 -0.299677
-1.75531 -2.43443 -0.297803
-1.87122 -2.59519 -0.298682
-1.97651 -2.74121 -0.295666
-2.12132 -2.94205 -0.296076
-2.31068 -3.20467 -0.299377
-2.50411 -3.47294 -0.299397
-2.70367 -3.74971 -0.296242
-2.99562 -4.15461 -0.298321
-3.34502 -4.63918 -0.29974
-3.71227 -5.14852 -0.295631
-4.25633 -5.90309 -0.296539
-5.02252 -6.9657 -0.299886
-6.10586 -8.46818 -0.303771
-7.40861 -10.275 -0.294837
-10.0461 -13.9328 -0.299826
-15.6317 -21.6796 -0.311004
-1.6575 -2.31579 -0.29932
-1.73572 -2.42507 -0.295914
-1.85031 -2.58517 -0.296783
-1.98303 -2.77061 -0.298088
-2.1072 -2.94409 -0.295539
-2.26951 -3.17087 -0.295477
-2.4824 -3.46831 -0.298249
-2.72603 -3.80869 -0.300148
-2.96203 -4.13842 -0.296414
-3.31661 -4.63382 -0.298643
-3.76948 -5.26655 -0.30165
-4.21708 -5.89192 -0.295236
-4.96843 -6.94167 -0.298103
-6.05024 -8.45313 -0.302471
-7.32681 -10.2367 -0.293003
-9.94272 -13.8915 -0.298188
-15.4681 -21.6114 -0.309249
-1.63931 -2.30736 -0.297489
-1.75946 -2.47648 -0.301436
-1.8288 -2.57407 -0.294774
-1.95883 -2.75709 -0.295896
-2.11907 -2.98263 -0.298663
-2.2839 -3.21463 -0.29881
-2.46207 -3.46541 -0.297258
-2.69526 -3.79364 -0.298218
-2.9912 -4.21017 -0.300803
-3.27953 -4.616 -0.296755
-3.7284 -5.2478 -0.299829
-4.1776 -5.88006 -0.293908
-4.91237 -6.91426 -0.296187
-5.98058 -8.41778 -0.300457
-7.2573 -10.2148 -0.291649
-9.837 -13.8458 -0.296466
-15.3024 -21.5384 -0.307437
-1.64078 -2.32661 -0.29923
-1.72292 -2.44307 -0.296635
-1.83109 -2.59646 -0.296604
-1.97911 -2.80635 -0.300439
-2.09704 -2.97357 -0.29702
-2.26849 -3.21669 -0.298263
-2.47039 -3.50297 -0.299739
-2.68506 -3.80737 -0.298559
-2.95989 -4.19707 -0.299127
-3.24391 -4.59982 -0.294984
-3.67992 -5.21807 -0.297394
-4.26257 -6.04426 -0.30137
-4.8668 -6.90104 -0.29489
-5.93169 -8.41104 -0.299475
-7.57459 -10.7407 -0.305906
-9.73363 -13.8021 -0.294802
-15.1377 -21.465 -0.305634
-1.61024 -2.30031 -0.295123
-1.72596 -2.46563 -0.29864
-1.82459 -2.60652 -0.297023
-1.95921 -2.79884 -0.2989
-2.1165 -3.02353 -0.30127
-2.253 -3.21853 -0.297702
-2.46686 -3.52405 -0.300802
-2.65152 -3.78784 -0.296299
-2.93231 -4.18896 -0.297816
-3.29257 -4.70361 -0.300901
-3.64853 -5.21213 -0.296327
-4.2164 -6.02335 -0.299591
-4.8076 -6.86791 -0.292755
-5.86519 -8.37874 -0.297594
-7.48538 -10.6933 -0.30381
-9.62992 -13.7569 -0.293115
-14.9882 -21.4115 -0.304123
-1.60672 -2.31244 -0.295957
-1.70286 -2.45081 -0.296123
-1.82285 -2.62349 -0.29823
-1.94041 -2.7927 -0.297518
-2.07979 -2.9933 -0.297532
-2.27419 -3.27307 -0.302011
-2.42042 -3.48355 -0.296622
-2.66974 -3.84236 -0.299832
-2.89614 -4.1682 -0.29562
-3.24407 -4.66896 -0.297958
-3.60971 -5.1952 -0.294646
-4.16491 -5.99426 -0.297419
-4.9351 -7.10275 -0.302029
-5.8073 -8.35804 -0.296136
-7.41603 -10.6734 -0.302506
-9.53642 -13.7251 -0.291726
-14.8368 -21.3535 -0.302562
-1.61982 -2.34875 -0.299879
-1.71816 -2.49136 -0.300295
-1.81378 -2.63 -0.298247
-1.94718 -2.82343 -0.300066
-2.06695 -2.99711 -0.297191
-2.23414 -3.23953 -0.298194
-2.39992 -3.47991 -0.295597
-2.63887 -3.82639 -0.297865
-2.93124 -4.25034 -0.300717
-3.22785 -4.68042 -0.297967
-3.6704 -5.32212 -0.301115
-4.12384 -5.97962 -0.295976
-4.88926 -7.08949 -0.300737
-5.74212 -8.32614 -0.294294
-7.34694 -10.6532 -0.301204
-9.42556 -13.6672 -0.289794
-14.68 -21.2861 -0.300879
-1.60392 -2.34318 -0.29845
-1.68701 -2.46456 -0.296353
-1.8255 -2.66688 -0.301704
-1.92311 -2.80948 -0.297868
-2.07038 -3.02463 -0.299201
-2.20639 -3.22332 -0.29599
-2.42156 -3.53767 -0.299782
-2.60503 -3.8057 -0.295544
-2.90856 -4.24913 -0.29991
-3.1892 -4.65913 -0.295901
-3.63553 -5.31117 -0.299775
-4.08886 -5.97344 -0.294961
-4.84364 -7.07611 -0.29945
-5.66935 -8.28239 -0.292045
-7.27188 -10.6235 -0.299647
-9.33408 -13.6362 -0.288444
-14.5288 -21.2252 -0.299298
-1.5976 -2.35153 -0.2988
-1.67557 -2.46629 -0.295855
-1.79593 -2.64344 -0.298342
-1.91033 -2.81183 -0.297407
-2.05538 -3.02533 -0.298559
-2.19645 -3.23298 -0.296171
-2.38813 -3.51511 -0.297162
-2.58262 -3.80139 -0.294507
-2.8755 -4.23247 -0.298024
-3.23119 -4.75602 -0.301336
-3.59512 -5.2917 -0.297965
-4.18225 -6.15589 -0.303247
-4.78711 -7.04621 -0.297475
-5.88127 -8.6567 -0.304518
-7.18743 -10.5793 -0.297688
-9.95086 -14.6468 -0.309083
-14.3751 -21.1588 -0.297653
-1.57513 -2.33596 -0.296122
-1.6835 -2.49668 -0.298794
-1.78235 -2.64328 -0.297619
-1.90997 -2.83254 -0.29889
-2.03189 -3.01335 -0.296674
-2.21042 -3.27812 -0.299597
-2.36381 -3.50561 -0.295659
-2.61218 -3.87394 -0.299419
-2.84475 -4.21885 -0.296364
-3.20684 -4.75583 -0.300612
-3.55418 -5.27095 -0.296096
-4.11963 -6.10953 -0.300252
-4.74316 -7.03425 -0.296269
-5.82198 -8.63416 -0.303007
-7.11247 -10.548 -0.296108
-9.85134 -14.6098 -0.307575
-14.2214 -21.0908 -0.295994
-1.57484 -2.35323 -0.297611
-1.65981 -2.48019 -0.296124
-1.77897 -2.65825 -0.298603
-1.8841 -2.81534 -0.296379
-2.04673 -3.05836 -0.3004
-2.18115 -3.25922 -0.297172
-2.37938 -3.55542 -0.299157
-2.57641 -3.84983 -0.296858
-2.81704 -4.20941 -0.295007
-3.1651 -4.7295 -0.298247
-3.5249 -5.26713 -0.295188
-4.08446 -6.10326 -0.299241
-4.68679 -7.0033 -0.294274
-5.7547 -8.59904 -0.301067
-7.03759 -10.516 -0.294517
-9.73993 -14.554 -0.305682
-14.0673 -21.0203 -0.294314
-1.57393 -2.36973 -0.299001
-1.66809 -2.5115 -0.299166
-1.76595 -2.65884 -0.297975
-1.87915 -2.82928 -0.297154
-2.01734 -3.03734 -0.297641
-2.16192 -3.25502 -0.296098
-2.36789 -3.56514 -0.299277
-2.5649 -3.86175 -0.297084
-2.85259 -4.29491 -0.300299
-3.13362 -4.71803 -0.296831
-3.5816 -5.39251 -0.301512
-4.03625 -6.07705 -0.297263
-4.63499 -6.97851 -0.29255
-5.70833 -8.59456 -0.300211
-6.96693 -10.4895 -0.293092
-9.65628 -14.5387 -0.304649
-13.9449 -20.9956 -0.293285
-1.54857 -2.34932 -0.295741
-1.66186 -2.52118 -0.299625
-1.75174 -2.65755 -0.297142
-1.87419 -2.84331 -0.297938
-2.00062 -3.03511 -0.296736
-2.17606 -3.30127 -0.299612
-2.33139 -3.53692 -0.296223
-2.5927 -3.93335 -0.301894
-2.82991 -4.29322 -0.299488
-3.10408 -4.70917 -0.29559
-3.54839 -5.38322 -0.300298
-4.00826 -6.08089 -0.296764
-4.76872 -7.23457 -0.302584
-5.64399 -8.56243 -0.298398
-6.89967 -10.4674 -0.291799
-9.55076 -14.4893 -0.302915
-13.7864 -20.9152 -0.291487
-1.544 -2.36028 -0.296441
-1.6311 -2.49343 -0.295648
-1.75291 -2.67965 -0.298926
-1.85735 -2.83931 -0.296836
-2.01805 -3.08495 -0.300918
-2.15342 -3.2919 -0.298077
-2.32641 -3.55634 -0.297167
-2.56116 -3.91519 -0.299812
-2.7932 -4.26992 -0.29718
-3.14461 -4.80711 -0.301046
-3.49704 -5.34586 -0.29753
-3.95603 -6.04752 -0.294459
-4.72011 -7.21555 -0.301097
-5.58402 -8.5362 -0.296802
-6.8179 -10.4224 -0.289879
-9.44936 -14.4451 -0.301298
-13.6449 -20.8587 -0.290033
-1.26131 -1.94292 -0.243467
-1.26792 -1.95311 -0.231056
-1.73562 -2.67356 -0.297568
-1.84257 -2.8383 -0.296057
-1.98563 -3.05867 -0.297676
-2.12786 -3.27776 -0.296122
-2.33903 -3.60304 -0.300385
-2.53205 -3.90037 -0.297998
-2.75726 -4.24728 -0.294932
-3.11048 -4.7914 -0.29938
-3.46211 -5.33304 -0.296142
-3.92365 -6.044 -0.293619
-4.67073 -7.1948 -0.299549
-5.52569 -8.51179 -0.29528
-7.14298 -11.0031 -0.305333
-9.34499 -14.395 -0.299571
-13.4918 -20.7828 -0.288321
-1.2538 -1.94621 -0.243329
-1.2446 -1.93192 -0.228033
-1.26055 -1.95668 -0.217288
-1.25389 -1.94634 -0.20256
-1.26154 -1.95823 -0.190148
-2.15512 -3.34528 -0.30154
-2.31177 -3.58844 -0.298492
-2.49983 -3.88036 -0.2958
-2.80352 -4.35176 -0.301505
-3.08257 -4.78491 -0.2983
-3.4326 -5.32825 -0.295208
-4.00644 -6.21899 -0.301438
-4.62702 -7.18228 -0.298353
-5.46479 -8.48271 -0.293608
-7.06164 -10.9614 -0.303491
-9.25216 -14.3616 -0.298202
-13.3685 -20.7512 -0.287233
-1.24047 -1.94038 -0.242056
-1.24579 -1.94869 -0.229497
-1.23542 -1.93247 -0.214119
-1.24344 -1.94501 -0.201969
-1.25121 -1.95717 -0.18962
-1.25392 -1.96142 -0.176404
-1.25708 -1.96635 -0.163198
-1.24858 -1.95306 -0.148548
-2.76767 -4.32926 -0.299275
-3.04531 -4.76355 -0.296303
-3.40187 -5.32129 -0.294162
-3.96029 -6.19477 -0.299592
-4.57504 -7.15638 -0.296611
-5.41537 -8.47085 -0.292541
-6.99513 -10.9419 -0.302273
-9.14466 -14.3043 -0.296346
-13.2185 -20.6767 -0.28556
-1.2251 -1.93117 -0.240372
-1.2327 -1.94315 -0.228336
-1.23796 -1.95143 -0.215739
-1.21806 -1.92006 -0.198935
-1.22681 -1.93385 -0.186945
-1.23336 -1.94418 -0.174465
-1.25398 -1.97669 -0.163692
-1.241 -1.95623 -0.148459
-1.24328 -1.95982 -0.135178
-1.24743 -1.96637 -0.122041
-3.46643 -5.46424 -0.301393
-3.93757 -6.20691 -0.299512
-4.53131 -7.14283 -0.295392
-5.61193 -8.84625 -0.304826
-6.92259 -10.9123 -0.300784
-9.05957 -14.2809 -0.295203
-13.0893 -20.6331 -0.284325
-1.21806 -1.93498 -0.240315
-1.22299 -1.9428 -0.227791
-1.21836 -1.93545 -0.213501
-1.21919 -1.93677 -0.200224
-1.22382 -1.94413 -0.187524
-1.22872 -1.95191 -0.174772
-1.22945 -1.95307 -0.161379
-1.2299 -1.95378 -0.147946
-1.23385 -1.96006 -0.134897
-1.22337 -1.94341 -0.12035
-1.24421 -1.97652 -0.108779
-1.24065 -1.97087 -0.0948936
-1.24206 -1.9731 -0.0814178
-5.54841 -8.81404 -0.303047
-6.85693 -10.8927 -0.299583
-8.95097 -14.2193 -0.293281
-12.9453 -20.5645 -0.282755
-1.21082 -1.93846 -0.240221
-1.20357 -1.92685 -0.225427
-1.21481 -1.94484 -0.214068
-1.20601 -1.93076 -0.199166
-1.22388 -1.95938 -0.188581
-1.21107 -1.93886 -0.173224
-1.22736 -1.96493 -0.162004
-1.21792 -1.94982 -0.147323
-1.22097 -1.95471 -0.134234
-1.22699 -1.96434 -0.12138
-1.21979 -1.95282 -0.10724
-1.23226 -1.97279 -0.0947784
-1.23108 -1.97089 -0.0811486
-1.22919 -1.96787 -0.0675119
-1.23396 -1.9755 -0.0542135
-1.23426 -1.97599 -0.040667
-14.4176 -23.0818 -0.316673
-1.19955 -1.93543 -0.239324
-1.19973 -1.93572 -0.225973
-1.21338 -1.95775 -0.215021
-1.20223 -1.93975 -0.199659
-1.20539 -1.94485 -0.186777
-1.21083 -1.95363 -0.174165
-1.20464 -1.94364 -0.159901
-1.21283 -1.95686 -0.147534
-1.20626 -1.94625 -0.133363
-1.22008 -1.96856 -0.121376
-1.22078 -1.96969 -0.107932
-1.21448 -1.95952 -0.0939365
-1.21956 -1.96771 -0.0808417
-1.2194 -1.96745 -0.0673509
-1.22774 -1.98092 -0.054244
-1.21618 -1.96226 -0.0402966
-1.22266 -1.97272 -0.0270062
-1.22866 -1.9824 -0.0135689
-1.23611 -1.99443 -1.17321e-07
-1.19799 -1.94808 -0.24037
-1.19303 -1.94001 -0.225986
-1.19206 -1.93843 -0.212441
-1.2003 -1.95184 -0.20047
-1.2004 -1.952 -0.187059
-1.20633 -1.96165 -0.174503
-1.19925 -1.95012 -0.160088
-1.20305 -1.9563 -0.147174
-1.1953 -1.9437 -0.132901
-1.21057 -1.96854 -0.121114
-1.20164 -1.95402 -0.106842
-1.21744 -1.97971 -0.0947
-1.21683 -1.97871 -0.0811184
-1.21092 -1.96911 -0.0672624
-1.21214 -1.97109 -0.0538586
-1.218 -1.98061 -0.0405859
-1.21664 -1.97841 -0.0270257
-1.21412 -1.97431 -0.0134845
-1.22464 -1.99142 -1.16892e-07
-1.18822 -1.9474 -0.239773
-1.19498 -1.95848 -0.22765
-1.18824 -1.94744 -0.212972
-1.19266 -1.95468 -0.200332
-1.18915 -1.94892 -0.186365
-1.19874 -1.96465 -0.174396
-1.19545 -1.95925 -0.160493
-1.19915 -1.96531 -0.147536
-1.19551 -1.95935 -0.133685
-1.19889 -1.96488 -0.12063
-1.19259 -1.95457 -0.106644
-1.20272 -1.97116 -0.0940894
-1.19775 -1.96302 -0.0803031
-1.20626 -1.97697 -0.0673865
-1.19871 -1.96459 -0.0535663
-1.20726 -1.97862 -0.0404584
-1.21238 -1.98701 -0.0270852
-1.20622 -1.97691 -0.0134733
-1.20393 -1.97315 -1.15572e-07
-1.17362 -1.93867 -0.238192
-1.18025 -1.94963 -0.226141
-1.18686 -1.96055 -0.21395
-1.18509 -1.95762 -0.200208
-1.17474 -1.94052 -0.185168
-1.18822 -1.96279 -0.173862
-1.18488 -1.95728 -0.159992
-1.18357 -1.95512 -0.146459
-1.19152 -1.96825 -0.134007
-1.18911 -1.96427 -0.120337
-1.18442 -1.95652 -0.106524
-1.19754 -1.97819 -0.0942248
-1.19891 -1.98046 -0.0808447
-1.20578 -1.9918 -0.0677481
-1.19539 -1.97464 -0.053726
-1.19916 -1.98087 -0.0404185
-1.18988 -1.96553 -0.0267355
-1.18845 -1.96318 -0.0133514
-1.20211 -1.98574 -1.16063e-07
-1.17612 -1.95821 -0.240086
-1.16542 -1.94039 -0.224595
-1.17637 -1.95863 -0.213291
-1.17517 -1.95663 -0.199686
-1.17638 -1.95864 -0.186504
-1.17633 -1.95856 -0.173122
-1.1856 -1.97399 -0.161019
-1.18249 -1.96882 -0.147176
-1.19184 -1.98439 -0.134822
-1.18519 -1.97331 -0.120636
-1.18949 -1.98047 -0.107601
-1.18683 -1.97604 -0.0939241
-1.19452 -1.98885 -0.0810163
-1.18339 -1.97032 -0.0668763
-1.20026 -1.9984 -0.0542581
-1.2046 -2.00564 -0.0408378
-1.19682 -1.99268 -0.0270479
-1.20003 -1.99802 -0.0135598
-1.1909 -1.98282 -1.15648e-07
-1.15996 -1.94668 -0.238174
-1.17159 -1.96619 -0.227107
-1.16846 -1.96095 -0.213098
-1.17213 -1.9671 -0.200335
-1.17737 -1.9759 -0.187755
-1.17487 -1.9717 -0.17392
-1.18077 -1.98161 -0.161303
-1.18324 -1.98575 -0.148131
-1.18087 -1.98177 -0.134363
-1.18161 -1.98302 -0.120977
-1.17713 -1.9755 -0.107107
-1.18285 -1.98509 -0.0941574
-1.18713 -1.99227 -0.0809864
-1.19197 -2.0004 -0.0677555
-1.19404 -2.00388 -0.0542934
-1.19664 -2.00824 -0.0408055
-13.5195 -22.6889 -0.307326
-1.16198 -1.96565 -0.239997
-1.16451 -1.96993 -0.227067
-1.15411 -1.95234 -0.211723
-1.16911 -1.97772 -0.200999
-1.17103 -1.98096 -0.187846
-1.17924 -1.99486 -0.175598
-1.17976 -1.99573 -0.162115
-1.17286 -1.98407 -0.147699
-1.1754 -1.98835 -0.13453
-1.18221 -1.99988 -0.121753
-1.18417 -2.00319 -0.108383
-1.1795 -1.9953 -0.0944455
-1.18239 -2.00019 -0.0811398
-1.19405 -2.0199 -0.0682746
-6.68204 -11.3036 -0.305627
-8.93188 -15.1095 -0.306375
-13.3891 -22.6496 -0.306159
-1.15835 -1.97523 -0.240671
-1.16012 -1.97825 -0.227557
-1.1585 -1.97549 -0.213794
-1.16557 -1.98754 -0.201583
-1.16795 -1.9916 -0.188466
-1.16713 -1.9902 -0.174828
-1.17552 -2.00451 -0.162494
-1.17668 -2.00649 -0.149061
-1.17515 -2.00388 -0.135302
-1.17355 -2.00115 -0.12158
-1.1789 -2.01028 -0.108543
-3.65339 -6.2298 -0.294276
-4.24567 -7.23976 -0.293086
-5.28912 -9.01908 -0.304227
-6.63035 -11.3062 -0.305068
-8.83578 -15.0669 -0.304882
-13.2446 -22.5849 -0.304657
-1.15139 -1.97917 -0.240659
-1.15601 -1.98712 -0.228112
-1.15629 -1.98761 -0.214666
-1.15812 -1.99075 -0.201496
-1.15976 -1.99356 -0.188268
-1.17026 -2.01161 -0.176348
-1.16185 -1.99716 -0.161568
-1.16825 -2.00815 -0.148881
-2.54996 -4.38325 -0.295354
-2.83451 -4.87237 -0.295417
-3.18267 -5.47083 -0.29479
-3.60763 -6.20131 -0.292333
-4.36461 -7.50252 -0.303103
-5.24553 -9.01678 -0.303529
-6.56009 -11.2764 -0.303646
-8.73993 -15.0235 -0.303384
-13.1043 -22.5256 -0.303238
-1.15405 -1.99978 -0.242674
-1.15491 -2.00127 -0.229272
-1.15411 -1.9999 -0.215557
-1.17175 -2.03045 -0.2051
-1.16176 -2.01314 -0.189732
-1.95232 -3.38307 -0.295978
-2.10826 -3.65328 -0.29495
-2.30959 -4.00216 -0.296113
-2.5258 -4.37681 -0.294323
-2.81029 -4.86979 -0.294664
-3.24275 -5.61917 -0.302171
-3.70271 -6.41621 -0.301852
-4.31897 -7.48411 -0.301748
-5.18139 -8.97854 -0.301631
-6.48471 -11.237 -0.301972
-8.65243 -14.9933 -0.302163
-12.9705 -22.4759 -0.301957
-1.15631 -2.01996 -0.244632
-1.15974 -2.02597 -0.231635
-1.5695 -2.74178 -0.294927
-1.6754 -2.92677 -0.295045
-1.79103 -3.12878 -0.294286
-1.92797 -3.368 -0.294069
-2.13696 -3.73308 -0.300788
-2.33501 -4.07905 -0.301197
-2.56924 -4.48824 -0.301211
-2.85331 -4.98448 -0.300999
-3.21543 -5.61707 -0.301452
-3.66101 -6.39546 -0.300272
-4.27125 -7.46149 -0.300233
-5.124 -8.95117 -0.300108
-6.42324 -11.2208 -0.300932
-8.56228 -14.9575 -0.300837
-12.8299 -22.4127 -0.300504
-1.38939 -2.44693 -0.29575
-1.49617 -2.63499 -0.300668
-1.58946 -2.79928 -0.300513
-1.69669 -2.98813 -0.300632
-1.81512 -3.19669 -0.300076
-1.95285 -3.43927 -0.299695
-2.11876 -3.73146 -0.300059
-2.31771 -4.08184 -0.300803
-2.53719 -4.46838 -0.299282
-2.82019 -4.96678 -0.299333
-3.16962 -5.58218 -0.298984
-3.6357 -6.40303 -0.300029
-4.23121 -7.4518 -0.299247
-5.07792 -8.94299 -0.299237
-6.35321 -11.189 -0.299481
-8.4685 -14.9143 -0.299371
-12.6918 -22.3522 -0.299096
-1.39554 -2.47787 -0.298899
-1.47189 -2.61345 -0.297621
-1.56874 -2.78541 -0.298434
-1.67381 -2.97197 -0.298416
-1.79487 -3.18691 -0.298567
-1.9337 -3.43341 -0.298594
-2.10465 -3.73695 -0.299908
-2.29018 -4.06637 -0.299072
-2.51525 -4.46599 -0.298532
-2.79406 -4.96104 -0.298397
-3.12743 -5.55297 -0.296832
-3.59521 -6.38355 -0.298526
-4.18603 -7.43258 -0.297886
-5.01978 -8.91296 -0.297644
-6.27676 -11.1448 -0.29771
-8.37674 -14.8735 -0.297962
-12.565 -22.31 -0.297942
-1.38319 -2.47614 -0.298106
-1.46034 -2.61424 -0.297129
-1.55473 -2.78323 -0.297617
-1.64921 -2.95237 -0.295867
-1.77312 -3.17417 -0.296792
-1.91053 -3.42016 -0.296859
-2.07476 -3.71415 -0.297494
-2.26388 -4.05272 -0.297484
-2.48397 -4.44672 -0.296662
-2.75785 -4.93702 -0.296371
-3.11135 -5.56984 -0.297151
-3.53943 -6.33616 -0.29573
-4.14611 -7.42223 -0.296889
-4.97151 -8.89982 -0.296623
-6.20916 -11.1154 -0.296344
-8.28106 -14.8245 -0.296399
-12.4328 -22.2567 -0.296649
-1.37174 -2.47591 -0.297499
-1.45007 -2.61729 -0.296898
-1.53729 -2.77472 -0.29613
-1.64655 -2.97192 -0.297249
-1.75288 -3.16385 -0.295252
-1.88473 -3.40183 -0.294695
-2.05544 -3.70995 -0.296581
-2.24025 -4.04352 -0.296233
-2.4649 -4.44901 -0.296238
-2.72422 -4.91708 -0.294601
-3.07083 -5.54269 -0.295129
-3.50817 -6.33205 -0.294965
-4.10567 -7.4105 -0.295844
-4.92327 -8.88623 -0.295595
-6.14596 -11.0931 -0.295175
-8.20643 -14.8122 -0.295578
-12.3015 -22.2035 -0.295365
-1.3721 -2.49709 -0.299467
-1.45439 -2.64687 -0.299675
-1.5427 -2.80757 -0.29906
-1.65032 -3.00344 -0.299823
-1.76615 -3.21425 -0.299377
-1.90567 -3.46816 -0.299862
-2.0744 -3.77523 -0.301218
-2.2595 -4.11209 -0.300676
-2.43488 -4.43127 -0.294489
-2.70511 -4.92307 -0.294392
-3.0382 -5.52927 -0.293847
-3.47638 -6.32671 -0.294148
-4.05356 -7.37712 -0.293944
-4.87595 -8.87381 -0.294614
-6.0777 -11.0609 -0.293751
-8.11506 -14.7687 -0.294143
-12.1781 -22.1632 -0.294261
-1.36187 -2.49913 -0.299139
-1.43396 -2.63143 -0.297358
-1.52931 -2.80639 -0.298363
-1.63046 -2.99201 -0.298111
-1.74938 -3.21024 -0.298433
-1.88613 -3.46119 -0.298688
-2.04626 -3.75504 -0.299035
-2.24039 -4.11128 -0.300043
-2.46957 -4.53185 -0.300598
-2.75314 -5.05222 -0.301538
-3.10481 -5.69755 -0.302212
-3.44449 -6.3209 -0.293317
-4.01381 -7.36564 -0.292926
-4.8094 -8.8256 -0.292454
-6.02663 -11.0593 -0.293148
-8.02065 -14.7185 -0.292583
-12.0411 -22.0962 -0.292812
-1.34168 -2.48268 -0.296607
-1.41577 -2.61978 -0.295481
-1.51735 -2.80775 -0.297942
-1.61413 -2.98683 -0.297032
-1.73113 -3.20334 -0.297228
-1.87027 -3.4608 -0.298089
-2.03038 -3.75708 -0.298631
-2.22113 -4.11003 -0.299384
-2.45196 -4.53718 -0.300382
-2.71677 -5.02718 -0.299475
-3.0716 -5.68378 -0.300911
-3.52145 -6.5162 -0.301807
-4.13699 -7.65521 -0.303866
-4.75911 -8.80639 -0.291264
-5.95145 -11.0127 -0.291361
-7.93454 -14.6823 -0.291311
-11.899 -22.0182 -0.291225
-1.33829 -2.49722 -0.297784
-1.42709 -2.66292 -0.299783
-1.49675 -2.79292 -0.295811
-1.5956 -2.97737 -0.295535
-1.70848 -3.18799 -0.295248
-1.84929 -3.45075 -0.296665
-1.99832 -3.72884 -0.29583
-2.19232 -4.09084 -0.297426
-2.42348 -4.52218 -0.298826
-2.68163 -5.00388 -0.297528
-3.04237 -5.67701 -0.299988
-3.48923 -6.51085 -0.300993
-4.0988 -7.64829 -0.303021
-4.94911 -9.23496 -0.304865
-5.88545 -10.9822 -0.290006
-7.85361 -14.6547 -0.290218
-11.7747 -21.9714 -0.290061
-1.32315 -2.48983 -0.29635
-1.41736 -2.66712 -0.299696
-1.50225 -2.82684 -0.298847
-1.60533 -3.02082 -0.29929
-1.73658 -3.2678 -0.302076
-1.83138 -3.44618 -0.29572
-1.98397 -3.73331 -0.295633
-2.17168 -4.08655 -0.296561
-2.39314 -4.50327 -0.297022
-2.66581 -5.01637 -0.297715
-3.01887 -5.68074 -0.299626
-3.45349 -6.49858 -0.299866
-4.04936 -7.61985 -0.301332
-4.90863 -9.23677 -0.304357
-5.82405 -10.9594 -0.288865
-7.76706 -14.6156 -0.288904
-11.6593 -21.9399 -0.289105
-1.32284 -2.51036 -0.298242
-1.40381 -2.66403 -0.298796
-1.4808 -2.81013 -0.296531
-1.59091 -3.01909 -0.298566
-1.70896 -3.24311 -0.299239
-1.84684 -3.50477 -0.300193
-2.0077 -3.81004 -0.301152
-2.13797 -4.05725 -0.29389
-2.35888 -4.47647 -0.294709
-2.63821 -5.00656 -0.296583
-2.97487 -5.64543 -0.297214
-3.41876 -6.48781 -0.298816
-4.01916 -7.62719 -0.301065
-4.84694 -9.19808 -0.302523
-6.14107 -11.654 -0.306606
-7.68295 -14.58 -0.287668
-11.5333 -21.8868 -0.287873
-1.31995 -2.52624 -0.299579
-1.37974 -2.64068 -0.295635
-1.46906 -2.81162 -0.296145
-1.56914 -3.00317 -0.296447
-1.69102 -3.23644 -0.298077
-1.83185 -3.50595 -0.299744
-1.98095 -3.79131 -0.299122
-2.16703 -4.14746 -0.299875
-2.34469 -4.48748 -0.294893
-2.61056 -4.99632 -0.295435
-2.93765 -5.62235 -0.295457
-3.36728 -6.4446 -0.296283
-3.9667 -7.59183 -0.29912
-4.80383 -9.19401 -0.301835
-6.0852 -11.6464 -0.305846
-7.60553 -14.5562 -0.286672
-11.4139 -21.8449 -0.286796
-1.30135 -2.51198 -0.297346
-1.3906 -2.68426 -0.299968
-1.47822 -2.85339 -0.3
-1.55629 -3.00409 -0.296
-1.67512 -3.23346 -0.297263
-1.80295 -3.48022 -0.297004
-1.95942 -3.78226 -0.297866
-2.1526 -4.15515 -0.299885
-2.37037 -4.57551 -0.300132
-2.57377 -4.96812 -0.293234
-2.91118 -5.61942 -0.294767
-3.34586 -6.45848 -0.296382
-3.92244 -7.57144 -0.297776
-4.75416 -9.17691 -0.300727
-6.02203 -11.6243 -0.30471
-8.20703 -15.8419 -0.311428
-11.2818 -21.7771 -0.285386
-1.28913 -2.50982 -0.296555
-1.36773 -2.66285 -0.29704
-1.45965 -2.84181 -0.298244
-1.56105 -3.03922 -0.298922
-1.65585 -3.2238 -0.295841
-1.7816 -3.46861 -0.29548
-1.942 -3.7809 -0.297223
-2.12161 -4.13058 -0.297576
-2.34472 -4.56497 -0.298901
-2.61968 -5.10029 -0.300493
-2.87167 -5.59089 -0.292742
-3.29266 -6.41052 -0.293651
-3.87546 -7.54517 -0.296208
-4.69819 -9.14696 -0.299205
-5.95275 -11.5895 -0.303251
-8.11468 -15.7986 -0.310016
-11.1506 -21.7093 -0.283985
-1.28042 -2.51443 -0.29657
-1.35908 -2.66891 -0.297184
-1.45185 -2.85108 -0.298683
-1.54817 -3.04024 -0.298489
-1.66255 -3.26484 -0.299072
-1.80662 -3.54776 -0.301683
-1.92154 -3.77344 -0.296107
-2.10958 -4.1427 -0.297916
-2.31802 -4.55203 -0.297523
-2.5937 -5.0934 -0.299551
-2.94414 -5.78158 -0.302186
-3.27027 -6.42202 -0.293653
-3.84914 -7.55878 -0.296213
-4.64613 -9.12389 -0.297918
-5.8851 -11.5569 -0.30186
-8.02087 -15.7511 -0.308532
-11.0396 -21.6792 -0.283086
-1.28201 -2.53946 -0.298993
-1.33645 -2.64729 -0.294256
-1.43487 -2.84224 -0.29723
-1.54283 -3.0561 -0.299515
-1.64936 -3.26712 -0.298751
-1.79042 -3.54654 -0.301045
-1.93792 -3.83871 -0.300696
-2.07478 -4.10981 -0.295028
-2.2984 -4.55277 -0.297044
-2.56318 -5.07725 -0.298073
-2.90869 -5.76165 -0.300611
-3.35265 -6.64107 -0.303132
-3.78878 -7.50498 -0.293584
-4.59277 -9.09755 -0.296533
-5.81836 -11.5252 -0.3005
-7.93367 -15.7153 -0.307287
-10.9141 -21.6191 -0.281801
-1.26858 -2.53483 -0.297924
-1.35924 -2.71599 -0.301362
-1.44367 -2.88469 -0.30114
-1.51366 -3.02453 -0.295901
-1.6299 -3.25679 -0.297285
-1.76227 -3.52129 -0.298378
-1.918 -3.83248 -0.299682
-2.06023 -4.11667 -0.295002
-2.27992 -4.55565 -0.29671
-2.54349 -5.08231 -0.297847
-2.88432 -5.76334 -0.300172
-3.31698 -6.62786 -0.301998
-3.75328 -7.49966 -0.292861
-4.54553 -9.08271 -0.295529
-5.76048 -11.5104 -0.299585
-7.85438 -15.6943 -0.306338
-10.7986 -21.5773 -0.280763
-1.25782 -2.53541 -0.297474
-1.33153 -2.68401 -0.297295
-1.41903 -2.86037 -0.298082
-1.51923 -3.06235 -0.299079
-1.60745 -3.24018 -0.295254
-1.74453 -3.51648 -0.297452
-1.89262 -3.815 -0.297796
-2.08397 -4.2007 -0.3005
-2.24279 -4.52085 -0.293932
-2.50616 -5.05172 -0.295539
-2.84464 -5.73401 -0.298125
-3.28192 -6.61545 -0.300908
-3.71719 -7.49282 -0.292085
-4.49581 -9.06231 -0.294353
-5.69581 -11.4812 -0.298306
-7.75829 -15.6386 -0.304719
-10.6748 -21.5176 -0.279499
-1.24095 -2.52352 -0.295569
-1.31723 -2.67864 -0.296189
-1.41038 -2.86806 -0.298368
-1.51399 -3.07876 -0.300164
-1.62392 -3.3023 -0.300396
-1.7247 -3.50724 -0.296159
-1.87503 -3.81295 -0.297123
-2.0686 -4.20658 -0.300401
-2.28766 -4.65203 -0.30194
-2.48412 -5.05155 -0.29502
-2.81744 -5.72937 -0.297371
-3.25264 -6.61435 -0.30034
-3.84036 -7.80952 -0.303906
-4.44917 -9.04755 -0.293367
-5.63957 -11.4683 -0.297457
-7.68138 -15.6204 -0.30384
-12.0718 -24.5485 -0.318319
-1.25027 -2.56505 -0.299919
-1.31117 -2.69001 -0.296938
-1.39249 -2.85685 -0.296693
-1.49627 -3.06976 -0.298775
-1.59685 -3.2761 -0.297503
-1.74328 -3.57651 -0.301492
-1.863 -3.82214 -0.29733
-2.05092 -4.20767 -0.299966
-2.2529 -4.62207 -0.299482
-2.45693 -5.04064 -0.29388
-2.78327 -5.71017 -0.295867
-3.22272 -6.61175 -0.299709
-3.7985 -7.79302 -0.302746
-4.40169 -9.03053 -0.292314
-5.57741 -11.4426 -0.296285
-7.59992 -15.592 -0.30277
-11.9418 -24.4999 -0.317146
-1.23172 -2.54958 -0.297605
-1.31091 -2.71349 -0.299023
-1.37925 -2.85496 -0.295995
-1.46712 -3.03683 -0.295069
-1.58 -3.27049 -0.29649
-1.72479 -3.5702 -0.30045
-1.83233 -3.7928 -0.294548
-2.01189 -4.16448 -0.296384
-2.23101 -4.61803 -0.298714
-2.50516 -5.18551 -0.301814
-2.74768 -5.68752 -0.294195
-3.17525 -6.57256 -0.297427
-3.75701 -7.77675 -0.301602
-4.34889 -9.00191 -0.290894
-5.50442 -11.3938 -0.29452
-7.51077 -15.5468 -0.30138
-11.7968 -24.4185 -0.315558
-1.22011 -2.54822 -0.296948
-1.30076 -2.71666 -0.29887
-1.38062 -2.88346 -0.298448
-1.45885 -3.04684 -0.295545
-1.5694 -3.27773 -0.296648
-1.70381 -3.55845 -0.298959
-1.85514 -3.87451 -0.300388
-1.98955 -4.15522 -0.295229
-2.21101 -4.61776 -0.298195
-2.47443 -5.16791 -0.300285
-2.71837 -5.6774 -0.293178
-3.14388 -6.56608 -0.296635
-3.7102 -7.74886 -0.300016
-4.53802 -9.47779 -0.305758
-5.44955 -11.3815 -0.29371
-7.43366 -15.5254 -0.300461
-11.6746 -24.3827 -0.314566
-1.22455 -2.58062 -0.300222
-1.28208 -2.70186 -0.296746
-1.37048 -2.88814 -0.298435
-1.46293 -3.08297 -0.298552
-1.55309 -3.27297 -0.295724
-1.68722 -3.55563 -0.298225
-1.84348 -3.88494 -0.300696
-1.97169 -4.15514 -0.294731
-2.18384 -4.60221 -0.296696
-2.44703 -5.15686 -0.299144
-2.79143 -5.88264 -0.303271
-3.09881 -6.53041 -0.294533
-3.67615 -7.7471 -0.299449
-4.49266 -9.4678 -0.304928
-5.38609 -11.3506 -0.292425
-7.3457 -15.4803 -0.299089
-11.5501 -24.3405 -0.313499
-1.2124 -2.57823 -0.29945
-1.26637 -2.69299 -0.295285
-1.35126 -2.87351 -0.296434
-1.45633 -3.09696 -0.299412
-1.56117 -3.3199 -0.29947
-1.66233 -3.53502 -0.296008
-1.81373 -3.85697 -0.298039
-1.99127 -4.23453 -0.299868
-2.16354 -4.60085 -0.29612
-2.42389 -5.1545 -0.298514
-2.75242 -5.85313 -0.301253
-3.0718 -6.53231 -0.294133
-3.6275 -7.71403 -0.297679
-4.43587 -9.43308 -0.303309
-5.31878 -11.3106 -0.290914
-7.26335 -15.4458 -0.297931
-11.416 -24.2766 -0.312161
-1.1899 -2.55349 -0.296092
-1.26949 -2.72429 -0.298229
-1.33723 -2.86966 -0.295553
-1.43503 -3.07954 -0.297242
-1.5438 -3.31297 -0.298356
-1.63918 -3.51765 -0.294071
-1.79753 -3.85746 -0.297589
-1.97407 -4.23631 -0.299504
-2.14182 -4.5963 -0.295343
-2.39511 -5.13986 -0.29718
-2.71904 -5.835 -0.299829
-3.03812 -6.51973 -0.293087
-3.58992 -7.70389 -0.296802
-4.39406 -9.42955 -0.3027
-5.26405 -11.2965 -0.290077
-7.17707 -15.4018 -0.296597
-11.2796 -24.2057 -0.31074
-1.18182 -2.55948 -0.296306
-1.25185 -2.71113 -0.296308
-1.34569 -2.91436 -0.299671
-1.4227 -3.08116 -0.296916
-1.52586 -3.30456 -0.297118
-1.65611 -3.58665 -0.299354
-1.77519 -3.84454 -0.296112
-1.94881 -4.22054 -0.297906
-2.16633 -4.69163 -0.300981
-2.36209 -5.11559 -0.295298
-2.69854 -5.84425 -0.299818
-3.12409 -6.76587 -0.303659
-3.54995 -7.68816 -0.295716
-4.3408 -9.40089 -0.301291
-5.2063 -11.2753 -0.289063
-7.10214 -15.3811 -0.295719
-11.1626 -24.175 -0.309843
-1.18357 -2.58698 -0.299009
-1.25261 -2.73788 -0.298751
-1.32734 -2.90121 -0.29784
-1.40155 -3.06341 -0.294733
-1.50472 -3.28892 -0.295237
-1.64081 -3.58638 -0.298852
-1.76493 -3.85766 -0.296646
-1.93598 -4.23154 -0.298203
-2.14304 -4.68411 -0.300016
-2.34654 -5.12892 -0.295592
-2.66082 -5.81585 -0.297882
-3.09128 -6.75671 -0.302762
-3.51519 -7.68328 -0.295054
-4.29304 -9.38346 -0.30025
-5.52185 -12.0693 -0.308922
-7.02397 -15.3525 -0.294696
-11.0387 -24.1277 -0.308741
-1.1741 -2.59015 -0.2989
-1.22855 -2.71028 -0.295269
-1.31107 -2.89231 -0.296454
-1.41354 -3.11838 -0.299545
-1.50164 -3.31274 -0.296902
-1.62297 -3.58038 -0.297878
-1.77342 -3.91229 -0.300369
-1.90215 -4.19628 -0.295248
-2.11715 -4.67058 -0.298674
-2.31435 -5.10561 -0.293781
-2.63 -5.80196 -0.296699
-3.06303 -6.75726 -0.302305
-3.47477 -7.66559 -0.293907
-4.24272 -9.35975 -0.299015
-5.45669 -12.0379 -0.307627
-6.94322 -15.3173 -0.293551
-10.9134 -24.0758 -0.307587
-1.16801 -2.60084 -0.299661
-1.23218 -2.74372 -0.298442
-1.29904 -2.8926 -0.296018
-1.39243 -3.10055 -0.297363
-1.50903 -3.36019 -0.300681
-1.60724 -3.57888 -0.297284
-1.75174 -3.90065 -0.299004
-1.88964 -4.20771 -0.295586
-2.09973 -4.67553 -0.29852
-2.35889 -5.25261 -0.301764
-2.61366 -5.81991 -0.297148
-3.0214 -6.72784 -0.300515
-3.42742 -7.63193 -0.292156
-4.18433 -9.31736 -0.297192
-5.39033 -12.0028 -0.306248
-6.86076 -15.277 -0.292319
-10.7892 -24.0245 -0.306449
-1.14812 -2.58063 -0.296869
-1.22874 -2.76184 -0.299944
-1.28979 -2.89907 -0.296217
-1.38245 -3.10735 -0.29755
-1.4991 -3.36954 -0.301047
-1.58841 -3.57028 -0.296107
-1.74196 -3.91541 -0.299667
-1.91003 -4.29318 -0.301119
-2.07285 -4.65916 -0.29701
-2.32705 -5.23052 -0.300026
-2.57227 -5.7817 -0.294736
-2.98569 -6.71094 -0.299292
-3.39242 -7.62515 -0.291441
-4.13625 -9.29705 -0.296082
-5.32925 -11.9786 -0.305153
-6.77813 -15.2352 -0.291064
-10.6595 -23.9593 -0.30514
-1.13615 -2.57795 -0.296101
-1.20916 -2.74361 -0.297504
-1.29592 -2.94047 -0.299982
-1.37422 -3.11812 -0.29812
-1.47556 -3.34806 -0.298665
-1.57219 -3.56733 -0.295405
-1.71853 -3.89937 -0.297978
-1.89111 -4.29094 -0.300498
-2.04488 -4.63986 -0.295323
-2.30129 -5.22165 -0.299054
-2.54494 -5.77451 -0.293915
-2.94412 -6.68023 -0.297462
-3.51322 -7.97153 -0.304209
-4.09446 -9.29038 -0.295412
-5.26439 -11.945 -0.303827
-6.71172 -15.229 -0.290495
-10.5385 -23.912 -0.304067
-18.4551 -41.8749 -0.266234
-1.14407 -2.62067 -0.300548
-1.19421 -2.73553 -0.296173
-1.28618 -2.9462 -0.300107
-1.35299 -3.09925 -0.295862
-1.45834 -3.34057 -0.297541
-1.57769 -3.61394 -0.298807
-1.68803 -3.86672 -0.29503
-1.8662 -4.27483 -0.298911
-2.02808 -4.64564 -0.295238
-2.27641 -5.21448 -0.298186
-2.5962 -5.94701 -0.302231
-2.91535 -6.67809 -0.296912
-3.47374 -7.95717 -0.303196
-4.0468 -9.26984 -0.294308
-5.20373 -11.92 -0.302727
-6.62574 -15.1773 -0.289067
-10.4143 -23.8556 -0.302885
-18.241 -41.7839 -0.265249
-1.12848 -2.60979 -0.298846
-1.20117 -2.77791 -0.300305
-1.26422 -2.92372 -0.297365
-1.36252 -3.15105 -0.300351
-1.43715 -3.32364 -0.295585
-1.57041 -3.63181 -0.299829
-1.66993 -3.86197 -0.294222
-1.84408 -4.26473 -0.297752
-2.05753 -4.75836 -0.301943
-2.25249 -5.20926 -0.297436
-2.57277 -5.94994 -0.301921
-2.88503 -6.67209 -0.296195
-3.4283 -7.92849 -0.301645
-4.00816 -9.26952 -0.293851
-5.13733 -11.8809 -0.301277
-6.55117 -15.1506 -0.288121
-10.2947 -23.8082 -0.301825
-18.0202 -41.6745 -0.264154
-1.11358 -2.60022 -0.297303
-1.18567 -2.76856 -0.298846
-1.24718 -2.9122 -0.295748
-1.34668 -3.14451 -0.299277
-1.4247 -3.32671 -0.295413
-1.55057 -3.6206 -0.298454
-1.69288 -3.9529 -0.300697
-1.82765 -4.26759 -0.297504
-2.03571 -4.75341 -0.301176
-2.21327 -5.16802 -0.294638
-2.53869 -5.92788 -0.30035
-2.84531 -6.64385 -0.294498
-3.39091 -7.91784 -0.300787
-3.95579 -9.23684 -0.292376
-5.08135 -11.8651 -0.300423
-6.47011 -15.1078 -0.286875
-10.1811 -23.773 -0.300926
-17.8137 -41.5952 -0.263255
-1.10498 -2.60526 -0.297436
-1.17404 -2.76808 -0.298349
-1.24972 -2.94652 -0.298788
-1.33407 -3.14538 -0.298915
-1.43518 -3.38379 -0.300035
-1.53973 -3.63028 -0.298807
-1.68118 -3.96379 -0.301076
-1.80608 -4.25828 -0.296414
-2.0151 -4.75108 -0.300581
-2.1933 -5.17124 -0.294383
-2.51796 -5.93669 -0.300349
-2.81705 -6.64187 -0.293973
-3.34848 -7.89486 -0.299468
-3.91493 -9.23039 -0.291737
-5.02392 -11.8451 -0.299472
-6.40106 -15.0921 -0.286149
-10.0545 -23.7059 -0.29963
-17.606 -41.5105 -0.262328
-1.11342 -2.65088 -0.302198
-1.16371 -2.77062 -0.298183
-1.23896 -2.94976 -0.298677
-1.31364 -3.12758 -0.296785
-1.416 -3.37126 -0.298484
-1.5139 -3.60437 -0.296237
-1.66038 -3.95311 -0.299823
-1.78553 -4.25106 -0.295475
-1.99 -4.73787 -0.299303
-2.173 -5.17358 -0.294082
-2.48352 -5.91287 -0.298703
-2.78036 -6.6196 -0.292555
-3.31484 -7.89212 -0.298923
-3.86274 -9.19659 -0.29024
-4.96743 -11.8267 -0.298565
-6.32525 -15.0595 -0.28511
-9.93541 -23.6547 -0.298542
-17.4026 -41.433 -0.261452
-1.08482 -2.60826 -0.296906
-1.14214 -2.74608 -0.295111
-1.23356 -2.9659 -0.299872
-1.29632 -3.11678 -0.295328
-1.40146 -3.36957 -0.297899
-1.49668 -3.59851 -0.295324
-1.63915 -3.94106 -0.298472
-1.80504 -4.33992 -0.301211
-1.96327 -4.72036 -0.297762
-2.22548 -5.3508 -0.303712
-2.45032 -5.89139 -0.297184
-2.87065 -6.90201 -0.304592
-3.27397 -7.87172 -0.297715
-4.04491 -9.72532 -0.306479
-4.90845 -11.8016 -0.297496
-6.87744 -16.5357 -0.312602
-9.81786 -23.6054 -0.297486
-1.08097 -2.62483 -0.29836
-1.14884 -2.78963 -0.299358
-1.21445 -2.94895 -0.297728
-1.30547 -3.16998 -0.299935
-1.39298 -3.38247 -0.298607
-1.50847 -3.66289 -0.300173
-1.61401 -3.91918 -0.296387
-1.78702 -4.33929 -0.300733
-1.9383 -4.70663 -0.296467
-2.19308 -5.32528 -0.301827
-2.42951 -5.89938 -0.297157
-2.8369 -6.88862 -0.303561
-3.23566 -7.8569 -0.296726
-3.99399 -9.69829 -0.305185
-4.84897 -11.7744 -0.296383
-6.79701 -16.5046 -0.311565
-9.70837 -23.5741 -0.296662
-1.06045 -2.60079 -0.295204
-1.14351 -2.80447 -0.30052
-1.20114 -2.94582 -0.296986
-1.292 -3.16866 -0.299382
-1.36992 -3.35975 -0.296177
-1.49507 -3.66669 -0.300055
-1.60243 -3.93 -0.296779
-1.76004 -4.31653 -0.298727
-1.91524 -4.69716 -0.295447
-2.16384 -5.30687 -0.300353
-2.39504 -5.87389 -0.29545
-2.79484 -6.8544 -0.301621
-3.19912 -7.84591 -0.295887
-3.94683 -9.67968 -0.304164
-4.7885 -11.7439 -0.295193
-6.70656 -16.448 -0.310051
-9.58777 -23.5142 -0.295485
-1.06552 -2.63953 -0.299178
-1.12522 -2.78743 -0.29827
-1.17995 -2.92302 -0.294271
-1.27251 -3.1523 -0.297414
-1.35924 -3.36716 -0.29641
-1.46942 -3.6401 -0.297457
-1.57901 -3.91157 -0.29497
-1.7425 -4.31659 -0.298308
-1.89509 -4.69458 -0.294866
-2.131 -5.279 -0.298352
-2.36985 -5.87068 -0.29487
-2.76703 -6.85458 -0.301202
-3.15117 -7.80618 -0.293971
-3.89746 -9.65492 -0.302956
-4.7443 -11.7528 -0.294997
-6.62865 -16.4207 -0.309099
-9.47569 -23.4735 -0.294556
-1.05224 -2.63311 -0.298031
-1.11399 -2.78764 -0.297875
-1.19294 -2.9852 -0.300109
-1.25996 -3.15289 -0.297053
-1.36239 -3.40923 -0.299692
-1.44931 -3.62672 -0.295948
-1.60849 -4.02507 -0.303103
-1.72921 -4.32713 -0.298618
-1.86861 -4.67598 -0.293287
-2.11451 -5.29133 -0.29863
-2.3442 -5.86609 -0.294226
-2.73312 -6.83932 -0.30011
-3.11459 -7.7939 -0.293097
-3.85348 -9.64288 -0.302154
-4.67704 -11.7037 -0.293355
-6.54545 -16.3792 -0.307885
-9.36041 -23.4233 -0.293514
-1.04686 -2.64643 -0.299124
-1.09491 -2.7679 -0.295355
-1.17789 -2.97766 -0.298936
-1.24723 -3.15297 -0.296648
-1.34552 -3.40144 -0.298592
-1.43646 -3.63133 -0.295913
-1.57634 -3.98494 -0.299664
-1.7018 -4.30212 -0.296479
-1.89969 -4.80238 -0.300797
-2.08734 -5.27674 -0.297393
-2.31333 -5.84804 -0.292914
-2.69223 -6.80588 -0.298228
-3.07737 -7.77952 -0.29215
-3.8056 -9.62045 -0.301033
-4.61953 -11.6781 -0.292304
-6.46927 -16.3541 -0.306987
-9.24076 -23.3604 -0.292319
-1.02748 -2.6242 -0.296203
-1.09959 -2.80838 -0.299263
-1.16461 -2.97443 -0.298201
-1.24218 -3.17255 -0.29808
-1.33176 -3.40135 -0.298174
-1.41794 -3.62146 -0.294703
-1.56325 -3.99258 -0.299827
-1.68386 -4.30063 -0.295969
-1.88106 -4.80428 -0.300502
-2.06684 -5.27876 -0.297098
-2.36342 -6.03622 -0.301924
-2.66601 -6.80905 -0.297957
-3.042 -7.76933 -0.291367
-3.76217 -9.60868 -0.300252
-4.56381 -11.6561 -0.291354
-6.39063 -16.3218 -0.305959
-9.13219 -23.3238 -0.291461
-1.01781 -2.62651 -0.296061
-1.08726 -2.80572 -0.298572
-1.14826 -2.96313 -0.296664
-1.23377 -3.18379 -0.298729
-1.31643 -3.3971 -0.297397
-1.43246 -3.69651 -0.300401
-1.54099 -3.9766 -0.29822
-1.66534 -4.29749 -0.295351
-1.86378 -4.80955 -0.300423
-2.03766 -5.25826 -0.295542
-2.34531 -6.05217 -0.30231
-2.63306 -6.79472 -0.296926
-3.15322 -8.13702 -0.304741
-3.71209 -9.57918 -0.298923
-4.5146 -11.6501 -0.290808
-6.31572 -16.298 -0.305097
-9.02049 -23.2777 -0.290489
-1.02317 -2.66796 -0.300328
-1.07448 -2.80176 -0.29775
-1.12994 -2.94636 -0.294589
-1.22449 -3.19291 -0.299182
-1.30213 -3.39536 -0.296845
-1.41465 -3.68876 -0.299368
-1.51828 -3.95898 -0.296499
-1.68929 -4.4049 -0.302326
-1.82725 -4.76463 -0.297216
-2.01344 -5.25013 -0.294689
-2.31481 -6.03597 -0.301095
-2.60044 -6.78074 -0.295916
-3.11719 -8.12819 -0.304001
-3.66233 -9.54966 -0.297601
-4.45675 -11.6211 -0.289695
-6.24036 -16.272 -0.3042
-8.9101 -23.2334 -0.289546
-1.00395 -2.64545 -0.297398
-1.0621 -2.79867 -0.297026
-1.14438 -3.01549 -0.301099
-1.20917 -3.18621 -0.298156
-1.28198 -3.37806 -0.294939
-1.39626 -3.6792 -0.298195
-1.49634 -3.9429 -0.294902
-1.66638 -4.39095 -0.300967
-1.81514 -4.78296 -0.297963
-1.98665 -5.23488 -0.293441
-2.28706 -6.02647 -0.300221
-2.5656 -6.76043 -0.294637
-3.07698 -8.10795 -0.30284
-3.62042 -9.53992 -0.296901
-4.39859 -11.5904 -0.288544
-6.15563 -16.2203 -0.30283
-8.80626 -23.2048 -0.288804
-0.996506 -2.65373 -0.297936
-1.04889 -2.79323 -0.296058
-1.12865 -3.00564 -0.29972
-1.19724 -3.18829 -0.297958
-1.29039 -3.43637 -0.299634
-1.37901 -3.67235 -0.297248
-1.4831 -3.94954 -0.29501
-1.64613 -4.38372 -0.300076
-1.78884 -4.76376 -0.296375
-2.02707 -5.39816 -0.302195
-2.24558 -5.98008 -0.297517
-2.53315 -6.74587 -0.293615
-3.0399 -8.09536 -0.301971
-3.58266 -9.54075 -0.296536
-4.34397 -11.5682 -0.287611
-6.08772 -16.2118 -0.302274
-8.69241 -23.1482 -0.28772
-0.984394 -2.64957 -0.29708
-1.05086 -2.82845 -0.2994
-1.11439 -2.99946 -0.298713
-1.17931 -3.1742 -0.296255
-1.27267 -3.42547 -0.298294
-1.36619 -3.67721 -0.297253
-1.5001 -4.03763 -0.301196
-1.62445 -4.37232 -0.298905
-1.76573 -4.75258 -0.295294
-2.00385 -5.3935 -0.30154
-2.21841 -5.971 -0.296678
-2.49651 -6.71953 -0.292087
-3.00362 -8.08446 -0.301172
-3.51968 -9.47348 -0.294061
-4.61736 -12.4279 -0.308584
-6.00851 -16.1723 -0.301144
-8.57885 -23.0906 -0.28663
-0.972812 -2.64668 -0.296373
-1.04303 -2.83772 -0.299994
-1.10379 -3.00303 -0.298683
-1.18414 -3.22163 -0.300293
-1.26392 -3.43867 -0.299058
-1.34987 -3.67251 -0.29649
-1.49247 -4.06049 -0.302511
-1.60206 -4.35863 -0.297585
-1.74601 -4.75027 -0.29477
-1.98119 -5.3901 -0.300962
-2.19497 -5.97172 -0.296332
-2.47035 -6.72095 -0.291772
-2.9653 -8.06753 -0.300153
-3.48628 -9.48494 -0.294037
-4.56192 -12.4114 -0.307775
-5.93593 -16.1495 -0.300332
-8.47927 -23.0691 -0.285993
-0.976224 -2.68489 -0.300268
-1.02457 -2.81785 -0.297513
-1.07969 -2.96944 -0.294966
-1.17144 -3.22179 -0.299925
-1.24418 -3.42183 -0.297213
-1.32637 -3.64789 -0.294127
-1.46374 -4.0257 -0.299536
-1.58667 -4.36377 -0.297555
-1.77557 -4.88332 -0.302639
-1.95529 -5.3776 -0.29988
-2.16856 -5.96414 -0.295578
-2.54512 -6.99979 -0.303489
-2.92896 -8.05545 -0.299321
-3.44827 -9.48371 -0.293623
-4.50528 -12.3908 -0.306872
-5.8546 -16.1018 -0.299061
-8.35904 -22.9897 -0.284645
-0.967124 -2.68907 -0.300357
-1.01271 -2.81582 -0.296923
-1.06623 -2.96464 -0.294117
-1.15605 -3.21437 -0.298856
-1.22888 -3.41687 -0.296408
-1.33678 -3.71688 -0.299311
-1.44192 -4.00923 -0.297934
-1.56506 -4.35162 -0.296352
-1.74701 -4.85753 -0.300661
-1.92625 -5.35591 -0.298294
-2.14233 -5.95672 -0.294837
-2.50924 -6.97691 -0.302115
-2.89609 -8.05252 -0.298835
-3.40147 -9.45774 -0.29245
-4.44606 -12.3622 -0.305778
-5.77755 -16.0644 -0.29799
-8.25914 -22.9644 -0.283973
-0.946777 -2.66166 -0.296923
-1.00151 -2.81552 -0.29652
-1.07025 -3.00876 -0.298122
-1.14462 -3.21786 -0.298808
-1.21647 -3.41985 -0.296296
-1.32516 -3.72541 -0.299623
-1.43294 -4.02841 -0.298985
-1.53575 -4.31744 -0.293657
-1.73181 -4.86862 -0.300971
-1.90109 -5.34449 -0.297286
-2.11284 -5.93979 -0.293632
-2.48647 -6.99016 -0.302311
-2.85819 -8.03518 -0.297819
-3.35985 -9.44549 -0.291706
-4.39229 -12.348 -0.305045
-5.71116 -16.0557 -0.297457
-8.15091 -22.9145 -0.283003
-0.941034 -2.67507 -0.298051
-0.98901 -2.81145 -0.295727
-1.06686 -3.03275 -0.300127
-1.12777 -3.20589 -0.297328
-1.20271 -3.41894 -0.295851
-1.30349 -3.70543 -0.297648
-1.41211 -4.01421 -0.297563
-1.52519 -4.33564 -0.294531
-1.70721 -4.85306 -0.299639
-1.87905 -5.34156 -0.296756
-2.08563 -5.92881 -0.292727
-2.4488 -6.96119 -0.300686
-2.8157 -8.00418 -0.296303
-3.31881 -9.43435 -0.291003
-4.33128 -12.3125 -0.303792
-5.63807 -16.0273 -0.296564
-8.04708 -22.8754 -0.28217
-0.927075 -2.66509 -0.296577
-0.9962 -2.86381 -0.300866
-1.05015 -3.01891 -0.298392
-1.12281 -3.22777 -0.298992
-1.20428 -3.46197 -0.299209
-1.29294 -3.71685 -0.298201
-1.38859 -3.99183 -0.295543
-1.54072 -4.42916 -0.300516
-1.68064 -4.83138 -0.297936
-1.85415 -5.33018 -0.295762
-2.13878 -6.14841 -0.303199
-2.41629 -6.94618 -0.299672
-2.77708 -7.98335 -0.295171
-3.26983 -9.39987 -0.289585
-4.27649 -12.2938 -0.30296
-5.55715 -15.9753 -0.295241
-7.944 -22.8369 -0.281351
-0.920435 -2.67609 -0.297442
-0.98025 -2.85 -0.299054
-1.03624 -3.01278 -0.297427
-1.10009 -3.19842 -0.295915
-1.19195 -3.46551 -0.299153
-1.272 -3.69824 -0.29635
-1.36627 -3.97233 -0.293744
-1.52716 -4.44009 -0.300894
-1.6637 -4.83708 -0.297927
-1.8268 -5.31129 -0.294358
-2.11278 -6.14275 -0.302554
-2.38661 -6.93889 -0.298996
-2.74602 -7.98383 -0.294833
-3.43116 -9.97582 -0.306957
-4.22773 -12.2918 -0.302545
-5.48355 -15.943 -0.294288
-7.84476 -22.808 -0.280657
-0.919716 -2.70468 -0.30026
-0.965758 -2.84008 -0.297657
-1.02213 -3.00587 -0.29639
-1.10298 -3.24363 -0.29974
-1.17626 -3.45911 -0.298244
-1.26185 -3.71083 -0.297003
-1.38794 -4.08164 -0.301467
-1.50235 -4.41809 -0.299046
-1.64166 -4.82778 -0.296999
-1.80566 -5.31004 -0.293938
-2.07936 -6.11494 -0.300825
-2.34884 -6.90743 -0.297285
-2.70589 -7.95744 -0.293507
-3.38763 -9.96229 -0.306175
-4.16055 -12.2353 -0.300795
-5.41778 -15.9325 -0.293743
-7.7344 -22.7452 -0.279549
-0.903992 -2.68923 -0.298192
-0.951687 -2.83111 -0.296367
-0.99699 -2.96588 -0.292103
-1.08987 -3.2422 -0.299254
-1.16092 -3.45356 -0.297414
-1.24357 -3.69941 -0.295739
-1.36692 -4.06635 -0.299984
-1.48404 -4.41479 -0.29847
-1.6165 -4.80882 -0.295484
-1.84359 -5.48438 -0.30323
-2.0485 -6.09394 -0.299438
-2.31895 -6.8985 -0.29655
-2.66828 -7.93769 -0.292433
-3.33723 -9.9277 -0.304752
-4.11093 -12.2293 -0.300294
-5.34319 -15.8951 -0.292708
-7.63309 -22.7072 -0.278753
-0.891348 -2.68261 -0.297111
-0.940193 -2.82961 -0.295864
-1.01745 -3.06213 -0.301229
-1.07555 -3.23697 -0.298423
-1.14206 -3.43716 -0.295656
-1.22555 -3.68843 -0.294518
-1.35191 -4.06872 -0.299808
-1.46347 -4.40447 -0.297425
-1.59952 -4.81391 -0.295451
-1.81557 -5.46416 -0.301759
-2.03054 -6.11114 -0.299932
-2.29209 -6.89828 -0.296194
-2.63024 -7.91598 -0.291293
-3.29921 -9.9293 -0.304445
-4.05965 -12.2179 -0.299664
-5.27413 -15.8731 -0.291961
-7.53311 -22.6717 -0.277992
-0.882541 -2.68744 -0.297303
-0.929392 -2.8301 -0.295574
-1.00199 -3.05117 -0.299805
-1.06292 -3.23671 -0.298055
-1.13152 -3.44561 -0.296042
-1.23679 -3.76618 -0.300379
-1.33253 -4.05769 -0.29865
-1.44856 -4.41102 -0.297524
-1.57467 -4.79504 -0.293954
-1.79392 -5.46268 -0.30133
-2.00377 -6.10171 -0.299124
-2.26296 -6.89096 -0.295539
-2.60848 -7.9431 -0.291954
-3.25061 -9.89847 -0.30315
-3.99462 -12.1641 -0.297999
-5.20083 -15.8371 -0.290964
-7.42629 -22.6139 -0.276964
-0.869833 -2.68029 -0.296174
-0.93173 -2.87102 -0.299506
-0.986061 -3.03843 -0.298213
-1.04918 -3.23293 -0.297367
-1.11419 -3.43324 -0.294643
-1.22497 -3.77459 -0.300707
-1.31255 -4.04446 -0.297337
-1.42398 -4.38782 -0.295621
-1.60541 -4.9469 -0.302918
-1.77287 -5.46289 -0.300998
-1.96499 -6.05489 -0.296491
-2.23736 -6.89416 -0.295339
-2.69907 -8.31687 -0.305344
-3.20463 -9.87468 -0.302077
-3.95138 -12.1757 -0.297944
-5.12466 -15.791 -0.289787
-8.55618 -26.3649 -0.322536
-0.870959 -2.71604 -0.299786
-0.915376 -2.85455 -0.297452
-0.97659 -3.04544 -0.298565
-1.0346 -3.22634 -0.296426
-1.1249 -3.50795 -0.300715
-1.20648 -3.76233 -0.299393
-1.29805 -4.04789 -0.297254
-1.41303 -4.40646 -0.296543
-1.58554 -4.9444 -0.302424
-1.74177 -5.43162 -0.298938
-1.94635 -6.06959 -0.296876
-2.19742 -6.85254 -0.293226
-2.66262 -8.30322 -0.304499
-3.15812 -9.84841 -0.300934
-3.89343 -12.1414 -0.296771
-5.05588 -15.7665 -0.28901
-8.43158 -26.2934 -0.321299
-0.859729 -2.71358 -0.299182
-0.907021 -2.86285 -0.297985
-0.958931 -3.02669 -0.296397
-1.0235 -3.23048 -0.296477
-1.10596 -3.49076 -0.298908
-1.18238 -3.73196 -0.296646
-1.27709 -4.0309 -0.295677
-1.38527 -4.37235 -0.29392
-1.55667 -4.91334 -0.300189
-1.71517 -5.41363 -0.297616
-1.92274 -6.06879 -0.296507
-2.16578 -6.83591 -0.292188
-2.62056 -8.27133 -0.302992
-3.11847 -9.8429 -0.300431
-3.83076 -12.0911 -0.295211
-4.99008 -15.7503 -0.288392
-8.31261 -26.2373 -0.320256
-0.849318 -2.71361 -0.298856
-0.894982 -2.85951 -0.29731
-0.943921 -3.01587 -0.295012
-1.02519 -3.27552 -0.30028
-1.0963 -3.50272 -0.299603
-1.17553 -3.75585 -0.298216
-1.26416 -4.03903 -0.295948
-1.40598 -4.49217 -0.301643
-1.5337 -4.90023 -0.299059
-1.69879 -5.42769 -0.298061
-1.89833 -6.06526 -0.296008
-2.13822 -6.8317 -0.291687
-2.58873 -8.27111 -0.302651
-3.06839 -9.80364 -0.298903
-3.78357 -12.0887 -0.294827
-4.91768 -15.7122 -0.287378
-8.19855 -26.1947 -0.319386
-0.836551 -2.70594 -0.297688
-0.882669 -2.85511 -0.296531
-0.950169 -3.07345 -0.300318
-1.01083 -3.26965 -0.299417
-1.07475 -3.47643 -0.297031
-1.15436 -3.73392 -0.296153
-1.24062 -4.01297 -0.293719
-1.38512 -4.48035 -0.300522
-1.51176 -4.88999 -0.298111
-1.67361 -5.41354 -0.296961
-1.86526 -6.03342 -0.294135
-2.20485 -7.13191 -0.304174
-2.54985 -8.24785 -0.301472
-3.03149 -9.80577 -0.298644
-3.72814 -12.0592 -0.293789
-4.8507 -15.6903 -0.286665
-8.08052 -26.1375 -0.318342
-0.823555 -2.69726 -0.296414
-0.873547 -2.86099 -0.296822
-0.936072 -3.06577 -0.299246
-0.993203 -3.25287 -0.297561
-1.06058 -3.47356 -0.296467
-1.13797 -3.727 -0.295287
-1.25313 -4.10418 -0.300073
-1.36755 -4.4789 -0.300103
-1.49833 -4.90722 -0.29884
-1.6518 -5.40986 -0.296441
-1.84349 -6.03769 -0.294027
-2.1781 -7.13358 -0.303919
-2.51844 -8.24822 -0.301162
-2.98786 -9.78567 -0.297712
-3.6835 -12.064 -0.29359
-4.78621 -15.6755 -0.286088
-7.9738 -26.1153 -0.31773
-0.812341 -2.69419 -0.295763
-0.872381 -2.89332 -0.299858
-0.92253 -3.05964 -0.298332
-0.983558 -3.26204 -0.298083
-1.04053 -3.451 -0.29423
-1.12486 -3.73067 -0.295265
-1.23746 -4.10412 -0.29975
-1.34717 -4.46798 -0.299054
-1.47481 -4.89133 -0.297557
-1.63273 -5.41508 -0.296412
-1.81228 -6.01056 -0.292396
-2.13902 -7.09421 -0.301922
-2.47542 -8.20991 -0.299446
-2.94846 -9.7788 -0.297188
-3.62586 -12.0254 -0.292342
-4.70718 -15.6117 -0.284622
-7.84941 -26.0332 -0.316395
-0.816612 -2.74299 -0.300805
-0.856347 -2.87646 -0.297799
-0.910948 -3.05986 -0.298041
-0.974355 -3.27284 -0.298757
-1.02647 -3.44789 -0.293657
-1.13501 -3.81246 -0.301423
-1.22048 -4.09957 -0.299105
-1.32662 -4.45611 -0.297947
-1.4537 -4.88295 -0.296736
-1.59861 -5.3697 -0.293621
-1.8527 -6.22318 -0.302422
-2.11009 -7.08777 -0.301332
-2.44337 -8.20724 -0.299035
-2.90556 -9.75971 -0.296297
-3.57335 -12.0028 -0.291487
-4.64725 -15.61 -0.284294
-7.74278 -26.0079 -0.315757
-0.804164 -2.73609 -0.299739
-0.847448 -2.88336 -0.298205
-0.901084 -3.06585 -0.298316
-0.95537 -3.25055 -0.296416
-1.03954 -3.53693 -0.30093
-1.11841 -3.80529 -0.300544
-1.20637 -4.10455 -0.299159
-1.30489 -4.43974 -0.296546
-1.43228 -4.87318 -0.295837
-1.58466 -5.39165 -0.294517
-1.82727 -6.21712 -0.301816
-2.07609 -7.0637 -0.299999
-2.40542 -8.18419 -0.297888
-2.86106 -9.73446 -0.295225
-3.52073 -11.9789 -0.290607
-4.57362 -15.5613 -0.283113
-7.62349 -25.9382 -0.314586
-0.790938 -2.72625 -0.298357
-0.833965 -2.87456 -0.296993
-0.883413 -3.045 -0.295985
-0.940083 -3.24033 -0.295183
-1.02515 -3.53356 -0.300337
-1.10085 -3.79447 -0.299384
-1.18589 -4.08761 -0.29762
-1.28786 -4.43908 -0.2962
-1.4077 -4.85214 -0.294259
-1.61115 -5.55341 -0.303044
-1.80304 -6.21483 -0.301397
-2.04939 -7.06397 -0.299704
-2.37101 -8.17254 -0.29716
-2.82015 -9.72066 -0.294506
-3.46858 -11.9557 -0.289748
-5.00974 -17.2679 -0.313842
-7.51931 -25.918 -0.314021
-0.781507 -2.72934 -0.298394
-0.822106 -2.87113 -0.296339
-0.866628 -3.02662 -0.293902
-0.949285 -3.31529 -0.301707
-1.00805 -3.52052 -0.298927
-1.08384 -3.7852 -0.298352
-1.17038 -4.08744 -0.297309
-1.26586 -4.42091 -0.294691
-1.39185 -4.86092 -0.294495
-1.58789 -5.54554 -0.30231
-1.77716 -6.20658 -0.300694
-2.01586 -7.0402 -0.298395
-2.34359 -8.18477 -0.297305
-2.77945 -9.70695 -0.293795
-3.4245 -11.9597 -0.289554
-4.94653 -17.2753 -0.313661
-7.41209 -25.886 -0.313318
-0.771244 -2.72949 -0.298114
-0.808301 -2.86064 -0.294963
-0.880702 -3.11687 -0.302366
-0.925359 -3.27492 -0.297737
-0.995333 -3.52256 -0.298803
-1.0692 -3.78398 -0.297961
-1.15434 -4.08528 -0.296857
-1.24846 -4.41838 -0.29423
-1.41019 -4.99075 -0.30206
-1.56317 -5.53218 -0.301282
-1.75166 -6.19927 -0.300041
-1.99087 -7.04582 -0.298337
-2.30472 -8.15657 -0.295987
-2.73692 -9.68617 -0.292875
-3.36687 -11.9156 -0.288199
-4.86231 -17.2081 -0.31213
-7.29431 -25.8151 -0.312149
-0.760817 -2.72899 -0.297767
-0.815772 -2.9261 -0.301418
-0.865166 -3.10327 -0.300752
-0.917378 -3.29055 -0.298866
-0.979342 -3.51281 -0.297684
-1.05038 -3.76763 -0.296382
-1.13514 -4.07164 -0.295575
-1.22619 -4.39823 -0.292601
-1.39144 -4.99099 -0.301779
-1.5388 -5.51955 -0.3003
-1.72337 -6.18157 -0.298892
-1.95876 -7.02591 -0.297202
-2.26716 -8.1321 -0.29481
-2.69193 -9.65574 -0.291668
-3.31784 -11.9008 -0.287559
-4.79373 -17.1947 -0.311582
-7.19242 -25.7986 -0.311644
-0.75349 -2.73966 -0.298643
-0.802918 -2.91938 -0.300435
-0.85022 -3.09137 -0.299308
-0.90284 -3.28269 -0.297863
-0.963373 -3.50279 -0.296548
-1.03558 -3.76534 -0.295916
-1.12419 -4.0875 -0.29644
-1.24752 -4.53594 -0.30147
-1.36677 -4.96952 -0.30019
-1.51658 -5.51423 -0.29972
-1.69938 -6.17889 -0.298473
-1.92808 -7.01042 -0.29626
-2.23405 -8.12292 -0.294192
-2.65391 -9.64953 -0.291199
-3.26576 -11.8742 -0.286638
-4.72008 -17.162 -0.310689
-7.06981 -25.7056 -0.31022
-0.742108 -2.73562 -0.297917
-0.788526 -2.90673 -0.298847
-0.832062 -3.06721 -0.296686
-0.892742 -3.2909 -0.298323
-0.951951 -3.50916 -0.296804
-1.01877 -3.75546 -0.294857
-1.12949 -4.16362 -0.301673
-1.23058 -4.53624 -0.301203
-1.34924 -4.97368 -0.300154
-1.4928 -5.50289 -0.298818
-1.67246 -6.16516 -0.297526
-1.89753 -6.99482 -0.295319
-2.19938 -8.10754 -0.293355
-2.61009 -9.6215 -0.290076
-3.48284 -12.8387 -0.309626
-4.6399 -17.104 -0.309343
-6.97142 -25.6986 -0.30984
-0.733564 -2.74199 -0.298331
-0.774997 -2.89686 -0.297553
-0.826362 -3.08886 -0.298499
-0.873169 -3.26382 -0.29559
-0.933205 -3.48823 -0.294756
-1.00803 -3.7679 -0.295556
-1.11351 -4.16218 -0.301284
-1.2074 -4.51314 -0.299387
-1.32906 -4.96789 -0.299523
-1.46829 -5.48834 -0.297748
-1.64962 -6.16614 -0.297293
-1.87365 -7.00354 -0.295409
-2.16992 -8.11096 -0.293203
-2.57213 -9.61439 -0.289589
-3.43232 -12.8297 -0.309117
-4.57365 -17.0959 -0.308906
-6.86791 -25.6716 -0.309223
-0.716979 -2.71799 -0.295445
-0.762933 -2.8922 -0.296798
-0.814066 -3.08604 -0.29795
-0.860575 -3.26235 -0.295183
-0.918264 -3.48105 -0.293876
-1.01085 -3.83202 -0.300306
-1.09237 -4.14107 -0.299478
-1.18947 -4.50914 -0.298844
-1.30671 -4.9536 -0.298384
-1.44358 -5.47247 -0.296612
-1.62031 -6.14244 -0.295876
-1.83841 -6.96921 -0.293688
-2.13398 -8.08971 -0.292163
-2.5351 -9.61029 -0.289197
-3.37328 -12.7878 -0.307821
-4.5001 -17.0594 -0.307961
-6.75025 -25.5895 -0.307949
-0.714935 -2.74915 -0.298559
-0.752483 -2.89353 -0.296663
-0.799638 -3.07486 -0.296599
-0.850497 -3.27043 -0.295643
-0.927315 -3.56582 -0.300758
-0.996816 -3.83307 -0.300114
-1.0752 -4.13448 -0.298728
-1.17356 -4.51269 -0.298806
-1.28306 -4.93377 -0.296918
-1.42555 -5.4817 -0.29684
-1.59621 -6.13792 -0.295388
-1.81274 -6.97057 -0.293477
-2.0987 -8.07015 -0.291191
-2.66068 -10.2312 -0.307599
-3.31979 -12.7656 -0.307007
-4.43149 -17.0405 -0.307337
-6.6452 -25.5529 -0.307226
-0.705105 -2.75076 -0.298465
-0.739688 -2.88568 -0.295592
-0.783116 -3.0551 -0.294427
-0.853743 -3.33063 -0.300814
-0.907318 -3.53964 -0.29828
-0.979397 -3.82083 -0.298887
-1.05856 -4.12966 -0.298111
-1.15822 -4.51846 -0.298918
-1.26792 -4.94642 -0.297411
-1.40051 -5.46367 -0.295597
-1.57008 -6.12522 -0.294511
-1.77978 -6.94328 -0.292065
-2.06611 -8.06031 -0.290573
-2.61242 -10.1916 -0.306134
-3.26875 -12.7521 -0.306405
-4.36253 -17.0191 -0.306676
-6.541 -25.5178 -0.306528
-0.6911 -2.73582 -0.29658
-0.739845 -2.92879 -0.299741
-0.786232 -3.11242 -0.299685
-0.839303 -3.32251 -0.299814
-0.900172 -3.56347 -0.300021
-0.963496 -3.81415 -0.298098
-1.04214 -4.12545 -0.297542
-1.13729 -4.50215 -0.297575
-1.24467 -4.9272 -0.295992
-1.3791 -5.45939 -0.295103
-1.54219 -6.105 -0.293278
-1.75355 -6.94171 -0.291739
-2.14137 -8.47692 -0.305321
-2.57197 -10.1815 -0.305559
-3.21768 -12.7377 -0.305787
-4.29334 -16.9958 -0.305984
-6.42931 -25.4514 -0.305459
-0.687987 -2.76413 -0.299386
-0.730077 -2.93323 -0.299933
-0.773303 -3.1069 -0.298892
-0.822951 -3.30637 -0.298096
-0.882553 -3.54584 -0.298276
-0.951869 -3.82433 -0.298632
-1.02911 -4.13464 -0.297944
-1.11936 -4.49727 -0.296992
-1.22476 -4.92071 -0.295344
-1.35784 -5.45541 -0.29463
-1.51947 -6.10477 -0.29301
-1.80788 -7.26352 -0.304997
-2.11045 -8.47915 -0.305133
-2.52967 -10.1635 -0.304751
-3.16627 -12.7211 -0.305122
-4.21416 -16.9312 -0.304554
-6.32549 -25.4139 -0.304742
-0.677424 -2.76283 -0.298987
-0.72162 -2.94308 -0.30068
-0.764727 -3.11889 -0.299786
-0.811874 -3.31118 -0.298272
-0.864912 -3.52749 -0.296476
-0.933045 -3.80537 -0.296896
-1.01165 -4.12595 -0.297061
-1.09938 -4.48373 -0.295843
-1.20572 -4.91745 -0.294893
-1.32729 -5.41328 -0.292102
-1.49079 -6.08011 -0.291575
-1.77817 -7.25216 -0.304257
-2.07569 -8.46556 -0.304381
-2.48908 -10.1516 -0.30413
-3.11337 -12.6977 -0.304297
-4.15219 -16.9345 -0.304349
-6.22231 -25.3773 -0.30404
-0.671964 -2.78255 -0.300866
-0.704305 -2.91648 -0.297709
-0.753257 -3.11918 -0.299559
-0.795184 -3.2928 -0.296365
-0.852384 -3.52966 -0.296407
-0.915609 -3.79147 -0.29556
-0.990488 -4.10154 -0.295053
-1.07833 -4.46528 -0.294374
-1.18151 -4.89256 -0.293151
-1.31226 -5.43396 -0.292969
-1.53041 -6.33732 -0.303651
-1.75125 -7.25178 -0.303983
-2.04274 -8.45883 -0.303881
-2.45031 -10.1466 -0.303723
-3.06731 -12.7015 -0.30413
-4.08196 -16.9031 -0.303528
-6.12225 -25.3518 -0.303477
-0.656348 -2.76011 -0.298189
-0.694449 -2.92033 -0.297853
-0.734359 -3.08816 -0.296332
-0.786977 -3.30943 -0.297613
-0.841823 -3.54008 -0.297033
-0.899288 -3.78173 -0.294554
-0.973594 -4.09421 -0.294279
-1.06172 -4.46481 -0.294098
-1.19906 -5.04234 -0.301873
-1.33699 -5.62237 -0.302873
-1.50082 -6.31131 -0.302152
-1.7171 -7.22082 -0.302431
-2.00683 -8.43923 -0.302923
-2.40266 -10.1038 -0.30219
-3.00117 -12.6207 -0.301942
-4.00987 -16.8625 -0.302545
-6.01113 -25.2783 -0.302344
-0.643989 -2.75079 -0.296938
-0.683065 -2.91771 -0.29734
-0.724103 -3.093 -0.296552
-0.773084 -3.30222 -0.296719
-0.825845 -3.52759 -0.295741
-0.885449 -3.78219 -0.294347
-0.959613 -4.09898 -0.294379
-1.07662 -4.59877 -0.302671
-1.1813 -5.04589 -0.301837
-1.31148 -5.60199 -0.301527
-1.47832 -6.31464 -0.302062
-1.69137 -7.22466 -0.302343
-1.96691 -8.40164 -0.301326
-2.36556 -10.1044 -0.30196
-2.95508 -12.6226 -0.301739
-3.94307 -16.8428 -0.301943
-5.91035 -25.246 -0.301709
-0.636821 -2.76364 -0.298082
-0.669638 -2.90605 -0.295912
-0.710829 -3.08482 -0.295527
-0.757809 -3.28869 -0.295264
-0.810824 -3.51877 -0.294762
-0.896053 -3.88864 -0.302386
-0.968997 -4.20519 -0.301762
-1.0569 -4.58666 -0.30163
-1.16279 -5.04621 -0.301611
-1.29234 -5.60843 -0.301629
-1.45652 -6.32093 -0.302118
-1.6581 -7.19571 -0.300887
-1.93692 -8.40574 -0.301228
-2.32467 -10.0885 -0.301238
-2.90392 -12.6022 -0.301008
-3.87236 -16.805 -0.301021
-5.81178 -25.2216 -0.301173
-0.622762 -2.74644 -0.295991
-0.660627 -2.91342 -0.296426
-0.700113 -3.08756 -0.295554
-0.760332 -3.35313 -0.300809
-0.81616 -3.59934 -0.301271
-0.878788 -3.87553 -0.301126
-0.950918 -4.19363 -0.300692
-1.03675 -4.57216 -0.300436
-1.13964 -5.02593 -0.300159
-1.27063 -5.60357 -0.301127
-1.4237 -6.27866 -0.299858
-1.63194 -7.19701 -0.300701
-1.90255 -8.39042 -0.300439
-2.28417 -10.0734 -0.300548
-2.85921 -12.6094 -0.300938
-3.8078 -16.7927 -0.300561
-5.71103 -25.1862 -0.300509
-0.623367 -2.79433 -0.300916
-0.659703 -2.95721 -0.300645
-0.697865 -3.12828 -0.299217
-0.74698 -3.34844 -0.300153
-0.802238 -3.59614 -0.300767
-0.864113 -3.87351 -0.300733
-0.9348 -4.19037 -0.300223
-1.01704 -4.55903 -0.299338
-1.12271 -5.03269 -0.300327
-1.2462 -5.58626 -0.29996
-1.40043 -6.27763 -0.299573
-1.59922 -7.16872 -0.299284
-1.86528 -8.36139 -0.299165
-2.24078 -10.0446 -0.299454
-2.8024 -12.5622 -0.299576
-3.73262 -16.732 -0.299239
-5.59866 -25.0968 -0.299207
-0.608099 -2.77141 -0.298217
-0.646248 -2.94527 -0.2992
-0.686714 -3.1297 -0.299121
-0.734188 -3.34606 -0.299707
-0.787466 -3.58888 -0.299927
-0.84578 -3.85464 -0.299037
-0.919653 -4.19132 -0.300058
-1.00101 -4.56212 -0.29931
-1.10052 -5.01562 -0.299077
-1.22107 -5.56505 -0.298591
-1.37424 -6.26309 -0.298649
-1.5691 -7.15117 -0.298321
-1.83728 -8.37339 -0.299362
-2.20243 -10.0376 -0.299012
-2.75019 -12.534 -0.298674
-3.66936 -16.7231 -0.298849
-5.49997 -25.0661 -0.298611
-0.596857 -2.7663 -0.297441
-0.632671 -2.93229 -0.297655
-0.678174 -3.14319 -0.300182
-0.722361 -3.34799 -0.299652
-0.77406 -3.5876 -0.299593
-0.829956 -3.84667 -0.298191
-0.903447 -4.18728 -0.299542
-0.981632 -4.54965 -0.298265
-1.08027 -5.00681 -0.298325
-1.20376 -5.57915 -0.29912
-1.34732 -6.24455 -0.297538
-1.54795 -7.17439 -0.299062
-1.79928 -8.33927 -0.297916
-2.16284 -10.0243 -0.29839
-2.70235 -12.5248 -0.298227
-3.6004 -16.6871 -0.297978
-5.40637 -25.0573 -0.29828
-0.58558 -2.76078 -0.296626
-0.620485 -2.92534 -0.296727
-0.661084 -3.11675 -0.297435
-0.7054 -3.32568 -0.297433
-0.756481 -3.56651 -0.297609
-0.816097 -3.84758 -0.298039
-0.88079 -4.15258 -0.296837
-0.963607 -4.54303 -0.297608
-1.06055 -5.00006 -0.2977
-1.17647 -5.54658 -0.297152
-1.3226 -6.23552 -0.296886
-1.51783 -7.15597 -0.298071
-1.7694 -8.34201 -0.297791
-2.12269 -10.0076 -0.297672
-2.65406 -12.5129 -0.297721
-3.53158 -16.65 -0.297094
-5.30394 -25.006 -0.297446
-0.580453 -2.78449 -0.298954
-0.611972 -2.93569 -0.297559
-0.651722 -3.12638 -0.298135
-0.694725 -3.33267 -0.297839
-0.743177 -3.5651 -0.297273
-0.799597 -3.83575 -0.296905
-0.866811 -4.15818 -0.29702
-0.945883 -4.5375 -0.297028
-1.04118 -4.99466 -0.29716
-1.1558 -5.54449 -0.296822
-1.30199 -6.24577 -0.297156
-1.48321 -7.1151 -0.296151
-1.73303 -8.31354 -0.296557
-2.08068 -9.98122 -0.296668
-2.60415 -12.4924 -0.297015
-3.46775 -16.6352 -0.296611
-5.20326 -24.9606 -0.296688
-0.568877 -2.7775 -0.297987
-0.597952 -2.91945 -0.295699
-0.640337 -3.12639 -0.297921
-0.683133 -3.33534 -0.297863
-0.725642 -3.54289 -0.295208
-0.787402 -3.84442 -0.297361
-0.849583 -4.14802 -0.29608
-0.925984 -4.52104 -0.295736
-1.01833 -4.97191 -0.295593
-1.13408 -5.53705 -0.296209
-1.27834 -6.24139 -0.296733
-1.45504 -7.1041 -0.29548
-1.69936 -8.29697 -0.295752
-2.04021 -9.96117 -0.295858
-2.55337 -12.4666 -0.296188
-3.4002 -16.6012 -0.295791
-5.09988 -24.8997 -0.295751
-0.554914 -2.7583 -0.295719
-0.59022 -2.9338 -0.296942
-0.62701 -3.11667 -0.296784
-0.669126 -3.32601 -0.29682
-0.714277 -3.55045 -0.295628
-0.769331 -3.8241 -0.29558
-0.834851 -4.14978 -0.295996
-0.9065 -4.50593 -0.294539
-0.99942 -4.9678 -0.29514
-1.11166 -5.5257 -0.295393
-1.25013 -6.21402 -0.295222
-1.4289 -7.10261 -0.295209
-1.66985 -8.30031 -0.295662
-1.9986 -9.93441 -0.294854
-2.50124 -12.4329 -0.295178
-3.33741 -16.5892 -0.295369
-5.00468 -24.8767 -0.295268
-0.548276 -2.77542 -0.297346
-0.576868 -2.92015 -0.295354
-0.6152 -3.11419 -0.296341
-0.649684 -3.28875 -0.293289
-0.702434 -3.55578 -0.295866
-0.756382 -3.82886 -0.295741
-0.818498 -4.1433 -0.295328
-0.8927 -4.51892 -0.295182
-0.981468 -4.96826 -0.294961
-1.08779 -5.50649 -0.294161
-1.22593 -6.20574 -0.294624
-1.40342 -7.10423 -0.29507
-1.63694 -8.28629 -0.294957
-1.96089 -9.92615 -0.294404
-2.45253 -12.4149 -0.294546
-3.27177 -16.5619 -0.294678
-4.90592 -24.8341 -0.294558
-0.543392 -2.80214 -0.300004
-0.581059 -2.99638 -0.302857
-0.612756 -3.15983 -0.300479
-0.655575 -3.38064 -0.301278
-0.687095 -3.54318 -0.294616
-0.739401 -3.81291 -0.294308
-0.804665 -4.14946 -0.295565
-0.873632 -4.50511 -0.294079
-0.958583 -4.94318 -0.293272
-1.06874 -5.51125 -0.294214
-1.20078 -6.19213 -0.293777
-1.37184 -7.07426 -0.293625
-1.60143 -8.25819 -0.293755
-1.92455 -9.92442 -0.294152
-2.40521 -12.4031 -0.294064
-3.20267 -16.5154 -0.293649
-4.80649 -24.7859 -0.293785
-0.534366 -2.80805 -0.300435
-0.564878 -2.96838 -0.299826
-0.599279 -3.14916 -0.299263
-0.64331 -3.38054 -0.301067
-0.686227 -3.60606 -0.299643
-0.745095 -3.91541 -0.302017
-0.813258 -4.2736 -0.304203
-0.857636 -4.5068 -0.293992
-0.942165 -4.95099 -0.293538
-1.04562 -5.49465 -0.293131
-1.17744 -6.18734 -0.293352
-1.34554 -7.07071 -0.293281
-1.56912 -8.24561 -0.293111
-1.88267 -9.89325 -0.293031
-2.35334 -12.3666 -0.293002
-3.14065 -16.5038 -0.293246
-4.71197 -24.761 -0.293292
-0.523562 -2.80458 -0.299867
-0.552641 -2.96035 -0.298818
-0.584486 -3.13094 -0.297336
-0.628778 -3.3682 -0.29977
-0.674684 -3.6141 -0.300114
-0.729356 -3.90697 -0.301168
-0.788865 -4.22574 -0.300598
-0.867358 -4.64621 -0.302887
-0.955623 -5.11902 -0.303301
-1.02462 -5.48862 -0.292616
-1.15161 -6.16886 -0.292284
-1.31864 -7.06359 -0.292792
-1.53652 -8.23071 -0.292389
-1.84633 -9.89031 -0.292751
-2.30804 -12.3636 -0.292738
-3.07286 -16.4605 -0.292284
-4.61214 -24.706 -0.292449
-0.50897 -2.78022 -0.29707
-0.541251 -2.95655 -0.298242
-0.573924 -3.13503 -0.297532
-0.616617 -3.36824 -0.299581
-0.660816 -3.60967 -0.299553
-0.716244 -3.91244 -0.301395
-0.777593 -4.24756 -0.301955
-0.843472 -4.60742 -0.300164
-0.933395 -5.09862 -0.301897
-1.04654 -5.71668 -0.304578
-1.12975 -6.17122 -0.292207
-1.29062 -7.04992 -0.292037
-1.50613 -8.22716 -0.292074
-1.80652 -9.868 -0.291902
-2.25889 -12.339 -0.291969
-3.01231 -16.4546 -0.29199
-4.51928 -24.6863 -0.292027
-0.501499 -2.79449 -0.298405
-0.527812 -2.94111 -0.296497
-0.565195 -3.14942 -0.298708
-0.604218 -3.36687 -0.299269
-0.648353 -3.6128 -0.299622
-0.698577 -3.89266 -0.299681
-0.757345 -4.22013 -0.299815
-0.827194 -4.60935 -0.3001
-0.914792 -5.09746 -0.301637
-1.01929 -5.67977 -0.30242
-1.15545 -6.43846 -0.304668
-1.26309 -7.03827 -0.29137
-1.47356 -8.21105 -0.291318
-1.76806 -9.85212 -0.291248
-2.21076 -12.319 -0.291309
-2.94657 -16.4191 -0.291176
-4.42328 -24.6477 -0.291385
-0.489671 -2.78449 -0.297153
-0.517748 -2.94415 -0.296619
-0.550782 -3.13199 -0.296871
-0.589013 -3.34939 -0.297531
-0.635304 -3.61263 -0.299422
-0.68142 -3.87486 -0.298126
-0.741122 -4.21435 -0.299219
-0.812369 -4.6195 -0.300574
-0.894784 -5.08814 -0.300899
-0.996884 -5.66873 -0.301645
-1.12951 -6.42289 -0.303742
-1.29731 -7.37708 -0.305207
-1.44159 -8.19753 -0.290658
-1.73252 -9.85191 -0.291061
-2.16119 -12.2895 -0.290432
-2.88057 -16.3802 -0.290306
-4.31889 -24.5591 -0.290158
-0.480019 -2.78663 -0.297201
-0.507599 -2.94674 -0.2967
-0.541343 -3.14263 -0.297699
-0.577455 -3.35228 -0.297607
-0.618489 -3.59049 -0.297407
-0.669137 -3.88451 -0.298687
-0.727034 -4.22062 -0.299482
-0.787461 -4.57142 -0.297265
-0.875109 -5.08023 -0.300249
-0.976592 -5.66937 -0.301496
-1.10306 -6.40357 -0.302645
-1.27025 -7.37416 -0.3049
-1.40963 -8.18325 -0.289975
-1.6917 -9.82077 -0.289965
-2.11199 -12.2606 -0.289574
-2.81633 -16.3495 -0.289587
-4.23034 -24.5582 -0.289972
-0.468157 -2.7757 -0.295858
-0.49598 -2.94066 -0.295911
-0.528641 -3.1343 -0.296733
-0.565094 -3.35044 -0.297266
-0.607867 -3.60404 -0.298351
-0.653142 -3.87247 -0.297584
-0.707799 -4.19653 -0.297596
-0.776411 -4.60333 -0.299162
-0.85524 -5.07071 -0.299507
-0.953868 -5.65547 -0.300578
-1.0778 -6.39028 -0.301837
-1.23799 -7.34004 -0.303309
-1.45763 -8.6423 -0.306059
-1.65319 -9.80176 -0.289231
-2.06582 -12.2482 -0.289108
-2.75507 -16.3348 -0.289153
-4.13652 -24.5254 -0.289411
-0.466018 -2.82311 -0.300737
-0.483629 -2.9298 -0.294647
-0.516482 -3.12882 -0.296042
-0.548925 -3.32536 -0.294869
-0.591267 -3.58186 -0.296342
-0.639325 -3.873 -0.297451
-0.693085 -4.19867 -0.297574
-0.755355 -4.5759 -0.297206
-0.834423 -5.05489 -0.298399
-0.929306 -5.62969 -0.299033
-1.05216 -6.37394 -0.300889
-1.20982 -7.32904 -0.302678
-1.42331 -8.62233 -0.305174
-1.61598 -9.78951 -0.288701
-2.01883 -12.23 -0.288509
-2.69302 -16.3142 -0.28862
-4.0406 -24.4778 -0.288681
-0.455871 -2.82297 -0.300551
-0.483987 -2.99708 -0.301241
-0.503188 -3.11599 -0.294659
-0.538744 -3.33616 -0.295658
-0.576344 -3.569 -0.29511
-0.62403 -3.8643 -0.296613
-0.675819 -4.185 -0.296436
-0.740566 -4.58595 -0.297689
-0.817786 -5.06413 -0.298774
-0.908998 -5.62896 -0.298824
-1.03053 -6.38156 -0.301077
-1.18539 -7.34052 -0.302979
-1.39145 -8.61656 -0.304796
-1.57729 -9.76732 -0.287883
-1.97124 -12.2069 -0.2878
-2.63011 -16.2869 -0.287974
-3.94605 -24.4359 -0.288023
-0.443804 -2.8106 -0.299067
-0.471921 -2.98866 -0.300227
-0.501124 -3.17361 -0.29994
-0.524083 -3.319 -0.293974
-0.562948 -3.56514 -0.294626
-0.607069 -3.84455 -0.294933
-0.658899 -4.17279 -0.295406
-0.721604 -4.5699 -0.296482
-0.796518 -5.04433 -0.29744
-0.890718 -5.64089 -0.29929
-1.00482 -6.36349 -0.300057
-1.15337 -7.30426 -0.301314
-1.36037 -8.61522 -0.304579
-1.64953 -10.4464 -0.307727
-1.92449 -12.1878 -0.28719
-2.56678 -16.2554 -0.287255
-3.84997 -24.3818 -0.287225
-0.435166 -2.8198 -0.299882
-0.46011 -2.98143 -0.299337
-0.491836 -3.18701 -0.301043
-0.524307 -3.39742 -0.300755
-0.548841 -3.55639 -0.293743
-0.590897 -3.82891 -0.293572
-0.64491 -4.1789 -0.295677
-0.704442 -4.56466 -0.29598
-0.774583 -5.01916 -0.295794
-0.864781 -5.60362 -0.297151
-0.980307 -6.35221 -0.299362
-1.12535 -7.29209 -0.300648
-1.32646 -8.59519 -0.303705
-1.61004 -10.4328 -0.307157
-1.8777 -12.1671 -0.286547
-2.50724 -16.2464 -0.286941
-3.75801 -24.3513 -0.286709
-0.424851 -2.81824 -0.299556
-0.448324 -2.97394 -0.298426
-0.479233 -3.17898 -0.300124
-0.512217 -3.39778 -0.300626
-0.549026 -3.64195 -0.300649
-0.574595 -3.81156 -0.292087
-0.628662 -4.17021 -0.294905
-0.687607 -4.56122 -0.2956
-0.759098 -5.03545 -0.296596
-0.844976 -5.60512 -0.297072
-0.957394 -6.35084 -0.299138
-1.09933 -7.29239 -0.3005
-1.29243 -8.57332 -0.302771
-1.57095 -10.4208 -0.306643
-1.83245 -12.1555 -0.28612
-2.44621 -16.2268 -0.286442
-3.66401 -24.3051 -0.286013
-0.41417 -2.81404 -0.298954
-0.437837 -2.97484 -0.298361
-0.466757 -3.17134 -0.299247
-0.499099 -3.39108 -0.299878
-0.53687 -3.64771 -0.300969
-0.579286 -3.9359 -0.301458
-0.611949 -4.15783 -0.293877
-0.670219 -4.55374 -0.294961
-0.740418 -5.0307 -0.296162
-0.826228 -5.61373 -0.297373
-0.934718 -6.35085 -0.298983
-1.0733 -7.29242 -0.300345
-1.26052 -8.56447 -0.302301
-1.53267 -10.4136 -0.30627
-1.7851 -12.1287 -0.28534
-2.38433 -16.2001 -0.285822
-3.57227 -24.2714 -0.285468
-0.399115 -2.77911 -0.295093
-0.427433 -2.97629 -0.298355
-0.453354 -3.15678 -0.297722
-0.485432 -3.38014 -0.298759
-0.522337 -3.63712 -0.299942
-0.564334 -3.92955 -0.300819
-0.618039 -4.3035 -0.304019
-0.650163 -4.52719 -0.293093
-0.720252 -5.01523 -0.295102
-0.802941 -5.59101 -0.296019
-0.90767 -6.32025 -0.297392
-1.04131 -7.25083 -0.298481
-1.22596 -8.53654 -0.301162
-1.49016 -10.3762 -0.305015
-1.89828 -13.218 -0.31081
-2.31718 -16.1349 -0.284526
-3.48038 -24.2344 -0.284888
-0.389846 -2.78363 -0.295427
-0.41084 -2.93354 -0.293924
-0.442848 -3.16209 -0.298075
-0.471113 -3.3639 -0.297176
-0.50688 -3.61929 -0.298324
-0.549584 -3.92422 -0.300262
-0.597365 -4.26539 -0.301177
-0.63589 -4.54047 -0.293807
-0.701412 -5.00832 -0.294549
-0.780796 -5.57515 -0.295034
-0.882781 -6.30336 -0.29645
-1.01647 -7.25797 -0.298627
-1.19601 -8.53994 -0.301133
-1.45512 -10.39 -0.305271
-1.8473 -13.1904 -0.310006
-2.25933 -16.1324 -0.284341
-3.38915 -24.1997 -0.284339
-0.378442 -2.77269 -0.294124
-0.402566 -2.94943 -0.295373
-0.430254 -3.15229 -0.297008
-0.459991 -3.37016 -0.297585
-0.492259 -3.60657 -0.297132
-0.532776 -3.90343 -0.298527
-0.58162 -4.26128 -0.300741
-0.636822 -4.66573 -0.301766
-0.679859 -4.98104 -0.292803
-0.761196 -5.57696 -0.294987
-0.863458 -6.32619 -0.29738
-0.989384 -7.2488 -0.298105
-1.1637 -8.52592 -0.300493
-1.4127 -10.3503 -0.303956
-1.79753 -13.1697 -0.309372
-2.19682 -16.0952 -0.283548
-3.29862 -24.1676 -0.283824
-0.372969 -2.8057 -0.297486
-0.393769 -2.96217 -0.29651
-0.41815 -3.14558 -0.296236
-0.448628 -3.37485 -0.297859
-0.478803 -3.60184 -0.296603
-0.519041 -3.90454 -0.298472
-0.566248 -4.25966 -0.300485
-0.622402 -4.68208 -0.302682
-0.663913 -4.99436 -0.293448
-0.739581 -5.56357 -0.29414
-0.837245 -6.29826 -0.295928
-0.962616 -7.24137 -0.29766
-1.13239 -8.51851 -0.300091
-1.37548 -10.3472 -0.303721
-1.74915 -13.1581 -0.308954
-2.13814 -16.0844 -0.283224
-3.2051 -24.1107 -0.283023
-0.36749 -2.8404 -0.301027
-0.380398 -2.94018 -0.294173
-0.404098 -3.12335 -0.294009
-0.435492 -3.36601 -0.296943
-0.467342 -3.61218 -0.297318
-0.50629 -3.91322 -0.298998
-0.548782 -4.24165 -0.299078
-0.601532 -4.64937 -0.300429
-0.667538 -5.15954 -0.303014
-0.721023 -5.57293 -0.2945
-0.81233 -6.27867 -0.294872
-0.937692 -7.24761 -0.29778
-1.10031 -8.50455 -0.299462
-1.33477 -10.3167 -0.30269
-1.69855 -13.1285 -0.308117
-2.07741 -16.0567 -0.282609
-3.11746 -24.0955 -0.282715
-0.3564 -2.83241 -0.300046
-0.37687 -2.99509 -0.299534
-0.393715 -3.12896 -0.294405
-0.420048 -3.33824 -0.294362
-0.453578 -3.60471 -0.296571
-0.491696 -3.90764 -0.298439
-0.536741 -4.26563 -0.300634
-0.585414 -4.65244 -0.300494
-0.648912 -5.15708 -0.302735
-0.698799 -5.55355 -0.293345
-0.786626 -6.25154 -0.293467
-0.907548 -7.21254 -0.296207
-1.06745 -8.48335 -0.298582
-1.29629 -10.3019 -0.302121
-1.64937 -13.108 -0.307499
-2.01719 -16.0312 -0.282033
-3.02666 -24.0537 -0.282099
-0.346285 -2.83185 -0.299857
-0.367848 -3.00819 -0.300714
-0.391112 -3.19843 -0.300812
-0.408555 -3.34108 -0.294484
-0.439814 -3.59671 -0.295785
-0.474791 -3.88274 -0.296409
-0.517954 -4.23573 -0.298398
-0.569335 -4.6559 -0.300587
-0.628288 -5.13802 -0.301485
-0.677972 -5.54432 -0.292731
-0.766202 -6.26585 -0.294011
-0.881474 -7.20852 -0.295913
-1.03654 -8.47662 -0.298216
-1.25725 -10.2815 -0.301391
-1.60083 -13.0913 -0.306974
-1.95752 -16.0082 -0.281507
-2.93601 -24.0101 -0.281466
-0.335534 -2.82583 -0.299094
-0.356025 -2.9984 -0.29961
-0.378879 -3.19087 -0.299974
-0.397116 -3.34446 -0.294659
-0.424773 -3.57739 -0.294072
-0.461725 -3.88859 -0.296731
-0.503467 -4.24014 -0.298583
-0.551118 -4.64145 -0.299528
-0.608556 -5.12519 -0.300606
-0.683567 -5.75692 -0.303828
-0.740838 -6.23925 -0.29264
-0.85173 -7.17317 -0.294338
-1.00427 -8.45784 -0.29743
-1.21795 -10.2574 -0.300558
-1.5533 -13.0817 -0.306619
-2.13566 -17.9863 -0.316159
-2.84576 -23.9667 -0.280838
-0.325072 -2.82187 -0.298553
-0.344626 -2.99162 -0.298809
-0.369331 -3.20607 -0.30128
-0.394421 -3.42388 -0.301532
-0.41398 -3.59367 -0.295289
-0.447044 -3.88068 -0.296006
-0.486366 -4.22203 -0.297186
-0.53393 -4.63492 -0.298984
-0.592584 -5.14408 -0.301591
-0.661054 -5.73846 -0.302729
-0.718662 -6.23854 -0.292487
-0.827185 -7.1806 -0.294523
-0.973011 -8.44648 -0.296909
-1.18081 -10.2503 -0.300227
-1.50468 -13.0618 -0.306028
-2.06722 -17.945 -0.315305
-2.75739 -23.9363 -0.280368
-0.314803 -2.81932 -0.298165
-0.333053 -2.98277 -0.297808
-0.35586 -3.18702 -0.299371
-0.381678 -3.41825 -0.300917
-0.397792 -3.56256 -0.292617
-0.433115 -3.87891 -0.295753
-0.469825 -4.20768 -0.296059
-0.516075 -4.62189 -0.298025
-0.572005 -5.12278 -0.300223
-0.637466 -5.70904 -0.301058
-0.69622 -6.23523 -0.292216
-0.79995 -7.16422 -0.293734
-0.94321 -8.44723 -0.296818
-1.14335 -10.2396 -0.299795
-1.45411 -13.0227 -0.304993
-2.00192 -17.9289 -0.314896
-2.66963 -23.9088 -0.279935
-0.303368 -2.80575 -0.296615
-0.322488 -2.98259 -0.297675
-0.345262 -3.19322 -0.299838
-0.368539 -3.4085 -0.299944
-0.397811 -3.67922 -0.302084
-0.417787 -3.86398 -0.294502
-0.455159 -4.20962 -0.296082
-0.499295 -4.61782 -0.297649
-0.552109 -5.10627 -0.299141
-0.619797 -5.7323 -0.302169
-0.67486 -6.24156 -0.2924
-0.774797 -7.16584 -0.293688
-0.909165 -8.40857 -0.295346
-1.1046 -10.216 -0.29899
-1.40671 -13.0102 -0.304581
-1.93304 -17.878 -0.313883
-2.57986 -23.8602 -0.279259
-0.294219 -2.81305 -0.297277
-0.311356 -2.9769 -0.296997
-0.330979 -3.16451 -0.297032
-0.357118 -3.41443 -0.300354
-0.383654 -3.66814 -0.301062
-0.402538 -3.84869 -0.293228
-0.440202 -4.2088 -0.295914
-0.482341 -4.6117 -0.297144
-0.535663 -5.12151 -0.299922
-0.598398 -5.72132 -0.301478
-0.680196 -6.50339 -0.304554
-0.748222 -7.1538 -0.293086
-0.879548 -8.40942 -0.295266
-1.06826 -10.2137 -0.298811
-1.36133 -13.0158 -0.3046
-1.87105 -17.8892 -0.313962
-2.49323 -23.838 -0.278894
-0.283674 -2.80697 -0.296528
-0.301907 -2.98738 -0.297935
-0.323068 -3.19677 -0.299952
-0.344315 -3.40701 -0.299594
-0.371317 -3.6742 -0.301451
-0.399938 -3.9574 -0.301402
-0.424272 -4.19819 -0.295062
-0.465886 -4.60996 -0.296925
-0.51446 -5.0906 -0.298005
-0.574966 -5.68932 -0.299684
-0.656325 -6.49436 -0.304021
-0.719981 -7.12424 -0.29177
-0.848737 -8.39829 -0.294769
-1.03094 -10.2012 -0.298337
-1.31136 -12.976 -0.303559
-1.80348 -17.8455 -0.313082
-2.40623 -23.8097 -0.278464
-0.271447 -2.78313 -0.293907
-0.289157 -2.96471 -0.295572
-0.309326 -3.1715 -0.297478
-0.332204 -3.40607 -0.299407
-0.357228 -3.66264 -0.300398
-0.387913 -3.97725 -0.302809
-0.409533 -4.19892 -0.295011
-0.447653 -4.58976 -0.295521
-0.497695 -5.10283 -0.298617
-0.555549 -5.69601 -0.299933
-0.631925 -6.47909 -0.303201
-0.695878 -7.13479 -0.292101
-0.818933 -8.39647 -0.294603
-0.99294 -10.1806 -0.297631
-1.26558 -12.976 -0.303453
-1.7387 -17.8267 -0.312645
-2.31892 -23.7758 -0.277971
-0.267104 -2.8413 -0.29995
-0.278365 -2.96109 -0.295112
-0.296532 -3.15434 -0.295769
-0.31814 -3.38419 -0.297384
-0.343274 -3.65155 -0.299388
-0.372694 -3.96451 -0.301738
-0.392796 -4.17834 -0.293467
-0.431817 -4.59342 -0.295658
-0.478313 -5.08802 -0.297651
-0.534652 -5.68731 -0.299374
-0.609847 -6.4872 -0.303479
-0.668464 -7.11073 -0.291019
-0.788457 -8.38715 -0.294178
-0.955041 -10.1592 -0.296906
-1.21712 -12.947 -0.302674
-1.67389 -17.8058 -0.312174
-2.22958 -23.717 -0.27719
-0.25691 -2.83926 -0.299638
-0.266481 -2.94503 -0.293417
-0.287259 -3.17467 -0.29758
-0.305496 -3.37622 -0.296588
-0.328426 -3.62962 -0.297495
-0.356025 -3.93464 -0.299368
-0.390596 -4.3167 -0.303087
-0.415762 -4.59482 -0.295653
-0.458434 -5.06642 -0.296292
-0.515374 -5.6957 -0.299719
-0.583246 -6.44579 -0.301445
-0.642842 -7.10442 -0.290666
-0.757195 -8.36821 -0.293419
-0.918338 -10.1491 -0.296516
-1.16886 -12.9177 -0.301893
-1.60648 -17.7541 -0.311167
-2.14081 -23.6593 -0.276427
-0.24692 -2.83934 -0.299553
-0.261625 -3.00843 -0.299641
-0.27352 -3.1452 -0.294726
-0.293803 -3.37844 -0.296692
-0.315909 -3.63264 -0.29765
-0.343145 -3.94582 -0.300126
-0.373587 -4.29588 -0.301531
-0.398759 -4.58533 -0.294951
-0.440987 -5.07092 -0.296463
-0.492718 -5.66577 -0.298052
-0.560584 -6.44617 -0.301369
-0.648516 -7.4573 -0.305009
-0.726848 -8.35803 -0.292971
-0.88084 -10.1288 -0.295831
-1.12167 -12.8981 -0.301342
-1.54117 -17.7219 -0.310507
-2.05637 -23.6462 -0.276189
-0.236291 -2.83168 -0.298657
-0.251572 -3.01481 -0.300187
-0.263222 -3.15442 -0.295502
-0.282386 -3.38409 -0.297099
-0.3032 -3.63351 -0.297633
-0.327672 -3.92679 -0.298589
-0.359464 -4.30777 -0.302276
-0.38056 -4.56059 -0.293272
-0.423242 -5.07208 -0.296443
-0.473345 -5.67251 -0.298318
-0.536636 -6.43098 -0.30057
-0.622471 -7.45961 -0.305013
-0.694149 -8.3186 -0.291503
-0.84415 -10.1162 -0.295375
-1.07456 -12.8774 -0.300768
-1.47775 -17.7092 -0.310191
-1.97089 -23.619 -0.275788
-0.225885 -2.82608 -0.297981
-0.240812 -3.01283 -0.299904
-0.256531 -3.20949 -0.300575
-0.269774 -3.37518 -0.296233
-0.288697 -3.61192 -0.29578
-0.313493 -3.92215 -0.298152
-0.340705 -4.2626 -0.299022
-0.364221 -4.55681 -0.292946
-0.405046 -5.06759 -0.296095
-0.452839 -5.66553 -0.297865
-0.513802 -6.42824 -0.300356
-0.595412 -7.44927 -0.304504
-0.664269 -8.31076 -0.291145
-0.806762 -10.0935 -0.294629
-1.02884 -12.872 -0.300555
-1.41419 -17.6931 -0.309821
-1.88484 -23.5815 -0.275272
-0.214756 -2.81041 -0.296248
-0.228779 -2.99393 -0.297941
-0.245575 -3.21373 -0.30089
-0.256589 -3.35787 -0.294632
-0.277498 -3.63149 -0.297301
-0.300573 -3.93347 -0.29893
-0.326664 -4.27491 -0.299803
-0.358993 -4.69798 -0.301939
-0.385369 -5.04316 -0.294588
-0.432162 -5.65552 -0.297258
-0.491303 -6.42947 -0.300331
-0.567433 -7.42574 -0.303459
-0.634815 -8.30755 -0.290953
-0.771173 -10.092 -0.294504
-0.981372 -12.8428 -0.299792
-1.34879 -17.651 -0.309
-1.79821 -23.5323 -0.274623
-0.207025 -2.83979 -0.299266
-0.220163 -3.02001 -0.300458
-0.233246 -3.19947 -0.299477
-0.243433 -3.3392 -0.292918
-0.263506 -3.61455 -0.295837
-0.286116 -3.92469 -0.298185
-0.311255 -4.26953 -0.299347
-0.342758 -4.70165 -0.302096
-0.366919 -5.03307 -0.293922
-0.412337 -5.65608 -0.29721
-0.469915 -6.44588 -0.301019
-0.541012 -7.42114 -0.303192
-0.604739 -8.29528 -0.290447
-0.734287 -10.0723 -0.293853
-0.935625 -12.8341 -0.299511
-1.2855 -17.6334 -0.30861
-1.71578 -23.5355 -0.274589
-0.195702 -2.8203 -0.297139
-0.207441 -2.98947 -0.297347
-0.221387 -3.19044 -0.298558
-0.238392 -3.4355 -0.301291
-0.25009 -3.60408 -0.294907
-0.271207 -3.90841 -0.296875
-0.296383 -4.27122 -0.299392
-0.324706 -4.67938 -0.30059
-0.350314 -5.04844 -0.294746
-0.391913 -5.64792 -0.296708
-0.444546 -6.40642 -0.299102
-0.514446 -7.41377 -0.302815
-0.575336 -8.29125 -0.290234
-0.697855 -10.0569 -0.293331
-0.888176 -12.7997 -0.298633
-1.22243 -17.6166 -0.308241
-1.62938 -23.4813 -0.273888
-0.185746 -2.8194 -0.296974
-0.196563 -2.9836 -0.296692
-0.211939 -3.21697 -0.300969
-0.226079 -3.43161 -0.300878
-0.238172 -3.61515 -0.295743
-0.25733 -3.90595 -0.296618
-0.28127 -4.26934 -0.299189
-0.308688 -4.68551 -0.300913
-0.330681 -5.01934 -0.292978
-0.3708 -5.6283 -0.295607
-0.420982 -6.38999 -0.298265
-0.488259 -7.41118 -0.302638
-0.546012 -8.2878 -0.290045
-0.66246 -10.0553 -0.293216
-0.842599 -12.7896 -0.298329
-1.15747 -17.569 -0.307334
-1.54446 -23.443 -0.273377
-0.175533 -2.81422 -0.296362
-0.186585 -2.9914 -0.297401
-0.198756 -3.18653 -0.298054
-0.213626 -3.42492 -0.300225
-0.224597 -3.60083 -0.294505
-0.243539 -3.9045 -0.296441
-0.265504 -4.25666 -0.298234
-0.292498 -4.68943 -0.301097
-0.314266 -5.03842 -0.294026
-0.350074 -5.61252 -0.294712
-0.398396 -6.38723 -0.298069
-0.460444 -7.38201 -0.301379
-0.547175 -8.77252 -0.306939
-0.625848 -10.0338 -0.292523
-0.796076 -12.763 -0.29764
-1.09484 -17.5529 -0.306985
-1.75211 -28.0904 -0.327499
-0.164571 -2.79561 -0.29434
-0.175044 -2.97351 -0.29556
-0.188188 -3.19679 -0.29895
-0.201304 -3.41959 -0.299694
-0.217195 -3.68954 -0.301697
-0.229387 -3.89665 -0.295783
-0.249594 -4.23991 -0.296998
-0.275627 -4.68214 -0.300565
-0.306882 -5.21308 -0.304154
-0.330334 -5.61145 -0.294594
-0.375762 -6.38316 -0.297816
-0.434593 -7.38254 -0.301337
-0.515578 -8.75825 -0.306375
-0.589424 -10.0127 -0.291845
-0.74884 -12.7207 -0.296592
-1.03126 -17.5182 -0.306312
-1.65081 -28.0427 -0.326874
-0.157332 -2.84183 -0.299146
-0.165252 -2.98487 -0.29663
-0.175665 -3.17297 -0.296664
-0.189229 -3.41796 -0.299491
-0.203526 -3.6762 -0.300546
-0.215764 -3.89725 -0.295769
-0.234394 -4.23376 -0.296507
-0.258358 -4.66662 -0.299509
-0.286375 -5.17268 -0.301736
-0.309859 -5.59685 -0.293769
-0.352739 -6.37137 -0.297207
-0.407717 -7.36442 -0.300538
-0.485076 -8.76172 -0.306436
-0.55127 -9.95735 -0.290174
-0.704727 -12.7292 -0.29673
-0.96931 -17.5082 -0.306077
-1.55021 -28.0008 -0.32632
-0.148276 -2.85917 -0.300915
-0.154835 -2.98565 -0.296652
-0.164135 -3.16497 -0.29586
-0.176975 -3.41256 -0.298962
-0.191126 -3.68543 -0.301244
-0.201833 -3.89189 -0.295307
-0.219772 -4.23781 -0.296736
-0.242009 -4.6666 -0.299452
-0.26903 -5.18764 -0.302553
-0.289912 -5.5903 -0.29337
-0.329802 -6.35949 -0.296597
-0.38113 -7.34924 -0.299862
-0.453498 -8.74469 -0.305783
-0.518335 -9.99494 -0.291215
-0.6594 -12.715 -0.296345
-0.906417 -17.4782 -0.305495
-1.45072 -27.9739 -0.325945
-0.137707 -2.84767 -0.299652
-0.14385 -2.97469 -0.295512
-0.152907 -3.16198 -0.29553
-0.164745 -3.40678 -0.298404
-0.17807 -3.68235 -0.30094
-0.187541 -3.8782 -0.294217
-0.204942 -4.23803 -0.296699
-0.224755 -4.64775 -0.29819
-0.250707 -5.18442 -0.302312
-0.270205 -5.58761 -0.293177
-0.306645 -6.34116 -0.29569
-0.355355 -7.34845 -0.299777
-0.422176 -8.73025 -0.305224
-0.482855 -9.98505 -0.290876
-0.614407 -12.7054 -0.296069
-0.843855 -17.4502 -0.304952
-1.35073 -27.932 -0.3254
-0.12781 -2.84928 -0.299773
-0.135447 -3.01953 -0.299917
-0.142106 -3.16798 -0.296041
-0.152088 -3.39051 -0.29693
-0.164658 -3.67074 -0.299942
-0.179011 -3.99071 -0.302703
-0.189704 -4.22909 -0.296025
-0.208453 -4.64705 -0.298097
-0.231334 -5.15715 -0.300673
-0.250422 -5.58267 -0.29287
-0.284233 -6.33642 -0.295421
-0.329111 -7.33689 -0.299257
-0.390179 -8.6983 -0.304058
-0.447454 -9.97512 -0.290539
-0.568975 -12.6842 -0.295526
-0.780638 -17.4028 -0.304074
-1.24961 -27.8577 -0.324482
-0.118394 -2.86271 -0.301141
-0.124897 -3.01995 -0.299914
-0.130565 -3.157 -0.294972
-0.14022 -3.39047 -0.296882
-0.15085 -3.64748 -0.297996
-0.164662 -3.98146 -0.301956
-0.17461 -4.222 -0.295484
-0.191879 -4.63955 -0.297571
-0.212482 -5.13773 -0.299495
-0.231511 -5.59782 -0.293621
-0.261614 -6.32571 -0.294878
-0.302863 -7.3231 -0.298649
-0.359056 -8.68181 -0.303436
-0.410832 -9.93374 -0.289291
-0.522514 -12.6342 -0.294316
-0.719466 -17.3964 -0.303916
-1.15121 -27.8358 -0.324178
-0.107032 -2.82717 -0.297361
-0.114345 -3.02033 -0.299909
-0.119245 -3.14975 -0.294253
-0.128523 -3.39483 -0.297223
-0.138627 -3.66172 -0.299118
-0.149925 -3.96014 -0.300297
-0.15935 -4.20909 -0.29454
-0.17559 -4.63806 -0.297434
-0.194709 -5.14308 -0.299766
-0.219006 -5.78485 -0.303389
-0.238016 -6.28699 -0.293032
-0.276285 -7.29782 -0.297577
-0.328638 -8.68068 -0.303354
-0.375847 -9.92767 -0.289074
-0.478553 -12.6406 -0.294425
-0.657814 -17.3756 -0.303511
-1.05225 -27.7942 -0.323648
-0.0979196 -2.84976 -0.299699
-0.104151 -3.03111 -0.300942
-0.109157 -3.17678 -0.296741
-0.11607 -3.37798 -0.29571
-0.125925 -3.66479 -0.299331
-0.13654 -3.97374 -0.30129
-0.144607 -4.20849 -0.294461
-0.159304 -4.63624 -0.29728
-0.176411 -5.13408 -0.299203
-0.198989 -5.79117 -0.303682
-0.216797 -6.30943 -0.294041
-0.251268 -7.31266 -0.298145
-0.297628 -8.66186 -0.302658
-0.341005 -9.92426 -0.288938
-0.433388 -12.6129 -0.293743
-0.596445 -17.3584 -0.303171
-0.954442 -27.7771 -0.323409
-0.0871738 -2.82447 -0.297006
-0.09353 -3.03041 -0.300839
-0.0992568 -3.21597 -0.300367
-0.103879 -3.36574 -0.294605
-0.112707 -3.65177 -0.298234
-0.122673 -3.97466 -0.301326
-0.130091 -4.21501 -0.294884
-0.142941 -4.63136 -0.296933
-0.158288 -5.12861 -0.298851
-0.178696 -5.78985 -0.303578
-0.194125 -6.28973 -0.293089
-0.225011 -7.29048 -0.297207
-0.2674 -8.66388 -0.302694
-0.306236 -9.9222 -0.288845
-0.388208 -12.5781 -0.2929
-0.534739 -17.3258 -0.302568
-0.855579 -27.7212 -0.32272
-0.0771237 -2.81807 -0.296303
-0.0822463 -3.00525 -0.29831
-0.0883126 -3.22691 -0.301359
-0.0920591 -3.3638 -0.294406
-0.0997612 -3.64524 -0.29767
-0.107859 -3.94113 -0.298754
-0.118339 -4.32408 -0.302483
-0.126306 -4.61517 -0.295865
-0.139821 -5.109 -0.297677
-0.15802 -5.77398 -0.302716
-0.172227 -6.29313 -0.293218
-0.199136 -7.27634 -0.2966
-0.236726 -8.6499 -0.302175
-0.27045 -9.88214 -0.28765
-0.34404 -12.5711 -0.292706
-0.473256 -17.2926 -0.301958
-0.757061 -27.6627 -0.322008
-0.0670624 -2.80925 -0.295349
-0.0719307 -3.01318 -0.299071
-0.0766615 -3.21135 -0.299879
-0.0803719 -3.36678 -0.29464
-0.0864164 -3.61999 -0.295582
-0.0942247 -3.94708 -0.299178
-0.103172 -4.3219 -0.302304
-0.110085 -4.61148 -0.295602
-0.122327 -5.12428 -0.298541
-0.13747 -5.75863 -0.301884
-0.149553 -6.26477 -0.29187
-0.174108 -7.2934 -0.297269
-0.206123 -8.63451 -0.30161
-0.253814 -10.6323 -0.309457
-0.29994 -12.5645 -0.292527
-0.412374 -17.2744 -0.301612
-0.659692 -27.6345 -0.321651
-0.0570252 -2.7985 -0.294196
-0.0612614 -3.00639 -0.298374
-0.065442 -3.21155 -0.299874
-0.0683486 -3.35419 -0.293515
-0.0741856 -3.64064 -0.297245
-0.0806059 -3.95572 -0.29981
-0.088196 -4.3282 -0.302721
-0.0943434 -4.62989 -0.296759
-0.104027 -5.10512 -0.297402
-0.117245 -5.75379 -0.301607
-0.127817 -6.27261 -0.292213
-0.148139 -7.26989 -0.296288
-0.175567 -8.61594 -0.300939
-0.216104 -10.6052 -0.308646
-0.25559 -12.543 -0.292003
-0.351601 -17.2547 -0.301246
-0.562179 -27.5888 -0.321094
-0.0471839 -2.79483 -0.293791
-0.0505317 -2.99312 -0.297038
-0.0541923 -3.20995 -0.299705
-0.0582187 -3.44844 -0.301743
-0.0616954 -3.65438 -0.298348
-0.0667893 -3.9561 -0.299819
-0.0727413 -4.30865 -0.301334
-0.0773048 -4.57896 -0.293476
-0.0861596 -5.10346 -0.297286
-0.097193 -5.75699 -0.301755
-0.105797 -6.26663 -0.291916
-0.122489 -7.25535 -0.295676
-0.145192 -8.60008 -0.300365
-0.178746 -10.5876 -0.308112
-0.211351 -12.5189 -0.291422
-0.2906 -17.213 -0.300498
-0.464905 -27.5375 -0.320476
-0.0377744 -2.8214 -0.296568
-0.0402151 -3.00369 -0.298071
-0.0425087 -3.175 -0.296426
-0.0462 -3.45071 -0.301926
-0.0486344 -3.63253 -0.296548
-0.0527168 -3.93745 -0.29839
-0.0577144 -4.31073 -0.301463
-0.0613944 -4.58558 -0.293885
-0.0678573 -5.06831 -0.295222
-0.0767033 -5.72902 -0.300273
-0.0836815 -6.25022 -0.291136
-0.0970325 -7.24742 -0.295337
-0.115073 -8.59485 -0.300167
-0.141502 -10.5689 -0.307552
-0.167118 -12.4821 -0.290552
-0.230218 -17.1951 -0.30017
-0.368266 -27.5061 -0.320093
-0.0281824 -2.84819 -0.299372
-0.0295308 -2.98446 -0.296151
-0.0316214 -3.19575 -0.298351
-0.0339905 -3.43517 -0.300554
-0.0357009 -3.60803 -0.294536
-0.0387741 -3.91862 -0.29695
-0.0425286 -4.29806 -0.300565
-0.0451647 -4.56447 -0.292519
-0.0503001 -5.08347 -0.296094
-0.0565388 -5.71396 -0.299472
-0.0646178 -6.53045 -0.304176
-0.0717249 -7.24872 -0.295378
-0.0850501 -8.5954 -0.300174
-0.104659 -10.5772 -0.30778
-0.123568 -12.4882 -0.290681
-0.169797 -17.1601 -0.299547
-0.271937 -27.4827 -0.319808
-0.018286 -2.85659 -0.300246
-0.0191068 -2.9848 -0.296175
-0.0203824 -3.18407 -0.297253
-0.0219261 -3.42522 -0.299675
-0.023079 -3.60532 -0.294306
-0.0251897 -3.93505 -0.298187
-0.0274029 -4.28078 -0.299349
-0.0292183 -4.56438 -0.292506
-0.0325625 -5.08681 -0.29628
-0.0365626 -5.71169 -0.299344
-0.0419082 -6.54676 -0.304927
-0.0461217 -7.20497 -0.293587
-0.054975 -8.58801 -0.299907
-0.0674394 -10.5352 -0.306549
-0.0797234 -12.4541 -0.28988
-0.109629 -17.1259 -0.298942
-0.175514 -27.4183 -0.319049
-0.00830729 -2.85666 -0.300249
-0.00863114 -2.96802 -0.294506
-0.00931866 -3.20444 -0.299149
-0.00991978 -3.41115 -0.298439
-0.0104871 -3.60625 -0.294377
-0.0113088 -3.88881 -0.294678
-0.0124462 -4.27992 -0.299283
-0.0137529 -4.72924 -0.303065
-0.014773 -5.08002 -0.29588
-0.0166411 -5.72243 -0.299902
-0.0189607 -6.52008 -0.30368
-0.0209455 -7.2026 -0.293486
-0.0248778 -8.55482 -0.298743
-0.0306808 -10.5503 -0.306985
-0.03616 -12.4344 -0.289417
-0.0498101 -17.1284 -0.298979
-0.0797105 -27.4103 -0.318951
0.00166148 -2.83916 -0.298408
0.00173807 -2.97004 -0.294705
0.00186207 -3.18193 -0.297047
0.0020044 -3.42515 -0.299663
0.00215514 -3.68274 -0.300621
0.00229809 -3.92702 -0.297573
0.00249917 -4.27063 -0.298632
0.00276148 -4.71887 -0.3024
0.0029627 -5.06272 -0.294871
0.00333771 -5.70354 -0.298911
0.003821 -6.52939 -0.304112
0.00421278 -7.19886 -0.293332
0.00500121 -8.54615 -0.298439
0.00615892 -10.5245 -0.306232
0.00728346 -12.4461 -0.289688
0.0100086 -17.1029 -0.298533
0.0160009 -27.3427 -0.318163
0.0115896 -2.84166 -0.298673
0.012426 -3.04674 -0.302318
0.0129472 -3.17453 -0.296358
0.013932 -3.416 -0.298864
0.0150415 -3.68802 -0.301054
0.0159127 -3.90165 -0.295652
0.0173721 -4.25947 -0.297855
0.0191324 -4.69109 -0.300622
0.0206641 -5.06664 -0.295101
0.023247 -5.69995 -0.298725
0.0265239 -6.5034 -0.302904
0.029357 -7.19805 -0.293301
0.0348437 -8.54333 -0.298343
0.042871 -10.5116 -0.305859
0.050606 -12.4081 -0.288805
0.0695547 -17.0542 -0.297685
0.111374 -27.3079 -0.317761
0.0215853 -2.85074 -0.299634
0.0229848 -3.03557 -0.301216
0.0239036 -3.15692 -0.29472
0.0258621 -3.41557 -0.298833
0.0278063 -3.67233 -0.299779
0.0294948 -3.89533 -0.29518
0.0321908 -4.2514 -0.297296
0.0355691 -4.69756 -0.301043
0.0381902 -5.04373 -0.293773
0.0429234 -5.66883 -0.2971
0.0491037 -6.48506 -0.302056
0.0544182 -7.18693 -0.292854
0.0645395 -8.52364 -0.297662
0.0794383 -10.4913 -0.305276
0.0937648 -12.3834 -0.288236
0.129034 -17.0413 -0.297467
0.206412 -27.2605 -0.317216
0.0313958 -2.8373 -0.298232
0.033509 -3.02828 -0.300502
0.0350691 -3.16927 -0.295882
0.0376521 -3.4027 -0.297716
0.0404641 -3.65682 -0.298523
0.042824 -3.87009 -0.293277
0.047129 -4.25915 -0.297848
0.0519631 -4.69601 -0.300953
0.0558891 -5.05081 -0.294195
0.0628448 -5.67941 -0.297664
0.0717677 -6.48579 -0.3021
0.0792153 -7.15885 -0.29172
0.0944378 -8.53454 -0.298052
0.115927 -10.4765 -0.304856
0.136926 -12.3743 -0.288033
0.188005 -16.9904 -0.296588
0.301237 -27.2234 -0.316794
0.0414588 -2.84761 -0.299328
0.0439652 -3.01976 -0.29967
0.045914 -3.15361 -0.294434
0.0494135 -3.39398 -0.296967
0.0535621 -3.67892 -0.30034
0.0566347 -3.88997 -0.294796
0.0616845 -4.23681 -0.296299
0.0683272 -4.69306 -0.300778
0.0733021 -5.03477 -0.293274
0.0827051 -5.68061 -0.297741
0.0940898 -6.46257 -0.301032
0.104474 -7.17584 -0.292425
0.123762 -8.50064 -0.296881
0.152482 -10.4733 -0.304774
0.179949 -12.3598 -0.28771
0.247545 -17.0026 -0.296815
0.395955 -27.1962 -0.316492
0.0511613 -2.83389 -0.297904
0.0546023 -3.0245 -0.300158
0.0568578 -3.14943 -0.29406
0.0611851 -3.38913 -0.296559
0.0663873 -3.67728 -0.300224
0.0696608 -3.8586 -0.292436
0.0768627 -4.25753 -0.297765
0.0843073 -4.6699 -0.29931
0.0907483 -5.02667 -0.292819
0.102264 -5.66452 -0.296914
0.11678 -6.46859 -0.301329
0.128722 -7.13011 -0.290578
0.153248 -8.48863 -0.296479
0.188402 -10.4358 -0.303703
0.223192 -12.3629 -0.287798
0.306346 -16.9689 -0.296243
0.489971 -27.1401 -0.315857
0.0607537 -2.81946 -0.296407
0.0647451 -3.0047 -0.298213
0.0695903 -3.22955 -0.301563
0.0732208 -3.39804 -0.297359
0.0791883 -3.67498 -0.300056
0.0858611 -3.98465 -0.30201
0.091577 -4.24991 -0.297253
0.100888 -4.682 -0.300107
0.108366 -5.02906 -0.292978
0.121931 -5.65858 -0.296623
0.138926 -6.44729 -0.300358
0.15424 -7.15798 -0.291734
0.182981 -8.49181 -0.296611
0.225385 -10.4597 -0.304418
0.26572 -12.3315 -0.287088
0.365163 -16.9465 -0.295872
0.584566 -27.1286 -0.315745
0.0708799 -2.83031 -0.297572
0.075588 -3.01832 -0.299589
0.0810279 -3.23554 -0.302146
0.0848552 -3.38837 -0.296537
0.0918845 -3.66905 -0.299597
0.099746 -3.98297 -0.301907
0.106262 -4.24316 -0.296804
0.11689 -4.66757 -0.299206
0.13033 -5.20424 -0.303208
0.141643 -5.65597 -0.296511
0.161282 -6.44018 -0.300051
0.178416 -7.12436 -0.290387
0.212115 -8.47 -0.295873
0.260757 -10.4123 -0.303064
0.308312 -12.3113 -0.286639
0.424176 -16.9378 -0.295745
0.678055 -27.0755 -0.315153
0.0804578 -2.81924 -0.296435
0.0859025 -3.01002 -0.298794
0.0922668 -3.23302 -0.301939
0.0964711 -3.38034 -0.295863
0.104866 -3.67449 -0.300069
0.113174 -3.9656 -0.300618
0.120752 -4.23113 -0.295991
0.133114 -4.66429 -0.299024
0.148292 -5.19615 -0.302765
0.160963 -5.64015 -0.295709
0.183593 -6.43309 -0.299749
0.214483 -7.51548 -0.306358
0.240923 -8.44191 -0.294919
0.296636 -10.3941 -0.302562
0.350456 -12.28 -0.285937
0.482444 -16.9048 -0.295196
0.771618 -27.0375 -0.314739
0.0901267 -2.81336 -0.295848
0.096271 -3.00515 -0.298342
0.103411 -3.22803 -0.301505
0.108097 -3.37431 -0.295366
0.11673 -3.64378 -0.297593
0.127482 -3.97942 -0.301698
0.135315 -4.22392 -0.295518
0.148886 -4.64757 -0.297983
0.166281 -5.19055 -0.302471
0.180133 -5.62297 -0.294839
0.205617 -6.41846 -0.299099
0.240766 -7.51565 -0.306397
0.270178 -8.43377 -0.294666
0.332347 -10.3744 -0.30202
0.39271 -12.2587 -0.285471
0.539847 -16.8516 -0.294299
0.864947 -26.9998 -0.314334
0.0994375 -2.79849 -0.29432
0.106398 -2.9944 -0.297309
0.114143 -3.21234 -0.300075
0.120544 -3.39251 -0.296994
0.129882 -3.6553 -0.298568
0.141387 -3.97908 -0.301707
0.150226 -4.22784 -0.295827
0.165635 -4.6615 -0.298912
0.183994 -5.17818 -0.301786
0.199804 -5.62313 -0.294882
0.227825 -6.41174 -0.298821
0.266712 -7.50613 -0.306045
0.299187 -8.42009 -0.294223
0.368926 -10.3828 -0.3023
0.436172 -12.2753 -0.285892
0.597888 -16.8265 -0.293894
0.958484 -26.9748 -0.314081
0.109375 -2.80229 -0.294757
0.117382 -3.00744 -0.298644
0.124481 -3.18933 -0.297964
0.131261 -3.36302 -0.294451
0.142199 -3.64326 -0.297624
0.155043 -3.97235 -0.301237
0.16486 -4.22387 -0.295588
0.180882 -4.63436 -0.29721
0.20217 -5.17979 -0.301919
0.218973 -5.61029 -0.294248
0.250016 -6.40563 -0.298575
0.291905 -7.47886 -0.304973
0.328027 -8.40434 -0.29371
0.404007 -10.351 -0.301414
0.477611 -12.2368 -0.285033
0.656815 -16.8282 -0.293962
1.05096 -26.9265 -0.313559
0.121552 -2.85805 -0.300665
0.126464 -2.97355 -0.29532
0.136971 -3.22061 -0.300929
0.142761 -3.35673 -0.293942
0.155131 -3.6476 -0.298021
0.168494 -3.96179 -0.300479
0.179057 -4.21018 -0.294671
0.195969 -4.60782 -0.29555
0.21977 -5.16746 -0.301243
0.237381 -5.58154 -0.292782
0.27285 -6.41552 -0.299079
0.317363 -7.46214 -0.304335
0.357617 -8.40865 -0.293903
0.43956 -10.3354 -0.301002
0.519476 -12.2144 -0.284552
0.713693 -16.7811 -0.293181
1.14183 -26.8478 -0.312687
0.132255 -2.87324 -0.30231
0.137606 -2.98951 -0.296951
0.147391 -3.20208 -0.299244
0.158279 -3.43862 -0.30116
0.166955 -3.62712 -0.296393
0.181649 -3.94633 -0.299353
0.193065 -4.19434 -0.293608
0.214382 -4.65745 -0.29878
0.23833 -5.17772 -0.301888
0.257505 -5.59431 -0.293497
0.294011 -6.3874 -0.297814
0.343051 -7.4528 -0.304001
0.386453 -8.39571 -0.293496
0.475392 -10.3279 -0.300831
0.618274 -13.4321 -0.312967
0.772942 -16.7922 -0.293421
1.23673 -26.8681 -0.312972
0.140887 -2.84442 -0.299328
0.147295 -2.9738 -0.29544
0.157155 -3.17287 -0.296564
0.170454 -3.44136 -0.30145
0.178734 -3.60853 -0.294923
0.195197 -3.9409 -0.298991
0.214342 -4.32742 -0.302975
0.228316 -4.60956 -0.295757
0.255668 -5.16178 -0.301009
0.276476 -5.58187 -0.292893
0.315939 -6.37861 -0.297454
0.369251 -7.45494 -0.304139
0.414912 -8.37682 -0.292885
0.510826 -10.3133 -0.300454
0.66476 -13.4211 -0.312763
0.829918 -16.7555 -0.292829
1.32792 -26.8099 -0.312346
0.150615 -2.84 -0.298916
0.157533 -2.97045 -0.29516
0.168592 -3.17898 -0.297188
0.182109 -3.43386 -0.300847
0.191591 -3.61265 -0.295314
0.208688 -3.93503 -0.298599
0.229189 -4.32159 -0.30262
0.244618 -4.61252 -0.296
0.272391 -5.13621 -0.299572
0.296226 -5.58565 -0.293144
0.338177 -6.37668 -0.297417
0.394684 -7.44218 -0.303673
0.443423 -8.3612 -0.292391
0.545362 -10.2834 -0.299637
0.709279 -13.3742 -0.311727
0.886794 -16.7214 -0.292285
1.41972 -26.7703 -0.31194
0.160873 -2.84544 -0.299546
0.168391 -2.97842 -0.296009
0.178626 -3.15945 -0.295419
0.194658 -3.44301 -0.301706
0.204524 -3.61752 -0.295768
0.222725 -3.93945 -0.298991
0.243586 -4.30842 -0.301756
0.260771 -4.61238 -0.296048
0.291243 -5.15135 -0.300512
0.313722 -5.54896 -0.291274
0.359551 -6.35955 -0.296674
0.419953 -7.42791 -0.303148
0.47299 -8.366 -0.292615
0.581542 -10.286 -0.299771
0.755678 -13.366 -0.311596
0.944353 -16.7032 -0.292023
1.51106 -26.7268 -0.311493
0.170698 -2.84296 -0.299346
0.178075 -2.96583 -0.294817
0.189755 -3.16035 -0.295564
0.205493 -3.42248 -0.299968
0.216741 -3.6098 -0.295197
0.235624 -3.9243 -0.297902
0.259854 -4.32785 -0.303178
0.27756 -4.62274 -0.296773
0.308774 -5.1426 -0.300063
0.33433 -5.56824 -0.292346
0.382254 -6.36642 -0.297056
0.445045 -7.4122 -0.302569
0.500754 -8.34002 -0.291765
0.616431 -10.2666 -0.299267
0.801273 -13.3451 -0.311172
1.00045 -16.6624 -0.291368
1.60258 -26.6908 -0.311137
0.180826 -2.84547 -0.299675
0.193331 -3.04225 -0.302479
0.202477 -3.18616 -0.298041
0.217459 -3.42191 -0.299983
0.229534 -3.61194 -0.295435
0.24883 -3.91557 -0.297304
0.273307 -4.30073 -0.301344
0.291432 -4.58596 -0.294475
0.326849 -5.14328 -0.300167
0.368517 -5.79896 -0.304525
0.402834 -6.33897 -0.295839
0.470596 -7.40526 -0.302351
0.529187 -8.32725 -0.291382
0.650597 -10.2377 -0.29849
0.846101 -13.3142 -0.310517
1.05871 -16.6598 -0.291386
1.69292 -26.6396 -0.310607
0.190263 -2.83733 -0.298886
0.202764 -3.02375 -0.300708
0.213964 -3.19078 -0.298542
0.229492 -3.42234 -0.300089
0.240228 -3.58244 -0.29309
0.263048 -3.92275 -0.297916
0.288744 -4.30594 -0.301778
0.307949 -4.59235 -0.294953
0.344753 -5.14119 -0.300113
0.387683 -5.7814 -0.303671
0.425587 -6.34665 -0.296264
0.495986 -7.39649 -0.302062
0.557897 -8.31974 -0.291185
0.686853 -10.2428 -0.298706
0.891805 -13.2992 -0.310239
1.11647 -16.6495 -0.291272
1.78573 -26.63 -0.310566
0.199063 -2.82091 -0.297228
0.213055 -3.01919 -0.300327
0.222939 -3.15927 -0.295664
0.240008 -3.40115 -0.298303
0.253929 -3.59842 -0.294467
0.276151 -3.91333 -0.297273
0.30192 -4.2785 -0.299927
0.323882 -4.58972 -0.294855
0.360441 -5.1078 -0.298236
0.405657 -5.74856 -0.302019
0.445941 -6.31941 -0.295064
0.52063 -7.37784 -0.301372
0.586677 -8.31378 -0.291047
0.721453 -10.2237 -0.29822
0.938194 -13.2951 -0.310218
1.17185 -16.6063 -0.290586
1.87616 -26.5869 -0.310138
0.209094 -2.82261 -0.297482
0.22225 -3.0002 -0.298514
0.23323 -3.14843 -0.294724
0.251563 -3.3959 -0.297918
0.273485 -3.69183 -0.302188
0.290004 -3.91483 -0.297462
0.317076 -4.28028 -0.300127
0.339771 -4.58664 -0.294732
0.378566 -5.11035 -0.298461
0.426261 -5.7542 -0.302392
0.467544 -6.31149 -0.294769
0.546946 -7.38335 -0.301674
0.61491 -8.30082 -0.290666
0.75506 -10.1927 -0.297392
0.982006 -13.2563 -0.309391
1.22829 -16.581 -0.290217
1.96424 -26.5157 -0.309386
0.218213 -2.81233 -0.296477
0.234089 -3.01694 -0.300259
0.246429 -3.17598 -0.297382
0.26314 -3.39134 -0.297597
0.285397 -3.67819 -0.301152
0.30246 -3.8981 -0.296269
0.330982 -4.26569 -0.299184
0.355496 -4.58163 -0.294488
0.395359 -5.09538 -0.297665
0.446983 -5.76071 -0.302814
0.490373 -6.31992 -0.295241
0.571872 -7.37028 -0.30122
0.64389 -8.29844 -0.29066
0.790362 -10.1862 -0.297279
1.02787 -13.2472 -0.309261
1.28686 -16.585 -0.290363
2.05819 -26.5259 -0.309586
0.22834 -2.81529 -0.296872
0.241827 -2.98158 -0.296822
0.256202 -3.15882 -0.295857
0.274348 -3.38255 -0.296908
0.297299 -3.66552 -0.300197
0.315084 -3.8848 -0.29534
0.345776 -4.26322 -0.299093
0.3717 -4.58285 -0.294647
0.412891 -5.09071 -0.297474
0.465436 -5.73856 -0.301734
0.51045 -6.29355 -0.29409
0.597393 -7.36551 -0.301108
0.668967 -8.24798 -0.288972
0.825797 -10.1816 -0.297228
1.07374 -13.2386 -0.309145
1.34053 -16.528 -0.289446
2.14667 -26.4672 -0.308987
0.238137 -2.81406 -0.296827
0.255654 -3.02105 -0.300839
0.265543 -3.13792 -0.293985
0.287353 -3.39564 -0.298143
0.310667 -3.67114 -0.300745
0.329749 -3.89663 -0.296325
0.359622 -4.24965 -0.298227
0.385239 -4.55235 -0.292772
0.429992 -5.0812 -0.297005
0.486542 -5.74945 -0.302394
0.533342 -6.30249 -0.294593
0.621897 -7.34893 -0.300517
0.698668 -8.25614 -0.289342
0.860541 -10.169 -0.296946
1.11926 -13.2262 -0.308946
1.39727 -16.5115 -0.28924
2.23674 -26.4314 -0.308659
0.248302 -2.81703 -0.29723
0.264048 -2.99566 -0.2984
0.276886 -3.14131 -0.294391
0.297506 -3.37525 -0.296442
0.324027 -3.67614 -0.301245
0.341481 -3.87416 -0.294705
0.376126 -4.26721 -0.29955
0.415696 -4.71614 -0.303396
0.449295 -5.09732 -0.298037
0.507154 -5.75373 -0.30271
0.555453 -6.3017 -0.294645
0.647174 -7.34229 -0.300336
0.727417 -8.25266 -0.289307
0.894383 -10.1469 -0.296391
1.16391 -13.2048 -0.308537
1.45542 -16.512 -0.289337
2.32709 -26.4012 -0.308398
0.257846 -2.81292 -0.29689
0.274919 -2.99917 -0.298843
0.293727 -3.20436 -0.300395
0.308362 -3.36401 -0.295548
0.334758 -3.65197 -0.299359
0.354476 -3.86708 -0.294259
0.388947 -4.24314 -0.297954
0.431143 -4.70347 -0.302676
0.463632 -5.0579 -0.295825
0.524583 -5.72284 -0.301179
0.575732 -6.28083 -0.293762
0.672202 -7.33325 -0.300061
0.754851 -8.2349 -0.288776
0.930653 -10.1528 -0.296655
1.20721 -13.1698 -0.307817
1.51023 -16.4755 -0.288788
2.4162 -26.359 -0.308003
0.267744 -2.81278 -0.296972
0.28399 -2.98344 -0.297373
0.305663 -3.21113 -0.301128
0.32125 -3.37488 -0.296599
0.347141 -3.64688 -0.299038
0.369051 -3.87705 -0.295114
0.403646 -4.24048 -0.297865
0.448248 -4.70905 -0.303134
0.481545 -5.05885 -0.295977
0.544265 -5.71775 -0.30101
0.597722 -6.27934 -0.293788
0.694281 -7.29374 -0.298542
0.835328 -8.77551 -0.307834
0.963843 -10.1256 -0.295958
1.25271 -13.1603 -0.307696
1.5659 -16.4505 -0.288443
2.5054 -26.3204 -0.307652
0.275513 -2.79101 -0.294773
0.294535 -2.9837 -0.297499
0.315479 -3.19587 -0.299798
0.330346 -3.34647 -0.294202
0.359844 -3.6453 -0.29901
0.381529 -3.86497 -0.294294
0.417827 -4.23267 -0.297417
0.462429 -4.6845 -0.301656
0.499146 -5.05645 -0.295937
0.565193 -5.72552 -0.301521
0.617029 -6.25063 -0.292544
0.720531 -7.29912 -0.298863
0.865019 -8.76282 -0.307493
0.998637 -10.1164 -0.295789
1.29784 -13.1474 -0.307498
1.62105 -16.4216 -0.288035
2.59213 -26.2588 -0.307036
0.285447 -2.79184 -0.294965
0.304784 -2.98097 -0.297331
0.32646 -3.19297 -0.299632
0.344995 -3.37426 -0.296749
0.372935 -3.64753 -0.299298
0.393854 -3.85213 -0.29342
0.431839 -4.22365 -0.296887
0.479837 -4.69309 -0.302316
0.514946 -5.03648 -0.294872
0.582059 -5.69289 -0.299908
0.640587 -6.26532 -0.293334
0.743853 -7.27533 -0.297993
0.894114 -8.74497 -0.306974
1.03014 -10.0754 -0.294694
1.34113 -13.1171 -0.306896
1.67676 -16.3997 -0.287751
2.68461 -26.2571 -0.307124
0.300976 -2.84546 -0.300739
0.315964 -2.98716 -0.298057
0.337032 -3.18634 -0.299118
0.358419 -3.38853 -0.298112
0.383422 -3.62491 -0.29755
0.408944 -3.8662 -0.294598
0.447906 -4.23455 -0.297761
0.496406 -4.69307 -0.302424
0.532422 -5.03357 -0.294808
0.60303 -5.70111 -0.30045
0.662699 -6.26522 -0.293436
0.771049 -7.28957 -0.298685
0.925717 -8.75182 -0.307326
1.06634 -10.0813 -0.294972
1.38465 -13.0906 -0.306388
1.73136 -16.3684 -0.287307
2.77264 -26.2128 -0.306717
0.311404 -2.84887 -0.301213
0.324293 -2.96679 -0.296136
0.350281 -3.20454 -0.300939
0.365289 -3.34184 -0.294115
0.397189 -3.63367 -0.298381
0.433163 -3.96278 -0.302071
0.460984 -4.2173 -0.29666
0.510785 -4.6729 -0.301238
0.552273 -5.05245 -0.296026
0.622513 -5.69504 -0.300243
0.683257 -6.25076 -0.292869
0.793328 -7.25774 -0.297493
0.952679 -8.71556 -0.306168
1.09838 -10.0485 -0.294123
1.43036 -13.0857 -0.306387
1.7863 -16.3419 -0.28695
2.86163 -26.1796 -0.306443
0.318774 -2.8249 -0.298794
0.334975 -2.96847 -0.296419
0.359462 -3.18547 -0.299264
0.37915 -3.35994 -0.295823
0.41027 -3.63572 -0.298666
0.449081 -3.97966 -0.303475
0.476045 -4.2186 -0.296867
0.52699 -4.67006 -0.301171
0.568946 -5.04187 -0.29552
0.639146 -5.66397 -0.298721
0.701659 -6.21795 -0.291444
0.820086 -7.26742 -0.298005
0.983176 -8.71269 -0.306186
1.13376 -10.0471 -0.294197
1.47334 -13.0564 -0.305821
1.84213 -16.3246 -0.286756
2.94966 -26.1393 -0.30609
0.330728 -2.84171 -0.300693
0.345333 -2.9672 -0.296411
0.371436 -3.19149 -0.29995
0.389864 -3.34983 -0.295051
0.422162 -3.62734 -0.298096
0.461491 -3.96526 -0.302499
0.488672 -4.19881 -0.295592
0.541694 -4.65439 -0.300281
0.583547 -5.01401 -0.294005
0.660014 -5.67103 -0.299213
0.722975 -6.21202 -0.291283
0.842169 -7.23616 -0.296842
1.01074 -8.68459 -0.305321
1.1679 -10.035 -0.293959
1.5184 -13.0466 -0.305713
1.89897 -16.3165 -0.28673
3.03597 -26.086 -0.305588
0.339417 -2.83024 -0.299602
0.35498 -2.96 -0.295814
0.37848 -3.15597 -0.296734
0.401855 -3.35088 -0.295265
0.433623 -3.61577 -0.297269
0.474403 -3.95582 -0.301903
0.502615 -4.19106 -0.295168
0.559097 -4.66204 -0.300899
0.603973 -5.03624 -0.29543
0.678518 -5.65784 -0.29864
0.744411 -6.20729 -0.291182
0.865603 -7.21785 -0.296213
1.04259 -8.69362 -0.305764
1.20184 -10.0216 -0.293688
1.5628 -13.0314 -0.305485
1.95216 -16.2782 -0.286174
3.12604 -26.0665 -0.305487
0.349537 -2.83094 -0.299804
0.364135 -2.94917 -0.294856
0.390614 -3.16362 -0.29758
0.412237 -3.33876 -0.294322
0.446308 -3.6147 -0.297307
0.485068 -3.92862 -0.299954
0.519422 -4.20686 -0.296407
0.575305 -4.65946 -0.30086
0.619261 -5.01546 -0.294337
0.698373 -5.6562 -0.298681
0.805084 -6.52046 -0.306002
0.892057 -7.22487 -0.296627
1.07181 -8.6807 -0.30544
1.2376 -10.0235 -0.29387
1.60586 -13.006 -0.305018
2.00809 -16.2638 -0.286042
3.21311 -26.0233 -0.30511
0.358926 -2.82578 -0.299388
0.375624 -2.95724 -0.295793
0.401934 -3.16437 -0.297781
0.43319 -3.41045 -0.300774
0.455498 -3.58608 -0.295082
0.499327 -3.93114 -0.300278
0.531323 -4.18304 -0.294858
0.587776 -4.62749 -0.298926
0.635553 -5.00363 -0.293771
0.718911 -5.6599 -0.299007
0.82463 -6.49221 -0.30481
0.916426 -7.21491 -0.296348
1.09901 -8.65239 -0.304577
1.26786 -9.98168 -0.292772
1.64968 -12.9878 -0.304723
2.06288 -16.2408 -0.285763
3.29847 -25.9684 -0.3046
0.369274 -2.82818 -0.299777
0.387112 -2.9648 -0.296682
0.413224 -3.16478 -0.297953
0.444662 -3.40556 -0.300478
0.471776 -3.61321 -0.297448
0.514006 -3.93665 -0.300834
0.547902 -4.19625 -0.295922
0.605659 -4.63859 -0.299779
0.651661 -4.99091 -0.293156
0.735529 -5.63324 -0.297732
0.847158 -6.48817 -0.304757
0.945581 -7.24198 -0.297594
1.13267 -8.67481 -0.305504
1.30265 -9.97665 -0.292756
1.69555 -12.9858 -0.304815
2.11682 -16.2122 -0.285389
3.3884 -25.9509 -0.304532
0.376579 -2.80769 -0.297744
0.394488 -2.94122 -0.294459
0.42321 -3.15536 -0.297204
0.456249 -3.4017 -0.300276
0.483389 -3.60405 -0.296831
0.524936 -3.91381 -0.299227
0.560666 -4.18021 -0.294927
0.619779 -4.62094 -0.298776
0.668412 -4.98354 -0.292858
0.757666 -5.649 -0.298703
0.869433 -6.48231 -0.304623
0.965569 -7.19908 -0.295968
1.15783 -8.63256 -0.304156
1.3395 -9.98704 -0.293196
1.73872 -12.9635 -0.304433
2.17428 -16.2109 -0.285498
3.47762 -25.9284 -0.304407
0.388326 -2.82046 -0.29924
0.40315 -2.92813 -0.293287
0.435428 -3.16257 -0.298025
0.470062 -3.41412 -0.301516
0.495274 -3.59724 -0.296411
0.541484 -3.93287 -0.300827
0.576347 -4.18608 -0.295482
0.635423 -4.61515 -0.298543
0.680756 -4.94442 -0.290697
0.774795 -5.62743 -0.297704
0.889756 -6.46241 -0.303832
0.991749 -7.2032 -0.296278
1.18927 -8.63781 -0.304486
1.37003 -9.95073 -0.292269
1.78318 -12.9515 -0.304294
2.22657 -16.1719 -0.284945
3.56455 -25.8898 -0.304099
0.395855 -2.80266 -0.297495
0.424658 -3.00658 -0.301292
0.445428 -3.15363 -0.297327
0.481353 -3.40798 -0.301119
0.50827 -3.59855 -0.296664
0.553231 -3.91688 -0.29975
0.591072 -4.18479 -0.295535
0.65278 -4.62168 -0.299111
0.701148 -4.96413 -0.291998
0.795735 -5.6338 -0.298187
0.912293 -6.45903 -0.303821
1.01186 -7.16399 -0.294809
1.21838 -8.62614 -0.304222
1.40523 -9.949 -0.292361
1.8247 -12.9189 -0.303677
2.28407 -16.1712 -0.285072
3.65222 -25.8577 -0.30387
0.406979 -2.81048 -0.298475
0.432337 -2.9856 -0.299339
0.455062 -3.14253 -0.296428
0.492728 -3.40264 -0.300798
0.518126 -3.57803 -0.295119
0.56526 -3.90352 -0.298877
0.601237 -4.15197 -0.293363
0.668001 -4.61302 -0.2987
0.745921 -5.15112 -0.303149
0.811104 -5.60125 -0.296612
0.934761 -6.45519 -0.303792
1.03707 -7.16173 -0.294863
1.24256 -8.58076 -0.302773
1.4377 -9.92835 -0.2919
1.86751 -12.8965 -0.303301
2.33297 -16.1108 -0.284149
3.73397 -25.7857 -0.303176
0.41611 -2.80443 -0.297985
0.445915 -3.0053 -0.301469
0.466675 -3.14522 -0.296834
0.503558 -3.3938 -0.30017
0.531711 -3.58354 -0.295725
0.577477 -3.89199 -0.298147
0.617072 -4.15884 -0.293999
0.679484 -4.57948 -0.29668
0.766336 -5.16483 -0.304111
0.830904 -5.59999 -0.296697
0.954022 -6.42976 -0.30275
1.06191 -7.15689 -0.294814
1.27375 -8.5846 -0.303064
1.47225 -9.92245 -0.291876
1.91265 -12.8906 -0.303317
2.39132 -16.1166 -0.284398
3.82247 -25.762 -0.303052
0.427251 -2.81182 -0.298928
0.455122 -2.99525 -0.300618
0.47741 -3.14193 -0.296679
0.512148 -3.37055 -0.298271
0.544928 -3.58628 -0.296106
0.590329 -3.88507 -0.297773
0.632243 -4.16092 -0.2943
0.69993 -4.60638 -0.298579
0.783698 -5.15768 -0.303849
0.851765 -5.60564 -0.297152
0.977991 -6.43635 -0.30322
1.08765 -7.15806 -0.295017
1.30088 -8.56135 -0.302402
1.50405 -9.89845 -0.291322
1.95681 -12.8781 -0.303184
2.44207 -16.0718 -0.283755
3.91228 -25.7475 -0.30304
0.435581 -2.80074 -0.297909
0.464945 -2.98954 -0.300206
0.485906 -3.12432 -0.295175
0.527366 -3.3909 -0.300233
0.554601 -3.56602 -0.294592
0.60461 -3.88757 -0.298125
0.646214 -4.15509 -0.294046
0.715324 -4.59945 -0.29829
0.796193 -5.11943 -0.301758
0.867215 -5.57609 -0.295744
0.998081 -6.41754 -0.302496
1.10735 -7.12011 -0.293611
1.33053 -8.55513 -0.302344
1.53811 -9.88985 -0.291226
1.99911 -12.8541 -0.302779
2.49952 -16.0716 -0.283905
3.99743 -25.703 -0.302679
0.441544 -2.7752 -0.295355
0.472111 -2.96732 -0.298139
0.4985 -3.13318 -0.296175
0.539534 -3.39109 -0.300414
0.568303 -3.57191 -0.29524
0.621478 -3.90613 -0.299712
0.683983 -4.29898 -0.304396
0.728103 -4.57629 -0.296951
0.81642 -5.13138 -0.302629
0.886619 -5.5726 -0.295721
1.0198 -6.40967 -0.302291
1.13373 -7.12576 -0.294005
1.36376 -8.5715 -0.303089
1.57399 -9.89286 -0.291474
2.04438 -12.8494 -0.302835
2.55062 -16.0312 -0.283347
4.08409 -25.6694 -0.302449
0.456599 -2.80661 -0.298865
0.483623 -2.97272 -0.298849
0.508609 -3.1263 -0.295691
0.551215 -3.38819 -0.300326
0.578964 -3.55876 -0.294319
0.631349 -3.88076 -0.297933
0.69412 -4.26659 -0.302272
0.745528 -4.58259 -0.297527
0.833623 -5.12409 -0.302369
0.903447 -5.55328 -0.294862
1.03884 -6.38549 -0.30132
1.15929 -7.12588 -0.294176
1.38966 -8.54194 -0.302214
1.60631 -9.8736 -0.29107
2.08382 -12.8088 -0.302048
2.6051 -16.013 -0.283183
4.16952 -25.6291 -0.302144
0.46137 -2.77474 -0.295642
0.495228 -2.97837 -0.299589
0.520178 -3.12842 -0.296061
0.558415 -3.35838 -0.297855
0.592402 -3.56279 -0.294821
0.643132 -3.86788 -0.297115
0.708867 -4.26322 -0.302207
0.761577 -4.58023 -0.297545
0.848993 -5.10596 -0.301472
0.92673 -5.57348 -0.296105
1.06239 -6.38936 -0.301676
1.18132 -7.10462 -0.293466
1.41952 -8.53716 -0.302218
1.63477 -9.83173 -0.290003
2.13111 -12.8168 -0.302411
2.65936 -15.9938 -0.283007
4.25372 -25.5824 -0.301767
0.47183 -2.77765 -0.296125
0.503573 -2.96452 -0.298371
0.530064 -3.12047 -0.295482
0.571093 -3.362 -0.298351
0.603158 -3.55077 -0.293999
0.658167 -3.87461 -0.297807
0.724444 -4.26478 -0.302495
0.773646 -4.55443 -0.296043
0.870159 -5.12259 -0.302632
0.943411 -5.55383 -0.295234
1.08352 -6.37865 -0.301347
1.20719 -7.1067 -0.293725
1.44474 -8.50513 -0.301261
1.66948 -9.82818 -0.290068
2.16787 -12.7622 -0.301299
2.71501 -15.9832 -0.282985
4.339 -25.5435 -0.301485
0.480797 -2.77175 -0.295674
0.516429 -2.97717 -0.299824
0.540491 -3.11589 -0.295225
0.584811 -3.37139 -0.299364
0.627491 -3.61743 -0.299699
0.668989 -3.85667 -0.296606
0.738467 -4.2572 -0.302139
0.790871 -4.5593 -0.296537
0.884995 -5.10192 -0.301591
0.961423 -5.54252 -0.29481
1.10503 -6.3704 -0.301138
1.22956 -7.08832 -0.293141
1.47482 -8.50224 -0.30134
1.7025 -9.81478 -0.289847
2.21344 -12.7603 -0.301436
2.76717 -15.9525 -0.282612
4.42492 -25.5093 -0.301262
0.489767 -2.76605 -0.295247
0.525345 -2.96699 -0.298982
0.547903 -3.09438 -0.293367
0.592227 -3.34471 -0.297177
0.643858 -3.63631 -0.301447
0.685263 -3.87015 -0.297825
0.74912 -4.2308 -0.300449
0.804536 -4.54377 -0.295708
0.902269 -5.09574 -0.30141
0.980613 -5.5382 -0.29476
1.12766 -6.36866 -0.30124
1.25115 -7.0661 -0.292401
1.5042 -8.49527 -0.301277
1.73536 -9.80078 -0.28961
2.25623 -12.7425 -0.301199
2.8216 -15.9355 -0.282484
4.5121 -25.4829 -0.301135
0.495464 -2.74239 -0.292904
0.53352 -2.95303 -0.297761
0.560997 -3.10512 -0.294569
0.60215 -3.3329 -0.296313
0.656048 -3.63123 -0.301214
0.701221 -3.88126 -0.298866
0.766883 -4.2447 -0.301624
0.823585 -4.55854 -0.296855
0.921748 -5.10187 -0.301962
0.997234 -5.51969 -0.293959
1.15126 -6.37224 -0.301598
1.27855 -7.07679 -0.293027
1.5336 -8.48845 -0.301223
1.76959 -9.7947 -0.289612
2.3006 -12.7338 -0.301183
2.87358 -15.9053 -0.282124
4.60001 -25.461 -0.301064
0.507615 -2.75461 -0.294397
0.541665 -2.93939 -0.296575
0.582483 -3.16089 -0.300051
0.61594 -3.34245 -0.297351
0.667641 -3.62301 -0.300724
0.712658 -3.8673 -0.297981
0.779369 -4.22931 -0.300722
0.836295 -4.53822 -0.29572
0.934112 -5.06904 -0.30021
1.0196 -5.53295 -0.294853
1.1697 -6.34745 -0.300616
1.30019 -7.05558 -0.292335
1.55833 -8.4564 -0.300277
1.80288 -9.7835 -0.289465
2.33971 -12.6966 -0.300494
2.92662 -15.8815 -0.281882
4.68408 -25.4185 -0.300753
0.518501 -2.75956 -0.295118
0.554933 -2.95346 -0.298188
0.595193 -3.16774 -0.300896
0.62614 -3.33244 -0.296654
0.684214 -3.64152 -0.302457
0.724641 -3.85668 -0.297356
0.793339 -4.22231 -0.30042
0.851044 -4.52942 -0.295339
0.952615 -5.07 -0.300462
1.03548 -5.51105 -0.293877
1.19309 -6.34987 -0.300926
1.32184 -7.03512 -0.291676
1.58993 -8.46191 -0.300668
1.83493 -9.76589 -0.289132
2.38599 -12.6987 -0.300739
2.98281 -15.8751 -0.281951
4.77192 -25.3971 -0.300695
0.528005 -2.75705 -0.295044
0.567544 -2.9635 -0.2994
0.60429 -3.15537 -0.299921
0.6386 -3.33453 -0.297036
0.691867 -3.61267 -0.30026
0.733867 -3.83198 -0.295648
0.809499 -4.2269 -0.300946
0.865926 -4.52154 -0.29502
0.969556 -5.06266 -0.300226
1.0537 -5.50205 -0.293591
1.21128 -6.32483 -0.299938
1.34806 -7.03905 -0.292033
1.61594 -8.43784 -0.300012
1.86641 -9.74569 -0.288725
2.42408 -12.6576 -0.299964
3.03523 -15.8488 -0.281671
4.85559 -25.3541 -0.300385
0.548466 -2.8107 -0.300989
0.576426 -2.95398 -0.29864
0.619725 -3.17588 -0.302074
0.648817 -3.32496 -0.296384
0.702821 -3.60171 -0.299551
0.750191 -3.84447 -0.296812
0.82706 -4.2384 -0.301968
0.881543 -4.51761 -0.294962
0.990263 -5.07476 -0.301147
1.07623 -5.51531 -0.294497
1.23677 -6.33803 -0.300767
1.3698 -7.01975 -0.291429
1.64736 -8.44217 -0.300368
1.89906 -9.73202 -0.288515
2.4682 -12.6487 -0.299955
3.08719 -15.8208 -0.281363
4.93234 -25.2766 -0.299669
0.556624 -2.80043 -0.300096
0.58489 -2.94264 -0.297698
0.629831 -3.16874 -0.301602
0.660518 -3.32313 -0.296424
0.717445 -3.60954 -0.300409
0.759795 -3.8226 -0.295327
0.839867 -4.22545 -0.301253
0.897314 -4.51448 -0.294961
1.0089 -5.07586 -0.301419
1.09086 -5.48822 -0.293253
1.2558 -6.31807 -0.300026
1.39347 -7.01067 -0.291252
1.67356 -8.41983 -0.29978
1.93189 -9.71953 -0.288343
2.51553 -12.6559 -0.300333
3.14167 -15.8061 -0.281294
5.0223 -25.2677 -0.299769
0.5627 -2.78017 -0.298134
0.592934 -2.92955 -0.296582
0.635714 -3.14092 -0.299163
0.674166 -3.3309 -0.297326
0.732023 -3.61676 -0.301221
0.7733 -3.8207 -0.295386
0.853316 -4.21604 -0.300793
0.912627 -4.50908 -0.294815
1.02359 -5.05732 -0.300529
1.11267 -5.49745 -0.293952
1.27893 -6.3189 -0.300276
1.41616 -6.99692 -0.290885
1.70078 -8.40318 -0.299396
1.96608 -9.71394 -0.288379
2.55534 -12.6253 -0.299818
3.1903 -15.7625 -0.280716
5.1093 -25.2439 -0.299697
0.574 -2.78591 -0.298962
0.601587 -2.91981 -0.295806
0.646886 -3.13967 -0.299258
0.680667 -3.30362 -0.295101
0.74408 -3.6114 -0.300989
0.785375 -3.81182 -0.294911
0.87008 -4.22294 -0.3015
0.925813 -4.49344 -0.294002
1.03865 -5.04109 -0.299778
1.12739 -5.47181 -0.29279
1.29884 -6.30395 -0.29978
1.44275 -7.00238 -0.291319
1.73039 -8.39846 -0.299442
1.99401 -9.67793 -0.287515
2.59486 -12.5942 -0.299291
3.24585 -15.7538 -0.28076
5.19506 -25.2143 -0.299559
0.583928 -2.78484 -0.299065
0.611724 -2.91741 -0.295778
0.659358 -3.14458 -0.299944
0.691828 -3.29944 -0.294942
0.751932 -3.58608 -0.299096
0.802112 -3.8254 -0.296176
0.879042 -4.19229 -0.299529
0.939874 -4.4824 -0.293493
1.05601 -5.03626 -0.299709
1.1459 -5.46496 -0.292636
1.31807 -6.28609 -0.299147
1.465 -6.98683 -0.290883
1.75616 -8.37539 -0.298836
2.03541 -9.70719 -0.288594
2.6404 -12.5925 -0.299468
3.29393 -15.7093 -0.280171
5.27607 -25.1624 -0.29916
0.597546 -2.80104 -0.301026
0.621851 -2.91497 -0.295749
0.673036 -3.1549 -0.301151
0.704183 -3.30091 -0.295291
0.765831 -3.58989 -0.299635
0.811899 -3.80583 -0.294879
0.890099 -4.1724 -0.298329
0.957035 -4.48617 -0.293956
1.07607 -5.04414 -0.300399
1.16769 -5.47361 -0.293316
1.33935 -6.27829 -0.298997
1.48808 -6.97547 -0.290625
1.78937 -8.38778 -0.2995
2.0622 -9.66669 -0.287602
2.67934 -12.5596 -0.298907
3.35047 -15.7055 -0.280311
5.36505 -25.1491 -0.299222
0.600392 -2.76697 -0.297589
0.633811 -2.92099 -0.296583
0.683196 -3.14858 -0.300774
0.718708 -3.31224 -0.296528
0.774214 -3.56805 -0.298036
0.825108 -3.8026 -0.29485
0.907419 -4.18194 -0.299236
0.971388 -4.47675 -0.29356
1.08905 -5.01901 -0.299128
1.18135 -5.44441 -0.29197
1.36252 -6.27933 -0.299271
1.51097 -6.96346 -0.290343
1.81434 -8.36158 -0.298789
2.09536 -9.65672 -0.287521
2.72622 -12.5641 -0.299238
3.40856 -15.7087 -0.280579
5.44619 -25.0994 -0.298856
0.613828 -2.78196 -0.29943
0.642005 -2.90966 -0.295659
0.692811 -3.13993 -0.300176
0.728845 -3.30324 -0.295948
0.79153 -3.58734 -0.299876
0.837363 -3.79506 -0.29449
0.920865 -4.1735 -0.29886
0.989883 -4.4863 -0.294411
1.10319 -4.99981 -0.298211
1.20323 -5.45323 -0.292667
1.38184 -6.26272 -0.298708
1.5379 -6.96998 -0.290837
1.84353 -8.35515 -0.298787
2.12705 -9.64014 -0.287247
2.76268 -12.5209 -0.298438
3.45691 -15.6672 -0.280052
5.53243 -25.0738 -0.29878
0.62325 -2.7785 -0.299289
0.645123 -2.87601 -0.292466
0.700318 -3.12207 -0.298701
0.736783 -3.28464 -0.29451
0.801293 -3.57223 -0.298845
0.846259 -3.77269 -0.292982
0.933961 -4.16367 -0.298388
1.002 -4.467 -0.293373
1.12456 -5.01338 -0.299253
1.21986 -5.43825 -0.29209
1.40167 -6.24875 -0.298273
1.5585 -6.94794 -0.290143
1.87368 -8.353 -0.298943
2.15784 -9.61981 -0.286864
2.80465 -12.5033 -0.298251
3.50991 -15.6474 -0.279915
5.61591 -25.0362 -0.298563
0.634448 -2.78287 -0.299997
0.664619 -2.91521 -0.296686
0.71027 -3.11544 -0.298302
0.747898 -3.28049 -0.294371
0.815314 -3.57619 -0.299413
0.864294 -3.79103 -0.294639
0.95253 -4.17806 -0.299656
1.01653 -4.45879 -0.293065
1.13927 -4.99717 -0.298521
1.23829 -5.43149 -0.291957
1.42557 -6.25294 -0.298709
1.5851 -6.9527 -0.290571
1.9012 -8.33918 -0.298684
2.19054 -9.60832 -0.286748
2.84898 -12.4964 -0.298322
3.55933 -15.6122 -0.279506
5.70107 -25.0065 -0.298445
0.642045 -2.77148 -0.299009
0.674565 -2.91186 -0.296584
0.724807 -3.12874 -0.299816
0.764711 -3.30099 -0.296448
0.825845 -3.56488 -0.298706
0.876171 -3.78212 -0.294182
0.96315 -4.15758 -0.298426
1.03314 -4.45971 -0.29336
1.15987 -5.00676 -0.299334
1.25678 -5.42505 -0.291845
1.44572 -6.24067 -0.298362
1.60404 -6.92408 -0.289607
1.9246 -8.30782 -0.297799
2.22917 -9.62254 -0.287403
2.89081 -12.4786 -0.298135
3.61258 -15.5942 -0.279408
5.78343 -24.965 -0.298189
0.651177 -2.7669 -0.298759
0.685063 -2.91089 -0.296727
0.731579 -3.10854 -0.298123
0.772231 -3.28127 -0.294918
0.837733 -3.55959 -0.298506
0.890156 -3.78234 -0.29444
0.980849 -4.16771 -0.299397
1.04764 -4.4515 -0.293059
1.17308 -4.9845 -0.298247
1.27984 -5.43815 -0.292788
1.46254 -6.21443 -0.29735
1.63029 -6.92722 -0.289975
1.954 -8.30268 -0.297858
2.25606 -9.58616 -0.28655
2.93564 -12.4737 -0.298263
3.66954 -15.5922 -0.279599
5.86708 -24.9297 -0.29801
0.660128 -2.76164 -0.298438
0.688746 -2.88136 -0.29396
0.745543 -3.11897 -0.299372
0.781379 -3.26889 -0.294048
0.856311 -3.58237 -0.300665
0.90217 -3.77422 -0.294051
0.994791 -4.1617 -0.299214
1.06043 -4.43628 -0.2923
1.18762 -4.9684 -0.29753
1.29319 -5.41007 -0.291518
1.48704 -6.22102 -0.297912
1.64979 -6.90189 -0.289154
1.98136 -8.28899 -0.297613
2.48174 -10.3823 -0.310606
2.97264 -12.436 -0.297607
4.2479 -17.771 -0.318935
5.94883 -24.8869 -0.297745
0.669668 -2.75889 -0.298392
0.697661 -2.87422 -0.293478
0.758475 -3.12476 -0.30018
0.792331 -3.26424 -0.293877
0.863433 -3.55716 -0.298801
0.912814 -3.7606 -0.293237
1.00293 -4.13185 -0.297317
1.07509 -4.42914 -0.292074
1.21046 -4.98685 -0.298886
1.36972 -5.64297 -0.304324
1.5088 -6.21592 -0.297919
1.77845 -7.32686 -0.307217
2.01254 -8.29124 -0.297945
2.51582 -10.3646 -0.310339
3.01321 -12.4138 -0.297325
4.31381 -17.772 -0.319221
6.03566 -24.8657 -0.297742
0.678838 -2.75466 -0.298188
0.707931 -2.87271 -0.293576
0.765652 -3.10694 -0.298723
0.802456 -3.25628 -0.293412
0.876149 -3.55532 -0.298902
0.926298 -3.75882 -0.293348
1.02029 -4.14024 -0.298176
1.13435 -4.60309 -0.303805
1.22455 -4.9691 -0.298076
1.39534 -5.66213 -0.305618
1.52819 -6.20125 -0.297469
1.79832 -7.2974 -0.306243
2.04104 -8.28234 -0.297879
2.54762 -10.338 -0.309804
3.06252 -12.4274 -0.297906
4.36999 -17.733 -0.318792
6.11931 -24.8315 -0.297587
0.689664 -2.75709 -0.298711
0.722046 -2.88655 -0.295246
0.772916 -3.08991 -0.297344
0.814247 -3.25514 -0.293563
0.886252 -3.543 -0.298124
0.967869 -3.86928 -0.302231
1.03239 -4.12722 -0.297496
1.14864 -4.59197 -0.303334
1.24208 -4.96552 -0.29812
1.40475 -5.61583 -0.303382
1.54864 -6.19106 -0.297239
1.82365 -7.29048 -0.306218
2.06965 -8.27392 -0.297835
2.58706 -10.3424 -0.310205
3.09917 -12.3896 -0.297258
4.43272 -17.7209 -0.318851
6.2006 -24.7884 -0.297327
0.697089 -2.74599 -0.297771
0.728957 -2.87153 -0.293968
0.784359 -3.08977 -0.297592
0.851287 -3.35342 -0.302692
0.90234 -3.55452 -0.299357
0.980059 -3.86068 -0.301824
1.04764 -4.12688 -0.297734
1.16674 -4.59605 -0.303871
1.25793 -4.95527 -0.297767
1.426 -5.61735 -0.303731
1.57552 -6.20633 -0.298234
1.84497 -7.26777 -0.305533
2.10061 -8.27479 -0.298128
2.61809 -10.3132 -0.309604
3.14369 -12.3837 -0.297377
4.4908 -17.6903 -0.318581
6.28581 -24.7612 -0.297264
0.706454 -2.74267 -0.297677
0.742173 -2.88135 -0.295237
0.799742 -3.10485 -0.299312
0.859102 -3.3353 -0.301326
0.913704 -3.54729 -0.299015
0.994646 -3.86153 -0.302161
1.06105 -4.11932 -0.297454
1.17686 -4.56894 -0.302348
1.27151 -4.93642 -0.296899
1.44486 -5.60942 -0.303574
1.58657 -6.15955 -0.29625
1.87552 -7.28135 -0.306377
2.12157 -8.23659 -0.297017
2.65426 -10.3047 -0.309624
3.18457 -12.3635 -0.297158
4.54429 -17.6424 -0.318002
6.36944 -24.7282 -0.297132
0.715788 -2.73926 -0.297576
0.76632 -2.93264 -0.300765
0.809126 -3.09646 -0.298774
0.870016 -3.32948 -0.301073
0.920096 -3.52113 -0.297079
1.00382 -3.84153 -0.300869
1.07542 -4.11553 -0.297449
1.18776 -4.54547 -0.301068
1.29224 -4.9453 -0.297703
1.47277 -5.63617 -0.305298
1.611 -6.16517 -0.29679
1.89884 -7.2667 -0.306038
2.14816 -8.22084 -0.296718
2.68948 -10.2924 -0.309536
3.22533 -12.3431 -0.296936
4.60707 -17.6309 -0.318083
6.44655 -24.6704 -0.296707
0.727867 -2.74623 -0.298608
0.778849 -2.93859 -0.301652
0.812593 -3.0659 -0.296097
0.882647 -3.33021 -0.301417
0.932066 -3.51667 -0.296976
1.02316 -3.86037 -0.302622
1.09501 -4.13147 -0.298876
1.21057 -4.56746 -0.302803
1.3073 -4.93241 -0.2972
1.48385 -5.59855 -0.303539
1.62942 -6.14778 -0.296225
1.91614 -7.22959 -0.304755
2.18095 -8.22869 -0.297275
2.72563 -10.2838 -0.30956
3.26976 -12.3367 -0.297056
4.6673 -17.6097 -0.317992
6.53153 -24.6434 -0.296654
0.735787 -2.73747 -0.297932
0.786324 -2.92548 -0.300587
0.825854 -3.07255 -0.297017
0.891318 -3.31611 -0.30042
0.946849 -3.52271 -0.297763
1.03125 -3.83672 -0.301049
1.09867 -4.08757 -0.295976
1.22739 -4.56645 -0.303018
1.32773 -4.93975 -0.29792
1.50293 -5.59157 -0.303444
1.65491 -6.15704 -0.296948
1.94826 -7.24844 -0.305835
2.20534 -8.20486 -0.29669
2.7545 -10.248 -0.308771
3.30269 -12.2875 -0.296147
4.72588 -17.5824 -0.317797
6.61674 -24.6173 -0.296617
0.743145 -2.7268 -0.297052
0.79646 -2.92243 -0.300557
0.840719 -3.08483 -0.298485
0.906861 -3.32752 -0.301739
0.959556 -3.52088 -0.29789
1.04532 -3.83557 -0.301243
1.11549 -4.09306 -0.296654
1.23666 -4.53765 -0.301392
1.34224 -4.92506 -0.297315
1.52453 -5.59393 -0.303859
1.676 -6.1497 -0.296874
1.9698 -7.22773 -0.30525
2.23147 -8.1879 -0.296357
2.79128 -10.242 -0.308881
3.3523 -12.3005 -0.296741
4.78733 -17.566 -0.317801
6.70043 -24.5858 -0.296517
0.755098 -2.733 -0.298012
0.804078 -2.91027 -0.299594
0.851356 -3.08139 -0.298438
0.914279 -3.30913 -0.300359
0.968421 -3.5051 -0.296839
1.05545 -3.8201 -0.300316
1.12978 -4.08912 -0.296653
1.25184 -4.5309 -0.301232
1.35892 -4.91846 -0.297201
1.54283 -5.5841 -0.303616
1.69055 -6.11878 -0.295665
1.99706 -7.22816 -0.305561
2.26427 -8.1953 -0.296909
2.82595 -10.2282 -0.308762
3.38968 -12.2686 -0.296254
4.84391 -17.532 -0.317489
6.78194 -24.5465 -0.296327
0.765064 -2.73185 -0.298177
0.81772 -2.91988 -0.300875
0.860525 -3.07272 -0.297888
0.926897 -3.30972 -0.300705
0.982862 -3.50956 -0.297506
1.07295 -3.83123 -0.301484
1.14203 -4.07789 -0.296126
1.26926 -4.53223 -0.301614
1.37624 -4.91422 -0.297234
1.55941 -5.56827 -0.303049
1.71685 -6.13046 -0.296517
2.01822 -7.20658 -0.304944
2.28771 -8.16886 -0.296239
2.86263 -10.2218 -0.308867
3.43105 -12.2514 -0.296128
4.90412 -17.5114 -0.317424
6.86778 -24.5231 -0.296333
0.770934 -2.71624 -0.296765
0.827405 -2.9152 -0.300689
0.867237 -3.05555 -0.296515
0.93932 -3.30952 -0.300982
0.989656 -3.48686 -0.295873
1.08488 -3.82236 -0.301082
1.15882 -4.08288 -0.29678
1.28969 -4.54398 -0.302694
1.39237 -4.90576 -0.297015
1.58403 -5.58104 -0.304044
1.73932 -6.12818 -0.296699
2.04502 -7.20525 -0.305189
2.31669 -8.16241 -0.296297
2.89826 -10.2115 -0.30886
3.4721 -12.2333 -0.295981
4.96186 -17.4822 -0.317207
6.9515 -24.4923 -0.296252
0.779334 -2.70976 -0.296353
0.835277 -2.90428 -0.299861
0.877345 -3.05055 -0.296326
0.950625 -3.30534 -0.300903
1.00559 -3.49648 -0.296985
1.10052 -3.82653 -0.301712
1.16964 -4.06685 -0.29591
1.30141 -4.52502 -0.301731
1.40396 -4.8816 -0.295847
1.59585 -5.54881 -0.30259
1.75654 -6.10753 -0.295995
2.07049 -7.19915 -0.305235
2.34196 -8.14306 -0.29589
2.92641 -10.1752 -0.30807
3.50923 -12.2017 -0.29551
5.01847 -17.4493 -0.316927
7.02681 -24.4324 -0.295823
0.782459 -2.68528 -0.293973
0.848409 -2.91161 -0.300922
0.886922 -3.04378 -0.295967
0.960058 -3.29477 -0.300244
1.01159 -3.47161 -0.295171
1.11579 -3.82922 -0.302229
1.19069 -4.08625 -0.297623
1.32073 -4.53253 -0.302538
1.42593 -4.89356 -0.296872
1.61786 -5.55225 -0.303084
1.77758 -6.10039 -0.295947
2.08957 -7.17107 -0.304352
2.37086 -8.13644 -0.295948
2.96269 -10.1675 -0.308149
3.55685 -12.2066 -0.295928
5.08448 -17.4492 -0.317245
7.11484 -24.417 -0.295936
0.801078 -2.71384 -0.297404
0.852603 -2.8884 -0.29883
0.896536 -3.03723 -0.295633
0.977019 -3.30989 -0.301931
1.02927 -3.48691 -0.296777
1.12513 -3.81163 -0.301149
1.20151 -4.07039 -0.296771
1.33229 -4.51346 -0.301574
1.43245 -4.85278 -0.2947
1.63779 -5.54841 -0.303185
1.79981 -6.09729 -0.2961
2.11755 -7.1737 -0.304776
2.39695 -8.12025 -0.295662
2.99787 -10.156 -0.308116
3.60175 -12.2018 -0.296116
5.14039 -17.4143 -0.316936
7.19416 -24.372 -0.295692
0.805938 -2.69559 -0.295711
0.864186 -2.89041 -0.299348
0.913923 -3.05677 -0.297843
0.9844 -3.29249 -0.300655
1.04135 -3.48296 -0.296748
1.13352 -3.79126 -0.299851
1.21134 -4.05153 -0.295703
1.34768 -4.50754 -0.301491
1.45819 -4.87716 -0.296488
1.65608 -5.53903 -0.302986
1.81843 -6.08205 -0.295667
2.13662 -7.14627 -0.303926
2.42097 -8.09733 -0.295134
3.03452 -10.1495 -0.308237
3.63578 -12.1605 -0.295419
5.1979 -17.3852 -0.316735
7.27555 -24.3343 -0.295542
0.817218 -2.69893 -0.296389
0.873913 -2.88617 -0.299224
0.921067 -3.0419 -0.296707
0.995717 -3.28844 -0.300602
1.05115 -3.47151 -0.296084
1.15501 -3.81453 -0.302009
1.22599 -4.04895 -0.295826
1.36438 -4.50597 -0.301703
1.47422 -4.86874 -0.296287
1.67742 -5.53981 -0.303348
1.83712 -6.06726 -0.295258
2.16674 -7.15584 -0.304652
2.45517 -8.10841 -0.295848
3.06739 -10.1303 -0.30798
3.67538 -12.1383 -0.29519
5.25626 -17.3592 -0.316594
7.3594 -24.305 -0.295497
0.826636 -2.69604 -0.296387
0.880363 -2.87127 -0.297996
0.935921 -3.05247 -0.298055
1.00506 -3.27796 -0.299962
1.06343 -3.46833 -0.296127
1.17002 -3.81597 -0.302444
1.24077 -4.04672 -0.295978
1.37833 -4.49538 -0.301315
1.48666 -4.84868 -0.295381
1.68731 -5.5031 -0.301658
1.85768 -6.05874 -0.295158
2.1906 -7.14457 -0.304497
2.48322 -8.09892 -0.295817
3.10081 -10.1132 -0.307786
3.7154 -12.1177 -0.295002
5.32022 -17.3517 -0.316793
7.4398 -24.2646 -0.29532
0.83909 -2.70294 -0.297465
0.895469 -2.88455 -0.299697
0.943617 -3.03965 -0.297123
1.01733 -3.2771 -0.300208
1.06968 -3.44572 -0.294514
1.18512 -3.81761 -0.3029
1.25599 -4.04587 -0.296234
1.39027 -4.47845 -0.300504
1.50926 -4.86173 -0.296495
1.71096 -5.51148 -0.302443
1.88 -6.05598 -0.295341
2.21564 -7.13719 -0.30451
2.50914 -8.08262 -0.29554
3.13773 -10.1075 -0.307944
3.76254 -12.1202 -0.295382
5.37116 -17.302 -0.316226
7.52401 -24.2369 -0.2953
0.843736 -2.68474 -0.295785
0.905436 -2.88107 -0.299662
0.95396 -3.03547 -0.297039
1.02439 -3.25958 -0.298928
1.0827 -3.44511 -0.294783
1.18502 -3.7707 -0.299505
1.26392 -4.02177 -0.294791
1.40934 -4.48448 -0.301237
1.52541 -4.85382 -0.296336
1.72992 -5.50455 -0.302393
1.9027 -6.05434 -0.295583
2.23677 -7.11733 -0.303994
2.54252 -8.09023 -0.296141
3.16624 -10.0749 -0.307286
3.8029 -12.1007 -0.29523
5.43762 -17.3023 -0.316578
7.60894 -24.2114 -0.295312
0.853827 -2.68404 -0.296034
0.920728 -2.89434 -0.301375
0.962029 -3.02417 -0.29626
1.0388 -3.26552 -0.299804
1.10029 -3.4588 -0.296282
1.19718 -3.76338 -0.299254
1.28093 -4.02665 -0.295475
1.42795 -4.48883 -0.301862
1.53721 -4.83227 -0.295346
1.74792 -5.49464 -0.302182
1.92458 -6.04998 -0.295697
2.26157 -7.10932 -0.303988
2.56743 -8.07082 -0.295757
3.20363 -10.0707 -0.307499
3.84507 -12.0871 -0.295224
5.49163 -17.2632 -0.31621
7.69012 -24.1742 -0.295184
0.865251 -2.68742 -0.296739
0.919417 -2.85565 -0.297679
0.973362 -3.0232 -0.296496
1.05209 -3.26774 -0.300343
1.10641 -3.43645 -0.294696
1.21523 -3.77442 -0.300467
1.29465 -4.02111 -0.295399
1.43443 -4.45524 -0.299939
1.5567 -4.83503 -0.295845
1.769 -5.4944 -0.302507
1.93985 -6.02507 -0.294809
2.29042 -7.11389 -0.304523
2.59424 -8.05754 -0.295601
3.24287 -10.0721 -0.307886
3.88714 -12.0732 -0.295214
5.54267 -17.2152 -0.315684
7.77262 -24.1413 -0.295112
0.878156 -2.69519 -0.297933
0.929159 -2.85172 -0.297606
0.976083 -2.99574 -0.294135
1.06865 -3.27985 -0.301798
1.11889 -3.43403 -0.294822
1.22576 -3.76205 -0.299822
1.31158 -4.02544 -0.296052
1.45334 -4.4605 -0.300633
1.56798 -4.81236 -0.294791
1.78424 -5.47608 -0.301839
1.96343 -6.02604 -0.29519
2.313 -7.09893 -0.304227
2.61389 -8.02239 -0.294645
3.27183 -10.0417 -0.307304
3.93391 -12.0737 -0.295561
5.61027 -17.2187 -0.316107
7.85171 -24.098 -0.294916
0.884036 -2.6814 -0.296749
0.946543 -2.87099 -0.29996
0.988513 -2.99829 -0.294723
1.07299 -3.25453 -0.299811
1.12993 -3.42723 -0.294575
1.24019 -3.76166 -0.300135
1.32118 -4.0073 -0.295055
1.46773 -4.45183 -0.300392
1.58745 -4.81494 -0.295288
1.80249 -5.4672 -0.301695
1.98391 -6.01746 -0.295108
2.33521 -7.083 -0.303892
2.64742 -8.02998 -0.295261
3.31161 -10.0445 -0.307742
3.97202 -12.0477 -0.29526
5.66813 -17.1922 -0.315981
7.93812 -24.0774 -0.295001
0.890841 -2.67063 -0.2959
0.95783 -2.87146 -0.300356
1.00904 -3.02497 -0.297691
1.08766 -3.26066 -0.300724
1.14732 -3.43953 -0.295975
1.25357 -3.75806 -0.300195
1.33728 -4.009 -0.295522
1.48416 -4.44932 -0.300571
1.60141 -4.80084 -0.294764
1.82162 -5.46099 -0.301702
2.00226 -6.00251 -0.294716
2.3626 -7.08277 -0.304235
2.67071 -8.00647 -0.294738
3.33867 -10.0089 -0.307006
4.00821 -12.0161 -0.294829
5.72736 -17.1699 -0.315937
8.01656 -24.0326 -0.294794
0.898043 -2.66121 -0.295202
0.964769 -2.85895 -0.299399
1.00966 -2.99198 -0.294789
1.09883 -3.25622 -0.300666
1.15924 -3.43523 -0.295952
1.27115 -3.76686 -0.301251
1.34955 -3.99918 -0.295144
1.50109 -4.44825 -0.30085
1.61353 -4.78146 -0.293918
1.83703 -5.44375 -0.301102
2.0292 -6.01322 -0.295588
2.37976 -7.05206 -0.303271
2.70433 -8.01386 -0.295356
3.37189 -9.99208 -0.306849
4.04959 -12.0003 -0.294787
5.77861 -17.124 -0.315463
8.0991 -24.0005 -0.294745
0.907587 -2.6588 -0.295285
0.978592 -2.86681 -0.300579
1.02753 -3.01017 -0.296933
1.10058 -3.22419 -0.298062
1.1773 -3.44895 -0.297486
1.27784 -3.74348 -0.299736
1.36377 -3.99519 -0.2952
1.51533 -4.43921 -0.300595
1.63391 -4.78657 -0.294582
1.85479 -5.43366 -0.300901
2.03733 -5.96841 -0.293733
2.40632 -7.04938 -0.303515
2.72839 -7.9929 -0.294933
3.40912 -9.98712 -0.307061
4.09101 -11.9847 -0.294753
5.84222 -17.1149 -0.315669
8.17577 -23.9512 -0.294488
0.913951 -2.64716 -0.294345
0.978721 -2.83476 -0.297575
1.03216 -2.98955 -0.295252
1.12002 -3.24402 -0.300256
1.17326 -3.39824 -0.293464
1.29075 -3.73853 -0.299699
1.37919 -3.99469 -0.295517
1.53175 -4.43655 -0.300776
1.65665 -4.79833 -0.295659
1.8743 -5.42872 -0.300988
2.06449 -5.97957 -0.294635
2.42793 -7.03224 -0.30314
2.75612 -7.9828 -0.294914
3.43826 -9.95857 -0.30655
4.12704 -11.9535 -0.294338
5.9013 -17.0925 -0.315634
8.26149 -23.9285 -0.294564
0.928549 -2.65929 -0.296052
0.996109 -2.85278 -0.29983
1.04111 -2.98165 -0.29483
1.13271 -3.24398 -0.300616
1.19433 -3.42046 -0.295742
1.30316 -3.73216 -0.299552
1.39203 -3.98667 -0.295282
1.54433 -4.42284 -0.30021
1.66999 -4.78272 -0.295055
1.8947 -5.42627 -0.301217
2.08808 -5.98009 -0.295019
2.45535 -7.03193 -0.303495
2.78487 -7.97565 -0.295007
3.47439 -9.95039 -0.30667
4.17119 -11.946 -0.294509
5.96254 -17.0763 -0.315717
8.34412 -23.8969 -0.294531
0.936736 -2.65293 -0.295706
1.00353 -2.84211 -0.299075
1.04925 -2.97157 -0.294194
1.14425 -3.24063 -0.300674
1.20697 -3.41826 -0.295914
1.32106 -3.74138 -0.30066
1.4076 -3.98647 -0.295629
1.56733 -4.43884 -0.301666
1.68987 -4.78588 -0.295613
1.9156 -5.42517 -0.301525
2.10927 -5.97367 -0.295064
2.47964 -7.02258 -0.303463
2.80397 -7.94111 -0.29409
3.51456 -9.95358 -0.307145
4.21671 -11.9422 -0.294776
6.01307 -17.0296 -0.315241
8.43033 -23.8755 -0.294629
0.943409 -2.64239 -0.294897
1.01518 -2.8434 -0.299582
1.06821 -2.99195 -0.296579
1.14204 -3.19874 -0.297156
1.2139 -3.39999 -0.294698
1.33344 -3.73483 -0.300506
1.41679 -3.96829 -0.294646
1.57551 -4.41283 -0.30027
1.70579 -4.77774 -0.295476
1.93544 -5.42098 -0.301666
2.12901 -5.96315 -0.29491
2.5021 -7.00811 -0.303214
2.83694 -7.94598 -0.294636
3.54738 -9.93584 -0.306978
4.25114 -11.907 -0.294273
6.07667 -17.0201 -0.315456
8.50898 -23.8328 -0.294466
0.956516 -2.64983 -0.296099
1.02328 -2.8348 -0.299051
1.07456 -2.97685 -0.295452
1.16136 -3.21732 -0.299257
1.22789 -3.40162 -0.295209
1.34083 -3.7145 -0.299245
1.43116 -3.96475 -0.294753
1.58675 -4.39576 -0.299484
1.71795 -4.75922 -0.2947
1.95424 -5.41382 -0.301646
2.14689 -5.94753 -0.294506
2.52696 -7.00044 -0.303262
2.86737 -7.94346 -0.294912
3.57744 -9.91057 -0.306581
4.30074 -11.9143 -0.294824
6.13301 -16.9903 -0.315298
8.58249 -23.776 -0.294134
0.967559 -2.65139 -0.296649
1.03488 -2.83585 -0.299541
1.08937 -2.98519 -0.296656
1.176 -3.22257 -0.300126
1.23754 -3.39121 -0.29468
1.35771 -3.7205 -0.300109
1.44764 -3.96694 -0.29529
1.6079 -4.40611 -0.30057
1.74068 -4.76996 -0.29574
1.9667 -5.38933 -0.300662
2.17072 -5.94839 -0.294923
2.55387 -6.99834 -0.303556
2.88901 -7.91671 -0.294292
3.6128 -9.90009 -0.306646
4.33598 -11.8818 -0.294393
6.19145 -16.9663 -0.315253
8.67191 -23.7635 -0.294352
0.973915 -2.64013 -0.295768
1.047 -2.83827 -0.300181
1.09981 -2.98141 -0.296661
1.18194 -3.20406 -0.298784
1.25268 -3.39581 -0.295457
1.36481 -3.6998 -0.298822
1.46156 -3.96205 -0.295304
1.62349 -4.40103 -0.300609
1.75331 -4.75295 -0.295063
1.99023 -5.39521 -0.301377
2.18146 -5.9136 -0.293574
2.57831 -6.98939 -0.303556
2.91496 -7.90199 -0.294121
3.6463 -9.88455 -0.306557
4.37727 -11.8661 -0.29438
6.24984 -16.9423 -0.315211
8.75673 -23.7381 -0.294414
0.979101 -2.6259 -0.294555
1.05875 -2.83951 -0.300701
1.10676 -2.96826 -0.295736
1.19728 -3.21105 -0.299824
1.26109 -3.3822 -0.294654
1.38168 -3.70561 -0.299679
1.47664 -3.96027 -0.295554
1.63485 -4.3846 -0.299875
1.76543 -4.73481 -0.294318
2.00718 -5.38315 -0.301093
2.20484 -5.91329 -0.293939
2.59755 -6.96652 -0.302955
2.94505 -7.89849 -0.294372
3.68047 -9.87083 -0.306529
4.41262 -11.8344 -0.293975
6.31188 -16.9282 -0.315355
8.83457 -23.6939 -0.294247
0.996632 -2.64466 -0.297048
1.05439 -2.79793 -0.296686
1.11532 -2.9596 -0.295259
1.2 -3.18431 -0.297717
1.26751 -3.36346 -0.293406
1.39107 -3.69133 -0.298915
1.48502 -3.94064 -0.294474
1.64977 -4.37782 -0.299804
1.78512 -4.737 -0.29484
2.01825 -5.35563 -0.299946
2.23376 -5.9275 -0.295032
2.6225 -6.95906 -0.303027
2.97082 -7.88336 -0.294193
3.70924 -9.84282 -0.306059
4.45974 -11.8344 -0.294358
6.3716 -16.9077 -0.315386
8.90889 -23.6406 -0.29397
1.0024 -2.63207 -0.296026
1.0664 -2.80013 -0.297313
1.12332 -2.94957 -0.294647
1.20886 -3.17417 -0.297162
1.28828 -3.38272 -0.295477
1.40508 -3.68942 -0.299156
1.50002 -3.93869 -0.294718
1.66608 -4.37474 -0.299989
1.8039 -4.73662 -0.295207
2.04286 -5.36407 -0.300817
2.248 -5.90271 -0.294187
2.65151 -6.96225 -0.303568
2.99997 -7.87722 -0.294353
3.74359 -9.82979 -0.306059
4.49747 -11.8093 -0.294124
6.42651 -16.8745 -0.315184
8.99467 -23.6179 -0.294076
1.00633 -2.61488 -0.294485
1.08235 -2.81242 -0.299018
1.13363 -2.94568 -0.294653
1.22833 -3.19173 -0.299205
1.28778 -3.34623 -0.29268
1.41742 -3.68307 -0.299041
1.51859 -3.94596 -0.295657
1.68388 -4.37546 -0.30044
1.81422 -4.71414 -0.294199
2.06488 -5.36547 -0.301298
2.26755 -5.8921 -0.294051
2.67294 -6.94547 -0.303241
3.02621 -7.86341 -0.29423
3.78637 -9.83864 -0.306744
4.54054 -11.7983 -0.294244
6.48163 -16.8421 -0.315
9.0816 -23.598 -0.294221
1.014 -2.6076 -0.294063
1.08752 -2.79667 -0.297745
1.14035 -2.93252 -0.293734
1.23942 -3.18729 -0.299194
1.31001 -3.36882 -0.295055
1.43325 -3.68575 -0.299663
1.52196 -3.91387 -0.293649
1.69582 -4.36096 -0.29985
1.8282 -4.70139 -0.2938
2.08905 -5.3722 -0.302084
2.29523 -5.90241 -0.294964
2.69611 -6.93332 -0.30312
3.0534 -7.85212 -0.294205
3.81768 -9.81755 -0.306501
4.57526 -11.7657 -0.293828
6.54658 -16.8352 -0.315297
9.15896 -23.5532 -0.29406
1.02487 -2.60854 -0.294571
1.10685 -2.81721 -0.300342
1.15888 -2.94962 -0.29585
1.25225 -3.18729 -0.299603
1.31467 -3.34616 -0.293471
1.44314 -3.67315 -0.299047
1.54141 -3.92326 -0.294756
1.70334 -4.33543 -0.298501
1.84643 -4.69961 -0.29409
2.09686 -5.33703 -0.300516
2.30505 -5.86692 -0.293591
2.72005 -6.92319 -0.303091
3.07804 -7.83436 -0.293941
3.85273 -9.80613 -0.306563
4.61949 -11.7577 -0.294029
6.59634 -16.7893 -0.314867
9.23012 -23.4929 -0.293708
1.03591 -2.60982 -0.295123
1.11384 -2.80614 -0.299575
1.16407 -2.93269 -0.294558
1.2636 -3.18344 -0.299654
1.33727 -3.36905 -0.295886
1.45435 -3.66401 -0.298715
1.54986 -3.90465 -0.293763
1.72855 -4.35482 -0.30025
1.87037 -4.71213 -0.29528
2.12131 -5.34431 -0.301342
2.33116 -5.873 -0.294301
2.74524 -6.91622 -0.303204
3.11616 -7.8507 -0.294961
3.88273 -9.78197 -0.306229
4.66376 -11.7497 -0.294233
6.66006 -16.779 -0.315109
9.31493 -23.4676 -0.293796
1.03867 -2.59034 -0.293328
1.12323 -2.80124 -0.299468
1.1731 -2.92562 -0.294257
1.27168 -3.17144 -0.298941
1.3425 -3.34808 -0.294454
1.47266 -3.67269 -0.29984
1.56823 -3.91101 -0.294652
1.74664 -4.35596 -0.300748
1.88009 -4.68877 -0.294226
2.13122 -5.31506 -0.30011
2.35228 -5.86636 -0.294378
2.76259 -6.88966 -0.302461
3.13819 -7.82635 -0.294456
3.91722 -9.7692 -0.306256
4.69885 -11.7185 -0.293862
6.71232 -16.7399 -0.314813
9.40202 -23.4478 -0.293958
1.05174 -2.59664 -0.294455
1.13629 -2.8054 -0.300335
1.18631 -2.92888 -0.295
1.28109 -3.16289 -0.298554
1.35238 -3.33891 -0.294062
1.47426 -3.63981 -0.297574
1.58567 -3.91488 -0.295359
1.75667 -4.33705 -0.299864
1.89526 -4.67922 -0.294041
2.15789 -5.32763 -0.301244
2.36639 -5.8424 -0.293589
2.78504 -6.87601 -0.302287
3.15845 -7.79791 -0.293799
3.95054 -9.75352 -0.306195
4.74168 -11.7068 -0.293981
6.78394 -16.7489 -0.315426
9.48609 -23.4203 -0.294027
1.05608 -2.58141 -0.293145
1.13468 -2.77352 -0.297346
1.19573 -2.92276 -0.294803
1.29502 -3.16546 -0.299223
1.36363 -3.33318 -0.293975
1.49741 -3.66018 -0.299665
1.59308 -3.89402 -0.294203
1.77305 -4.33393 -0.300075
1.91757 -4.68717 -0.29496
2.17284 -5.31113 -0.300738
2.39654 -5.85795 -0.294789
2.81551 -6.88203 -0.302982
3.19025 -7.79802 -0.294221
3.98788 -9.7477 -0.306448
4.78216 -11.6892 -0.293958
6.84715 -16.7367 -0.315644
9.56678 -23.3844 -0.293994
1.07218 -2.59486 -0.295096
1.14269 -2.7655 -0.296911
1.20494 -2.91616 -0.294559
1.30296 -3.15338 -0.298509
1.3744 -3.32629 -0.293789
1.50953 -3.65333 -0.299535
1.61149 -3.90009 -0.295086
1.77954 -4.30681 -0.298625
1.92864 -4.66764 -0.294153
2.19058 -5.30159 -0.300629
2.40778 -5.82726 -0.293666
2.84392 -6.88279 -0.303451
3.22091 -7.79517 -0.294536
4.02194 -9.7338 -0.306451
4.81733 -11.6588 -0.293614
6.8892 -16.6731 -0.314896
9.65316 -23.3623 -0.294139
1.08083 -2.59012 -0.294984
1.15426 -2.7661 -0.297407
1.20808 -2.89507 -0.292854
1.31412 -3.14918 -0.298544
1.38962 -3.33011 -0.294553
1.52306 -3.64989 -0.299687
1.62398 -3.89175 -0.294881
1.80957 -4.33649 -0.30112
1.9439 -4.65841 -0.293997
2.21626 -5.31109 -0.301605
2.43043 -5.82434 -0.293945
2.8685 -6.87413 -0.303509
3.24307 -7.77177 -0.294079
4.05014 -9.70583 -0.306014
4.86463 -11.6577 -0.294013
6.9558 -16.669 -0.315276
9.72555 -23.3065 -0.293862
1.087 -2.57952 -0.294208
1.1669 -2.76912 -0.298169
1.22785 -2.91376 -0.295177
1.32559 -3.1457 -0.298652
1.40225 -3.32763 -0.294765
1.53614 -3.64534 -0.299752
1.6299 -3.86786 -0.293501
1.81553 -4.30836 -0.299606
1.9666 -4.66686 -0.294962
2.23503 -5.30387 -0.301637
2.45429 -5.82419 -0.294368
2.8836 -6.84296 -0.302576
3.27351 -7.76824 -0.294376
4.0898 -9.70535 -0.306447
4.905 -11.6399 -0.293994
7.00587 -16.6254 -0.314912
9.81506 -23.2917 -0.294107
1.09786 -2.58006 -0.294706
1.17822 -2.76891 -0.298587
1.23688 -2.90678 -0.294905
1.35011 -3.17287 -0.301677
1.41389 -3.32277 -0.294771
1.54573 -3.63261 -0.299147
1.6497 -3.87694 -0.294626
1.83259 -4.30676 -0.299937
1.98332 -4.66097 -0.295026
2.24589 -5.27805 -0.300612
2.47604 -5.81891 -0.294537
2.90631 -6.83008 -0.302453
3.29454 -7.74247 -0.293833
4.12588 -9.69618 -0.306611
4.94215 -11.6145 -0.293787
7.07747 -16.6327 -0.315517
9.89374 -23.2511 -0.294028
1.10955 -2.58247 -0.295421
1.18591 -2.76019 -0.298092
1.24177 -2.89021 -0.293663
1.34907 -3.13994 -0.298992
1.42734 -3.32212 -0.295153
1.56789 -3.64924 -0.300966
1.6673 -3.88063 -0.295347
1.83943 -4.28125 -0.298606
1.99194 -4.63621 -0.293898
2.27083 -5.28533 -0.301477
2.50499 -5.83034 -0.295556
2.93413 -6.82916 -0.302864
3.32645 -7.74227 -0.294265
4.16278 -9.68881 -0.306836
4.99123 -11.617 -0.29429
7.12135 -16.5749 -0.31489
9.97305 -23.2121 -0.293974
1.11706 -2.57511 -0.295024
1.20385 -2.77518 -0.300163
1.25903 -2.90237 -0.295343
1.35663 -3.12737 -0.298245
1.43841 -3.3159 -0.295046
1.57368 -3.62772 -0.299643
1.68102 -3.87517 -0.295377
1.86783 -4.30583 -0.300774
2.0047 -4.62134 -0.293397
2.28788 -5.27415 -0.301293
2.5162 -5.80048 -0.294486
2.95778 -6.81842 -0.302845
3.35464 -7.73329 -0.294368
4.18666 -9.6513 -0.306109
5.02765 -11.59 -0.294049
7.17513 -16.5405 -0.314711
10.0585 -23.1873 -0.294102
1.12287 -2.56394 -0.294191
1.20757 -2.75734 -0.298687
1.26585 -2.89041 -0.294575
1.36924 -3.12648 -0.298614
1.44869 -3.3079 -0.294782
1.58752 -3.6249 -0.299866
1.69482 -3.86991 -0.295425
1.87342 -4.2777 -0.299265
2.02506 -4.62395 -0.29401
2.3057 -5.26476 -0.301215
2.53753 -5.79412 -0.294612
2.98317 -6.81167 -0.303006
3.38538 -7.73008 -0.294694
4.22336 -9.6435 -0.306328
5.07237 -11.5821 -0.294297
7.24336 -16.5393 -0.315167
10.1366 -23.1457 -0.294022
1.13678 -2.5712 -0.295479
1.22 -2.75945 -0.299376
1.28269 -2.90124 -0.296133
1.38442 -3.13132 -0.299536
1.45903 -3.30008 -0.294537
1.59451 -3.60652 -0.298804
1.7038 -3.85371 -0.294641
1.89115 -4.27747 -0.299709
2.04448 -4.62427 -0.294483
2.31984 -5.24709 -0.300666
2.5561 -5.78148 -0.294421
3.01106 -6.81051 -0.30342
3.40688 -7.70579 -0.29422
4.26834 -9.65427 -0.307142
5.11314 -11.5651 -0.294316
7.29638 -16.5032 -0.314964
10.2235 -23.1238 -0.294196
1.14968 -2.57601 -0.296491
1.22548 -2.74585 -0.298363
1.29144 -2.89364 -0.295816
1.39052 -3.11565 -0.2985
1.46665 -3.28623 -0.293757
1.61823 -3.62587 -0.300874
1.72574 -3.86675 -0.296097
1.90499 -4.2684 -0.299538
2.05911 -4.61373 -0.294268
2.34144 -5.24633 -0.30109
2.57204 -5.763 -0.293936
3.02684 -6.78205 -0.302621
3.43934 -7.70632 -0.294697
4.29688 -9.62774 -0.306773
5.15495 -11.5504 -0.294398
7.36226 -16.4962 -0.315319
10.3077 -23.0958 -0.294296
1.14749 -2.54716 -0.293631
1.23825 -2.74862 -0.299133
1.29983 -2.88533 -0.295429
1.40672 -3.1226 -0.299635
1.48437 -3.29495 -0.294999
1.62408 -3.60509 -0.299619
1.72516 -3.82946 -0.293701
1.91834 -4.25827 -0.299295
2.08314 -4.6241 -0.295392
2.36307 -5.24548 -0.301513
2.5933 -5.75654 -0.294067
3.05622 -6.78411 -0.303188
3.45991 -7.6802 -0.294158
4.32965 -9.61082 -0.306714
5.1844 -11.5082 -0.293783
7.41469 -16.4589 -0.3151
10.3829 -23.0476 -0.294142
1.16816 -2.56905 -0.296623
1.24791 -2.74444 -0.29915
1.31372 -2.88915 -0.296289
1.41553 -3.11306 -0.299192
1.49784 -3.29409 -0.295387
1.63843 -3.60327 -0.299941
1.7479 -3.84402 -0.295284
1.94077 -4.2682 -0.300468
2.09386 -4.60487 -0.294629
2.37721 -5.22801 -0.300984
2.6186 -5.75889 -0.294652
3.08598 -6.78677 -0.303787
3.48958 -7.67437 -0.2944
4.36172 -9.59239 -0.306611
5.23005 -11.502 -0.294091
7.47933 -16.4487 -0.315403
10.4625 -23.0093 -0.294118
1.16604 -2.54079 -0.293827
1.26216 -2.75024 -0.300261
1.31858 -2.87317 -0.295119
1.41875 -3.09145 -0.29759
1.50974 -3.28971 -0.295466
1.65211 -3.59994 -0.300143
1.75539 -3.82498 -0.294291
1.95565 -4.26134 -0.300464
2.10244 -4.58121 -0.293583
2.40046 -5.23057 -0.301612
2.63933 -5.75107 -0.294722
3.10075 -6.7565 -0.302915
3.51773 -7.66511 -0.294514
4.39308 -9.57248 -0.306463
5.26324 -11.4685 -0.293702
7.5331 -16.4146 -0.31525
10.5539 -22.9969 -0.294428
1.18419 -2.55674 -0.296149
1.26286 -2.72659 -0.298159
1.32282 -2.85606 -0.293835
1.43995 -3.10894 -0.299756
1.51581 -3.27273 -0.294414
1.66657 -3.59824 -0.300484
1.76703 -3.81514 -0.294007
1.96798 -4.249 -0.300077
2.1239 -4.58564 -0.29434
2.41823 -5.22111 -0.301552
2.65888 -5.74069 -0.294665
3.11208 -6.71917 -0.301727
3.55017 -7.66505 -0.294987
4.43916 -9.58442 -0.307339
5.3196 -11.4854 -0.294607
7.59097 -16.3894 -0.315275
10.6267 -22.9437 -0.294221
1.18945 -2.54474 -0.295238
1.28044 -2.73942 -0.300049
1.33112 -2.84785 -0.293467
1.43989 -3.08055 -0.297501
1.52832 -3.26973 -0.294623
1.67395 -3.5813 -0.299557
1.7806 -3.80949 -0.294049
1.98334 -4.24322 -0.300156
2.14308 -4.58499 -0.294777
2.42678 -5.19193 -0.300355
2.67685 -5.72694 -0.294437
3.15239 -6.74434 -0.30335
3.57622 -7.65108 -0.294928
4.46232 -9.54684 -0.306632
5.35902 -11.4653 -0.29457
7.65047 -16.3677 -0.315369
10.7163 -22.9268 -0.294483
1.19765 -2.53912 -0.295071
1.28853 -2.73182 -0.299707
1.35146 -2.86523 -0.295743
1.45938 -3.09402 -0.299293
1.54807 -3.28205 -0.296219
1.69197 -3.58713 -0.300537
1.80664 -3.83026 -0.296138
1.99808 -4.23612 -0.300146
2.16308 -4.58593 -0.295322
2.45354 -5.20174 -0.301416
2.70147 -5.72738 -0.294943
3.17364 -6.72841 -0.30313
3.59854 -7.62925 -0.29457
4.4982 -9.53663 -0.306807
5.39816 -11.4446 -0.294522
7.70599 -16.3374 -0.315303
10.7934 -22.8831 -0.294404
1.21627 -2.55544 -0.297458
1.29461 -2.72003 -0.298908
1.35958 -2.85653 -0.295333
1.47255 -3.09388 -0.299775
1.56004 -3.27771 -0.296317
1.69501 -3.56129 -0.298866
1.80865 -3.80005 -0.294289
2.01361 -4.23067 -0.300257
2.17707 -4.57412 -0.295049
2.47487 -5.19981 -0.301803
2.72185 -5.71871 -0.294984
3.19645 -6.71587 -0.303066
3.61702 -7.59952 -0.293908
4.52463 -9.50644 -0.306343
5.43501 -11.4192 -0.294355
7.77366 -16.3328 -0.315735
10.8769 -22.8528 -0.294502
1.22089 -2.54222 -0.296414
1.3002 -2.70737 -0.298014
1.36238 -2.83683 -0.293786
1.47951 -3.08073 -0.299
1.56349 -3.25561 -0.294811
1.71317 -3.56728 -0.299869
1.83137 -3.8134 -0.295817
2.03411 -4.23555 -0.301105
2.19313 -4.56668 -0.295062
2.49094 -5.18681 -0.301552
2.7456 -5.71707 -0.295392
3.21576 -6.69607 -0.302678
3.65874 -7.61846 -0.295133
4.56362 -9.50268 -0.306733
5.47829 -11.4073 -0.294539
7.82286 -16.2893 -0.315421
10.9607 -22.8231 -0.29461
1.21481 -2.50707 -0.292809
1.31318 -2.71009 -0.298818
1.37746 -2.84275 -0.294897
1.49212 -3.07937 -0.299372
1.58052 -3.26181 -0.295871
1.72445 -3.55886 -0.299666
1.83674 -3.79058 -0.294542
2.04038 -4.21086 -0.299855
2.21436 -4.56991 -0.295768
2.50404 -5.16774 -0.30095
2.76217 -5.70045 -0.295031
3.24211 -6.69094 -0.302956
3.67369 -7.58163 -0.294201
4.60229 -9.49803 -0.307101
5.52652 -11.4054 -0.294988
7.8867 -16.2763 -0.3157
11.0341 -22.7717 -0.294443
1.23131 -2.51866 -0.294664
1.32752 -2.71547 -0.29992
1.3883 -2.83979 -0.295091
1.50599 -3.08054 -0.299996
1.59053 -3.25347 -0.295617
1.74263 -3.56459 -0.300659
1.8512 -3.78667 -0.294739
2.06224 -4.21835 -0.300899
2.22068 -4.54246 -0.294492
2.5297 -5.17455 -0.301859
2.78926 -5.70548 -0.295793
3.27451 -6.69808 -0.303796
3.69773 -7.56379 -0.294008
4.63403 -9.47902 -0.307007
5.55659 -11.3661 -0.294472
7.94295 -16.2475 -0.315678
11.1199 -22.7461 -0.294612
1.24989 -2.5342 -0.296991
1.33059 -2.69783 -0.298484
1.40125 -2.84109 -0.295733
1.51383 -3.06935 -0.299419
1.59409 -3.23208 -0.294178
1.74908 -3.54634 -0.299633
1.86933 -3.79014 -0.295516
2.08452 -4.22644 -0.301994
2.24402 -4.54985 -0.295478
2.53469 -5.13918 -0.300311
2.80948 -5.69633 -0.295826
3.2965 -6.68378 -0.303667
3.72957 -7.56185 -0.294438
4.66873 -9.46604 -0.307113
5.5986 -11.3514 -0.294595
8.00274 -16.2259 -0.3158
11.2045 -22.7177 -0.294749
1.25084 -2.51396 -0.295129
1.34859 -2.71042 -0.300395
1.40669 -2.82719 -0.294795
1.51985 -3.05462 -0.298498
1.61249 -3.24081 -0.295483
1.76649 -3.55032 -0.300489
1.8823 -3.78307 -0.295475
2.08948 -4.19947 -0.300587
2.25832 -4.53879 -0.29527
2.56676 -5.15871 -0.301974
2.82629 -5.68031 -0.295505
3.31716 -6.66686 -0.303423
3.75594 -7.54874 -0.294436
4.69278 -9.4316 -0.306526
5.63887 -11.3331 -0.294629
8.05577 -16.1906 -0.315658
11.2824 -22.6755 -0.294711
1.2561 -2.50257 -0.294304
1.34899 -2.68764 -0.298392
1.4255 -2.84007 -0.296656
1.5411 -3.07038 -0.300562
1.62926 -3.24602 -0.296475
1.77454 -3.53547 -0.299755
1.89645 -3.77836 -0.295623
2.10434 -4.19254 -0.300614
2.27219 -4.52695 -0.295015
2.58372 -5.14763 -0.301852
2.84222 -5.66265 -0.295101
3.33716 -6.64874 -0.303127
3.79074 -7.55242 -0.295094
4.7343 -9.43229 -0.307084
5.68625 -11.3289 -0.295035
8.11678 -16.1713 -0.315834
11.3572 -22.6273 -0.294599
1.2667 -2.50185 -0.294739
1.36451 -2.69504 -0.29974
1.43275 -2.82982 -0.296106
1.54774 -3.05693 -0.299774
1.64116 -3.24144 -0.296579
1.78358 -3.52274 -0.299202
1.91136 -3.77511 -0.295889
2.11428 -4.1759 -0.299949
2.29028 -4.52351 -0.29531
2.60137 -5.13795 -0.301815
2.85449 -5.63788 -0.294328
3.37093 -6.6579 -0.30408
3.81732 -7.53955 -0.295111
4.77502 -9.43111 -0.307587
5.72008 -11.2977 -0.294741
8.18026 -16.1568 -0.316106
11.4401 -22.5953 -0.2947
1.27872 -2.50384 -0.295498
1.37549 -2.69333 -0.300083
1.44225 -2.82406 -0.296029
1.55915 -3.05296 -0.299916
1.64785 -3.22664 -0.295749
1.80156 -3.52761 -0.300149
1.9244 -3.76814 -0.295868
2.12714 -4.16512 -0.299707
2.30748 -4.51825 -0.295491
2.61849 -5.12724 -0.301722
2.88705 -5.6531 -0.295647
3.38636 -6.6308 -0.30338
3.85335 -7.5452 -0.295857
4.80354 -9.40577 -0.307305
5.77083 -11.2998 -0.29532
8.24471 -16.1439 -0.316415
11.5305 -22.5777 -0.294995
1.29406 -2.51218 -0.297014
1.37783 -2.6748 -0.298553
1.45181 -2.81843 -0.295969
1.56907 -3.04605 -0.299774
1.65826 -3.2192 -0.295596
1.81017 -3.51411 -0.299536
1.93523 -3.7569 -0.295514
2.14757 -4.16912 -0.300533
2.32723 -4.51789 -0.295997
2.63713 -5.1195 -0.301807
2.89856 -5.62702 -0.294811
3.41285 -6.62541 -0.303678
3.87625 -7.52502 -0.295595
4.83825 -9.39257 -0.307425
5.80386 -11.2671 -0.294994
8.28783 -16.0893 -0.315911
11.6115 -22.5416 -0.295051
1.29803 -2.49841 -0.29592
1.38152 -2.6591 -0.297337
1.4542 -2.799 -0.29446
1.58069 -3.04246 -0.299963
1.6614 -3.19781 -0.294163
1.83139 -3.52501 -0.301008
1.94976 -3.75285 -0.29573
2.15452 -4.14696 -0.299476
2.33409 -4.49259 -0.294872
2.65842 -5.11686 -0.302196
2.92421 -5.62843 -0.295418
3.43938 -6.62003 -0.30398
3.90219 -7.51082 -0.295571
4.87321 -9.37982 -0.307563
5.84057 -11.2418 -0.294863
8.34891 -16.0697 -0.316098
11.6901 -22.5008 -0.29505
1.31074 -2.50148 -0.296824
1.39988 -2.67159 -0.299278
1.4711 -2.80751 -0.295893
1.58613 -3.02704 -0.298987
1.68536 -3.21641 -0.296414
1.83962 -3.51081 -0.300343
1.95914 -3.73891 -0.295169
2.17872 -4.15798 -0.300819
2.35761 -4.49937 -0.295856
2.67832 -5.11142 -0.302426
2.95323 -5.63607 -0.296359
3.4679 -6.61831 -0.304455
3.92785 -7.49609 -0.295529
4.90109 -9.35346 -0.307258
5.88454 -11.2303 -0.2951
8.40793 -16.0461 -0.316208
11.7699 -22.4623 -0.295082
1.31159 -2.48197 -0.295051
1.41328 -2.67441 -0.300146
1.4865 -2.81296 -0.297014
1.60459 -3.03643 -0.300466
1.70232 -3.22136 -0.297416
1.85898 -3.51781 -0.301496
1.98022 -3.74724 -0.29637
2.1956 -4.15482 -0.301144
2.37373 -4.49189 -0.295907
2.69006 -5.09051 -0.301743
2.96461 -5.61004 -0.295533
3.48472 -6.59427 -0.303907
3.95548 -7.4851 -0.295639
4.94415 -9.35599 -0.307907
5.93058 -11.2226 -0.295441
8.46266 -16.0142 -0.316161
11.8602 -22.4434 -0.295377
1.32821 -2.49231 -0.296829
1.43399 -2.6908 -0.302546
1.49258 -2.80074 -0.296272
1.60458 -3.0109 -0.298492
1.70086 -3.19156 -0.295212
1.86642 -3.50222 -0.300716
1.98874 -3.73175 -0.295693
2.21004 -4.14701 -0.301136
2.393 -4.49032 -0.296353
2.713 -5.09079 -0.302319
2.98319 -5.59778 -0.295434
3.51097 -6.58813 -0.304188
3.98131 -7.47069 -0.295617
4.97184 -9.32936 -0.3076
5.97458 -11.2109 -0.29568
8.52785 -16.002 -0.316506
11.9379 -22.4007 -0.295361
1.3341 -2.48243 -0.296207
1.43119 -2.66308 -0.299989
1.50162 -2.79414 -0.296127
1.62607 -3.02571 -0.300522
1.71937 -3.19931 -0.296483
1.87998 -3.49817 -0.30093
1.99561 -3.71333 -0.294784
2.22609 -4.14219 -0.301349
2.39836 -4.46274 -0.295084
2.73329 -5.08597 -0.302598
3.00589 -5.59321 -0.295745
3.53011 -6.56866 -0.303856
4.01013 -7.46185 -0.29582
5.00441 -9.31194 -0.3076
6.01275 -11.1882 -0.295633
8.58017 -15.9655 -0.316376
12.0181 -22.3626 -0.295411
1.34535 -2.48252 -0.296776
1.44213 -2.6611 -0.300332
1.51507 -2.7957 -0.296852
1.6312 -3.01 -0.299526
1.72874 -3.18997 -0.296175
1.90092 -3.5077 -0.30232
2.01225 -3.71312 -0.295324
2.24161 -4.13635 -0.301491
2.41773 -4.46135 -0.295548
2.75615 -5.08582 -0.303161
3.02451 -5.581 -0.295657
3.5602 -6.5695 -0.304469
4.03564 -7.44681 -0.295781
5.04295 -9.30556 -0.307969
6.05416 -11.1715 -0.295749
8.64583 -15.9538 -0.31674
12.105 -22.3368 -0.295627
1.35703 -2.48333 -0.297437
1.45769 -2.66754 -0.301631
1.52618 -2.79287 -0.297115
1.64434 -3.00911 -0.300006
1.75137 -3.20497 -0.298133
1.90155 -3.47979 -0.300485
2.02911 -3.71322 -0.295894
2.25757 -4.1313 -0.301696
2.43978 -4.46474 -0.296335
2.77472 -5.07767 -0.303251
3.0511 -5.58342 -0.296348
3.58601 -6.5623 -0.304714
4.06145 -7.43235 -0.295768
5.08452 -9.30453 -0.308521
6.08725 -11.1395 -0.295462
8.69486 -15.9114 -0.316498
12.1767 -22.2831 -0.295477
1.35922 -2.46681 -0.296026
1.45817 -2.6464 -0.299815
1.53371 -2.7835 -0.296687
1.65346 -3.00083 -0.299755
1.74956 -3.17525 -0.295935
1.91727 -3.47961 -0.301046
2.04968 -3.71992 -0.296996
2.26831 -4.1167 -0.301207
2.45824 -4.4614 -0.296682
2.78856 -5.06089 -0.302828
3.06495 -5.56252 -0.295805
3.60955 -6.55088 -0.304767
4.09782 -7.43704 -0.296523
5.1032 -9.26167 -0.307689
6.13473 -11.1338 -0.295877
8.76517 -15.9077 -0.317032
12.265 -22.2595 -0.29573
1.36797 -2.46231 -0.296057
1.47726 -2.65903 -0.301829
1.53594 -2.76465 -0.295248
1.67327 -3.01184 -0.301437
1.76797 -3.1823 -0.297166
1.9362 -3.48512 -0.302106
2.05525 -3.69939 -0.295928
2.27797 -4.10029 -0.300586
2.4632 -4.4337 -0.29541
2.80775 -5.05387 -0.302994
3.08754 -5.55748 -0.296109
3.6284 -6.53102 -0.304431
4.11902 -7.41413 -0.296181
5.14421 -9.25945 -0.30821
6.17538 -11.1155 -0.295963
8.81277 -15.8628 -0.316748
12.3484 -22.2268 -0.295867
1.38614 -2.47461 -0.298116
1.4823 -2.64628 -0.300968
1.55542 -2.77683 -0.297126
1.68011 -2.99942 -0.30078
1.7759 -3.17043 -0.296636
1.93921 -3.46199 -0.300686
2.07179 -3.69867 -0.296448
2.30436 -4.11387 -0.30217
2.48387 -4.43434 -0.29603
2.82738 -5.0476 -0.303208
3.10944 -5.55114 -0.296348
3.65492 -6.52497 -0.304742
4.14387 -7.39786 -0.296108
5.18541 -9.25728 -0.308739
6.21258 -11.091 -0.295888
8.87663 -15.847 -0.317052
12.4312 -22.1929 -0.295992
1.3969 -2.47352 -0.298571
1.48351 -2.62687 -0.299348
1.56732 -2.77528 -0.297545
1.68455 -2.98287 -0.299708
1.78398 -3.15892 -0.29614
1.95491 -3.46159 -0.301243
2.0825 -3.68751 -0.296135
2.32684 -4.12017 -0.303229
2.50399 -4.43387 -0.29658
2.84579 -5.0391 -0.303292
3.12643 -5.53603 -0.296122
3.68535 -6.52572 -0.305376
4.16853 -7.3813 -0.296026
5.21946 -9.2422 -0.308842
6.2574 -11.0801 -0.296177
8.94246 -15.8346 -0.317425
12.5084 -22.1488 -0.295985
1.40562 -2.46878 -0.29859
1.49726 -2.62973 -0.300268
1.57756 -2.77076 -0.297649
1.69252 -2.97267 -0.299276
1.79964 -3.16082 -0.296906
1.96786 -3.45627 -0.301376
2.10232 -3.69243 -0.297118
2.33386 -4.0991 -0.302276
2.51952 -4.42519 -0.296586
2.86502 -5.03201 -0.303466
3.15928 -5.54883 -0.297395
3.70477 -6.50691 -0.3051
4.1985 -7.37408 -0.296323
5.26466 -9.24665 -0.309604
6.2968 -11.0595 -0.296212
9.0028 -15.8122 -0.317605
12.6035 -22.1363 -0.296404
1.41223 -2.46036 -0.298167
1.51419 -2.638 -0.301813
1.58895 -2.76823 -0.297972
1.70968 -2.97856 -0.300468
1.80769 -3.14932 -0.296417
1.98561 -3.45929 -0.302243
2.11124 -3.67816 -0.296561
2.3449 -4.08523 -0.301855
2.53402 -4.41471 -0.296476
2.87602 -5.01055 -0.302776
3.18017 -5.54042 -0.297538
3.73259 -6.50284 -0.305519
4.22067 -7.35317 -0.296073
5.28335 -9.20453 -0.30881
6.34663 -11.057 -0.296737
9.05349 -15.7728 -0.317447
12.6805 -22.0917 -0.296398
1.4121 -2.44034 -0.296337
1.52689 -2.63872 -0.302505
1.60798 -2.77886 -0.299719
1.72484 -2.98081 -0.301301
1.82337 -3.1511 -0.297182
1.99742 -3.45189 -0.302204
2.13134 -3.68332 -0.297576
2.36897 -4.09398 -0.303112
2.55553 -4.41638 -0.297186
2.89398 -5.00129 -0.302825
3.19329 -5.51855 -0.296961
3.75155 -6.4833 -0.305215
4.25563 -7.35444 -0.296721
5.31407 -9.1836 -0.308728
6.38033 -11.0263 -0.29651
9.1226 -15.7654 -0.317937
12.7665 -22.0626 -0.296606
1.43823 -2.46559 -0.300011
1.52501 -2.61436 -0.300321
1.61021 -2.76042 -0.298335
1.74947 -2.99916 -0.303771
1.83292 -3.14222 -0.296947
2.01456 -3.45362 -0.30297
2.14153 -3.67129 -0.297206
2.37704 -4.07502 -0.302321
2.56183 -4.3918 -0.296132
2.92166 -5.00867 -0.303889
3.20894 -5.50116 -0.296627
3.76925 -6.46171 -0.304816
4.28783 -7.35073 -0.297174
5.35417 -9.17879 -0.309194
6.42649 -11.0171 -0.296865
9.17926 -15.7362 -0.317994
12.8476 -22.0249 -0.2967
1.43621 -2.44249 -0.297809
1.53973 -2.61854 -0.301417
1.61797 -2.75159 -0.29799
1.75452 -2.98382 -0.302837
1.85842 -3.16052 -0.299288
2.0217 -3.4382 -0.302235
2.15697 -3.66825 -0.297568
2.38851 -4.06202 -0.301974
2.58207 -4.39119 -0.296697
2.93715 -4.99506 -0.303683
3.22684 -5.48771 -0.296508
3.81002 -6.47951 -0.306282
4.30283 -7.3176 -0.29644
5.39058 -9.16748 -0.309445
6.47255 -11.0075 -0.297214
9.23789 -15.7104 -0.318122
12.936 -21.9995 -0.296965
1.44442 -2.43692 -0.297743
1.51079 -2.5489 -0.294007
1.62636 -2.74389 -0.297769
1.76565 -2.97888 -0.302959
1.87162 -3.15767 -0.299635
2.03117 -3.42686 -0.301859
2.16456 -3.6519 -0.296854
2.41095 -4.0676 -0.303012
2.61327 -4.40894 -0.298511
2.95348 -4.98291 -0.30357
3.2489 -5.48133 -0.296774
3.83875 -6.47648 -0.306771
4.33163 -7.30803 -0.296664
5.42212 -9.14783 -0.309419
6.50339 -10.9721 -0.296869
9.28881 -15.6714 -0.317988
13.01 -21.9497 -0.296903
1.45565 -2.43643 -0.298303
1.52331 -2.54968 -0.294708
1.63792 -2.74151 -0.29813
1.7275 -2.89144 -0.294679
1.87979 -3.14634 -0.299181
2.05103 -3.43297 -0.303027
2.18437 -3.65614 -0.297817
2.43255 -4.07153 -0.303937
2.62612 -4.39554 -0.298223
2.96795 -4.96768 -0.303272
3.2633 -5.46202 -0.296344
3.86318 -6.4661 -0.306916
4.36905 -7.3128 -0.297475
5.46484 -9.14691 -0.310032
6.54619 -10.9568 -0.297073
9.35245 -15.6539 -0.318293
13.0992 -21.9252 -0.297189
1.46964 -2.44044 -0.29942
1.53482 -2.54868 -0.295211
1.65533 -2.7488 -0.29955
1.73497 -2.88105 -0.294235
1.8752 -3.11391 -0.296719
1.9955 -3.31367 -0.29311
2.2041 -3.66007 -0.298763
2.43448 -4.04264 -0.302413
2.63113 -4.36918 -0.297057
2.98515 -4.95706 -0.303258
3.29704 -5.47497 -0.297669
3.88022 -6.44338 -0.306479
4.39692 -7.3014 -0.297634
5.48944 -9.1156 -0.309619
6.5935 -10.949 -0.297483
9.41855 -15.6402 -0.318682
13.1749 -21.8779 -0.29717
1.47673 -2.43294 -0.299131
1.54099 -2.53881 -0.294689
1.65999 -2.73486 -0.298661
1.75062 -2.88418 -0.295178
1.88911 -3.11235 -0.297197
2.00033 -3.29558 -0.292126
2.2062 -3.63476 -0.297323
2.3702 -3.90496 -0.292731
2.64985 -4.36568 -0.297446
3.01547 -4.96806 -0.304574
3.32002 -5.4698 -0.298018
3.89961 -6.4247 -0.306237
4.43245 -7.30256 -0.298311
5.51935 -9.09325 -0.309513
6.63638 -10.9336 -0.297692
9.4653 -15.5943 -0.318418
13.261 -21.8479 -0.29739
1.47632 -2.41322 -0.297338
1.54582 -2.52683 -0.293924
1.66349 -2.71918 -0.297581
1.75531 -2.86927 -0.294278
1.90651 -3.11642 -0.29822
2.02962 -3.31766 -0.294711
2.22227 -3.63256 -0.297777
2.37673 -3.88505 -0.29186
2.66382 -4.35433 -0.297305
2.90907 -4.75522 -0.292147
3.33376 -5.44943 -0.29754
3.92707 -6.41926 -0.30663
4.45182 -7.27704 -0.297902
5.56455 -9.09593 -0.310264
6.66867 -10.9007 -0.297431
9.53208 -15.5813 -0.318832
13.3578 -21.8349 -0.297847
1.48708 -2.41184 -0.297808
1.55675 -2.52483 -0.294322
1.67206 -2.71185 -0.297417
1.76777 -2.86709 -0.294686
1.91296 -3.10257 -0.297532
2.03462 -3.29988 -0.29376
2.24303 -3.6379 -0.298855
2.38994 -3.87616 -0.291817
2.68969 -4.36231 -0.29849
2.92229 -4.73956 -0.29181
3.36202 -5.45274 -0.298361
3.72957 -6.04886 -0.289557
4.49101 -7.28381 -0.29882
5.16598 -8.37853 -0.286407
6.71543 -10.8915 -0.297818
9.59822 -15.567 -0.319223
13.4304 -21.7822 -0.297767
1.50033 -2.41442 -0.298771
1.56972 -2.52609 -0.295106
1.68649 -2.714 -0.298296
1.77633 -2.85857 -0.294446
1.94632 -3.13212 -0.301016
2.05383 -3.30514 -0.294866
2.25975 -3.63651 -0.299388
2.41248 -3.8823 -0.292911
2.70529 -4.3535 -0.298532
2.9299 -4.71496 -0.290924
3.37775 -5.43567 -0.29807
3.75777 -6.04722 -0.290105
4.50183 -7.2446 -0.297854
5.201 -8.36973 -0.286725
6.76451 -10.8858 -0.298306
8.44937 -13.5972 -0.279433
13.5186 -21.7549 -0.298037
1.50344 -2.40068 -0.297718
1.59126 -2.5409 -0.297484
1.70123 -2.71651 -0.299223
1.79202 -2.86147 -0.295388
1.94119 -3.09967 -0.298547
2.05072 -3.27456 -0.292775
2.2729 -3.62934 -0.299449
2.43207 -3.8835 -0.293642
2.72534 -4.35178 -0.299065
2.96774 -4.73884 -0.293035
3.40402 -5.43549 -0.298711
3.7841 -6.0424 -0.290506
4.53282 -7.23794 -0.29823
5.23324 -8.35637 -0.286892
6.79701 -10.8534 -0.298065
8.49873 -13.5706 -0.279495
13.6011 -21.7181 -0.298181
1.51561 -2.40142 -0.298465
1.58437 -2.51035 -0.294554
1.70898 -2.70781 -0.298921
1.79898 -2.85041 -0.294893
1.94521 -3.08209 -0.297507
2.06869 -3.27775 -0.293704
2.28596 -3.622 -0.2995
2.43997 -3.86603 -0.292963
2.74511 -4.3495 -0.299565
2.96918 -4.70454 -0.291554
3.42009 -5.41898 -0.298458
3.80892 -6.03506 -0.290791
4.55824 -7.22233 -0.298241
5.26258 -8.33832 -0.286902
6.84944 -10.8526 -0.2987
8.55775 -13.5594 -0.279877
13.6785 -21.673 -0.298216
1.53533 -2.41394 -0.300686
1.59688 -2.51071 -0.295248
1.71753 -2.70041 -0.298765
1.8098 -2.84548 -0.295035
1.98157 -3.11553 -0.301401
2.08245 -3.27415 -0.294031
2.29485 -3.6081 -0.299013
2.46199 -3.87089 -0.293981
2.7478 -4.32026 -0.298211
2.98448 -4.69237 -0.291444
3.43446 -5.39986 -0.298064
3.8171 -6.00146 -0.289813
4.58625 -7.21077 -0.298423
5.30004 -8.33303 -0.287355
6.88998 -10.8328 -0.298816
8.60802 -13.534 -0.279973
13.7628 -21.6387 -0.298404
1.54575 -2.41167 -0.301074
1.6126 -2.51598 -0.296528
1.73809 -2.71176 -0.30069
1.82573 -2.8485 -0.296008
1.97062 -3.07455 -0.298101
2.09752 -3.27254 -0.294543
2.31378 -3.60995 -0.299834
2.46258 -3.84212 -0.292448
2.76444 -4.31307 -0.298379
3.006 -4.68996 -0.291944
3.46316 -5.40321 -0.298915
3.83894 -5.9895 -0.289881
4.61683 -7.20316 -0.298774
5.32846 -8.31345 -0.28732
6.9261 -10.8061 -0.298743
8.66679 -13.5219 -0.280347
13.8512 -21.6105 -0.298681
1.55806 -2.4123 -0.30183
1.61826 -2.50549 -0.295957
1.74556 -2.70259 -0.300348
1.83366 -2.83899 -0.295683
1.98953 -3.08032 -0.299332
2.12056 -3.28318 -0.296166
2.321 -3.59353 -0.299141
2.49537 -3.86349 -0.294736
2.78527 -4.31234 -0.299
3.02571 -4.6846 -0.292267
3.48166 -5.39053 -0.298884
3.86412 -5.98269 -0.290203
4.65385 -7.20539 -0.299539
5.35227 -8.28673 -0.287041
6.97952 -10.8062 -0.299418
8.70794 -13.4822 -0.280153
13.9343 -21.574 -0.298848
1.55671 -2.39183 -0.299948
1.62694 -2.49973 -0.295946
1.76662 -2.71435 -0.302339
1.84578 -2.83597 -0.296039
2.01374 -3.09403 -0.301347
2.12348 -3.26265 -0.294981
2.34078 -3.59652 -0.30007
2.50062 -3.84211 -0.29377
2.80048 -4.30283 -0.299017
3.05043 -4.68687 -0.293071
3.5052 -5.38561 -0.299288
3.89733 -5.9881 -0.291124
4.67896 -7.18905 -0.299537
5.40263 -8.30094 -0.288185
7.01982 -10.7857 -0.299528
8.77223 -13.4782 -0.280704
14.018 -21.5381 -0.299026
1.56485 -2.38606 -0.299908
1.63934 -2.49964 -0.296612
1.76398 -2.68968 -0.300276
1.8532 -2.82573 -0.295644
2.01151 -3.06712 -0.299408
2.13788 -3.25981 -0.295397
2.34695 -3.5786 -0.299256
2.51569 -3.83589 -0.293964
2.82688 -4.31039 -0.300227
3.05704 -4.66133 -0.292141
3.52876 -5.3806 -0.299693
3.9169 -5.97244 -0.291026
4.70182 -7.16926 -0.299395
5.42375 -8.27005 -0.287769
7.05581 -10.7586 -0.299459
8.81343 -13.4386 -0.280519
14.1002 -21.4998 -0.299177
1.5688 -2.37396 -0.299074
1.64959 -2.49622 -0.296887
1.76364 -2.6688 -0.29863
1.87501 -2.83733 -0.297541
2.02719 -3.06761 -0.300145
2.1432 -3.24316 -0.294566
2.36271 -3.57533 -0.299671
2.53062 -3.82941 -0.294143
2.85188 -4.31556 -0.301279
3.07727 -4.65662 -0.292518
3.55386 -5.37781 -0.300228
3.93261 -5.95094 -0.290647
4.73749 -7.16892 -0.30007
5.45365 -8.25263 -0.287824
7.10308 -10.7486 -0.29987
8.85801 -13.4042 -0.280446
14.1817 -21.4601 -0.299312
1.57982 -2.37257 -0.299593
1.65726 -2.48888 -0.296701
1.77476 -2.66533 -0.298934
1.86417 -2.79962 -0.294267
2.02808 -3.04576 -0.298699
2.16654 -3.2537 -0.296209
2.38009 -3.57442 -0.30029
2.5525 -3.83334 -0.295128
2.86034 -4.29566 -0.300585
3.10633 -4.66509 -0.293729
3.56765 -5.35789 -0.29981
3.96757 -5.95849 -0.29169
4.76798 -7.16055 -0.300415
5.49229 -8.24832 -0.288341
7.14168 -10.7254 -0.299916
8.92433 -13.4026 -0.281062
14.2764 -21.4403 -0.29973
1.58994 -2.36979 -0.299941
1.67099 -2.49059 -0.2976
1.78439 -2.65962 -0.298991
1.8889 -2.81538 -0.296616
2.04496 -3.04798 -0.299615
2.1825 -3.25298 -0.296836
2.397 -3.5727 -0.300847
2.57931 -3.84442 -0.296673
2.87067 -4.2787 -0.300098
3.12012 -4.6505 -0.293495
3.59439 -5.35739 -0.300482
3.99394 -5.95291 -0.292099
4.78731 -7.13542 -0.300061
5.52345 -8.23263 -0.288465
7.17284 -10.691 -0.299654
8.97033 -13.3702 -0.281038
14.3672 -21.4141 -0.300064
1.5682 -2.31983 -0.294309
1.67457 -2.47717 -0.296693
1.8104 -2.67811 -0.301778
1.91145 -2.82759 -0.298603
2.06355 -3.05259 -0.300775
2.19782 -3.25121 -0.297373
2.40909 -3.56375 -0.3008
2.57348 -3.80693 -0.294472
2.89058 -4.27602 -0.300617
3.13303 -4.63467 -0.293185
3.61073 -5.34132 -0.300287
4.01325 -5.93676 -0.291992
4.80978 -7.11507 -0.29991
5.55227 -8.21343 -0.28847
7.22196 -10.6834 -0.300145
9.02219 -13.3464 -0.2812
14.4341 -21.3522 -0.299901
1.57995 -2.31971 -0.294992
1.69921 -2.4948 -0.299513
1.81662 -2.66717 -0.30126
1.91536 -2.81216 -0.297679
2.06725 -3.03516 -0.299767
2.20509 -3.23753 -0.296824
2.42297 -3.55743 -0.300979
2.59543 -3.81064 -0.295459
2.90239 -4.26132 -0.300294
3.15927 -4.63848 -0.294123
3.62702 -5.32524 -0.300093
4.04896 -5.94473 -0.293078
4.85018 -7.12109 -0.300876
5.59213 -8.21042 -0.289049
7.27288 -10.6781 -0.300709
9.07368 -13.3221 -0.281353
14.523 -21.3228 -0.300198
1.58237 -2.3059 -0.293937
1.70087 -2.47859 -0.298279
1.83135 -2.66872 -0.302155
1.92782 -2.8093 -0.298087
2.08629 -3.04023 -0.300986
2.20388 -3.21158 -0.295149
2.43769 -3.55231 -0.301265
2.59193 -3.77708 -0.293557
2.91782 -4.25197 -0.300352
3.17699 -4.62965 -0.294264
3.6556 -5.3271 -0.300915
4.05356 -5.90703 -0.291916
4.88262 -7.11517 -0.301344
5.61562 -8.18333 -0.288784
7.31 -10.6524 -0.300703
9.13312 -13.3092 -0.281752
14.6062 -21.2849 -0.300381
1.59809 -2.31146 -0.295355
1.70832 -2.4709 -0.29807
1.78647 -2.58392 -0.293259
1.92919 -2.79036 -0.296791
2.09528 -3.03059 -0.300754
2.23409 -3.23136 -0.297682
2.45169 -3.54609 -0.301462
2.6253 -3.7972 -0.295831
2.94179 -4.25497 -0.301288
3.19432 -4.62022 -0.294373
3.68068 -5.32369 -0.301448
4.09002 -5.91576 -0.293051
4.90318 -7.09191 -0.301083
5.65133 -8.17401 -0.28915
7.35597 -10.6396 -0.301064
9.18609 -13.2866 -0.281953
14.6928 -21.2515 -0.300633
1.61512 -2.31874 -0.297005
1.71505 -2.46219 -0.29774
1.80541 -2.59191 -0.29488
1.94619 -2.79403 -0.297902
2.11122 -3.03096 -0.301521
2.24109 -3.2174 -0.297116
2.46576 -3.53994 -0.30167
2.63848 -3.78791 -0.295824
2.95245 -4.23865 -0.300861
3.21977 -4.62243 -0.295228
3.69955 -5.31123 -0.301472
4.1092 -5.89933 -0.292947
4.91742 -7.05964 -0.30044
5.68662 -8.16395 -0.289495
7.37985 -10.5948 -0.300525
9.2347 -13.2577 -0.282022
14.7863 -21.2278 -0.301026
1.62779 -2.3196 -0.297841
1.73832 -2.4771 -0.300276
1.80399 -2.57069 -0.29318
1.95538 -2.78643 -0.297818
2.11988 -3.02083 -0.301248
2.25939 -3.21963 -0.298048
2.47967 -3.53353 -0.30186
2.65835 -3.78815 -0.296567
2.97001 -4.23226 -0.301142
3.2345 -4.60917 -0.295101
3.71844 -5.29878 -0.301501
4.13053 -5.886 -0.293
4.9631 -7.07242 -0.30172
5.72227 -8.15425 -0.289858
7.44188 -10.6047 -0.30154
9.28338 -13.2288 -0.282095
14.8647 -21.1821 -0.301113
1.63208 -2.30852 -0.297149
1.73617 -2.45575 -0.298421
1.82654 -2.58358 -0.295376
1.97368 -2.7917 -0.299118
2.0756 -2.93587 -0.293497
2.25664 -3.19195 -0.296214
2.4878 -3.51891 -0.301351
2.67003 -3.77667 -0.296396
2.99504 -4.23638 -0.302178
3.2501 -4.59716 -0.295057
3.73882 -5.28844 -0.301653
4.16014 -5.88437 -0.29364
4.98468 -7.05066 -0.301533
5.74639 -8.12807 -0.289639
7.47361 -10.5712 -0.301328
9.34762 -13.2219 -0.282642
14.9488 -21.1446 -0.301319
1.64475 -2.30928 -0.297985
1.74732 -2.4533 -0.298862
1.83704 -2.57926 -0.295615
1.99121 -2.79573 -0.300292
2.08884 -2.93281 -0.293919
2.27293 -3.19128 -0.296887
2.50571 -3.5181 -0.30203
2.68572 -3.77084 -0.296673
3.01228 -4.22935 -0.302425
3.27327 -4.59579 -0.295701
3.7706 -5.29406 -0.302723
4.17585 -5.86305 -0.293302
5.02014 -7.04846 -0.302187
5.78266 -8.11907 -0.290036
7.51932 -10.5574 -0.301682
9.39968 -13.1975 -0.282821
15.0367 -21.112 -0.301602
1.65287 -2.30361 -0.297997
1.75205 -2.44184 -0.298211
1.84703 -2.57422 -0.295775
1.98149 -2.76161 -0.297369
2.0975 -2.9233 -0.293698
2.29418 -3.19742 -0.298201
2.51956 -3.51153 -0.302219
2.69362 -3.75412 -0.296096
3.02209 -4.21192 -0.301931
3.28459 -4.57776 -0.295278
3.79726 -5.29227 -0.303378
4.20829 -5.86513 -0.29414
5.04338 -7.029 -0.302106
5.80953 -8.09678 -0.289964
7.56433 -10.5425 -0.302008
9.45413 -13.1763 -0.283072
15.132 -21.0896 -0.302035
1.65367 -2.28782 -0.296699
1.77786 -2.45963 -0.30114
1.85677 -2.5688 -0.295895
1.99725 -2.76316 -0.298285
2.11292 -2.92317 -0.294425
2.30388 -3.18737 -0.298013
2.54461 -3.52042 -0.303747
2.71295 -3.7533 -0.296777
3.04589 -4.21392 -0.302836
3.3131 -4.5836 -0.296399
3.8079 -5.26814 -0.302756
4.23343 -5.85686 -0.294465
5.06961 -7.0137 -0.302208
5.84896 -8.09191 -0.290519
7.60048 -10.5151 -0.301983
9.50001 -13.1431 -0.283069
15.2069 -21.0384 -0.302061
1.6577 -2.2766 -0.295994
1.77984 -2.44434 -0.300027
1.85446 -2.54682 -0.294108
2.01472 -2.76691 -0.299448
2.12922 -2.92416 -0.295272
2.3051 -3.1657 -0.296739
2.46073 -3.37943 -0.292323
2.74098 -3.76432 -0.298403
3.06629 -4.21108 -0.3034
3.32768 -4.57006 -0.296273
3.82432 -5.25212 -0.3026
4.25429 -5.84262 -0.294495
5.10363 -7.00906 -0.302774
5.88504 -8.08221 -0.290907
7.64241 -10.4957 -0.302191
9.56449 -13.1354 -0.283622
15.2868 -20.9941 -0.30219
1.67711 -2.28643 -0.298031
1.79193 -2.44296 -0.300625
1.87049 -2.55006 -0.295235
2.02113 -2.75544 -0.298969
2.1401 -2.91763 -0.295365
2.33048 -3.17718 -0.298576
2.47282 -3.37123 -0.292359
2.75208 -3.75195 -0.298183
3.07108 -4.18685 -0.302425
3.34752 -4.56373 -0.296619
3.84102 -5.23652 -0.302473
4.27005 -5.82143 -0.294176
5.13221 -6.99681 -0.303018
5.91733 -8.06718 -0.291108
7.69417 -10.4896 -0.302787
9.6249 -13.1218 -0.284052
15.3899 -20.9812 -0.302776
1.66609 -2.25484 -0.294671
1.80237 -2.43928 -0.300945
1.89125 -2.55957 -0.297099
2.0503 -2.77483 -0.301848
2.15319 -2.91407 -0.295765
2.345 -3.17367 -0.299014
2.49779 -3.38045 -0.293913
2.77409 -3.75438 -0.299145
3.10522 -4.20253 -0.304339
3.36528 -4.55449 -0.296781
3.86511 -5.23094 -0.302929
4.30025 -5.81986 -0.294854
5.1569 -6.97923 -0.303034
5.9529 -8.05652 -0.291472
7.73334 -10.4661 -0.302888
9.67237 -13.0903 -0.284102
15.4908 -20.9648 -0.303319
1.69761 -2.2808 -0.298836
1.80791 -2.42898 -0.300451
1.91136 -2.56797 -0.298847
2.04823 -2.75186 -0.300127
2.16376 -2.90708 -0.295821
2.35996 -3.17068 -0.299507
2.52133 -3.38748 -0.295288
2.77942 -3.73423 -0.298311
3.11621 -4.18673 -0.303981
3.37303 -4.53177 -0.296067
3.89859 -5.23787 -0.304117
4.31539 -5.79786 -0.294502
5.19454 -6.97902 -0.303811
5.9851 -8.04116 -0.291671
7.78426 -10.4584 -0.303449
9.72102 -13.0605 -0.284189
15.5594 -20.9046 -0.303231
1.71069 -2.28168 -0.299733
1.82753 -2.43752 -0.302295
1.91168 -2.54976 -0.297503
2.06168 -2.74983 -0.300688
2.15949 -2.88028 -0.293859
2.37393 -3.1663 -0.299875
2.51698 -3.35709 -0.293404
2.7948 -3.72765 -0.298563
3.00575 -4.009 -0.291838
3.39483 -4.52795 -0.29659
3.91078 -5.21611 -0.303645
4.34639 -5.79712 -0.295234
5.20977 -6.94867 -0.303281
6.02322 -8.03364 -0.29216
7.8149 -10.4233 -0.303222
9.77188 -13.0335 -0.284343
15.6383 -20.8581 -0.303348
1.70313 -2.25513 -0.297025
1.82827 -2.42084 -0.301018
1.92082 -2.54339 -0.297541
2.07821 -2.75179 -0.301695
2.1827 -2.89015 -0.295643
2.3828 -3.1551 -0.2996
2.54477 -3.36957 -0.295269
2.81156 -3.72283 -0.298962
3.02924 -4.01106 -0.292757
3.41867 -4.52671 -0.297289
3.94118 -5.21857 -0.304587
4.37233 -5.78946 -0.29562
5.24738 -6.94813 -0.304055
6.0538 -8.01593 -0.292283
7.86124 -10.4092 -0.303608
9.83792 -13.0265 -0.284939
15.7188 -20.8135 -0.303496
1.71597 -2.25571 -0.297889
1.79967 -2.36574 -0.294945
1.93663 -2.54578 -0.298611
2.07988 -2.73409 -0.300549
2.19754 -2.88875 -0.296283
2.39208 -3.14449 -0.299385
2.55624 -3.36029 -0.295237
2.8198 -3.70675 -0.29846
3.05271 -4.01291 -0.293668
3.4406 -4.52281 -0.29782
3.95043 -5.193 -0.303899
4.40274 -5.78758 -0.296307
5.2775 -6.93749 -0.304395
6.07992 -7.9923 -0.292194
7.90637 -10.3933 -0.303947
9.88418 -12.9932 -0.284963
15.8144 -20.7886 -0.303937
1.71841 -2.24262 -0.296951
1.80451 -2.35498 -0.294388
1.9447 -2.53794 -0.298485
2.10656 -2.74918 -0.303014
2.21136 -2.88595 -0.296786
2.41206 -3.14788 -0.300507
2.56798 -3.35136 -0.295239
2.82875 -3.69168 -0.29804
3.05724 -3.98986 -0.292761
3.4606 -4.51628 -0.298185
3.97062 -5.18188 -0.304058
4.42512 -5.77503 -0.296454
5.29952 -6.91617 -0.30427
6.11893 -7.98554 -0.292727
7.95198 -10.3778 -0.304304
9.9621 -13.0011 -0.285898
15.9036 -20.755 -0.304256
1.74428 -2.25999 -0.300056
1.80819 -2.34279 -0.293652
1.95151 -2.52848 -0.298173
2.1136 -2.7385 -0.302649
2.21953 -2.87575 -0.296533
2.43519 -3.15517 -0.302014
2.57787 -3.34003 -0.295032
2.8581 -3.70311 -0.299768
3.07195 -3.98018 -0.292837
3.48563 -4.51618 -0.29898
4.00416 -5.18802 -0.305237
4.44382 -5.75766 -0.296358
5.32622 -6.90095 -0.304417
6.15039 -7.96879 -0.292898
8.00175 -10.3675 -0.304821
9.99434 -12.9492 -0.285523
15.9884 -20.7155 -0.304493
1.74585 -2.24576 -0.298975
1.81138 -2.33005 -0.292846
1.96675 -2.52991 -0.29915
2.11673 -2.72283 -0.301733
2.23466 -2.87453 -0.29721
2.44116 -3.14016 -0.301391
2.59641 -3.33987 -0.295818
2.87235 -3.69482 -0.299907
3.09087 -3.97591 -0.293314
3.49208 -4.492 -0.298185
4.01609 -5.16605 -0.304768
4.46556 -5.74423 -0.296468
5.35182 -6.88426 -0.304503
6.19034 -7.96288 -0.293474
8.04529 -10.349 -0.305101
10.0427 -12.9184 -0.285615
16.0764 -20.6797 -0.304791
1.7414 -2.22396 -0.29688
1.84535 -2.35671 -0.297005
1.97678 -2.52456 -0.299331
2.07072 -2.64453 -0.293856
2.24971 -2.87312 -0.297875
2.45355 -3.13345 -0.301568
2.60842 -3.33124 -0.295858
2.88636 -3.68619 -0.300023
3.10888 -3.97038 -0.293706
3.51488 -4.48888 -0.298792
3.8509 -4.91802 -0.290927
4.49247 -5.73736 -0.296921
5.38617 -6.87873 -0.305089
6.22567 -7.95085 -0.293831
8.08581 -10.3265 -0.305267
10.1182 -12.9221 -0.286476
16.1671 -20.6471 -0.305141
1.77002 -2.24431 -0.30042
1.8431 -2.33698 -0.295328
1.98674 -2.5191 -0.299505
2.08645 -2.64553 -0.294775
2.2509 -2.85404 -0.29671
2.47005 -3.13192 -0.30225
2.61716 -3.31845 -0.295532
2.89523 -3.67102 -0.29961
3.13513 -3.97521 -0.294872
3.53616 -4.4837 -0.299267
3.87509 -4.91345 -0.291456
4.5207 -5.73205 -0.297462
5.40151 -6.84888 -0.3046
6.25293 -7.92845 -0.293808
8.13535 -10.3153 -0.305776
10.1592 -12.8815 -0.286362
16.2413 -20.5932 -0.305182
1.7821 -2.24347 -0.301139
1.85343 -2.33327 -0.295676
2.00322 -2.52183 -0.300661
2.09145 -2.6329 -0.29418
2.27017 -2.85789 -0.297933
2.48682 -3.13063 -0.302961
2.64118 -3.32495 -0.296932
2.91137 -3.6651 -0.299954
3.14266 -3.95625 -0.294278
3.56006 -4.48172 -0.299963
3.88853 -4.89522 -0.291179
4.54421 -5.72066 -0.297693
5.4523 -6.86384 -0.306111
6.28665 -7.91419 -0.294092
8.18582 -10.305 -0.306318
10.2253 -12.8725 -0.286954
16.3478 -20.5801 -0.305832
1.78981 -2.23708 -0.301119
1.86684 -2.33336 -0.296513
2.0013 -2.50143 -0.299059
2.11349 -2.64165 -0.295981
2.28158 -2.85174 -0.298122
2.50343 -3.12904 -0.303652
2.64644 -3.30778 -0.296222
2.93292 -3.66585 -0.300852
3.1604 -3.95018 -0.294645
3.57231 -4.46503 -0.29968
3.91562 -4.89413 -0.291926
4.56993 -5.71196 -0.298069
5.4774 -6.8462 -0.306175
6.31878 -7.89784 -0.294303
8.22134 -10.2758 -0.306302
10.2751 -12.8429 -0.287093
16.4371 -20.5447 -0.306156
1.80671 -2.24211 -0.302644
1.87749 -2.32994 -0.296909
2.01623 -2.50212 -0.299982
2.13365 -2.64783 -0.297507
2.2926 -2.84508 -0.29826
2.50873 -3.1133 -0.302973
2.67481 -3.3194 -0.298098
2.96235 -3.67624 -0.302552
3.18171 -3.94846 -0.295345
3.59496 -4.46129 -0.30027
3.94463 -4.89524 -0.292812
4.59281 -5.69962 -0.29826
5.50361 -6.82991 -0.306305
6.36677 -7.90109 -0.295251
8.26398 -10.2555 -0.306554
10.3176 -12.804 -0.287028
16.5214 -20.5029 -0.306392
1.76491 -2.17463 -0.294366
1.87901 -2.31523 -0.29587
2.02779 -2.49855 -0.300402
2.14432 -2.64213 -0.297706
2.32068 -2.85943 -0.300613
2.44535 -3.01305 -0.294047
2.68017 -3.30237 -0.297407
2.96402 -3.65213 -0.301419
3.18908 -3.92943 -0.294753
3.60916 -4.44703 -0.300157
3.95002 -4.86703 -0.291948
4.61494 -5.68631 -0.298405
5.53443 -6.81926 -0.306692
6.39568 -7.88045 -0.295313
8.32484 -10.2575 -0.30748
10.3808 -12.7907 -0.28754
16.6103 -20.4665 -0.306713
1.77599 -2.17274 -0.294948
1.89834 -2.32242 -0.297634
2.04231 -2.49855 -0.301258
2.13844 -2.61615 -0.295619
2.32463 -2.84394 -0.299836
2.45327 -3.00131 -0.293736
2.69514 -3.29721 -0.297789
2.97587 -3.64066 -0.301329
3.20683 -3.92321 -0.295125
3.62852 -4.43911 -0.300476
3.96476 -4.85046 -0.291783
4.64369 -5.68106 -0.298979
5.57318 -6.8182 -0.307518
6.42462 -7.85983 -0.295379
8.356 -10.2227 -0.30731
10.4372 -12.7688 -0.287865
16.6968 -20.4268 -0.30699
1.78476 -2.16797 -0.295145
1.90905 -2.31894 -0.298041
2.04937 -2.48939 -0.301014
2.14769 -2.60882 -0.295636
2.33535 -2.83677 -0.299938
2.47399 -3.00518 -0.294959
2.70136 -3.28137 -0.297208
2.99512 -3.6382 -0.301989
3.21829 -3.90929 -0.294921
3.6527 -4.43697 -0.301192
3.99136 -4.84835 -0.292493
4.66933 -5.67187 -0.299353
5.59358 -6.79457 -0.307332
6.44865 -7.83323 -0.295224
8.39942 -10.2028 -0.307594
10.4932 -12.7462 -0.28818
16.7839 -20.3875 -0.30728
1.79073 -2.15979 -0.294881
1.92317 -2.31954 -0.298979
2.0568 -2.4807 -0.300831
2.1629 -2.60867 -0.296474
2.34058 -2.82297 -0.299342
2.48556 -2.99782 -0.295087
2.72186 -3.28284 -0.2982
3.02192 -3.64473 -0.303405
3.24846 -3.91796 -0.29643
3.66082 -4.41531 -0.300588
4.01938 -4.84777 -0.293303
4.68712 -5.65312 -0.299225
5.28137 -6.36985 -0.288954
6.49795 -7.83716 -0.296226
8.43966 -10.1791 -0.307764
10.544 -12.7171 -0.288355
16.8678 -20.3443 -0.307514
1.81015 -2.16776 -0.296831
1.91928 -2.29845 -0.297124
2.06758 -2.47605 -0.30114
2.18426 -2.61578 -0.298147
2.34896 -2.81301 -0.299155
2.48704 -2.97837 -0.294026
2.73465 -3.2749 -0.298345
3.02712 -3.62516 -0.302654
3.25786 -3.90148 -0.296042
3.68341 -4.4111 -0.301176
4.04367 -4.84254 -0.29384
4.72062 -5.65322 -0.300102
5.30107 -6.34835 -0.288817
6.5255 -7.81467 -0.296236
8.4906 -10.168 -0.308325
10.621 -12.7192 -0.289242
16.9726 -20.3257 -0.308128
1.82157 -2.16601 -0.297461
1.94583 -2.31377 -0.299981
2.02255 -2.40499 -0.293357
2.17756 -2.58932 -0.295996
2.35988 -2.80611 -0.299295
2.49829 -2.9707 -0.294128
2.7423 -3.26085 -0.297936
2.94556 -3.50254 -0.293275
3.28024 -3.90051 -0.296836
3.69647 -4.39544 -0.300987
4.06588 -4.8347 -0.294224
4.74079 -5.63723 -0.30013
5.32979 -6.33761 -0.289174
6.55159 -7.79044 -0.296183
8.52115 -10.1324 -0.308147
10.6651 -12.6817 -0.289234
17.064 -20.2906 -0.308497
1.82119 -2.15026 -0.29617
1.95441 -2.30755 -0.300058
2.0481 -2.41818 -0.295836
2.19542 -2.59212 -0.297191
2.38724 -2.8186 -0.301515
2.52196 -2.97767 -0.295688
2.76626 -3.2661 -0.299297
2.96139 -3.4965 -0.293633
3.30343 -3.90034 -0.2977
3.74013 -4.41595 -0.303284
4.07582 -4.8123 -0.293726
4.75539 -5.61465 -0.299811
5.34616 -6.31218 -0.288863
6.58831 -7.77877 -0.296613
8.56284 -10.1101 -0.308375
10.7179 -12.6546 -0.289468
17.129 -20.2241 -0.308394
1.83057 -2.14609 -0.296474
1.95393 -2.29071 -0.298754
2.04768 -2.40062 -0.294561
2.20421 -2.58414 -0.297158
2.39252 -2.8049 -0.300942
2.52515 -2.9604 -0.294848
2.77097 -3.24859 -0.298578
2.96846 -3.48012 -0.293126
3.32184 -3.89441 -0.298131
3.75521 -4.40248 -0.303258
4.10853 -4.8167 -0.294868
4.78825 -5.61358 -0.300645
5.38857 -6.31737 -0.289961
6.62085 -7.76205 -0.296855
8.61615 -10.1013 -0.309022
10.7744 -12.6315 -0.289799
17.2346 -20.2053 -0.309023
1.8417 -2.14393 -0.297062
1.9717 -2.29526 -0.300244
2.06114 -2.39938 -0.295291
2.22931 -2.59515 -0.299318
2.41153 -2.80728 -0.302098
2.55823 -2.97804 -0.297493
2.80374 -3.26384 -0.300878
2.98903 -3.47954 -0.293955
3.33479 -3.88205 -0.298074
3.77618 -4.39587 -0.303709
4.12888 -4.80645 -0.295122
4.81556 -5.60582 -0.301128
5.41758 -6.30663 -0.290335
6.66834 -7.76264 -0.297767
8.66984 -10.0926 -0.309682
10.8308 -12.6082 -0.290131
17.3301 -20.1741 -0.30947
1.8596 -2.14953 -0.298737
1.98578 -2.29538 -0.301165
2.07217 -2.39524 -0.29567
2.23291 -2.58105 -0.298588
2.42324 -2.80104 -0.302337
2.55627 -2.95482 -0.296064
2.81345 -3.25209 -0.300699
3.00493 -3.47344 -0.294325
3.35254 -3.87524 -0.298449
3.79047 -4.38145 -0.303626
4.14877 -4.79561 -0.295345
4.84447 -5.59978 -0.301711
5.44142 -6.28979 -0.290433
6.69449 -7.73823 -0.297725
8.71295 -10.0714 -0.309963
10.8819 -12.5785 -0.290321
17.4104 -20.1248 -0.309646
1.86869 -2.14486 -0.298993
1.98718 -2.28086 -0.300168
2.09805 -2.40811 -0.298162
2.24496 -2.57672 -0.298994
2.36968 -2.71988 -0.294468
2.58149 -2.963 -0.297784
2.83116 -3.24956 -0.301377
3.01046 -3.45535 -0.293682
3.37175 -3.87003 -0.298953
3.80383 -4.36597 -0.303473
4.17403 -4.79088 -0.29595
4.85968 -5.57786 -0.301442
5.47093 -6.27944 -0.290835
6.73903 -7.73494 -0.298503
8.74937 -10.0424 -0.310009
10.9491 -12.5672 -0.290939
17.5129 -20.101 -0.310219
1.86404 -2.12449 -0.297059
1.99696 -2.27597 -0.300442
2.09809 -2.39123 -0.296977
2.26402 -2.58035 -0.300331
2.39225 -2.72649 -0.296087
2.59113 -2.95316 -0.297704
2.83819 -3.23474 -0.300921
3.04197 -3.467 -0.295573
3.38673 -3.85993 -0.299085
3.8175 -4.35088 -0.303349
4.19025 -4.77572 -0.295915
4.89324 -5.57692 -0.302314
5.49577 -6.26363 -0.290991
6.7739 -7.72034 -0.298851
8.80523 -10.0355 -0.310744
10.9967 -12.5331 -0.291038
17.5983 -20.0572 -0.310488
1.87553 -2.12257 -0.297706
1.97714 -2.23758 -0.296283
2.11083 -2.38887 -0.297598
2.25326 -2.55006 -0.297719
2.39657 -2.71225 -0.295447
2.5936 -2.93524 -0.296809
2.86425 -3.24153 -0.302482
3.05353 -3.45575 -0.295521
3.40129 -3.84931 -0.299181
3.68382 -4.16906 -0.291567
4.20853 -4.76289 -0.296029
4.90091 -5.54646 -0.301589
5.52232 -6.24973 -0.291239
6.80694 -7.70356 -0.29912
8.83184 -9.99518 -0.310449
11.0423 -12.4968 -0.29109
17.6764 -20.0048 -0.310632
1.89182 -2.126 -0.299112
1.96876 -2.21246 -0.293866
2.12051 -2.383 -0.297787
2.27452 -2.55607 -0.299346
2.39587 -2.69244 -0.2942
2.61017 -2.93327 -0.29753
2.86972 -3.22495 -0.301867
3.05291 -3.43082 -0.2943
3.42421 -3.84807 -0.300013
3.70784 -4.16681 -0.292314
4.22888 -4.75235 -0.296291
4.93623 -5.54726 -0.302568
5.55023 -6.23726 -0.29156
6.83902 -7.68559 -0.299348
8.90641 -10.0089 -0.311839
11.0964 -12.47 -0.291366
17.7746 -19.9748 -0.311128
1.90493 -2.12573 -0.300008
1.98692 -2.21723 -0.295419
2.12053 -2.36632 -0.296627
2.29751 -2.56382 -0.301192
2.41876 -2.69912 -0.295851
2.64222 -2.94849 -0.300008
2.89027 -3.22528 -0.302842
3.08053 -3.4376 -0.295802
3.43609 -3.83437 -0.299878
3.72484 -4.15659 -0.292508
4.25508 -4.74829 -0.296963
4.96416 -5.53956 -0.303092
5.59219 -6.24039 -0.292618
6.87389 -7.67065 -0.299699
8.92949 -9.96451 -0.311427
11.1751 -12.4704 -0.292286
17.8781 -19.9504 -0.311719
1.91968 -2.12719 -0.301159
2.00271 -2.2192 -0.296612
2.13579 -2.36666 -0.297603
2.31449 -2.56468 -0.302242
2.43549 -2.69876 -0.296742
2.64263 -2.92829 -0.29889
2.90076 -3.21433 -0.302763
3.09441 -3.42891 -0.295983
3.44462 -3.81698 -0.299457
3.74964 -4.15497 -0.293314
4.2666 -4.72782 -0.296613
4.98965 -5.52903 -0.303467
5.63126 -6.23999 -0.29352
6.91715 -7.66488 -0.300416
8.99165 -9.96363 -0.312379
11.2115 -12.4235 -0.292102
17.9554 -19.8963 -0.311853
1.92149 -2.11431 -0.300283
2.0187 -2.22126 -0.297829
2.14571 -2.36102 -0.297835
2.3132 -2.54532 -0.300911
2.441 -2.68595 -0.296269
2.65546 -2.92193 -0.299186
2.81991 -3.10288 -0.293191
3.11475 -3.42731 -0.296782
3.46789 -3.81588 -0.30032
3.76567 -4.14353 -0.293433
4.30889 -4.74127 -0.298399
5.00915 -5.5118 -0.30348
5.64619 -6.21276 -0.293165
6.95092 -7.64841 -0.30072
9.0244 -9.92996 -0.31231
11.2794 -12.4113 -0.292739
18.0436 -19.8542 -0.312178
1.9413 -2.12117 -0.302219
2.03594 -2.22458 -0.299225
2.15786 -2.35779 -0.298376
2.33706 -2.55359 -0.302851
2.4544 -2.68181 -0.296756
2.66434 -2.9112 -0.299038
2.84553 -3.10918 -0.294724
3.12222 -3.4115 -0.296357
3.48004 -3.80248 -0.30022
3.78766 -4.1386 -0.294019
4.33174 -4.73308 -0.298834
5.04774 -5.51543 -0.304649
5.67529 -6.20112 -0.293549
6.97245 -7.61846 -0.300499
8.24535 -9.0093 -0.284258
11.352 -12.4037 -0.293496
18.1572 -19.8395 -0.312943
1.94397 -2.10924 -0.301486
2.02866 -2.20114 -0.297023
2.16485 -2.3489 -0.298206
2.27821 -2.47189 -0.294104
2.47511 -2.68554 -0.298124
2.67821 -2.9059 -0.299454
2.85907 -3.10215 -0.295002
3.14454 -3.41188 -0.297342
3.50927 -3.80762 -0.301592
3.79551 -4.1182 -0.29351
4.33777 -4.70656 -0.298115
5.06349 -5.49398 -0.30444
5.71151 -6.19709 -0.294301
7.01403 -7.61035 -0.301143
8.29172 -8.99666 -0.284771
11.3988 -12.3679 -0.293587
18.2394 -19.7901 -0.313167
1.91034 -2.05827 -0.295152
2.0347 -2.19227 -0.296784
2.18439 -2.35355 -0.299764
2.2918 -2.46928 -0.294744
2.47158 -2.66299 -0.296577
2.69049 -2.89884 -0.299693
2.86243 -3.0841 -0.294236
3.16634 -3.41154 -0.298274
3.52821 -3.80144 -0.302077
3.81797 -4.11363 -0.294133
4.36962 -4.708 -0.299171
5.09776 -5.49254 -0.305345
5.72022 -6.16319 -0.293638
7.03781 -7.58283 -0.301025
8.33226 -8.97752 -0.285085
11.455 -12.342 -0.293922
18.323 -19.742 -0.313415
1.91593 -2.0499 -0.294909
2.05566 -2.19939 -0.298719
2.20518 -2.35936 -0.301483
2.31052 -2.47207 -0.296039
2.49511 -2.66957 -0.298279
2.71197 -2.90159 -0.300955
2.88161 -3.0831 -0.295098
3.17002 -3.39167 -0.297503
3.55254 -3.80093 -0.303021
3.84554 -4.11443 -0.295149
4.39017 -4.69713 -0.299453
5.12453 -5.48284 -0.305799
5.76217 -6.16507 -0.294685
7.08711 -7.58265 -0.301999
8.38571 -8.97204 -0.28584
11.5175 -12.3228 -0.29442
18.4232 -19.7113 -0.313949
1.93169 -2.05233 -0.296229
1.95929 -2.08166 -0.283657
2.20921 -2.34719 -0.300913
2.31311 -2.45758 -0.29527
2.48997 -2.64548 -0.296558
2.73338 -2.90409 -0.302203
2.89053 -3.07107 -0.294912
3.20446 -3.4046 -0.299617
3.56279 -3.7853 -0.302765
3.84677 -4.08702 -0.294145
4.41079 -4.68627 -0.299741
5.14129 -5.4624 -0.305659
5.77469 -6.13536 -0.294227
7.12643 -7.57152 -0.302546
8.42171 -8.9477 -0.285999
11.5818 -12.3052 -0.294965
18.5074 -19.6633 -0.314211
1.91304 -2.01835 -0.292286
1.93349 -2.03992 -0.278888
2.21409 -2.33597 -0.300464
2.33513 -2.46368 -0.29698
2.51189 -2.65017 -0.298065
2.74448 -2.89555 -0.30231
2.90292 -3.06272 -0.295082
3.19718 -3.37318 -0.297833
3.57819 -3.77516 -0.302952
3.88031 -4.09391 -0.295614
4.42804 -4.67179 -0.299802
4.89263 -5.16196 -0.289802
5.82747 -6.14826 -0.29582
7.15655 -7.55049 -0.302703
8.46014 -8.92585 -0.286244
11.6349 -12.2754 -0.295223
18.5985 -19.6223 -0.314592
1.93535 -2.02765 -0.29461
1.92203 -2.0137 -0.276219
2.22558 -2.33172 -0.300916
2.33957 -2.45115 -0.296453
2.52758 -2.64812 -0.298826
2.75891 -2.89049 -0.302786
2.9295 -3.06922 -0.296693
3.2381 -3.39253 -0.300539
3.59681 -3.76835 -0.303412
3.91023 -4.09672 -0.296802
4.45545 -4.66795 -0.300553
4.92501 -5.1599 -0.29065
5.85101 -6.13006 -0.295926
7.19427 -7.53739 -0.303183
8.50343 -8.90899 -0.286654
11.7088 -12.2673 -0.296009
18.7115 -19.6039 -0.315345
1.92808 -2.00595 -0.292435
1.92049 -1.99806 -0.274993
1.9807 -2.06071 -0.266832
2.34751 -2.44233 -0.296377
2.53048 -2.63269 -0.29808
2.68054 -2.78881 -0.293113
2.92985 -3.04819 -0.295647
3.24234 -3.37331 -0.299837
3.48782 -3.6287 -0.293147
3.90813 -4.06598 -0.295562
4.48238 -4.66343 -0.301268
4.95914 -5.15945 -0.291599
5.87751 -6.11492 -0.296185
7.23194 -7.52405 -0.303661
8.5472 -8.89244 -0.287081
11.7449 -12.2193 -0.295841
18.7838 -19.5425 -0.31541
1.91192 -1.97529 -0.288936
1.93509 -1.99922 -0.276081
1.95701 -2.02188 -0.262687
2.36905 -2.44757 -0.298015
2.56694 -2.65202 -0.301283
2.70803 -2.79778 -0.295049
2.95573 -3.0537 -0.297181
3.26065 -3.36872 -0.300441
3.48989 -3.60556 -0.29226
3.92477 -4.05485 -0.295748
4.50513 -4.65445 -0.301703
4.97866 -5.14367 -0.291688
5.90904 -6.10489 -0.296697
7.25586 -7.49635 -0.303564
8.58944 -8.87413 -0.287456
11.8092 -12.2006 -0.296385
18.8836 -19.5095 -0.31594
1.92915 -1.9792 -0.290493
1.92268 -1.97257 -0.273326
1.96356 -2.01451 -0.262619
1.95933 -2.01017 -0.24559
1.96972 -2.02083 -0.230357
1.9758 -2.02706 -0.214497
2.96826 -3.04528 -0.297369
3.27225 -3.35716 -0.300427
3.51305 -3.60421 -0.293144
3.96471 -4.06759 -0.297685
4.52258 -4.63993 -0.301784
5.00129 -5.13106 -0.291962
5.93168 -6.0856 -0.296764
7.31812 -7.50801 -0.305069
8.64339 -8.86766 -0.288223
11.8769 -12.1851 -0.297013
18.9844 -19.477 -0.316486
1.93649 -1.97291 -0.290559
1.93613 -1.97253 -0.274256
1.95292 -1.98965 -0.260266
1.96381 -2.00074 -0.245273
1.97321 -2.01032 -0.229942
1.96504 -2.00199 -0.212569
1.97789 -2.01508 -0.197444
1.99437 -2.03187 -0.182451
1.97839 -2.01559 -0.164497
1.99067 -2.0281 -0.148934
4.54852 -4.63404 -0.302433
5.01747 -5.11182 -0.291863
5.95649 -6.06849 -0.296943
7.34651 -7.48465 -0.305161
8.66973 -8.83275 -0.288071
11.9387 -12.1632 -0.297494
19.0843 -19.4432 -0.317018
1.93474 -1.95739 -0.289268
1.9525 -1.97537 -0.275597
1.96598 -1.989 -0.261078
1.96971 -1.99278 -0.24514
1.96255 -1.98553 -0.22789
1.9694 -1.99246 -0.212286
1.97706 -2.00021 -0.196662
1.99089 -2.0142 -0.181488
1.98319 -2.00641 -0.164312
1.98865 -2.01193 -0.148256
1.98334 -2.00656 -0.131406
2.01085 -2.0344 -0.116556
5.98878 -6.0589 -0.297496
7.36713 -7.4534 -0.304934
8.72239 -8.82452 -0.288795
11.9786 -12.1189 -0.297432
19.165 -19.3894 -0.317231
1.93472 -1.94375 -0.288249
1.93671 -1.94574 -0.272407
1.97366 -1.98286 -0.261176
1.96716 -1.97634 -0.243961
1.97189 -1.98109 -0.228169
1.98567 -1.99493 -0.213287
1.97114 -1.98034 -0.195385
1.9756 -1.98481 -0.179461
1.98941 -1.99869 -0.164248
1.98194 -1.99119 -0.147236
2.00546 -2.01481 -0.132405
1.9808 -1.99004 -0.11441
2.00073 -2.01007 -0.0990381
2.00631 -2.01567 -0.0827517
2.01334 -2.02273 -0.0664264
12.0362 -12.0923 -0.297811
19.2745 -19.3644 -0.317921
1.94005 -1.93553 -0.288034
1.9391 -1.93458 -0.271791
1.95798 -1.95342 -0.258197
1.97453 -1.96993 -0.24402
1.9825 -1.97788 -0.228596
1.97852 -1.97392 -0.211778
1.9784 -1.97379 -0.195419
1.98721 -1.98258 -0.179886
1.98438 -1.97976 -0.163261
1.98431 -1.97969 -0.146898
1.99419 -1.98954 -0.131201
2.00045 -1.99579 -0.115142
1.99032 -1.98568 -0.0981786
2.00891 -2.00423 -0.0825694
1.98456 -1.97994 -0.0652485
2.00563 -2.00096 -0.0494519
2.01496 -2.01027 -0.0331196
2.00309 -1.99843 -0.0164617
2.01709 -2.01239 -1.42464e-07
1.95493 -1.9368 -0.289236
1.9414 -1.92339 -0.271169
1.96615 -1.94791 -0.258376
1.97122 -1.95294 -0.242766
1.9754 -1.95708 -0.226988
1.98778 -1.96934 -0.212031
1.98082 -1.96245 -0.19498
1.9902 -1.97174 -0.179531
1.98762 -1.96918 -0.16296
1.99674 -1.97822 -0.147306
1.9891 -1.97065 -0.130412
1.99299 -1.9745 -0.114314
1.9988 -1.98026 -0.098255
2.00635 -1.98774 -0.0821785
2.01406 -1.99537 -0.0659886
1.99552 -1.97701 -0.0490322
2.00409 -1.9855 -0.0328266
2.00901 -1.99038 -0.0164532
2.01048 -1.99184 -1.41505e-07
1.9532 -1.92161 -0.287986
1.94848 -1.91697 -0.271222
1.98815 -1.95599 -0.260367
1.97781 -1.94583 -0.24274
1.98753 -1.95538 -0.227595
1.97964 -1.94762 -0.210436
1.9954 -1.96313 -0.195739
2.00833 -1.97585 -0.180543
1.99222 -1.96 -0.162775
1.99507 -1.96281 -0.146676
2.01193 -1.97939 -0.131455
1.99699 -1.96469 -0.11415
2.00571 -1.97327 -0.0982555
2.00289 -1.9705 -0.0817542
1.9994 -1.96707 -0.0652829
2.02211 -1.9894 -0.0495143
2.01196 -1.97942 -0.0328421
2.02147 -1.98877 -0.0164981
2.03136 -1.99851 -1.42482e-07
1.96202 -1.91684 -0.288297
1.96607 -1.92081 -0.272735
1.98383 -1.93816 -0.258913
1.99067 -1.94483 -0.243482
2.00052 -1.95446 -0.228299
1.98326 -1.9376 -0.2101
1.99065 -1.94482 -0.194606
2.00826 -1.96203 -0.17992
2.00564 -1.95946 -0.163311
2.00198 -1.95589 -0.146681
2.01383 -1.96747 -0.13113
2.02114 -1.9746 -0.115135
1.99868 -1.95266 -0.0975761
2.02796 -1.98127 -0.0824948
2.01006 -1.96378 -0.0654067
2.02207 -1.97551 -0.0493441
2.02283 -1.97626 -0.0329066
2.0155 -1.96909 -0.0163932
2.01783 -1.97137 -1.41049e-07
1.97767 -1.91868 -0.28961
1.96588 -1.90725 -0.271783
2.00734 -1.94746 -0.261092
2.00296 -1.94321 -0.244154
1.99411 -1.93463 -0.226796
2.00597 -1.94614 -0.211784
2.0057 -1.94588 -0.195412
2.00739 -1.94751 -0.179231
2.0192 -1.95897 -0.163858
2.0171 -1.95693 -0.147287
2.01767 -1.95749 -0.130934
2.03099 -1.97041 -0.115304
2.0307 -1.97013 -0.098803
2.02905 -1.96853 -0.0822588
2.03785 -1.97706 -0.0660857
2.02093 -1.96065 -0.049149
2.03491 -1.97421 -0.0329907
2.04676 -1.98571 -0.016591
1.9703 -1.89821 -0.287558
1.97593 -1.90364 -0.272251
2.02014 -1.94623 -0.261872
2.00456 -1.93122 -0.243525
2.00744 -1.93399 -0.227542
2.01584 -1.94209 -0.212109
2.02343 -1.9494 -0.196474
2.01003 -1.93649 -0.178862
2.01469 -1.94098 -0.16294
2.03148 -1.95715 -0.147836
2.03378 -1.95937 -0.131534
2.03152 -1.95719 -0.114944
2.04872 -1.97376 -0.0993436
2.05238 -1.97729 -0.0829241
2.05804 -1.98274 -0.0665154
12.412 -11.9579 -0.300842
19.8605 -19.1338 -0.3209
1.98425 -1.89833 -0.288625
1.98097 -1.8952 -0.272032
2.00423 -1.91745 -0.258939
2.03259 -1.94458 -0.246104
2.02187 -1.93433 -0.228411
2.02795 -1.94014 -0.212668
2.03252 -1.94451 -0.196696
2.03764 -1.94941 -0.180712
2.02284 -1.93525 -0.163051
2.03141 -1.94345 -0.147336
2.05009 -1.96133 -0.132145
2.03889 -1.95061 -0.114976
2.05876 -1.96962 -0.0994962
7.67853 -7.34605 -0.309203
9.07207 -8.67926 -0.292226
12.4642 -11.9245 -0.301096
19.9309 -19.0679 -0.32096
1.99477 -1.8951 -0.28919
2.01043 -1.90997 -0.275159
2.03229 -1.93074 -0.261691
2.03064 -1.92917 -0.24505
2.04067 -1.93871 -0.229768
2.04341 -1.94131 -0.213577
2.05036 -1.94791 -0.197763
2.05359 -1.95098 -0.181521
2.06014 -1.9572 -0.165506
2.0695 -1.96609 -0.1496
4.56483 -4.33674 -0.293262
5.28369 -5.01967 -0.296963
6.26052 -5.9477 -0.301554
7.15461 -6.79711 -0.287148
9.11245 -8.65712 -0.29255
12.516 -11.8906 -0.30134
20.0393 -19.038 -0.321633
2.00635 -1.8928 -0.289908
2.01522 -1.90118 -0.274904
2.05291 -1.93673 -0.263473
2.04035 -1.92489 -0.24541
2.05968 -1.94311 -0.231142
2.05334 -1.93714 -0.213906
3.05843 -2.88534 -0.294019
3.36024 -3.17008 -0.296038
3.74329 -3.53145 -0.299733
4.19297 -3.95568 -0.3021
4.57784 -4.31877 -0.293126
5.30178 -5.00174 -0.296996
6.29712 -5.94076 -0.302316
7.19628 -6.78903 -0.287867
9.16336 -8.64478 -0.293213
12.5968 -11.8839 -0.302286
20.1342 -18.9948 -0.322089
2.03663 -1.90797 -0.293319
2.02292 -1.89513 -0.27505
2.136 -2.00106 -0.273238
2.47103 -2.31493 -0.296236
2.66713 -2.49864 -0.29833
2.88815 -2.7057 -0.299886
3.07411 -2.87991 -0.294558
3.37031 -3.1574 -0.295951
3.74222 -3.50581 -0.298665
4.21885 -3.95234 -0.302969
4.6149 -4.32336 -0.29453
5.33996 -5.00262 -0.298154
6.32006 -5.9208 -0.302422
7.23297 -6.77605 -0.288386
9.19332 -8.61255 -0.293208
12.652 -11.8527 -0.302614
20.2452 -18.9662 -0.322802
2.0368 -1.89481 -0.292388
2.01427 -1.87385 -0.272981
2.10649 -1.95965 -0.268586
2.47149 -2.2992 -0.295326
2.67986 -2.49305 -0.298779
2.90157 -2.6993 -0.300298
3.08003 -2.86532 -0.294164
3.38696 -3.15085 -0.296445
3.76663 -3.50406 -0.299634
4.24532 -3.94938 -0.303877
4.62455 -4.30217 -0.294185
5.34614 -4.97346 -0.297527
6.35052 -5.90782 -0.30289
7.26572 -6.75922 -0.288748
9.24038 -8.59623 -0.293749
12.7024 -11.8169 -0.302831
20.3327 -18.9153 -0.323143
2.04567 -1.88978 -0.292712
2.04401 -1.88825 -0.276117
2.10874 -1.94804 -0.268004
2.49688 -2.3066 -0.297395
2.69133 -2.48623 -0.299087
2.92244 -2.69973 -0.30148
3.1021 -2.8657 -0.295314
3.41876 -3.15823 -0.298261
3.78216 -3.49394 -0.299897
4.25745 -3.93301 -0.30376
4.64024 -4.28663 -0.294229
5.37756 -4.96776 -0.298308
6.39468 -5.90737 -0.30401
7.31043 -6.75333 -0.289586
9.28328 -8.57584 -0.294159
12.7712 -11.798 -0.303487
20.4319 -18.8749 -0.32367
2.0616 -1.89119 -0.294044
2.06455 -1.8939 -0.277996
2.11898 -1.94382 -0.26844
2.50408 -2.29709 -0.297295
2.71356 -2.48926 -0.300589
2.92811 -2.68607 -0.301096
3.09824 -2.84214 -0.294
3.42819 -3.14482 -0.298123
3.79981 -3.48572 -0.300329
4.10703 -3.76755 -0.292087
4.67909 -4.29232 -0.29574
5.39924 -4.95294 -0.298549
6.43516 -5.90324 -0.304953
7.35244 -6.74469 -0.290315
9.35094 -8.578 -0.295351
12.836 -11.775 -0.304047
20.5255 -18.8289 -0.324109
2.07408 -1.88934 -0.294881
2.10512 -1.91761 -0.282555
2.33873 -2.13041 -0.295335
2.52474 -2.29986 -0.298793
2.71173 -2.47019 -0.299429
2.85997 -2.60523 -0.293151
3.13368 -2.85456 -0.296415
3.4505 -3.14315 -0.299106
3.81901 -3.47884 -0.300884
4.11126 -3.74506 -0.291456
4.69563 -4.27738 -0.295839
5.4438 -4.95891 -0.300053
6.4331 -5.86009 -0.303883
7.37392 -6.71711 -0.290235
9.37812 -8.5428 -0.295266
12.8978 -11.749 -0.304537
20.6223 -18.7854 -0.324598
2.0968 -1.89667 -0.297167
2.21118 -2.00014 -0.295851
2.35068 -2.12632 -0.295904
2.52991 -2.28845 -0.298457
2.72963 -2.4691 -0.300451
2.8784 -2.60368 -0.294106
3.14099 -2.8412 -0.296166
3.45568 -3.12586 -0.298608
3.84785 -3.4806 -0.302197
4.14095 -3.74572 -0.292631
4.71072 -4.26112 -0.29585
5.46063 -4.93945 -0.300028
6.4867 -5.86759 -0.305445
7.41849 -6.71045 -0.291065
9.42723 -8.52747 -0.295872
12.9689 -11.7311 -0.305247
20.7369 -18.7577 -0.325368
2.11603 -1.90067 -0.29895
2.22008 -1.99413 -0.296108
2.37577 -2.13397 -0.298122
2.54584 -2.28674 -0.299392
2.73414 -2.45587 -0.300002
2.8904 -2.59623 -0.294404
3.15826 -2.83683 -0.296858
3.46154 -3.10924 -0.298173
3.86534 -3.47195 -0.302616
4.16453 -3.74068 -0.293372
4.73154 -4.24999 -0.296224
5.47856 -4.92098 -0.300067
6.5174 -5.85409 -0.305925
7.44528 -6.68754 -0.291197
9.46757 -8.50401 -0.296204
13.0009 -11.6777 -0.305036
20.8263 -18.7067 -0.325744
2.08376 -1.85857 -0.293472
2.22141 -1.98135 -0.29536
2.37228 -2.11592 -0.296755
2.55255 -2.27671 -0.299244
2.75565 -2.45786 -0.301418
2.89871 -2.58545 -0.294328
3.17509 -2.83197 -0.297508
3.48341 -3.10697 -0.299121
3.86936 -3.45121 -0.301984
4.20377 -3.74948 -0.295212
4.75311 -4.23946 -0.296645
5.50942 -4.91404 -0.300815
6.53588 -5.82957 -0.305835
7.47381 -6.66614 -0.291401
9.51748 -8.48896 -0.296836
13.0712 -11.6586 -0.305729
20.9226 -18.6615 -0.326228
2.0907 -1.8517 -0.293537
2.2368 -1.98109 -0.296484
2.39784 -2.12372 -0.299023
2.57359 -2.27938 -0.300775
2.69638 -2.38813 -0.294021
2.92725 -2.5926 -0.296305
3.19144 -2.82659 -0.298113
3.51823 -3.11603 -0.301174
3.89821 -3.45257 -0.303293
4.21907 -3.73675 -0.295368
4.77691 -4.23082 -0.297206
5.53628 -4.90338 -0.301345
6.575 -5.82335 -0.306712
7.52108 -6.66127 -0.292335
9.55803 -8.46536 -0.297176
13.1453 -11.6425 -0.306508
21.0298 -18.6257 -0.326884
2.1121 -1.85752 -0.295629
2.24422 -1.97372 -0.296553
2.40093 -2.11154 -0.298487
2.57643 -2.26588 -0.30018
2.71589 -2.38853 -0.295236
2.94381 -2.58899 -0.297065
3.19909 -2.81349 -0.297908
3.52616 -3.10114 -0.300923
3.76987 -3.31547 -0.292405
4.23299 -3.72277 -0.29543
4.79682 -4.21864 -0.297526
5.57976 -4.90721 -0.302777
6.21876 -5.46919 -0.289201
7.55899 -6.64787 -0.292904
9.60426 -8.44662 -0.297695
13.1999 -11.6089 -0.306835
21.1234 -18.5773 -0.327328
2.13731 -1.86649 -0.298243
2.26687 -1.97963 -0.29863
2.41887 -2.11237 -0.299797
2.60917 -2.27856 -0.303065
2.72774 -2.38211 -0.295618
2.94551 -2.57228 -0.296327
3.24321 -2.83227 -0.301094
3.54133 -3.09261 -0.301294
3.79313 -3.3125 -0.29331
4.26042 -3.72059 -0.296436
4.83806 -4.22503 -0.299167
5.59543 -4.88644 -0.302699
6.24983 -5.45791 -0.289757
7.58885 -6.62727 -0.293162
9.66051 -8.43642 -0.298523
13.2824 -11.5994 -0.30781
17.7144 -15.4698 -0.273662
2.13504 -1.8514 -0.297021
2.27201 -1.97018 -0.298399
2.42211 -2.10034 -0.299288
2.59055 -2.2464 -0.299989
2.75122 -2.38572 -0.297258
2.96076 -2.56743 -0.296957
3.2312 -2.80194 -0.299068
3.56059 -3.08757 -0.302013
3.80549 -3.29994 -0.293373
4.26426 -3.69776 -0.295802
4.85765 -4.21232 -0.299466
5.61511 -4.86915 -0.302841
6.27172 -5.43853 -0.28989
7.63066 -6.61694 -0.293882
9.70111 -8.41233 -0.298868
13.3371 -11.5653 -0.308138
17.7977 -15.4333 -0.274116
2.14442 -1.84645 -0.297428
2.29 -1.97181 -0.299855
2.43125 -2.09342 -0.299511
2.56283 -2.20672 -0.295885
2.75051 -2.36832 -0.296285
2.98422 -2.56956 -0.298408
3.25939 -2.8065 -0.300768
3.57255 -3.07614 -0.302114
3.83756 -3.30433 -0.294953
4.29724 -3.70014 -0.297192
4.87789 -4.20011 -0.299808
5.64274 -4.85868 -0.303414
6.30678 -5.43045 -0.290632
7.66277 -6.59803 -0.294229
9.7484 -8.39386 -0.299419
13.3812 -11.5219 -0.308226
17.8444 -15.3649 -0.274007
2.15468 -1.84222 -0.297957
2.28865 -1.95676 -0.298781
2.45011 -2.09481 -0.300932
2.55812 -2.18716 -0.294457
2.76105 -2.36065 -0.29653
2.98591 -2.55291 -0.297684
3.26491 -2.79145 -0.300375
3.58157 -3.06219 -0.301971
3.83997 -3.28312 -0.294255
4.30184 -3.678 -0.296619
4.89787 -4.18761 -0.300135
5.67479 -4.85186 -0.304224
6.33589 -5.41709 -0.291099
7.68843 -6.57349 -0.294331
9.79408 -8.37379 -0.299922
13.4406 -11.4915 -0.308667
17.9484 -15.3456 -0.274779
2.15078 -1.82592 -0.296534
2.30676 -1.95833 -0.30025
2.40551 -2.04218 -0.294576
2.57207 -2.18357 -0.295183
2.7723 -2.35356 -0.296855
3.00681 -2.55265 -0.298876
3.28226 -2.7865 -0.301075
3.49351 -2.96583 -0.293671
3.86152 -3.27826 -0.295027
4.33558 -3.68071 -0.298057
4.92313 -4.17952 -0.300787
5.70703 -4.84502 -0.305043
6.36618 -5.4046 -0.291622
7.73165 -6.56383 -0.295106
9.83364 -8.34833 -0.300239
13.5343 -11.49 -0.309896
18.0357 -15.3115 -0.275295
2.18172 -1.83911 -0.299912
2.31637 -1.95261 -0.300611
2.4219 -2.04157 -0.295708
2.58896 -2.1824 -0.296245
2.78739 -2.34967 -0.297589
3.01382 -2.54054 -0.298689
3.29602 -2.77842 -0.301444
3.50634 -2.95572 -0.29388
3.88855 -3.2779 -0.296216
4.34533 -3.66296 -0.297847
4.94256 -4.16639 -0.301083
5.72387 -4.82501 -0.305041
6.39627 -5.39182 -0.292136
7.78328 -6.56102 -0.2962
9.89889 -8.3444 -0.301339
13.596 -11.4609 -0.310389
18.1334 -15.2858 -0.275969
2.17228 -1.81821 -0.297739
2.33306 -1.95278 -0.30189
2.42958 -2.03357 -0.295777
2.61039 -2.18491 -0.297822
2.78669 -2.33247 -0.296643
3.03799 -2.54282 -0.300203
3.31045 -2.77086 -0.301877
3.53209 -2.95638 -0.295171
3.90359 -3.26732 -0.29649
4.36139 -3.65051 -0.298072
4.97558 -4.16458 -0.302206
5.74887 -4.81183 -0.305475
6.43312 -5.38455 -0.292958
7.80871 -6.53593 -0.296297
9.93357 -8.31444 -0.301509
13.6621 -11.4353 -0.310985
18.2092 -15.2412 -0.276311
2.19998 -1.82836 -0.300658
2.26794 -1.88484 -0.29261
2.45215 -2.03794 -0.297655
2.61797 -2.17575 -0.297818
2.8169 -2.34107 -0.298986
3.04632 -2.53174 -0.30015
3.2265 -2.68149 -0.293366
3.55596 -2.9553 -0.296301
3.91175 -3.25098 -0.296245
4.39819 -3.65525 -0.299712
4.98934 -4.14655 -0.30216
5.48835 -4.56127 -0.290784
6.46954 -5.37672 -0.293759
7.83468 -6.51126 -0.296418
9.96817 -8.28436 -0.301679
13.7322 -11.4126 -0.311672
18.2982 -15.2073 -0.276853
2.21154 -1.82495 -0.301365
2.29653 -1.89508 -0.295444
2.45339 -2.02452 -0.296946
2.61605 -2.15875 -0.29674
2.83568 -2.33998 -0.30011
3.0528 -2.51915 -0.299919
3.24749 -2.67981 -0.294422
3.55041 -2.92978 -0.294984
3.93605 -3.248 -0.297224
4.40443 -3.63451 -0.29927
5.02504 -4.14663 -0.303443
5.51203 -4.54849 -0.291195
6.48162 -5.34859 -0.293458
7.88569 -6.50722 -0.297486
10.0258 -8.27319 -0.302545
13.7991 -11.3869 -0.312285
18.3782 -15.1655 -0.27726
2.17908 -1.7854 -0.296089
2.29925 -1.88386 -0.294945
2.46181 -2.01705 -0.29711
2.6329 -2.15723 -0.297794
2.85014 -2.33523 -0.300776
3.07668 -2.52084 -0.301399
3.26583 -2.67582 -0.295235
3.5812 -2.93421 -0.296689
3.96867 -3.25168 -0.298828
4.43945 -3.63741 -0.300784
5.04715 -4.13532 -0.303904
5.54467 -4.54296 -0.292079
6.52607 -5.34706 -0.294623
7.92313 -6.49172 -0.298041
10.0767 -8.25624 -0.303211
13.851 -11.3486 -0.31256
18.4718 -15.1347 -0.277874
2.19879 -1.78875 -0.297918
2.31087 -1.87993 -0.295591
2.47347 -2.0122 -0.297667
2.64711 -2.15347 -0.298549
2.84504 -2.31449 -0.299383
3.01753 -2.45481 -0.294763
3.27678 -2.66571 -0.295381
3.57797 -2.91074 -0.295577
3.97244 -3.23164 -0.29826
4.4656 -3.63284 -0.301694
5.06468 -4.1202 -0.304091
5.55968 -4.52289 -0.292035
6.54707 -5.32615 -0.294729
7.96375 -6.47864 -0.298716
10.1227 -8.23501 -0.303728
13.9265 -11.3295 -0.31337
18.5752 -15.1112 -0.278633
2.19869 -1.77594 -0.297061
2.32337 -1.87665 -0.29635
2.4884 -2.00995 -0.298617
2.66194 -2.15012 -0.299372
2.86567 -2.31468 -0.3007
3.03157 -2.44868 -0.295296
3.29498 -2.66145 -0.296182
3.5981 -2.90629 -0.2964
3.99692 -3.22842 -0.29925
4.47621 -3.61556 -0.301556
5.08427 -4.1067 -0.304404
5.59036 -4.51549 -0.292817
6.58304 -5.3173 -0.29551
7.99124 -6.45474 -0.298899
10.1863 -8.22776 -0.304771
13.9856 -11.2965 -0.313809
18.6336 -15.0508 -0.278718
2.20702 -1.76997 -0.29735
2.34774 -1.88282 -0.298618
2.48409 -1.99217 -0.297263
2.67496 -2.14524 -0.299992
2.80148 -2.2467 -0.293139
3.03716 -2.43571 -0.29501
3.30446 -2.65008 -0.2962
3.63255 -2.9132 -0.298397
4.0155 -3.22032 -0.299797
4.49241 -3.60278 -0.301798
4.87976 -3.91343 -0.29134
5.62319 -4.50964 -0.29371
6.60516 -5.29715 -0.295671
8.03264 -6.44195 -0.299604
10.2071 -8.18577 -0.304534
14.038 -11.2581 -0.314101
18.741 -15.0297 -0.279537
2.21296 -1.76206 -0.297319
2.35324 -1.87376 -0.298483
2.51937 -2.00604 -0.300644
2.6872 -2.13968 -0.300525
2.81568 -2.24198 -0.293804
3.05373 -2.43153 -0.295793
3.32121 -2.6445 -0.296872
3.63684 -2.89582 -0.297917
4.03775 -3.21505 -0.300618
4.51596 -3.59582 -0.302534
4.89756 -3.89967 -0.291587
5.64219 -4.49258 -0.293881
6.65457 -5.29868 -0.297052
8.06819 -6.42427 -0.300091
10.273 -8.17983 -0.305647
14.1119 -11.2366 -0.314875
18.8156 -14.9819 -0.279868
2.21933 -1.7545 -0.297349
2.36626 -1.87066 -0.299303
2.50934 -1.98377 -0.298618
2.63433 -2.08259 -0.293797
2.83511 -2.24131 -0.295012
3.06514 -2.42316 -0.296077
3.3335 -2.63531 -0.297145
3.64982 -2.88538 -0.298152
4.05038 -3.20205 -0.300723
4.53554 -3.5856 -0.303005
4.92597 -3.89425 -0.292467
5.67885 -4.48945 -0.294971
6.66097 -5.26587 -0.296515
8.10718 -6.40917 -0.300707
10.312 -8.15217 -0.305958
14.1759 -11.2069 -0.315427
18.905 -14.9455 -0.28042
2.23922 -1.75755 -0.29919
2.37437 -1.86363 -0.299504
2.53519 -1.98986 -0.300866
2.6594 -2.08734 -0.295777
2.83743 -2.22708 -0.294443
3.07574 -2.41413 -0.296284
3.35128 -2.6304 -0.297909
3.68099 -2.88919 -0.299872
4.08539 -3.2066 -0.302489
4.39801 -3.45197 -0.29301
4.95496 -3.88912 -0.293379
5.70738 -4.47969 -0.295639
6.70894 -5.26581 -0.29783
8.13047 -6.38156 -0.300742
10.372 -8.14091 -0.306893
14.2531 -11.1872 -0.316273
18.9961 -14.9099 -0.280996
2.25719 -1.75895 -0.300768
2.39532 -1.86659 -0.301322
2.48992 -1.94031 -0.294687
2.65666 -2.07024 -0.294667
2.86353 -2.23145 -0.29634
3.11161 -2.42477 -0.298922
3.36199 -2.61988 -0.298046
3.69388 -2.87851 -0.300102
4.09447 -3.19067 -0.302334
4.42439 -3.44777 -0.293963
4.9764 -3.87793 -0.293845
5.73703 -4.47066 -0.296364
6.73806 -5.25073 -0.298306
8.18294 -6.37667 -0.301857
10.4081 -8.1107 -0.307123
12.7309 -9.92078 -0.281726
19.0966 -14.8813 -0.281712
2.24474 -1.73668 -0.298299
2.39702 -1.85449 -0.30072
2.48456 -1.92222 -0.293256
2.68501 -2.0773 -0.297004
2.86874 -2.21944 -0.296075
3.10499 -2.40223 -0.297478
3.40183 -2.63188 -0.300761
3.72068 -2.87856 -0.30146
4.11296 -3.18205 -0.302877
4.43634 -3.43224 -0.293958
4.99832 -3.86703 -0.29434
5.75033 -4.44883 -0.296246
6.75751 -5.22805 -0.298357
8.22079 -6.36014 -0.302432
10.4579 -8.09092 -0.307755
12.7942 -9.89844 -0.282359
19.1777 -14.8371 -0.282143
2.27371 -1.74643 -0.301336
2.36275 -1.81482 -0.295623
2.51208 -1.92952 -0.295708
2.68169 -2.0598 -0.29584
2.8855 -2.21634 -0.297005
3.13048 -2.40451 -0.299113
3.39396 -2.60689 -0.299259
3.73569 -2.86937 -0.301862
3.98485 -3.06075 -0.292654
4.44725 -3.41591 -0.293889
5.03179 -3.8649 -0.295514
5.78028 -4.43981 -0.296988
6.79445 -5.21879 -0.299181
8.26465 -6.34805 -0.303228
10.5212 -8.08132 -0.308786
12.8554 -9.87417 -0.282946
19.2681 -14.7998 -0.282711
2.23773 -1.7064 -0.295776
2.37383 -1.81018 -0.296216
2.52946 -1.92886 -0.296958
2.70787 -2.0649 -0.29793
2.90724 -2.21693 -0.298443
3.1389 -2.39359 -0.299117
3.42156 -2.60914 -0.300887
3.76957 -2.87451 -0.303787
4.00953 -3.05749 -0.29368
4.46911 -3.40795 -0.294545
5.04734 -3.84888 -0.295636
5.80462 -4.42635 -0.297442
6.83799 -5.21436 -0.300295
8.31034 -6.33711 -0.30409
10.5649 -8.05634 -0.30924
12.9092 -9.84398 -0.283371
19.3673 -14.7687 -0.283407
2.23905 -1.69507 -0.295166
2.3999 -1.81683 -0.298675
2.54389 -1.92584 -0.297861
2.70589 -2.04848 -0.296923
2.91815 -2.20917 -0.298769
3.15836 -2.39103 -0.300173
3.43977 -2.60407 -0.301686
3.64098 -2.75639 -0.292646
4.03771 -3.05673 -0.29496
4.49406 -3.40222 -0.295404
5.06878 -3.8373 -0.296105
5.84836 -4.42748 -0.29889
6.86197 -5.19483 -0.300549
8.33666 -6.31124 -0.304245
10.6122 -8.03396 -0.309802
12.964 -9.81436 -0.28382
19.4473 -14.7225 -0.283824
2.2502 -1.69118 -0.295855
2.39749 -1.80187 -0.297591
2.53347 -1.90407 -0.29586
2.72341 -2.04682 -0.298059
2.93324 -2.20452 -0.299524
3.17263 -2.38444 -0.300736
3.45478 -2.59649 -0.302205
3.66278 -2.75282 -0.293623
4.03757 -3.0345 -0.294174
4.49344 -3.37712 -0.294586
5.08778 -3.8238 -0.296433
5.85347 -4.39927 -0.298364
6.90997 -5.1933 -0.301855
8.37833 -6.29687 -0.304961
10.653 -8.00643 -0.310173
13.0425 -9.80227 -0.284787
19.557 -14.6984 -0.284673
2.26742 -1.69175 -0.29734
2.40044 -1.791 -0.297178
2.55957 -1.90973 -0.298127
2.73555 -2.04103 -0.298606
2.94114 -2.19443 -0.299546
3.18537 -2.37665 -0.301155
3.37025 -2.51459 -0.29404
3.69157 -2.75433 -0.295158
4.07058 -3.03712 -0.295805
4.53532 -3.38387 -0.296555
5.11813 -3.81871 -0.297422
5.89612 -4.39918 -0.299753
6.92367 -5.16584 -0.301663
8.41782 -6.28065 -0.305598
10.7074 -7.98893 -0.310943
13.0952 -9.7705 -0.285191
19.6363 -14.6509 -0.285081
2.28049 -1.68914 -0.298279
2.42222 -1.79412 -0.299097
2.57872 -1.91003 -0.299579
2.7582 -2.04297 -0.300297
2.95361 -2.18771 -0.300036
3.21506 -2.38136 -0.303173
3.38206 -2.50506 -0.294306
3.70224 -2.74221 -0.295244
4.08631 -3.02669 -0.296177
4.54598 -3.36716 -0.296481
5.1615 -3.82307 -0.299164
5.91749 -4.38303 -0.300058
6.96688 -5.1603 -0.302759
8.44694 -6.25657 -0.30586
9.86679 -7.30824 -0.285789
13.1591 -9.74681 -0.285839
19.7199 -14.6064 -0.285553
2.285 -1.68015 -0.298099
2.42298 -1.7816 -0.29842
2.59245 -1.90621 -0.300398
2.77027 -2.03697 -0.300835
2.97669 -2.18875 -0.301602
3.13641 -2.30619 -0.294996
3.40307 -2.50226 -0.295371
3.7053 -2.72449 -0.294727
4.10488 -3.0183 -0.296757
4.56957 -3.35998 -0.297252
5.17653 -3.80628 -0.299263
5.95144 -4.37606 -0.301003
7.00701 -5.15222 -0.303718
8.5043 -6.25317 -0.307144
9.90652 -7.28421 -0.286201
13.21 -9.71321 -0.286206
19.8169 -14.5713 -0.286218
2.28395 -1.66712 -0.297201
2.43849 -1.77992 -0.299563
2.58846 -1.88939 -0.29917
2.78501 -2.03285 -0.301662
2.90991 -2.12402 -0.294082
3.13012 -2.28476 -0.293652
3.39854 -2.48068 -0.294224
3.73276 -2.72464 -0.296153
4.11867 -3.00632 -0.296993
4.58375 -3.3458 -0.297413
5.19066 -3.7888 -0.299313
5.98393 -4.36783 -0.301873
7.03621 -5.13591 -0.304204
8.53181 -6.2276 -0.30735
9.954 -7.26568 -0.286837
13.2846 -9.6968 -0.287088
19.923 -14.5423 -0.287015
2.30431 -1.66967 -0.299089
2.44226 -1.76963 -0.299265
2.61297 -1.89332 -0.301236
2.73322 -1.98045 -0.295301
2.94049 -2.13063 -0.296418
3.16864 -2.29595 -0.296511
3.42605 -2.48247 -0.295854
3.74565 -2.71405 -0.296421
4.14554 -3.0038 -0.298172
4.62509 -3.35127 -0.299334
5.21736 -3.78043 -0.300089
6.0071 -4.35266 -0.302273
7.06942 -5.1224 -0.304865
8.5729 -6.2118 -0.308047
9.98259 -7.23324 -0.286931
13.3325 -9.66051 -0.287391
20.0171 -14.5041 -0.28764
2.33319 -1.6782 -0.302075
2.41693 -1.73843 -0.295415
2.57322 -1.85084 -0.295906
2.75696 -1.983 -0.297116
2.94167 -2.11586 -0.295791
3.16638 -2.27749 -0.295553
3.45569 -2.48558 -0.297662
3.76037 -2.70473 -0.296836
4.15313 -2.98723 -0.297966
4.62868 -3.32928 -0.298812
5.23503 -3.76541 -0.300347
6.03338 -4.33964 -0.30283
7.0986 -5.10582 -0.305352
8.05032 -5.79037 -0.28854
10.0405 -7.22185 -0.287869
13.397 -9.6361 -0.288055
20.0989 -14.4566 -0.288087
2.29628 -1.63951 -0.296553
2.42319 -1.73012 -0.295439
2.59573 -1.85331 -0.297748
2.74541 -1.96018 -0.295132
2.94313 -2.10135 -0.295197
3.18828 -2.27638 -0.296853
3.46427 -2.47343 -0.297654
3.79618 -2.71042 -0.298914
4.18459 -2.98773 -0.299472
4.66234 -3.32884 -0.300232
5.27546 -3.7666 -0.30191
6.08274 -4.34298 -0.304544
7.12314 -5.08581 -0.305642
8.07728 -5.76705 -0.288783
10.1008 -7.21178 -0.288872
13.4545 -9.60628 -0.288566
20.185 -14.4118 -0.288598
2.31249 -1.63891 -0.297905
2.4267 -1.71986 -0.295133
2.5797 -1.8283 -0.295176
2.76901 -1.96246 -0.29693
2.97441 -2.10804 -0.297595
3.20173 -2.26914 -0.297366
3.48152 -2.46744 -0.298394
3.79663 -2.69076 -0.298208
4.20326 -2.97895 -0.300062
4.67727 -3.31489 -0.300446
5.2914 -3.75014 -0.302071
6.0846 -4.3123 -0.303882
7.16053 -5.07484 -0.306484
8.10727 -5.74581 -0.289136
10.1248 -7.17571 -0.288842
13.5259 -9.58611 -0.289378
20.2819 -14.3743 -0.289264
2.30206 -1.61947 -0.295831
2.44305 -1.71866 -0.29639
2.60917 -1.83552 -0.297812
2.79249 -1.96448 -0.29871
2.98733 -2.10155 -0.298151
3.2085 -2.25715 -0.297261
3.4876 -2.45348 -0.298179
3.82744 -2.69256 -0.299887
4.21718 -2.96674 -0.300314
4.69739 -3.30456 -0.300995
5.30825 -3.7343 -0.302286
6.12785 -4.31087 -0.305288
6.79362 -4.77923 -0.290063
8.16076 -5.741 -0.290326
10.1912 -7.16942 -0.290021
13.6027 -9.56935 -0.290305
20.3856 -14.341 -0.290026
2.32534 -1.62373 -0.298091
2.43987 -1.70371 -0.295281
2.61719 -1.82753 -0.297997
2.79807 -1.95384 -0.298575
2.99338 -2.09021 -0.298024
3.23844 -2.26134 -0.299301
3.50059 -2.44439 -0.298558
3.84566 -2.68535 -0.300578
4.25255 -2.96947 -0.302092
4.71357 -3.29139 -0.301293
5.3425 -3.73056 -0.303492
5.84709 -4.0829 -0.290588
6.82943 -4.76885 -0.290879
8.19612 -5.72318 -0.290871
10.2227 -7.13832 -0.290205
13.6325 -9.51928 -0.290229
20.4701 -14.2939 -0.290516
2.32511 -1.61152 -0.297339
2.46386 -1.70769 -0.29746
2.61922 -1.81537 -0.297504
2.81032 -1.94782 -0.299155
3.00325 -2.08154 -0.298281
3.25856 -2.25849 -0.300429
3.53352 -2.44907 -0.300635
3.85832 -2.67419 -0.300835
4.27081 -2.96008 -0.302653
4.75809 -3.29781 -0.303401
5.3822 -3.73038 -0.305006
5.87435 -4.07149 -0.291234
6.84935 -4.74726 -0.291019
8.23789 -5.70964 -0.291644
10.2955 -7.13574 -0.291561
13.7359 -9.52028 -0.29172
20.5773 -14.2621 -0.291329
2.35011 -1.61672 -0.299811
2.46723 -1.6973 -0.297149
2.62892 -1.80853 -0.297886
2.81595 -1.93719 -0.299031
3.02319 -2.07976 -0.299538
3.27069 -2.25003 -0.300821
3.54626 -2.4396 -0.300992
3.87026 -2.6625 -0.301039
4.27824 -2.94316 -0.302449
4.78281 -3.29027 -0.304242
5.16751 -3.55492 -0.292134
5.90055 -4.05921 -0.291829
6.89507 -4.74337 -0.292256
8.27324 -5.69146 -0.29219
10.3322 -7.10792 -0.291897
13.7913 -9.48752 -0.292191
20.6895 -14.2331 -0.292212
2.34327 -1.59999 -0.298225
2.48196 -1.69469 -0.298208
2.6417 -1.80376 -0.298619
2.83218 -1.93382 -0.300036
3.03977 -2.07556 -0.300461
3.28806 -2.2451 -0.301696
3.56949 -2.43726 -0.302239
3.91111 -2.67052 -0.303489
4.16572 -2.84436 -0.29379
4.61012 -3.1478 -0.292556
5.18671 -3.5415 -0.292518
5.93882 -4.05504 -0.293019
6.93435 -4.73479 -0.293218
8.30643 -5.67165 -0.29266
10.3938 -7.09688 -0.292933
13.8448 -9.45326 -0.292624
20.7811 -14.1894 -0.292803
2.36177 -1.60056 -0.299865
2.50329 -1.69646 -0.300057
2.66092 -1.80329 -0.300077
2.84897 -1.93072 -0.301098
3.059 -2.07306 -0.301643
3.29523 -2.23315 -0.301636
3.48667 -2.36289 -0.294526
3.79411 -2.57124 -0.293711
4.16685 -2.82384 -0.293172
4.63947 -3.14414 -0.29372
5.21522 -3.53432 -0.293428
5.95383 -4.03487 -0.293062
6.97468 -4.72669 -0.294223
8.34063 -5.65239 -0.293168
10.4443 -7.07804 -0.293659
13.9052 -9.42343 -0.293202
20.876 -14.1475 -0.293442
2.3451 -1.57733 -0.297048
2.45626 -1.6521 -0.293727
2.6152 -1.759 -0.294227
2.78885 -1.8758 -0.29405
3.00171 -2.01897 -0.295297
3.23393 -2.17517 -0.295328
3.50114 -2.3549 -0.295052
3.8233 -2.57158 -0.295274
4.19258 -2.81996 -0.294288
4.65728 -3.13252 -0.294153
5.23722 -3.52259 -0.293971
5.9959 -4.03288 -0.294437
6.98973 -4.70134 -0.294163
8.38761 -5.64157 -0.294125
10.4797 -7.04871 -0.29396
13.9873 -9.40795 -0.294239
20.9647 -14.101 -0.293996
2.34463 -1.56514 -0.296293
2.48911 -1.66159 -0.296959
2.63854 -1.76135 -0.296159
2.80686 -1.87371 -0.295257
3.004 -2.00531 -0.294832
3.23425 -2.15901 -0.294666
3.52132 -2.35064 -0.296058
3.82972 -2.55651 -0.295078
4.20845 -2.80933 -0.294711
4.67316 -3.11955 -0.294465
5.2731 -3.52004 -0.295294
6.00216 -4.00671 -0.294056
7.02827 -4.69169 -0.295094
8.44006 -5.63413 -0.295272
10.5289 -7.0285 -0.294649
14.0374 -9.37058 -0.294602
21.0594 -14.0581 -0.294633
2.34435 -1.55315 -0.295571
2.49152 -1.65065 -0.296557
2.64662 -1.7534 -0.296376
2.82652 -1.87259 -0.296635
3.02676 -2.00525 -0.296376
3.2534 -2.1554 -0.295723
3.52751 -2.337 -0.29589
3.83951 -2.54371 -0.295146
4.22519 -2.79922 -0.295197
4.69769 -3.11225 -0.295324
5.27853 -3.49706 -0.294912
6.03815 -4.00032 -0.295132
7.05679 -4.67517 -0.295604
8.44582 -5.59542 -0.294788
10.5838 -7.01187 -0.2955
14.1107 -9.34842 -0.295453
21.1523 -14.0135 -0.295245
2.35168 -1.54621 -0.295812
2.48195 -1.63186 -0.294737
2.65794 -1.74758 -0.296958
2.82596 -1.85804 -0.295893
3.04988 -2.00527 -0.297952
3.26192 -2.14469 -0.295815
3.53717 -2.32566 -0.296017
3.86345 -2.54019 -0.296303
4.25932 -2.80047 -0.296896
4.72156 -3.10439 -0.296141
5.3068 -3.48918 -0.295808
6.06585 -3.98825 -0.295804
7.08772 -4.66012 -0.296216
8.4971 -5.58678 -0.295895
10.6428 -6.99756 -0.296462
14.1756 -9.32038 -0.29613
21.2546 -13.9747 -0.29599
2.38077 -1.55345 -0.298787
2.5142 -1.64052 -0.297885
2.67868 -1.74784 -0.298591
2.84004 -1.85313 -0.296688
3.06399 -1.99925 -0.298646
3.27376 -2.13613 -0.29621
3.56477 -2.32601 -0.297645
3.87976 -2.53154 -0.296873
4.27708 -2.7908 -0.297453
4.75179 -3.10055 -0.297356
5.34098 -3.485 -0.297033
6.11125 -3.9876 -0.297337
7.12355 -4.64812 -0.297033
8.56625 -5.58949 -0.297621
10.6815 -6.96967 -0.296859
14.2313 -9.28593 -0.296613
21.3731 -13.946 -0.296961
2.39142 -1.54852 -0.299443
2.54223 -1.64617 -0.300522
2.67995 -1.73535 -0.298056
2.87767 -1.86338 -0.299938
3.05203 -1.97628 -0.296806
3.30651 -2.14107 -0.298494
3.57262 -2.31338 -0.297624
3.90491 -2.52855 -0.29812
4.29547 -2.78145 -0.298054
4.76847 -3.08773 -0.297723
5.36658 -3.47503 -0.29778
6.14021 -3.97598 -0.298068
7.14983 -4.62974 -0.297452
8.58743 -5.56063 -0.29768
10.7307 -6.94844 -0.29755
14.3049 -9.26285 -0.297471
21.4688 -13.9017 -0.297614
2.39999 -1.54219 -0.299839
2.53321 -1.6278 -0.298782
2.68384 -1.72459 -0.297817
2.88429 -1.8534 -0.29995
3.08071 -1.97962 -0.298921
3.31443 -2.1298 -0.298536
3.59703 -2.31139 -0.298983
3.91462 -2.51547 -0.298189
4.3218 -2.77712 -0.299206
4.80183 -3.08558 -0.299131
5.39336 -3.46569 -0.298592
6.17619 -3.96872 -0.29914
7.19682 -4.62456 -0.298733
8.62762 -5.54398 -0.2984
10.7868 -6.93141 -0.298432
14.367 -9.23202 -0.29809
21.5445 -13.8442 -0.297991
2.40812 -1.53556 -0.300184
2.55009 -1.62609 -0.300101
2.70492 -1.72482 -0.299485
2.89665 -1.84708 -0.300564
3.08378 -1.9664 -0.29855
3.33118 -2.12416 -0.299375
3.62328 -2.31042 -0.300493
3.92939 -2.50561 -0.298645
4.33371 -2.76343 -0.29936
4.82771 -3.07844 -0.300072
5.41631 -3.45377 -0.299193
6.20099 -3.95412 -0.29967
7.22184 -4.60508 -0.299102
8.66588 -5.52589 -0.299054
10.8458 -6.91594 -0.299395
14.4417 -9.20892 -0.298972
21.6694 -13.8177 -0.299049
2.36636 -1.49733 -0.294324
2.56504 -1.62305 -0.301192
2.72797 -1.72615 -0.301368
2.8958 -1.83234 -0.299809
3.11632 -1.97188 -0.301032
3.34562 -2.11696 -0.300005
3.63704 -2.30136 -0.300965
3.94785 -2.49803 -0.299383
4.35291 -2.75434 -0.300021
4.83147 -3.05715 -0.29964
5.43488 -3.43896 -0.299554
6.20687 -3.92744 -0.299289
7.24804 -4.58625 -0.299522
8.70787 -5.50997 -0.299837
10.8683 -6.877 -0.299351
14.5135 -9.18355 -0.299792
21.7534 -13.7646 -0.299542
2.38343 -1.4965 -0.295795
2.52374 -1.5846 -0.29569
2.68539 -1.68609 -0.296012
2.87095 -1.8026 -0.296582
3.12077 -1.95946 -0.300799
3.36034 -2.10987 -0.300663
3.64265 -2.28713 -0.300767
3.9716 -2.49367 -0.300522
4.38411 -2.75268 -0.301506
4.86248 -3.05304 -0.3009
5.47886 -3.44004 -0.301313
6.2428 -3.9197 -0.30036
7.28173 -4.57202 -0.300252
8.73736 -5.48598 -0.300191
10.9479 -6.87395 -0.300881
14.584 -9.15696 -0.300585
21.86 -13.7254 -0.300349
2.40199 -1.49648 -0.297448
2.53277 -1.57796 -0.2961
2.68216 -1.67103 -0.29501
2.85822 -1.78072 -0.294623
3.06923 -1.91218 -0.295186
3.29872 -2.05515 -0.294505
3.66485 -2.28326 -0.301939
3.99054 -2.48617 -0.301296
4.39366 -2.73733 -0.301504
4.89453 -3.04938 -0.302222
5.49698 -3.42471 -0.30165
6.27688 -3.9106 -0.30134
7.33743 -4.57134 -0.301889
8.7995 -5.48223 -0.301666
10.9938 -6.84932 -0.301483
14.6536 -9.12946 -0.301361
21.9842 -13.6965 -0.301396
2.41008 -1.48986 -0.297804
2.54096 -1.57077 -0.296415
2.71093 -1.67584 -0.297529
2.88125 -1.78112 -0.296354
3.06367 -1.89389 -0.294013
3.31016 -2.04627 -0.294887
3.57599 -2.2106 -0.29398
3.89717 -2.40915 -0.293609
4.41912 -2.7318 -0.302594
4.90598 -3.03277 -0.302273
5.50976 -3.40601 -0.301697
6.2878 -3.88698 -0.301211
7.3482 -4.5425 -0.301678
8.81706 -5.45051 -0.301613
11.0279 -6.81721 -0.301763
14.7096 -9.09315 -0.301857
22.059 -13.6364 -0.301767
2.42734 -1.48883 -0.299291
2.55748 -1.56866 -0.297701
2.7114 -1.66307 -0.296941
2.89176 -1.77369 -0.296796
3.0923 -1.8967 -0.296123
3.31845 -2.03541 -0.29499
3.58976 -2.20182 -0.294478
3.91367 -2.40049 -0.294218
4.28408 -2.62768 -0.292717
4.91406 -3.01409 -0.302121
5.53543 -3.39521 -0.302451
6.33383 -3.88492 -0.302764
7.39195 -4.53393 -0.302822
8.8655 -5.43774 -0.302619
11.0832 -6.79802 -0.302625
14.7763 -9.06321 -0.302575
22.1496 -13.5857 -0.302355
2.43097 -1.4794 -0.2991
2.56758 -1.56253 -0.298239
2.73202 -1.6626 -0.298561
2.90377 -1.76713 -0.297393
3.10804 -1.89144 -0.296995
3.33077 -2.02698 -0.295454
3.60858 -2.19605 -0.29539
3.93307 -2.39352 -0.295046
4.32846 -2.63414 -0.295119
4.77706 -2.90714 -0.293071
5.56594 -3.38723 -0.30347
6.3748 -3.87947 -0.304073
7.429 -4.52101 -0.30369
8.92585 -5.43194 -0.304029
11.15 -6.78551 -0.303801
14.8611 -9.0439 -0.303661
22.2804 -13.559 -0.303491
2.45236 -1.4807 -0.301094
2.58194 -1.55894 -0.299273
2.74633 -1.65819 -0.29949
2.92039 -1.76329 -0.298462
3.11979 -1.88369 -0.297487
3.36318 -2.03064 -0.297698
3.62745 -2.1902 -0.296307
3.9377 -2.37753 -0.294769
4.33307 -2.61625 -0.294808
4.78708 -2.89037 -0.293065
5.37875 -3.24762 -0.292643
6.39484 -3.86112 -0.304384
7.46211 -4.50552 -0.304399
8.94096 -5.39843 -0.3039
11.1939 -6.75873 -0.304351
14.9372 -9.01888 -0.304571
22.3852 -13.5159 -0.304275
2.40118 -1.43838 -0.294191
2.59208 -1.55273 -0.299818
2.76621 -1.65704 -0.301025
2.92659 -1.75312 -0.298469
3.12613 -1.87264 -0.297466
3.3582 -2.01166 -0.296634
3.64987 -2.18638 -0.297513
3.98114 -2.38482 -0.297396
4.36131 -2.61255 -0.296107
4.83099 -2.8939 -0.295132
5.40568 -3.23816 -0.293491
6.12592 -3.6696 -0.290971
7.50408 -4.49516 -0.305468
8.99115 -5.38597 -0.304964
11.2519 -6.74025 -0.305286
14.984 -8.97587 -0.304885
22.4741 -13.4626 -0.304842
2.4134 -1.43426 -0.295072
2.55991 -1.52133 -0.29548
2.77945 -1.65181 -0.301837
2.94571 -1.75061 -0.299793
3.16002 -1.87798 -0.300065
3.40491 -2.02351 -0.300133
3.66586 -2.17859 -0.298194
3.97788 -2.36403 -0.296533
4.37264 -2.59863 -0.296258
4.83923 -2.87592 -0.29502
5.44302 -3.23475 -0.294903
6.15656 -3.6588 -0.291818
7.5326 -4.47657 -0.305991
9.03652 -5.37034 -0.305865
11.3072 -6.7198 -0.306148
15.0681 -8.95489 -0.305958
22.6048 -13.4339 -0.305976
2.45852 -1.44949 -0.299969
2.57712 -1.51941 -0.296852
2.7357 -1.6129 -0.296471
2.9571 -1.74343 -0.30033
3.16504 -1.86603 -0.299921
3.41821 -2.01529 -0.300683
3.6826 -2.17117 -0.298937
3.9991 -2.35777 -0.2975
4.39221 -2.58954 -0.296969
4.87539 -2.87441 -0.29661
5.44999 -3.21318 -0.294671
6.19777 -3.65405 -0.293165
7.1776 -4.23174 -0.290968
9.10386 -5.36741 -0.307508
11.3671 -6.70177 -0.307133
15.1355 -8.92352 -0.306691
22.6987 -13.3826 -0.306613
2.43713 -1.42542 -0.296749
2.58577 -1.51236 -0.297238
2.75897 -1.61366 -0.298381
2.9002 -1.69626 -0.293948
3.18277 -1.86153 -0.300983
3.41498 -1.99734 -0.299783
3.69373 -2.16038 -0.299226
4.02928 -2.35664 -0.29913
4.4081 -2.5782 -0.297432
4.89113 -2.86071 -0.296958
5.4725 -3.20074 -0.295282
6.22024 -3.63808 -0.293625
7.19129 -4.20603 -0.290925
9.11232 -5.32959 -0.307163
11.404 -6.66993 -0.307498
15.2076 -8.8946 -0.307521
22.7981 -13.3341 -0.307324
2.45468 -1.4242 -0.298279
2.59716 -1.50687 -0.29794
2.75651 -1.59932 -0.297508
2.9327 -1.70155 -0.296637
3.12992 -1.81598 -0.295383
3.42503 -1.9872 -0.300054
3.71533 -2.15563 -0.300364
4.05142 -2.35063 -0.300163
4.44285 -2.57774 -0.299168
4.92921 -2.85992 -0.298662
5.49142 -3.18612 -0.2957
6.24463 -3.62313 -0.294177
7.24497 -4.20352 -0.292501
8.59328 -4.98581 -0.289078
11.4583 -6.64809 -0.308335
15.2912 -8.87191 -0.308581
22.9242 -13.3006 -0.308396
2.47922 -1.42689 -0.300653
2.61286 -1.5038 -0.299137
2.76807 -1.59313 -0.298153
2.956 -1.70129 -0.298391
3.13378 -1.80361 -0.295151
3.36517 -1.93679 -0.294216
3.72971 -2.14659 -0.300918
4.0602 -2.3368 -0.300206
4.46146 -2.56775 -0.299815
4.93929 -2.84276 -0.298669
5.54052 -3.18879 -0.297743
6.29164 -3.62109 -0.295794
7.26718 -4.18255 -0.292806
8.63299 -4.96862 -0.289828
11.5102 -6.62455 -0.309106
15.3507 -8.83496 -0.309159
23.0086 -13.2424 -0.308908
2.47604 -1.41357 -0.299667
2.61598 -1.49346 -0.298896
2.77909 -1.58658 -0.298742
2.95656 -1.68789 -0.297851
3.14885 -1.79767 -0.295977
3.38846 -1.93446 -0.295659
3.63243 -2.07375 -0.292484
4.08868 -2.33422 -0.301707
4.47276 -2.55349 -0.299973
4.96979 -2.83725 -0.299913
5.54686 -3.16669 -0.297487
6.31365 -3.60445 -0.296234
7.29348 -4.16384 -0.293278
8.6861 -4.95888 -0.291028
11.5607 -6.59999 -0.309842
15.4244 -8.80579 -0.310022
23.1195 -13.1988 -0.309774
2.44502 -1.38456 -0.295325
2.63914 -1.49448 -0.300943
2.80086 -1.58606 -0.300484
2.97387 -1.68403 -0.299
3.16077 -1.78987 -0.296509
3.40277 -1.9269 -0.296319
3.66856 -2.07742 -0.294807
4.11244 -2.32877 -0.302859
4.51034 -2.5541 -0.301894
4.98513 -2.82296 -0.300241
5.58357 -3.16184 -0.298862
6.3435 -3.59217 -0.297044
7.33034 -4.15099 -0.294175
8.72114 -4.93857 -0.291622
10.7383 -6.08086 -0.28723
15.5003 -8.77745 -0.310929
23.2299 -13.1545 -0.310637
2.45734 -1.38022 -0.296229
2.58566 -1.45229 -0.294265
2.80389 -1.57486 -0.300217
2.96862 -1.66739 -0.297885
3.20584 -1.80063 -0.300144
3.41577 -1.91854 -0.296865
3.68833 -2.07163 -0.295812
4.00202 -2.24782 -0.294147
4.5205 -2.53903 -0.301978
5.00457 -2.81092 -0.300819
5.60715 -3.14937 -0.299533
6.37367 -3.5799 -0.29787
7.3692 -4.13906 -0.295153
8.75462 -4.91722 -0.292165
10.7897 -6.06027 -0.288036
15.571 -8.74581 -0.311733
23.3334 -13.1057 -0.311406
2.47354 -1.37797 -0.2976
2.61485 -1.4567 -0.297006
2.75258 -1.53342 -0.294148
2.9925 -1.66707 -0.299695
3.20373 -1.78475 -0.299362
3.43809 -1.91531 -0.298222
3.71439 -2.06923 -0.29732
4.02226 -2.24074 -0.295057
4.38627 -2.44353 -0.292439
5.03595 -2.80545 -0.302114
5.63567 -3.13955 -0.300469
6.39994 -3.56531 -0.298514
7.40928 -4.12759 -0.296178
8.77863 -4.89044 -0.292395
10.8233 -6.02951 -0.28837
15.6293 -8.70685 -0.312288
23.4348 -13.0552 -0.31215
2.4853 -1.37317 -0.298436
2.61748 -1.4462 -0.296729
2.7848 -1.53865 -0.297015
3.02491 -1.67131 -0.302354
3.213 -1.77524 -0.299647
3.43646 -1.8987 -0.297504
3.72053 -2.05565 -0.297235
4.04508 -2.23497 -0.296156
4.41365 -2.43862 -0.293695
5.05627 -2.79367 -0.302746
5.65256 -3.12313 -0.300786
6.43072 -3.55308 -0.299369
7.47463 -4.12986 -0.298213
8.85068 -4.89015 -0.294224
10.8895 -6.01663 -0.289571
15.718 -8.68445 -0.313452
23.552 -13.0129 -0.313103
2.48675 -1.36265 -0.298036
2.63452 -1.44362 -0.298087
2.78242 -1.52467 -0.296192
2.96444 -1.62441 -0.295741
3.22552 -1.76747 -0.300236
3.46294 -1.89757 -0.29922
3.74112 -2.05001 -0.298307
4.05336 -2.2211 -0.296193
4.44171 -2.43391 -0.294995
4.9023 -2.68629 -0.292963
5.68257 -3.11385 -0.301802
6.45793 -3.53872 -0.300058
7.47638 -4.0968 -0.297709
8.87235 -4.86174 -0.294378
10.928 -5.98818 -0.290038
15.7932 -8.65412 -0.314347
23.6618 -12.9659 -0.313959
2.5092 -1.36358 -0.300155
2.61996 -1.42377 -0.295875
2.80144 -1.52239 -0.297648
2.98268 -1.62088 -0.296994
3.18054 -1.72841 -0.295486
3.48062 -1.89148 -0.300175
3.75807 -2.04226 -0.299088
4.08457 -2.21969 -0.297905
4.47265 -2.43058 -0.296484
4.92706 -2.67752 -0.293882
5.71876 -3.10776 -0.303146
6.49247 -3.52822 -0.301089
7.52855 -4.09126 -0.299216
8.89952 -4.83628 -0.294717
10.9777 -5.96562 -0.2908
14.2883 -7.76472 -0.283852
23.8008 -12.9341 -0.315201
2.47293 -1.3327 -0.295257
2.65498 -1.43081 -0.299264
2.80295 -1.51055 -0.297247
2.99402 -1.61353 -0.29756
3.21451 -1.73235 -0.298078
3.49565 -1.88386 -0.300902
3.76192 -2.02736 -0.298828
4.10648 -2.21305 -0.298938
4.49108 -2.42032 -0.297143
4.94743 -2.66625 -0.29454
5.72562 -3.08563 -0.302936
6.52444 -3.51612 -0.302
7.54655 -4.06695 -0.299365
8.97286 -4.83561 -0.296584
11.0409 -5.9501 -0.291922
14.3382 -7.72707 -0.284305
23.8994 -12.8797 -0.315909
2.48006 -1.32539 -0.295554
2.67613 -1.43017 -0.301083
2.82347 -1.50891 -0.298861
2.99525 -1.60071 -0.297125
3.19111 -1.70538 -0.295353
3.42398 -1.82983 -0.29418
3.79333 -2.02722 -0.300759
4.10691 -2.1948 -0.298409
4.5035 -2.40674 -0.297407
4.97522 -2.65884 -0.295639
5.55138 -2.96675 -0.293167
6.55543 -3.50333 -0.302866
7.58774 -4.05501 -0.300435
9.01636 -4.81849 -0.297464
11.0852 -5.92411 -0.292545
14.4126 -7.70231 -0.285245
24.0432 -12.8491 -0.317215
2.50279 -1.32631 -0.297709
2.62856 -1.39296 -0.295181
2.83612 -1.50296 -0.299643
3.01661 -1.5986 -0.298688
3.19531 -1.6933 -0.295193
3.44427 -1.82523 -0.295374
3.82203 -2.02542 -0.302472
4.14389 -2.19599 -0.300537
4.51403 -2.39214 -0.297549
5.00036 -2.64986 -0.296581
5.56845 -2.95091 -0.293522
6.59316 -3.49394 -0.304043
7.6238 -4.04011 -0.301302
9.04449 -4.79298 -0.297838
11.1289 -5.89757 -0.293152
14.4911 -7.67935 -0.286267
24.1365 -12.7907 -0.317855
2.51504 -1.32157 -0.298615
2.64329 -1.38897 -0.296289
2.80162 -1.47216 -0.295453
3.02548 -1.58979 -0.299015
3.24627 -1.70581 -0.299348
3.46995 -1.82335 -0.297029
3.73815 -1.96428 -0.295289
4.16913 -2.19074 -0.30181
4.56428 -2.39838 -0.300306
5.02144 -2.63861 -0.297283
5.59816 -2.94165 -0.294545
6.61527 -3.47611 -0.304501
7.65759 -4.02381 -0.30208
9.10004 -4.78178 -0.299115
11.1967 -5.8835 -0.294395
14.5676 -7.6548 -0.287248
24.2713 -12.7538 -0.319041
2.51431 -1.31 -0.297984
2.66376 -1.38787 -0.298038
2.81942 -1.46897 -0.296787
3.06694 -1.59793 -0.302559
3.25384 -1.69531 -0.299499
3.49608 -1.82152 -0.298718
3.7247 -1.94064 -0.293689
4.17641 -2.17599 -0.301785
4.58274 -2.38769 -0.300971
5.04584 -2.62897 -0.298182
5.63319 -2.93499 -0.295847
6.35508 -3.31111 -0.29199
7.7073 -4.01564 -0.303486
9.13099 -4.75741 -0.299584
11.2381 -5.85525 -0.294944
14.6293 -7.62214 -0.287938
24.366 -12.6951 -0.319701
2.53128 -1.30762 -0.299451
2.67568 -1.38222 -0.29883
2.81741 -1.45543 -0.296038
2.98837 -1.54375 -0.294274
3.27408 -1.69134 -0.300816
3.48475 -1.80017 -0.297211
3.7617 -1.94324 -0.29607
4.08288 -2.10915 -0.294492
4.59937 -2.37597 -0.301516
5.06343 -2.61569 -0.29868
5.65146 -2.91946 -0.296269
6.39045 -3.30121 -0.293083
7.7326 -3.99454 -0.303931
9.17453 -4.73942 -0.300468
11.2987 -5.83675 -0.295999
14.6858 -7.58646 -0.288526
24.4807 -12.6463 -0.320624
2.49495 -1.27783 -0.294623
2.6675 -1.36621 -0.297382
2.82592 -1.44734 -0.296399
3.01504 -1.54421 -0.296367
3.26927 -1.67442 -0.299835
3.51438 -1.79995 -0.2992
3.77485 -1.93335 -0.296571
4.09995 -2.09986 -0.295193
4.61561 -2.36397 -0.302038
5.09405 -2.60901 -0.299947
5.66808 -2.903 -0.296607
6.42105 -3.28865 -0.293958
7.74738 -3.96796 -0.303965
9.21508 -4.71966 -0.301254
11.3366 -5.80622 -0.296457
14.7496 -7.55427 -0.28926
24.5857 -12.592 -0.321422
2.52852 -1.2839 -0.298056
2.70361 -1.3728 -0.30087
2.87024 -1.45741 -0.300513
3.03348 -1.5403 -0.297649
3.21989 -1.63495 -0.29478
3.51753 -1.78608 -0.298936
3.81375 -1.93649 -0.299093
4.11761 -2.09078 -0.295936
4.50585 -2.28792 -0.29433
5.12977 -2.60472 -0.301512
5.70566 -2.89714 -0.298042
6.44345 -3.27176 -0.294459
7.4188 -3.76701 -0.290556
9.27419 -4.70911 -0.302647
11.42 -5.79869 -0.298108
14.836 -7.53319 -0.290435
24.7166 -12.5502 -0.322558
2.53192 -1.27452 -0.297931
2.66374 -1.34087 -0.295911
2.86275 -1.44105 -0.299199
3.04944 -1.53502 -0.298686
3.25061 -1.63629 -0.297068
3.5443 -1.78413 -0.300679
3.827 -1.92643 -0.299603
4.14642 -2.08722 -0.297481
4.52067 -2.27561 -0.294777
5.12441 -2.57952 -0.300666
5.74222 -2.89052 -0.299422
6.4699 -3.25682 -0.295146
7.44471 -3.74751 -0.291056
9.32212 -4.69256 -0.303674
11.4691 -5.77331 -0.298861
14.8982 -7.49944 -0.291139
21.2592 -10.7014 -0.276948
2.55158 -1.27326 -0.299718
2.68594 -1.34031 -0.297854
2.87727 -1.43578 -0.300191
3.05706 -1.5255 -0.298909
3.25388 -1.62371 -0.296846
3.49069 -1.74188 -0.295613
3.82351 -1.90797 -0.298807
4.16096 -2.07636 -0.298003
4.53946 -2.26523 -0.295484
5.1796 -2.58466 -0.303372
5.76989 -2.87923 -0.300339
6.51269 -3.24989 -0.296578
7.49121 -3.73818 -0.292361
9.35626 -4.66886 -0.304253
11.5395 -5.75834 -0.300171
14.9665 -7.4684 -0.291962
21.3805 -10.669 -0.278041
2.55558 -1.26413 -0.299668
2.69047 -1.33085 -0.29784
2.83982 -1.40473 -0.29577
3.07928 -1.52318 -0.30056
3.26647 -1.61577 -0.297478
3.49292 -1.72778 -0.295289
3.85275 -1.90577 -0.300569
4.18481 -2.07003 -0.299191
4.55929 -2.25527 -0.296261
5.02312 -2.4847 -0.293697
5.79063 -2.86436 -0.300896
6.55069 -3.24032 -0.297791
7.53367 -3.72655 -0.293509
9.40634 -4.65288 -0.305352
11.575 -5.72561 -0.30057
15.0412 -7.44018 -0.292911
21.4967 -10.6334 -0.279067
2.57506 -1.26258 -0.301433
2.69823 -1.32298 -0.298186
2.84131 -1.39313 -0.295416
3.08588 -1.51305 -0.300687
3.2731 -1.60484 -0.297569
3.52596 -1.72883 -0.29757
3.7717 -1.84931 -0.29374
4.19775 -2.05821 -0.2996
4.58283 -2.24702 -0.297279
5.02732 -2.46496 -0.293437
5.79792 -2.8428 -0.300757
6.58917 -3.23075 -0.299025
7.55073 -3.70222 -0.293668
9.44081 -4.62895 -0.305944
11.6285 -5.70162 -0.301442
15.1203 -7.41369 -0.293945
21.5729 -10.5775 -0.279576
2.52416 -1.22671 -0.294971
2.70031 -1.31232 -0.297907
2.85823 -1.38906 -0.29667
3.025 -1.47011 -0.294252
3.29274 -1.60023 -0.298845
3.52115 -1.71123 -0.296658
3.79876 -1.84615 -0.295344
4.22827 -2.05488 -0.301264
4.60499 -2.23797 -0.298207
5.06838 -2.46316 -0.29533
5.8377 -2.83705 -0.302304
6.59791 -3.2065 -0.298912
7.59909 -3.69306 -0.295045
9.4873 -4.6107 -0.306926
11.6958 -5.684 -0.302669
15.1966 -7.38536 -0.294925
21.6924 -10.5422 -0.280645
2.53393 -1.22054 -0.295613
2.71735 -1.30888 -0.299281
2.89275 -1.39337 -0.299745
3.03955 -1.46408 -0.295168
3.32888 -1.60344 -0.301615
3.56542 -1.71738 -0.29988
3.81547 -1.83782 -0.296142
4.23531 -2.04005 -0.301256
4.61319 -2.22206 -0.298233
5.09186 -2.45263 -0.296197
5.86263 -2.82389 -0.303083
6.61654 -3.18703 -0.29925
7.61635 -3.66862 -0.295216
8.98668 -4.32867 -0.29024
11.7179 -5.64423 -0.302729
15.2396 -7.34055 -0.29526
21.7997 -10.5004 -0.281557
2.53996 -1.21253 -0.295821
2.691 -1.28463 -0.295882
2.89305 -1.38108 -0.299274
3.07801 -1.46938 -0.298403
3.25651 -1.55459 -0.294564
3.58266 -1.71029 -0.300826
3.82634 -1.82662 -0.296489
4.1355 -1.9742 -0.293664
4.6575 -2.2234 -0.300594
5.10907 -2.43897 -0.296701
5.68989 -2.71624 -0.29366
6.6701 -3.18417 -0.301168
7.68887 -3.67051 -0.297528
9.01043 -4.30139 -0.29052
11.7853 -5.62605 -0.30396
15.3204 -7.31363 -0.296328
21.8617 -10.4363 -0.281885
2.57087 -1.21627 -0.298924
2.71201 -1.28304 -0.297697
2.91522 -1.37918 -0.301067
3.08215 -1.45816 -0.298308
3.28675 -1.55495 -0.296806
3.60043 -1.70335 -0.301816
3.84226 -1.81776 -0.297228
4.15915 -1.96768 -0.294854
4.66592 -2.20744 -0.300638
5.14385 -2.43354 -0.298225
5.70687 -2.69991 -0.294048
6.70899 -3.174 -0.302421
7.71279 -3.6489 -0.297958
9.07231 -4.29209 -0.29203
11.847 -5.6048 -0.305046
15.4067 -7.28887 -0.297504
22.0081 -10.412 -0.283302
2.59511 -1.21666 -0.301246
2.7219 -1.27611 -0.298292
2.87719 -1.34891 -0.296652
3.10432 -1.45539 -0.29996
3.30572 -1.54982 -0.298028
3.52467 -1.65247 -0.29498
3.86445 -1.81177 -0.298454
4.18928 -1.96406 -0.296502
4.68104 -2.19461 -0.301117
5.18501 -2.43088 -0.300117
5.7428 -2.69239 -0.295413
6.75504 -3.16696 -0.303996
7.74666 -3.63186 -0.298775
9.10413 -4.26828 -0.292572
11.925 -5.59081 -0.306549
15.4862 -7.26038 -0.298547
22.1314 -10.3758 -0.284421
2.53472 -1.17757 -0.293756
2.7622 -1.28325 -0.302216
2.89304 -1.34403 -0.2978
3.12187 -1.45034 -0.301164
3.30592 -1.53585 -0.297561
3.54134 -1.64522 -0.295893
3.87933 -1.80224 -0.299115
4.19782 -1.9502 -0.296623
4.58594 -2.13051 -0.294518
5.17676 -2.405 -0.299152
5.7618 -2.67679 -0.295907
6.75026 -3.136 -0.303286
7.77599 -3.61253 -0.299418
9.15009 -4.2509 -0.29357
11.9709 -5.56137 -0.307226
15.5585 -7.22809 -0.299452
22.2152 -10.3206 -0.285033
2.56717 -1.18176 -0.297037
2.74773 -1.26488 -0.300148
2.90065 -1.33527 -0.298102
3.06978 -1.41313 -0.295662
3.32156 -1.52903 -0.298486
3.56113 -1.63931 -0.297065
3.91006 -1.79993 -0.300997
4.22648 -1.9456 -0.298165
4.60482 -2.11976 -0.295254
5.21692 -2.40153 -0.300986
5.78046 -2.66095 -0.296387
6.51454 -2.99887 -0.292223
7.81649 -3.5982 -0.300491
9.20378 -4.23682 -0.294816
12.0143 -5.53061 -0.307844
15.6357 -7.19766 -0.300452
22.319 -10.2742 -0.285903
2.57671 -1.17526 -0.297665
2.71657 -1.23905 -0.296269
2.92277 -1.3331 -0.299895
3.09088 -1.40977 -0.297217
3.34265 -1.52461 -0.299901
3.58155 -1.63357 -0.298291
3.8366 -1.74991 -0.294871
4.25013 -1.93852 -0.299354
4.61961 -2.10704 -0.295728
5.24541 -2.39247 -0.302145
5.84468 -2.66581 -0.2992
6.55741 -2.99089 -0.293676
7.85694 -3.58361 -0.301563
9.24784 -4.21802 -0.295754
12.0803 -5.50992 -0.309039
15.7184 -7.16928 -0.301558
22.4466 -10.2381 -0.287077
2.58965 -1.17025 -0.298684
2.71132 -1.22523 -0.295228
2.93761 -1.32749 -0.300939
3.09858 -1.40023 -0.297486
3.36115 -1.51889 -0.301083
3.58975 -1.62219 -0.2985
3.84726 -1.73856 -0.295221
4.27142 -1.93023 -0.300377
4.66232 -2.10688 -0.297989
5.25021 -2.37254 -0.301943
5.85646 -2.6465 -0.299328
6.589 -2.97754 -0.294623
7.89633 -3.56831 -0.302595
9.29197 -4.199 -0.296694
11.2654 -5.09077 -0.287736
15.8045 -7.14196 -0.302729
22.552 -10.1911 -0.287968
2.60503 -1.16626 -0.299987
2.74457 -1.22873 -0.298379
2.93838 -1.3155 -0.300546
3.12099 -1.39725 -0.299167
3.30731 -1.48067 -0.295795
3.61211 -1.61712 -0.299888
3.86759 -1.7315 -0.296315
4.29157 -1.92132 -0.30132
4.66264 -2.08744 -0.297542
5.11052 -2.28795 -0.293447
5.8823 -2.63348 -0.300177
6.59777 -2.95379 -0.294551
7.93642 -3.5531 -0.303654
9.32541 -4.17494 -0.297294
11.3157 -5.06596 -0.288566
15.8491 -7.09556 -0.303108
22.6404 -10.136 -0.288644
2.57119 -1.14034 -0.295629
2.75188 -1.22048 -0.298708
2.89044 -1.28193 -0.295182
3.14576 -1.39517 -0.301073
3.33521 -1.47919 -0.297826
3.63072 -1.61025 -0.300964
3.8828 -1.72205 -0.297018
4.19445 -1.86027 -0.294043
4.68763 -2.079 -0.298671
5.15676 -2.28707 -0.295642
5.89918 -2.61633 -0.30057
6.62957 -2.94027 -0.295511
7.95582 -3.52847 -0.303922
9.37081 -4.15603 -0.298277
11.403 -5.05731 -0.29034
15.943 -7.07084 -0.304429
22.7565 -10.0927 -0.289672
2.57152 -1.12976 -0.295212
2.76466 -1.21461 -0.299633
2.91782 -1.2819 -0.29752
3.13501 -1.37732 -0.299582
3.33365 -1.46459 -0.297228
3.56236 -1.56507 -0.294843
3.91747 -1.72108 -0.299208
4.22451 -1.85597 -0.295694
4.71119 -2.06979 -0.29971
5.17478 -2.27346 -0.296218
5.93371 -2.60688 -0.301863
6.67732 -2.93357 -0.297181
7.62923 -3.35178 -0.290997
9.42891 -4.14244 -0.299664
11.4505 -5.0306 -0.291101
16.0285 -7.04186 -0.30559
22.8894 -10.0561 -0.290915
2.58554 -1.12516 -0.296369
2.7768 -1.20839 -0.30049
2.91814 -1.2699 -0.297098
3.09338 -1.34616 -0.295152
3.35935 -1.4619 -0.299063
3.56981 -1.55349 -0.295009
3.92616 -1.70856 -0.299414
4.23198 -1.84164 -0.295765
4.73791 -2.06181 -0.300949
5.2091 -2.26686 -0.297728
5.96386 -2.59531 -0.302934
6.71046 -2.92021 -0.2982
7.65105 -3.32953 -0.291384
9.46341 -4.11822 -0.300301
11.49 -5.00012 -0.291658
16.0886 -7.00133 -0.306268
22.9851 -10.0025 -0.291685
2.60367 -1.12225 -0.297996
2.7483 -1.18459 -0.296956
2.94698 -1.27022 -0.29958
3.1173 -1.34363 -0.296985
3.36178 -1.44901 -0.298826
3.60417 -1.55349 -0.297398
3.94975 -1.70244 -0.300757
4.25929 -1.83586 -0.297223
4.76392 -2.05337 -0.302144
5.21743 -2.24884 -0.297753
5.78495 -2.49346 -0.293402
6.7317 -2.90153 -0.298692
7.68853 -3.31395 -0.292369
9.51741 -4.10224 -0.301558
11.5599 -4.9826 -0.29299
16.1633 -6.96677 -0.307224
23.104 -9.95838 -0.29275
2.6228 -1.11964 -0.299736
2.76705 -1.18122 -0.298534
2.96025 -1.2637 -0.300479
3.1205 -1.33211 -0.296845
3.36233 -1.43534 -0.298428
3.62842 -1.54893 -0.29895
3.87696 -1.65503 -0.294773
4.27785 -1.82617 -0.298072
4.65337 -1.98647 -0.294691
5.26594 -2.24797 -0.300071
5.80892 -2.47976 -0.294177
6.77359 -2.89157 -0.3001
7.74085 -3.30448 -0.293918
9.57782 -4.08866 -0.303018
11.6155 -4.95851 -0.293958
16.2559 -6.93946 -0.308522
23.2429 -9.92212 -0.294069
2.60236 -1.10019 -0.296959
2.77111 -1.17153 -0.298529
2.92174 -1.23521 -0.29613
3.14008 -1.32752 -0.298264
3.32987 -1.40775 -0.295109
3.62792 -1.53376 -0.298466
3.89066 -1.64483 -0.295376
4.31218 -1.82304 -0.300018
4.67627 -1.97696 -0.295702
5.27874 -2.23167 -0.300355
5.85635 -2.47586 -0.296139
6.80924 -2.87871 -0.301232
7.78191 -3.28992 -0.295038
9.60158 -4.05921 -0.303319
11.6869 -4.94081 -0.295327
16.3582 -6.91569 -0.310004
23.3615 -9.87641 -0.295132
2.59 -1.08431 -0.295114
2.78786 -1.16715 -0.299892
2.91381 -1.21988 -0.294893
3.16906 -1.32674 -0.300574
3.36287 -1.40788 -0.297595
3.63932 -1.52361 -0.298964
3.8935 -1.63003 -0.295158
4.31658 -1.80715 -0.299883
4.68014 -1.95935 -0.295512
5.29969 -2.21873 -0.301104
5.86696 -2.45622 -0.29624
6.8362 -2.862 -0.301981
7.82447 -3.27574 -0.296216
9.65742 -4.04311 -0.304635
11.7175 -4.90555 -0.295664
16.4082 -6.86936 -0.310495
23.4168 -9.80353 -0.295397
2.62156 -1.08678 -0.298275
2.73039 -1.13189 -0.293283
2.95718 -1.22591 -0.298847
3.17869 -1.31774 -0.30105
3.36807 -1.39625 -0.297622
3.68009 -1.5256 -0.301874
3.94234 -1.63431 -0.298426
4.33668 -1.79779 -0.300842
4.71624 -1.95514 -0.297359
5.32376 -2.20699 -0.302032
5.91084 -2.45036 -0.298021
6.86527 -2.84602 -0.302824
7.85224 -3.25518 -0.296836
9.69459 -4.01893 -0.305363
11.7833 -4.88481 -0.296893
16.5015 -6.84077 -0.311806
23.5362 -9.75704 -0.296471
2.62097 -1.07582 -0.297779
2.76639 -1.13551 -0.296722
2.96361 -1.21646 -0.299065
3.12773 -1.28383 -0.295797
3.39911 -1.39522 -0.299932
3.60395 -1.4793 -0.295202
3.93901 -1.61683 -0.297744
4.25731 -1.74748 -0.29491
4.72629 -1.93998 -0.297563
5.18173 -2.12693 -0.293551
5.92569 -2.43229 -0.29834
6.63424 -2.72313 -0.292212
7.89407 -3.24025 -0.297987
9.21681 -3.78319 -0.289896
11.8311 -4.85628 -0.297669
15.0623 -6.18256 -0.284201
23.6812 -9.72032 -0.297867
2.6335 -1.07023 -0.298776
2.75543 -1.11978 -0.295125
2.97374 -1.2085 -0.29966
3.14482 -1.27802 -0.296989
3.41446 -1.3876 -0.300857
3.60993 -1.46704 -0.29527
3.97166 -1.61405 -0.299784
4.25707 -1.73003 -0.294473
4.7681 -1.93771 -0.299767
5.21819 -2.12062 -0.295194
5.96136 -2.42264 -0.299708
6.65616 -2.705 -0.292759
7.925 -3.22064 -0.298728
9.25645 -3.76173 -0.290727
11.9036 -4.83751 -0.299065
15.1403 -6.15286 -0.285265
23.7944 -9.6698 -0.298864
2.61104 -1.05049 -0.29581
2.7984 -1.12587 -0.299304
2.94303 -1.18405 -0.296146
3.1705 -1.27557 -0.298991
3.4145 -1.37374 -0.300436
3.64373 -1.46597 -0.297615
3.98495 -1.60325 -0.300363
4.28651 -1.72457 -0.296091
4.78062 -1.92337 -0.30013
5.20216 -2.09296 -0.293873
5.97549 -2.40409 -0.299994
6.69656 -2.6942 -0.29412
7.96347 -3.20391 -0.299754
9.30181 -3.74236 -0.29174
11.9572 -4.81071 -0.299989
15.1975 -6.11437 -0.28594
23.9012 -9.61608 -0.299783
2.62992 -1.04743 -0.297533
2.80478 -1.11707 -0.299568
2.96219 -1.17976 -0.297658
3.17303 -1.26373 -0.298812
3.3691 -1.34182 -0.296027
3.66911 -1.46131 -0.299269
3.91972 -1.56112 -0.295033
4.32593 -1.7229 -0.298396
4.81477 -1.91759 -0.301852
5.19088 -2.06739 -0.292825
6.00962 -2.39347 -0.301286
6.71306 -2.67363 -0.294433
8.01213 -3.19101 -0.301165
9.3508 -3.72417 -0.292866
12.0076 -4.78231 -0.300832
15.2871 -6.08842 -0.287222
24.0239 -9.56807 -0.3009
2.66145 -1.04923 -0.300684
2.74846 -1.08353 -0.293146
2.97501 -1.17284 -0.298533
3.20218 -1.2624 -0.30114
3.38261 -1.33353 -0.296804
3.66345 -1.44425 -0.298394
3.93427 -1.55101 -0.295718
4.33374 -1.7085 -0.298522
4.68676 -1.84767 -0.29342
5.17544 -2.04032 -0.29155
6.04059 -2.38139 -0.302419
6.7636 -2.66642 -0.296239
8.06064 -3.17775 -0.302569
9.37984 -3.69782 -0.29337
12.0746 -4.76018 -0.302091
15.3706 -6.05956 -0.288392
24.1219 -9.5096 -0.30171
2.66017 -1.038 -0.300128
2.79972 -1.09245 -0.298205
2.98045 -1.16297 -0.298669
3.15515 -1.23114 -0.296311
3.39984 -1.32662 -0.297906
3.69524 -1.44188 -0.300571
3.95797 -1.5444 -0.297093
4.36634 -1.70375 -0.300355
4.72799 -1.84486 -0.295596
5.17663 -2.01992 -0.291218
5.22737 -2.03972 -0.261348
5.2394 -2.04442 -0.229167
5.25237 -2.04948 -0.196886
9.4649 -3.69321 -0.295625
12.1324 -4.73405 -0.303121
15.4552 -6.03064 -0.289584
24.305 -9.48382 -0.303584
2.63878 -1.01904 -0.29731
2.7958 -1.07969 -0.297384
2.98181 -1.15152 -0.2984
3.16843 -1.22359 -0.297154
3.41914 -1.32041 -0.299192
3.64331 -1.40698 -0.295945
3.98082 -1.53732 -0.298403
4.37595 -1.68991 -0.300609
4.75306 -1.83554 -0.296761
5.1678 -1.99571 -0.290328
5.19978 -2.00806 -0.259616
5.22033 -2.01599 -0.228023
5.23273 -2.02078 -0.195884
5.24504 -2.02553 -0.163601
5.24597 -2.02589 -0.13089
5.25335 -2.02874 -0.0982982
24.3982 -9.4221 -0.304335
2.64605 -1.01125 -0.29773
2.83006 -1.08157 -0.300624
2.98425 -1.1405 -0.298244
3.1759 -1.21374 -0.297456
3.43417 -1.31244 -0.300104
3.63876 -1.39063 -0.295179
3.99833 -1.52805 -0.299314
4.28861 -1.63898 -0.294213
4.77025 -1.82306 -0.297435
5.17419 -1.97743 -0.290297
5.21301 -1.99226 -0.259927
5.21378 -1.99256 -0.227432
5.21602 -1.99341 -0.194997
5.22364 -1.99633 -0.162715
5.25584 -2.00863 -0.130961
5.24892 -2.00599 -0.0980836
5.25436 -2.00807 -0.0654532
5.26159 -2.01083 -0.0327707
5.25211 -2.00721 -2.8113e-07
2.66782 -1.0089 -0.299781
2.82619 -1.06879 -0.299815
2.98173 -1.12761 -0.297597
3.20684 -1.21274 -0.299955
3.38716 -1.28094 -0.295603
3.66722 -1.38685 -0.297093
4.01922 -1.51997 -0.300478
4.32065 -1.63396 -0.296018
4.79463 -1.8132 -0.298558
5.18062 -1.95918 -0.290272
5.22177 -1.97474 -0.260019
5.21884 -1.97363 -0.227351
5.23081 -1.97816 -0.19529
5.24558 -1.98374 -0.163181
5.23728 -1.9806 -0.130325
5.25651 -1.98787 -0.0980951
5.24589 -1.98386 -0.065261
5.26681 -1.99177 -0.0327597
5.27336 -1.99425 -2.81893e-07
2.66745 -0.998124 -0.299346
2.7983 -1.04709 -0.296466
2.9904 -1.11897 -0.29807
3.22187 -1.20558 -0.300966
3.41663 -1.27846 -0.297784
3.70193 -1.38521 -0.299511
4.03813 -1.51101 -0.301495
4.32838 -1.61962 -0.296158
4.80674 -1.79862 -0.298919
5.19925 -1.94549 -0.290933
5.2398 -1.96066 -0.260574
5.24823 -1.96381 -0.22833
5.25316 -1.96566 -0.195867
5.25514 -1.9664 -0.163264
5.2499 -1.96444 -0.130468
5.25658 -1.96694 -0.0979676
5.28485 -1.97752 -0.0656593
5.26793 -1.97119 -0.0327236
2.65534 -0.983032 -0.2976
2.79826 -1.03594 -0.296076
2.98545 -1.10524 -0.29719
3.16768 -1.1727 -0.295519
3.42885 -1.26939 -0.29846
3.71309 -1.37462 -0.300024
3.95352 -1.46363 -0.294795
4.36357 -1.61543 -0.298178
4.85307 -1.79665 -0.301408
5.18434 -1.91929 -0.289722
5.23876 -1.93944 -0.260184
5.24296 -1.94099 -0.227805
5.23662 -1.93864 -0.194997
5.25887 -1.94688 -0.163167
5.28328 -1.95592 -0.131127
5.29495 -1.96024 -0.0985544
24.8856 -9.21287 -0.308778
2.67243 -0.978758 -0.29913
2.82248 -1.03371 -0.298255
3.02774 -1.10888 -0.301012
3.1947 -1.17003 -0.297656
3.4367 -1.25866 -0.298759
3.71898 -1.36205 -0.300114
3.98674 -1.46011 -0.29689
4.37504 -1.60232 -0.298577
4.85686 -1.77879 -0.301256
5.22277 -1.9128 -0.291494
5.28858 -1.9369 -0.26232
5.2706 -1.93032 -0.228712
7.96432 -2.91687 -0.296187
9.74089 -3.56753 -0.301843
11.6814 -4.27824 -0.289551
15.9244 -5.83219 -0.296019
25.0459 -9.17286 -0.310368
2.685 -0.972735 -0.300154
2.85603 -1.0347 -0.301417
2.98913 -1.08292 -0.296796
3.20951 -1.16276 -0.298656
3.45269 -1.25086 -0.299767
3.66872 -1.32912 -0.295681
3.99914 -1.44883 -0.297434
4.40345 -1.5953 -0.300134
4.78077 -1.732 -0.296159
5.23948 -1.89819 -0.292055
6.08192 -2.20339 -0.301288
6.77837 -2.4557 -0.293765
7.99462 -2.89633 -0.296936
9.77257 -3.54046 -0.302439
11.7421 -4.25397 -0.290683
16.0115 -5.80073 -0.297259
25.1524 -9.11235 -0.311291
2.66558 -0.955182 -0.297609
2.80712 -1.0059 -0.295882
2.99659 -1.07379 -0.297163
3.20167 -1.14728 -0.297551
3.38961 -1.21463 -0.293921
3.69283 -1.32328 -0.29725
4.03164 -1.44469 -0.299474
4.446 -1.59317 -0.302653
4.77747 -1.71195 -0.295583
5.27212 -1.88921 -0.293505
6.11105 -2.18982 -0.30235
6.81806 -2.44317 -0.295114
8.03664 -2.87984 -0.298121
9.84066 -3.52629 -0.304164
11.8002 -4.22845 -0.291754
16.0926 -5.76661 -0.298389
25.2728 -9.05622 -0.312388
2.65224 -0.939959 -0.295751
2.81154 -0.996416 -0.29598
3.00998 -1.06674 -0.298119
3.23428 -1.14623 -0.300208
3.40928 -1.20826 -0.295259
3.69817 -1.31064 -0.297309
4.05205 -1.43606 -0.300616
4.3221 -1.53176 -0.293853
4.82027 -1.70831 -0.297859
5.35434 -1.89759 -0.297711
5.93102 -2.10196 -0.293077
6.82776 -2.41977 -0.295166
8.09374 -2.86844 -0.299866
9.88554 -3.50345 -0.305171
11.837 -4.19507 -0.292302
16.1585 -5.72658 -0.299237
25.3923 -8.99908 -0.313475
2.66843 -0.935217 -0.29719
2.84248 -0.996216 -0.298868
3.0352 -1.06376 -0.300247
3.20872 -1.12457 -0.297469
3.44696 -1.20807 -0.298154
3.75041 -1.31442 -0.301138
4.06992 -1.4264 -0.30157
4.37004 -1.53159 -0.296747
4.83537 -1.69467 -0.298425
5.41686 -1.89847 -0.300817
5.949 -2.08497 -0.293604
6.89294 -2.4158 -0.297617
8.12288 -2.84686 -0.300575
9.40589 -3.29652 -0.290006
11.9321 -4.18189 -0.294286
16.2677 -5.70143 -0.30089
25.5379 -8.95038 -0.314884
2.68717 -0.931259 -0.298914
2.8605 -0.991326 -0.300397
2.98259 -1.03364 -0.294684
3.21063 -1.11267 -0.297284
3.44489 -1.19385 -0.297612
3.75281 -1.30056 -0.300964
3.98581 -1.38131 -0.294978
4.3841 -1.51934 -0.29734
4.86419 -1.68572 -0.299838
5.45672 -1.89106 -0.302662
5.99778 -2.07857 -0.295652
6.9098 -2.39464 -0.297982
8.16952 -2.8312 -0.301933
9.46509 -3.28019 -0.291476
11.9787 -4.15129 -0.295075
16.3237 -5.65708 -0.301557
25.6704 -8.89627 -0.316133
2.70516 -0.926921 -0.300553
2.81299 -0.96387 -0.295053
3.01604 -1.03344 -0.297631
3.22197 -1.104 -0.297975
3.47064 -1.18921 -0.299477
3.69345 -1.26556 -0.295847
4.02352 -1.37865 -0.297411
4.40235 -1.50846 -0.298218
4.90523 -1.68077 -0.302004
5.30915 -1.81918 -0.294122
6.01401 -2.06069 -0.296095
6.93903 -2.37765 -0.298882
8.21503 -2.81487 -0.30325
9.50767 -3.25779 -0.292435
12.0443 -4.12698 -0.296337
16.4128 -5.62382 -0.302839
25.7803 -8.8336 -0.317104
2.66758 -0.903642 -0.296024
2.85481 -0.967067 -0.299083
3.04438 -1.03129 -0.30007
3.23894 -1.09719 -0.299188
3.42532 -1.16033 -0.295214
3.71453 -1.2583 -0.297182
4.04691 -1.37089 -0.298784
4.42936 -1.50045 -0.299691
4.90864 -1.6628 -0.301855
5.34048 -1.80909 -0.295506
6.0596 -2.05269 -0.297985
6.98055 -2.36466 -0.300313
8.25794 -2.79738 -0.304471
9.56403 -3.23982 -0.293819
12.1204 -4.1058 -0.297854
16.4982 -5.58877 -0.304053
25.939 -8.78686 -0.318678
2.67148 -0.894572 -0.296108
2.84444 -0.952492 -0.297646
3.04449 -1.01948 -0.299728
3.2156 -1.07678 -0.296683
3.44279 -1.15286 -0.296371
3.73767 -1.2516 -0.298682
4.06095 -1.35985 -0.299468
4.44266 -1.48767 -0.300237
4.8135 -1.61185 -0.295656
5.37598 -1.80021 -0.297121
6.0837 -2.03719 -0.298818
7.01251 -2.34822 -0.301334
7.93261 -2.65632 -0.292132
9.59947 -3.21448 -0.294561
12.1567 -4.07081 -0.298394
16.5864 -5.55413 -0.305318
22.8085 -7.63769 -0.279888
2.70124 -0.894058 -0.29906
2.86737 -0.949042 -0.299696
3.00165 -0.993488 -0.295167
3.21296 -1.06343 -0.296095
3.45231 -1.14265 -0.296845
3.75085 -1.24146 -0.299387
4.08193 -1.35104 -0.300666
4.36886 -1.44601 -0.294907
4.82803 -1.59798 -0.296204
5.39038 -1.78411 -0.29757
6.12928 -2.02867 -0.300707
7.07695 -2.34233 -0.303749
7.98758 -2.64373 -0.293815
9.65298 -3.19495 -0.295859
12.2436 -4.05241 -0.300179
16.6788 -5.52035 -0.306662
22.9535 -7.59716 -0.281339
2.71107 -0.886816 -0.299803
2.83156 -0.926229 -0.295614
3.02366 -0.989065 -0.296989
3.22912 -1.05627 -0.297243
3.47564 -1.13691 -0.298508
3.76246 -1.23073 -0.299968
4.01702 -1.314 -0.295544
4.39375 -1.43724 -0.296246
4.86075 -1.59 -0.297869
5.42244 -1.77373 -0.298996
6.12999 -2.00517 -0.300396
6.82429 -2.23229 -0.292568
8.02102 -2.62375 -0.294706
9.70774 -3.17549 -0.297195
12.2805 -4.01706 -0.300736
16.7665 -5.48446 -0.307921
23.0389 -7.53622 -0.282061
2.67805 -0.865669 -0.295815
2.86775 -0.92699 -0.299052
3.03396 -0.980717 -0.297663
3.25375 -1.05176 -0.29917
3.50175 -1.13193 -0.300409
3.70126 -1.19642 -0.294754
4.0341 -1.30401 -0.296464
4.4145 -1.42697 -0.297307
4.89095 -1.58098 -0.299379
5.4368 -1.75743 -0.299448
6.19474 -2.00243 -0.303225
6.8822 -2.22465 -0.294716
8.06794 -2.60793 -0.296093
9.76272 -3.15576 -0.298539
12.3672 -3.99765 -0.302516
16.8623 -5.45068 -0.30933
23.1769 -7.49184 -0.283429
2.71038 -0.865673 -0.29905
2.86895 -0.916319 -0.298841
3.06527 -0.979023 -0.300397
3.28046 -1.04775 -0.301287
3.45337 -1.10298 -0.295926
3.72802 -1.1907 -0.296552
4.05627 -1.29554 -0.297759
4.45992 -1.42446 -0.300029
4.89437 -1.56323 -0.299253
5.50348 -1.75777 -0.30278
6.02256 -1.92356 -0.294466
6.90812 -2.2064 -0.295494
8.09736 -2.58623 -0.296839
9.81401 -3.13452 -0.299771
12.427 -3.96909 -0.303638
16.9419 -5.41111 -0.31044
23.292 -7.43928 -0.284517
2.71014 -0.855177 -0.298692
2.87109 -0.905963 -0.298733
3.01235 -0.950537 -0.294883
3.23001 -1.01922 -0.296325
3.47478 -1.09646 -0.297431
3.7574 -1.18564 -0.298558
4.07931 -1.28721 -0.299118
4.47421 -1.41183 -0.300657
4.9359 -1.55751 -0.301457
5.35252 -1.68897 -0.294148
6.03996 -1.90589 -0.29499
6.94974 -2.19297 -0.296945
8.15993 -2.57484 -0.298802
9.86165 -3.11181 -0.300892
12.481 -3.93836 -0.30462
15.6154 -4.9274 -0.285817
23.415 -7.38855 -0.285703
2.6888 -0.838127 -0.296016
2.85202 -0.889004 -0.296424
3.03376 -0.945654 -0.296654
3.26575 -1.01797 -0.299276
3.49828 -1.09045 -0.299114
3.77125 -1.17554 -0.29933
4.0917 -1.27543 -0.299699
4.47985 -1.39641 -0.300706
4.8156 -1.50107 -0.293788
5.36471 -1.67224 -0.294496
6.06511 -1.89056 -0.295894
6.98207 -2.17638 -0.298
8.19398 -2.55415 -0.29972
9.92125 -3.09255 -0.302379
12.5506 -3.91214 -0.305982
15.689 -4.89041 -0.286849
23.5213 -7.33183 -0.286685
2.70988 -0.834323 -0.298014
2.86156 -0.881021 -0.297094
3.03724 -0.935111 -0.296674
3.27441 -1.00813 -0.299745
3.49528 -1.07613 -0.298535
3.79333 -1.1679 -0.300757
4.04783 -1.24625 -0.296164
4.4027 -1.35551 -0.295208
4.8635 -1.49738 -0.296389
5.40834 -1.66513 -0.296569
6.10707 -1.88026 -0.297619
7.00881 -2.15788 -0.298817
8.23446 -2.53524 -0.300875
9.97164 -3.07009 -0.303587
12.6293 -3.88832 -0.307567
15.7954 -4.8631 -0.288482
23.6668 -7.28658 -0.288147
2.71424 -0.825295 -0.298175
2.87989 -0.875664 -0.298678
3.07896 -0.936193 -0.300427
3.28664 -0.999341 -0.300543
3.47571 -1.05683 -0.296546
3.75137 -1.14065 -0.297113
4.04836 -1.23095 -0.295886
4.43694 -1.3491 -0.297186
4.85742 -1.47695 -0.295702
5.4311 -1.65139 -0.297499
6.14493 -1.86844 -0.299143
7.04648 -2.14256 -0.300102
8.28689 -2.51973 -0.302467
10.0249 -3.04817 -0.304881
11.9178 -3.62373 -0.289929
15.8711 -4.82579 -0.289556
23.7928 -7.23448 -0.289372
2.70702 -0.81278 -0.297068
2.85521 -0.857274 -0.295805
3.04803 -0.915168 -0.297095
3.23564 -0.971498 -0.295567
3.48363 -1.04596 -0.296908
3.76049 -1.12908 -0.297521
4.07737 -1.22423 -0.297693
4.45443 -1.33744 -0.298043
4.89809 -1.47065 -0.297864
5.46912 -1.6421 -0.299266
6.16905 -1.85225 -0.300001
7.07812 -2.1252 -0.301132
8.30472 -2.49349 -0.302798
9.56471 -2.8718 -0.29058
11.9499 -3.58795 -0.290404
15.9407 -4.78618 -0.290518
23.909 -7.17865 -0.290477
2.70007 -0.800422 -0.295996
2.86961 -0.850682 -0.296988
3.08068 -0.913252 -0.299965
3.27692 -0.971428 -0.299026
3.50533 -1.03914 -0.298447
3.777 -1.11967 -0.298516
4.07987 -1.20946 -0.297565
4.47827 -1.32756 -0.299325
4.92609 -1.46031 -0.299254
5.50479 -1.63187 -0.300904
6.22205 -1.8445 -0.302263
7.13829 -2.11611 -0.303375
8.02426 -2.37875 -0.292268
9.61157 -2.8493 -0.291699
12.0224 -3.564 -0.291863
16.0218 -4.74959 -0.291693
24.0504 -7.12962 -0.291891
2.70938 -0.792897 -0.296712
2.87722 -0.842015 -0.297469
3.0811 -0.90168 -0.299698
3.26907 -0.95669 -0.298003
3.50498 -1.02573 -0.29811
3.79025 -1.10921 -0.299255
4.12077 -1.20594 -0.300239
4.48705 -1.31313 -0.299604
4.95622 -1.45043 -0.300775
5.53143 -1.61877 -0.302049
6.06041 -1.77357 -0.294108
6.89514 -2.01785 -0.29274
8.05517 -2.35734 -0.293092
9.66249 -2.82772 -0.292943
12.0908 -3.53834 -0.29322
16.1136 -4.71562 -0.293062
24.1794 -7.07607 -0.293155
2.73599 -0.79032 -0.299322
2.90914 -0.840335 -0.300464
3.09309 -0.893472 -0.300559
3.29453 -0.951658 -0.300019
3.53039 -1.01979 -0.299966
3.74163 -1.08081 -0.295116
4.07164 -1.17614 -0.296358
4.43813 -1.282 -0.296037
4.84845 -1.40052 -0.293936
5.4065 -1.56172 -0.294928
6.06857 -1.75297 -0.294205
6.94536 -2.00624 -0.294573
8.10951 -2.34252 -0.294769
9.71834 -2.80724 -0.294337
12.1544 -3.51091 -0.294463
16.2017 -4.68003 -0.294366
24.3135 -7.0232 -0.294482
2.71953 -0.77528 -0.297222
2.87204 -0.81876 -0.296335
3.0477 -0.868836 -0.295851
3.25832 -0.928881 -0.296424
3.4983 -0.997292 -0.296941
3.7588 -1.07156 -0.296173
4.0914 -1.16637 -0.297498
4.44929 -1.2684 -0.296484
4.90492 -1.39829 -0.297062
5.4425 -1.55154 -0.296594
6.09993 -1.73896 -0.295429
6.97441 -1.98826 -0.295509
8.15925 -2.32603 -0.29628
9.75207 -2.78011 -0.295063
12.2309 -3.48677 -0.29602
16.2875 -4.64323 -0.295628
24.4083 -6.9583 -0.295334
2.73197 -0.76852 -0.298287
2.89612 -0.814696 -0.298524
3.07828 -0.86594 -0.298525
3.27811 -0.922152 -0.29793
3.4934 -0.982714 -0.296233
3.796 -1.06784 -0.298808
4.09144 -1.15095 -0.297206
4.47224 -1.25807 -0.297719
4.90977 -1.38115 -0.297061
5.44594 -1.53198 -0.296488
6.1425 -1.72792 -0.297196
7.0331 -1.97845 -0.297701
8.18431 -2.3023 -0.296896
9.83064 -2.76542 -0.297146
12.2795 -3.45431 -0.296904
16.3665 -4.60399 -0.296768
24.5436 -6.90426 -0.296677
2.73811 -0.759934 -0.298666
2.92417 -0.811575 -0.301122
3.08631 -0.856573 -0.299011
3.30638 -0.917653 -0.300206
3.5442 -0.983658 -0.300247
3.81577 -1.05903 -0.300072
4.11309 -1.14155 -0.298488
4.5038 -1.24998 -0.299527
4.9293 -1.36808 -0.297952
5.47782 -1.52031 -0.297933
6.18713 -1.71718 -0.299064
7.04062 -1.95405 -0.297728
8.22251 -2.28208 -0.297991
9.88841 -2.74443 -0.2986
12.3614 -3.43077 -0.298591
16.4746 -4.57235 -0.298436
24.6804 -6.84981 -0.29804
2.72504 -0.746066 -0.296955
2.87888 -0.788182 -0.296172
3.07729 -0.842504 -0.29785
3.24528 -0.888498 -0.294375
3.5706 -0.977565 -0.302193
3.82138 -1.04622 -0.300224
4.15434 -1.13738 -0.301191
4.51153 -1.23517 -0.299752
4.97039 -1.3608 -0.300147
5.52451 -1.51251 -0.300183
6.21898 -1.70264 -0.300314
7.08495 -1.93973 -0.299314
8.27661 -2.26598 -0.299663
9.94321 -2.72227 -0.299966
12.4174 -3.39964 -0.299655
16.5596 -4.53371 -0.299688
24.8264 -6.79701 -0.299515
2.74844 -0.74216 -0.29922
2.89601 -0.78201 -0.297652
3.06367 -0.827283 -0.296251
3.27019 -0.883048 -0.296352
3.53106 -0.953492 -0.298562
3.7762 -1.01969 -0.296393
4.08002 -1.10173 -0.295522
4.46471 -1.20561 -0.29636
4.99893 -1.34986 -0.301584
5.54992 -1.49864 -0.301278
6.25663 -1.68948 -0.301845
7.13433 -1.92648 -0.301115
8.32228 -2.24726 -0.30103
9.98782 -2.69701 -0.301026
12.4919 -3.37318 -0.301167
16.6676 -4.50074 -0.301355
24.9561 -6.73889 -0.300793
2.75172 -0.732743 -0.299297
2.89472 -0.770822 -0.297241
3.10063 -0.825652 -0.299544
3.29496 -0.8774 -0.298318
3.52612 -0.938953 -0.297865
3.79317 -1.01007 -0.297446
4.10726 -1.0937 -0.297216
4.46861 -1.18993 -0.296341
4.91267 -1.30817 -0.296102
5.42524 -1.44466 -0.294233
6.08917 -1.62146 -0.293491
7.18478 -1.9132 -0.30296
8.37862 -2.2311 -0.302785
10.0314 -2.67122 -0.302057
12.5429 -3.34 -0.302114
16.7565 -4.46201 -0.30268
25.0896 -6.68099 -0.302119
2.72805 -0.716243 -0.296448
2.89467 -0.75999 -0.296961
3.08648 -0.810349 -0.297901
3.32078 -0.871865 -0.300378
3.53595 -0.928356 -0.29842
3.79256 -0.995728 -0.297123
4.11039 -1.07918 -0.297169
4.50162 -1.18189 -0.298255
4.93071 -1.29455 -0.296915
5.45587 -1.43243 -0.295621
6.12905 -1.60917 -0.295141
6.96834 -1.82952 -0.293562
8.42472 -2.21189 -0.304169
10.1107 -2.65455 -0.304164
12.6265 -3.31506 -0.303846
16.8235 -4.41698 -0.30361
25.2659 -6.6335 -0.303961
2.75898 -0.714072 -0.299536
2.91285 -0.753896 -0.298554
3.08879 -0.799433 -0.297853
3.28035 -0.849012 -0.296451
3.50764 -0.907837 -0.295761
3.83902 -0.993604 -0.30049
4.14416 -1.07258 -0.299337
4.50333 -1.16554 -0.298097
4.94498 -1.27985 -0.297503
5.49695 -1.42271 -0.297576
6.15007 -1.59174 -0.295883
7.00603 -1.81328 -0.294881
8.13443 -2.10533 -0.293421
9.69927 -2.51034 -0.29152
12.7089 -3.28927 -0.30555
16.9036 -4.37494 -0.304777
25.3662 -6.56521 -0.30489
2.75784 -0.703507 -0.299144
2.92531 -0.746226 -0.299562
3.08712 -0.787504 -0.297425
3.29518 -0.840579 -0.297524
3.51613 -0.896942 -0.296211
3.78387 -0.96524 -0.295907
4.08969 -1.04325 -0.295138
4.5557 -1.16213 -0.301293
4.98267 -1.27105 -0.299502
5.51893 -1.40784 -0.298498
6.16393 -1.57238 -0.296284
7.06056 -1.8011 -0.29691
8.15875 -2.08124 -0.294034
9.70459 -2.47558 -0.291418
12.7666 -3.25666 -0.306662
17.001 -4.33685 -0.306258
25.5278 -6.51198 -0.306558
2.74872 -0.690962 -0.29789
2.88129 -0.724287 -0.294793
3.11625 -0.78335 -0.299966
3.32013 -0.8346 -0.299511
3.5368 -0.889067 -0.297689
3.80047 -0.955348 -0.296943
4.10284 -1.03136 -0.295825
4.47352 -1.12454 -0.295596
5.00735 -1.25873 -0.300719
5.55433 -1.39622 -0.300147
6.23529 -1.5674 -0.299449
7.07462 -1.77839 -0.297238
8.21992 -2.06629 -0.295977
9.77452 -2.45708 -0.293259
12.0751 -3.0354 -0.289797
17.1191 -4.30334 -0.308113
25.6649 -6.45155 -0.307931
2.74589 -0.680062 -0.297325
2.90313 -0.719005 -0.296769
3.08758 -0.764687 -0.296947
3.28366 -0.813249 -0.295963
3.56566 -0.883092 -0.299857
3.8251 -0.947344 -0.298606
4.14445 -1.02644 -0.298565
4.4973 -1.11383 -0.296908
4.91371 -1.21695 -0.294838
5.58901 -1.38421 -0.301758
6.2626 -1.55103 -0.300499
7.12199 -1.76387 -0.298967
8.27179 -2.04864 -0.297585
9.83937 -2.43687 -0.294947
12.1564 -3.01071 -0.291492
17.2062 -4.26137 -0.30941
25.8292 -6.397 -0.309632
2.76911 -0.675555 -0.299582
2.92385 -0.713305 -0.298631
3.10662 -0.757895 -0.298522
3.29925 -0.804888 -0.297113
3.52348 -0.859591 -0.296055
3.84474 -0.937968 -0.299883
4.14767 -1.01187 -0.29854
4.52535 -1.10401 -0.298504
4.93698 -1.20443 -0.29598
5.48391 -1.33786 -0.295829
6.31211 -1.53991 -0.302614
7.18356 -1.75251 -0.301293
8.3152 -2.02858 -0.29889
9.90921 -2.41746 -0.296786
12.2266 -2.98281 -0.292924
15.979 -3.89826 -0.287096
25.967 -6.33494 -0.311017
2.74428 -0.659348 -0.296644
2.90327 -0.697549 -0.296278
3.11446 -0.748289 -0.299022
3.32801 -0.799598 -0.29945
3.51647 -0.844877 -0.295216
3.79494 -0.911784 -0.295748
4.18236 -1.00487 -0.300783
4.5303 -1.08846 -0.298577
4.97272 -1.19476 -0.297871
5.49186 -1.31949 -0.296008
6.13622 -1.47431 -0.293933
7.20062 -1.73004 -0.301754
8.34877 -2.0059 -0.299843
8.47708 -2.03673 -0.253678
8.49319 -2.0406 -0.203308
8.51304 -2.04537 -0.152825
26.0883 -6.26807 -0.312206
2.76854 -0.654957 -0.299018
2.93409 -0.694122 -0.299174
3.0893 -0.730839 -0.29636
3.32588 -0.786807 -0.299009
3.56472 -0.84331 -0.299018
3.82584 -0.905085 -0.297908
4.12612 -0.97612 -0.296491
4.55325 -1.07717 -0.29984
4.99673 -1.18208 -0.29906
5.52901 -1.308 -0.297762
6.18913 -1.46417 -0.296221
7.00479 -1.65713 -0.293303
8.38432 -1.98349 -0.300869
8.46582 -2.00277 -0.25313
8.47726 -2.00548 -0.202757
8.47954 -2.00602 -0.152097
8.48049 -2.00624 -0.101404
8.52687 -2.01721 -0.0509777
2.75302 -0.641139 -0.297098
2.92962 -0.682266 -0.298473
3.10804 -0.723817 -0.297913
3.29865 -0.768209 -0.296318
3.59572 -0.837391 -0.301371
3.86573 -0.900272 -0.300767
4.15181 -0.966897 -0.298093
4.51468 -1.0514 -0.297057
5.0338 -1.1723 -0.301032
5.55495 -1.29367 -0.298914
6.22675 -1.45012 -0.297777
7.06618 -1.64561 -0.29563
8.39937 -1.95609 -0.301162
8.46097 -1.97044 -0.252778
8.48518 -1.97608 -0.202781
8.48078 -1.97505 -0.151995
8.5114 -1.98218 -0.10169
8.50901 -1.98163 -0.0508292
8.52983 -1.98647 -4.37905e-07
2.76339 -0.633386 -0.297977
2.90595 -0.66606 -0.295822
3.11874 -0.714834 -0.298698
3.33566 -0.764553 -0.299401
3.53809 -0.810951 -0.296302
3.86624 -0.886165 -0.300564
4.17418 -0.956747 -0.299457
4.52067 -1.03616 -0.297211
4.93135 -1.13029 -0.294667
5.59158 -1.28162 -0.300642
6.24775 -1.43202 -0.298541
7.07674 -1.62203 -0.295834
8.17373 -1.87347 -0.292836
8.49839 -1.94788 -0.253691
8.50314 -1.94897 -0.203046
8.51772 -1.95231 -0.152534
23.6022 -5.40976 -0.28176
2.77624 -0.626132 -0.299125
2.94433 -0.664039 -0.299492
3.10711 -0.700752 -0.297347
3.35378 -0.756385 -0.300788
3.57406 -0.806066 -0.299077
3.80377 -0.857872 -0.295473
4.18664 -0.94422 -0.300112
4.54873 -1.02588 -0.298818
4.98415 -1.12408 -0.297586
5.4748 -1.23474 -0.29413
6.27834 -1.41597 -0.299764
7.12496 -1.60691 -0.297613
8.23201 -1.85658 -0.29469
10.168 -2.29322 -0.303292
12.5839 -2.83807 -0.300251
16.4595 -3.71214 -0.294519
23.7311 -5.35211 -0.283073
2.75547 -0.61134 -0.296655
2.93656 -0.651516 -0.298468
3.1285 -0.694101 -0.29916
3.3 -0.73215 -0.295733
3.59048 -0.796598 -0.300216
3.81781 -0.847033 -0.296331
4.13687 -0.917823 -0.296313
4.58777 -1.01786 -0.301148
4.99507 -1.10822 -0.298005
5.51264 -1.22306 -0.295931
6.34263 -1.4072 -0.302597
7.15752 -1.588 -0.298739
8.26929 -1.83466 -0.295793
9.77514 -2.16875 -0.291345
12.6412 -2.80462 -0.301382
16.524 -3.66607 -0.295442
23.8746 -5.29692 -0.284564
2.79473 -0.609815 -0.300651
2.91782 -0.636672 -0.296336
3.13182 -0.683367 -0.299248
3.33464 -0.727624 -0.298609
3.54525 -0.773578 -0.296206
3.86515 -0.843382 -0.299776
4.17223 -0.910387 -0.298616
4.50929 -0.983934 -0.295769
5.04007 -1.09975 -0.300458
5.54821 -1.21063 -0.297612
6.18191 -1.3489 -0.294703
7.21122 -1.5735 -0.300749
8.30804 -1.81283 -0.296951
9.82989 -2.1449 -0.292752
12.7102 -2.7734 -0.302796
16.628 -3.62826 -0.297073
24.0321 -5.24384 -0.28622
2.78122 -0.596697 -0.298971
2.93451 -0.629584 -0.297806
3.11948 -0.669267 -0.297843
3.34079 -0.716748 -0.298933
3.57971 -0.768007 -0.298859
3.82592 -0.820831 -0.296509
4.18795 -0.898503 -0.299515
4.50947 -0.967484 -0.295557
5.03922 -1.08114 -0.300181
5.5814 -1.19746 -0.299166
6.22229 -1.33496 -0.296403
7.25458 -1.55643 -0.302329
8.3781 -1.79748 -0.299228
9.88009 -2.11972 -0.294024
12.7965 -2.74542 -0.30462
16.7311 -3.58957 -0.29869
24.1419 -5.17952 -0.287311
2.78058 -0.586406 -0.29868
2.96708 -0.625738 -0.300887
3.13722 -0.661618 -0.299314
3.29332 -0.69454 -0.294467
3.60151 -0.759536 -0.300456
3.85114 -0.81218 -0.298241
4.19443 -0.884578 -0.299756
4.56756 -0.963268 -0.299142
4.96529 -1.04715 -0.295557
5.60771 -1.18263 -0.300353
6.26226 -1.32067 -0.298086
7.06968 -1.49095 -0.294405
8.42906 -1.77763 -0.300825
9.92948 -2.09406 -0.295275
12.8668 -2.71353 -0.306068
16.8068 -3.54444 -0.299818
24.2923 -5.1231 -0.288886
2.79082 -0.578391 -0.299561
2.93415 -0.608094 -0.29733
3.13107 -0.648906 -0.29851
3.33374 -0.690909 -0.297863
3.55884 -0.737561 -0.296679
3.87484 -0.803052 -0.299858
4.17024 -0.864271 -0.297809
4.59265 -0.951815 -0.300565
5.01304 -1.03894 -0.298182
5.51455 -1.14288 -0.295148
6.25157 -1.29562 -0.29736
7.10009 -1.47148 -0.295455
8.48104 -1.75767 -0.302459
10.0019 -2.07287 -0.297212
12.2081 -2.5301 -0.290186
16.912 -3.50498 -0.301475
24.4398 -5.06508 -0.290428
2.76462 -0.562895 -0.296536
2.94312 -0.599239 -0.298025
3.12881 -0.637047 -0.29808
3.35439 -0.682977 -0.299493
3.56888 -0.726649 -0.297303
3.87517 -0.789011 -0.299668
4.18642 -0.852384 -0.29875
4.51246 -0.918768 -0.295105
5.02683 -1.0235 -0.298787
5.52721 -1.12538 -0.295613
6.32469 -1.28775 -0.300622
7.13188 -1.4521 -0.296565
8.5109 -1.73288 -0.303306
10.0828 -2.05292 -0.299399
12.285 -2.50131 -0.291804
16.9924 -3.45976 -0.30269
24.559 -5.00037 -0.291635
2.77253 -0.554426 -0.297174
2.93458 -0.586832 -0.296951
3.12684 -0.625279 -0.297683
3.33657 -0.667218 -0.297692
3.59512 -0.718921 -0.299278
3.81929 -0.763748 -0.295139
4.20954 -0.841788 -0.300188
4.55175 -0.91022 -0.297465
5.07087 -1.01403 -0.301192
5.563 -1.11244 -0.297317
6.17896 -1.23562 -0.293489
7.1743 -1.43465 -0.298119
8.26003 -1.65177 -0.294158
10.1205 -2.02382 -0.300309
12.3758 -2.4748 -0.293753
17.13 -3.42552 -0.304927
24.7321 -4.9457 -0.293483
2.77179 -0.544215 -0.296889
2.95571 -0.580328 -0.298883
3.09537 -0.607748 -0.294483
3.34531 -0.656822 -0.298266
3.56343 -0.699648 -0.296435
3.85405 -0.756708 -0.297619
4.15075 -0.814962 -0.295791
4.56424 -0.896146 -0.298075
4.99154 -0.980044 -0.296276
5.57822 -1.09523 -0.297924
6.21647 -1.22055 -0.295066
7.22058 -1.4177 -0.299834
8.29305 -1.62827 -0.29513
10.1725 -1.99729 -0.301643
12.4425 -2.44297 -0.295132
17.2382 -3.38457 -0.30664
24.8813 -4.88522 -0.29505
2.76903 -0.533636 -0.296393
2.96667 -0.571724 -0.299787
3.1358 -0.604317 -0.298127
3.38896 -0.653105 -0.301952
3.56982 -0.68796 -0.296765
3.88049 -0.74783 -0.299457
4.18258 -0.806048 -0.297857
4.59421 -0.885376 -0.299829
5.01238 -0.965963 -0.29731
5.64321 -1.08753 -0.301191
6.24962 -1.2044 -0.296437
7.26898 -1.40085 -0.301639
8.3483 -1.60885 -0.296894
10.2449 -1.97435 -0.303582
12.5147 -2.41178 -0.296645
17.338 -3.34131 -0.308207
25.0116 -4.82012 -0.296393
2.81672 -0.532628 -0.301296
2.9518 -0.558171 -0.298086
3.14625 -0.59494 -0.298921
3.33135 -0.629941 -0.296621
3.61075 -0.682774 -0.299967
3.83236 -0.72468 -0.295546
4.20884 -0.795871 -0.299527
4.54281 -0.859023 -0.296276
5.01432 -0.948183 -0.297227
5.51452 -1.04277 -0.294126
6.28617 -1.18868 -0.297973
7.07781 -1.33838 -0.29351
8.39612 -1.58766 -0.298396
9.84455 -1.86156 -0.291525
12.5842 -2.37962 -0.298093
16.1884 -3.06115 -0.287579
25.1552 -4.75672 -0.297896
2.77808 -0.515275 -0.296968
2.95972 -0.548966 -0.29869
3.11346 -0.577482 -0.295612
3.35689 -0.622634 -0.2987
3.56304 -0.660869 -0.29581
3.86007 -0.715963 -0.297488
4.23411 -0.785339 -0.301128
4.5663 -0.846954 -0.297614
5.05315 -0.937254 -0.299333
5.55223 -1.02982 -0.295944
6.33917 -1.17578 -0.300288
7.11443 -1.31958 -0.294836
8.4337 -1.56428 -0.299536
9.92006 -1.83997 -0.293569
12.67 -2.35002 -0.299929
16.2778 -3.01919 -0.288977
25.3226 -4.69682 -0.299683
2.79709 -0.508701 -0.298809
2.94347 -0.535323 -0.296859
3.14487 -0.571952 -0.298403
3.34739 -0.608784 -0.297663
3.57441 -0.65007 -0.296563
3.87837 -0.705351 -0.298706
4.18181 -0.760537 -0.297218
4.57578 -0.832188 -0.29804
4.99239 -0.907957 -0.295544
5.59855 -1.0182 -0.298221
6.38492 -1.16121 -0.302261
7.15637 -1.30151 -0.296384
8.49689 -1.54531 -0.301586
9.96008 -1.81142 -0.294564
12.7418 -2.31733 -0.301436
16.3885 -2.98054 -0.290755
25.4703 -4.63224 -0.301237
2.78463 -0.496393 -0.297291
2.96875 -0.529214 -0.299221
3.17091 -0.565251 -0.300684
3.35857 -0.598704 -0.29847
3.60087 -0.641898 -0.298571
3.85024 -0.68635 -0.296354
4.19331 -0.747507 -0.297848
4.62366 -0.824221 -0.300969
5.0286 -0.896407 -0.297501
5.62226 -1.00223 -0.299296
6.25356 -1.11477 -0.295857
7.22509 -1.28796 -0.299042
8.54631 -1.52348 -0.30315
10.0328 -1.78846 -0.296527
11.7251 -2.09013 -0.277207
16.489 -2.93936 -0.292355
25.6549 -4.57328 -0.303229
2.81634 -0.491901 -0.300491
2.9243 -0.510758 -0.29456
3.15602 -0.551229 -0.299088
3.36887 -0.588405 -0.2992
3.57541 -0.62448 -0.296277
3.86497 -0.675054 -0.297304
4.22061 -0.73717 -0.299603
4.56759 -0.797773 -0.297136
5.05664 -0.883191 -0.298975
5.69184 -0.994135 -0.302814
6.27403 -1.09582 -0.296642
7.25049 -1.26637 -0.299908
8.29671 -1.4491 -0.294115
10.0892 -1.76217 -0.29801
11.733 -2.04929 -0.277225
11.7577 -2.0536 -0.20834
25.7981 -4.50588 -0.304734
2.78917 -0.477121 -0.297413
2.95149 -0.504888 -0.297119
3.14396 -0.537812 -0.297765
3.3534 -0.573639 -0.297647
3.5952 -0.615003 -0.297738
3.89048 -0.665513 -0.299086
4.17465 -0.714123 -0.296161
4.57113 -0.781947 -0.297187
5.09702 -0.871906 -0.301181
5.55783 -0.950733 -0.295505
6.31441 -1.08015 -0.298371
7.31281 -1.25094 -0.302303
8.34181 -1.42697 -0.295535
10.1598 -1.73796 -0.299916
11.6741 -1.997 -0.275667
11.7367 -2.0077 -0.207841
11.7443 -2.009 -0.138643
11.7621 -2.01205 -0.0694246
11.7832 -2.01566 -5.97718e-07
2.78043 -0.465635 -0.296306
2.96291 -0.496195 -0.298092
3.1317 -0.524462 -0.296429
3.36369 -0.563312 -0.298383
3.64399 -0.610254 -0.301599
3.85455 -0.645516 -0.296149
4.19047 -0.701773 -0.297108
4.62067 -0.773818 -0.300231
4.99373 -0.836293 -0.294903
5.61457 -0.940264 -0.298345
6.34831 -1.06314 -0.299796
7.13135 -1.19428 -0.294628
8.38877 -1.40486 -0.297023
10.2013 -1.70839 -0.300962
11.6918 -1.95801 -0.27592
11.7397 -1.96603 -0.207772
11.759 -1.96927 -0.138735
11.7698 -1.97108 -0.0694292
2.78733 -0.456787 -0.296869
2.94292 -0.482284 -0.295909
3.13847 -0.514331 -0.296898
3.39224 -0.555918 -0.300742
3.58101 -0.586854 -0.296215
3.88152 -0.636102 -0.298048
4.23679 -0.694324 -0.300218
4.54799 -0.745323 -0.295337
5.03605 -0.825305 -0.29723
5.62185 -0.921306 -0.29856
6.39828 -1.04855 -0.301981
7.16778 -1.17465 -0.295962
8.43606 -1.3825 -0.298524
10.2861 -1.68568 -0.303288
11.719 -1.92051 -0.276403
16.8819 -2.7666 -0.298607
26.2503 -4.30189 -0.309527
2.78782 -0.446872 -0.296753
2.96193 -0.47478 -0.297652
3.14415 -0.503989 -0.297266
3.34171 -0.535657 -0.296094
3.58962 -0.575396 -0.296759
3.90866 -0.626537 -0.299962
4.19249 -0.672034 -0.296911
4.59096 -0.735906 -0.297959
5.05822 -0.810805 -0.298369
5.66222 -0.907622 -0.300533
6.2602 -1.00348 -0.295296
7.21535 -1.15658 -0.297757
8.49442 -1.36161 -0.300419
9.9148 -1.58929 -0.292175
12.5339 -2.00912 -0.295455
17.0018 -2.7253 -0.300558
26.4267 -4.23605 -0.311429
2.79343 -0.437768 -0.297185
2.95064 -0.462405 -0.296353
3.1364 -0.491516 -0.29637
3.35747 -0.52616 -0.297326
3.63157 -0.569115 -0.300061
3.8593 -0.604805 -0.29601
4.18427 -0.655732 -0.296165
4.59815 -0.720592 -0.29826
5.09352 -0.798224 -0.300286
5.59545 -0.876883 -0.296825
6.29674 -0.986783 -0.296855
7.26232 -1.1381 -0.299529
8.53053 -1.33685 -0.30153
9.97561 -1.56331 -0.293804
12.5973 -1.97417 -0.296786
17.0971 -2.67935 -0.302075
26.5933 -4.16753 -0.31322
2.77849 -0.425488 -0.295436
2.98437 -0.457015 -0.299579
3.16593 -0.48482 -0.298999
3.36134 -0.514744 -0.297508
3.59831 -0.551032 -0.297152
3.90512 -0.598015 -0.299362
4.23342 -0.64829 -0.299481
4.6475 -0.711701 -0.301298
5.01693 -0.768275 -0.29561
5.60464 -0.858275 -0.297152
6.33433 -0.970017 -0.298466
7.28927 -1.11625 -0.300478
8.31752 -1.27372 -0.293841
10.0485 -1.53878 -0.29579
12.6998 -1.94481 -0.299039
17.2055 -2.63479 -0.303826
24.0993 -3.69048 -0.283691
2.79077 -0.417397 -0.296585
2.95495 -0.441952 -0.296469
3.1587 -0.472426 -0.298158
3.39008 -0.507031 -0.299893
3.63964 -0.544356 -0.300406
3.89952 -0.583224 -0.298775
4.16264 -0.622578 -0.294319
4.57377 -0.684068 -0.296361
5.03434 -0.752952 -0.296479
5.6261 -0.841457 -0.298132
6.38512 -0.954979 -0.3007
7.13708 -1.06744 -0.294049
8.35844 -1.25011 -0.29513
10.1078 -1.51175 -0.297378
12.7585 -1.90821 -0.300262
17.3102 -2.58896 -0.305512
24.2365 -3.62489 -0.285156
2.82758 -0.412809 -0.300342
2.98157 -0.43529 -0.298985
3.17307 -0.463248 -0.29936
3.40479 -0.497078 -0.301039
3.58257 -0.523032 -0.295543
3.8664 -0.56447 -0.296085
4.20945 -0.614553 -0.297475
4.61151 -0.673251 -0.298652
5.09989 -0.744551 -0.300184
5.66161 -0.826559 -0.299859
6.26989 -0.915364 -0.295122
7.15138 -1.04406 -0.294487
8.42353 -1.22978 -0.297275
10.1529 -1.48226 -0.298552
12.8348 -1.87379 -0.3019
17.4193 -2.54311 -0.30728
24.4142 -3.56432 -0.287098
2.7874 -0.397003 -0.295925
2.96499 -0.422297 -0.297173
3.14391 -0.447779 -0.296459
3.38438 -0.482029 -0.299084
3.61803 -0.515307 -0.298318
3.89927 -0.555364 -0.298452
4.24522 -0.604637 -0.299851
4.63328 -0.659908 -0.299912
5.02396 -0.715552 -0.295566
5.59037 -0.796224 -0.295937
6.30637 -0.898202 -0.296689
7.23921 -1.03106 -0.297953
8.46801 -1.20608 -0.298695
10.2562 -1.46077 -0.301438
12.9333 -1.84206 -0.304065
16.3623 -2.33045 -0.28849
24.59 -3.5023 -0.28902
2.79655 -0.388344 -0.296751
2.97051 -0.412501 -0.29758
3.17598 -0.441034 -0.299336
3.38583 -0.470174 -0.299065
3.64092 -0.505598 -0.300058
3.84675 -0.534181 -0.294287
4.18653 -0.581364 -0.29556
4.57299 -0.635031 -0.295864
5.0413 -0.700062 -0.296441
5.61596 -0.779862 -0.297145
6.32195 -0.8779 -0.297276
7.25516 -1.00749 -0.298463
8.52987 -1.1845 -0.300729
10.2968 -1.42987 -0.302482
12.3622 -1.71669 -0.290497
16.4806 -2.28859 -0.290433
24.7127 -3.43174 -0.290319
2.79792 -0.378576 -0.296753
2.94932 -0.399062 -0.295316
3.16059 -0.427648 -0.297743
3.35526 -0.453989 -0.296223
3.61873 -0.489638 -0.298087
3.89369 -0.526842 -0.297736
4.21208 -0.569921 -0.297222
4.59486 -0.621715 -0.297136
5.05542 -0.684032 -0.297129
5.6564 -0.765347 -0.299141
6.38127 -0.863427 -0.299922
7.33259 -0.992147 -0.301504
8.59069 -1.16238 -0.302728
9.9543 -1.34688 -0.292281
12.4504 -1.68462 -0.292428
16.5982 -2.24585 -0.292364
24.8493 -3.36227 -0.291784
2.80463 -0.369512 -0.297326
2.98537 -0.393326 -0.298787
3.18485 -0.419607 -0.299888
3.4022 -0.448243 -0.300227
3.64812 -0.480644 -0.300368
3.90069 -0.51392 -0.298132
4.23482 -0.557941 -0.298687
4.63873 -0.611157 -0.299833
5.11903 -0.674437 -0.300727
5.70534 -0.751684 -0.301589
6.26653 -0.825622 -0.294392
7.17551 -0.94538 -0.294907
8.34089 -1.09892 -0.293788
10.0144 -1.31941 -0.293909
12.5382 -1.65192 -0.294353
16.703 -2.20064 -0.294073
25.0316 -3.29793 -0.293788
2.78417 -0.356927 -0.295023
2.96726 -0.380398 -0.296838
3.16137 -0.405283 -0.297542
3.37998 -0.433309 -0.298131
3.5973 -0.461169 -0.296049
3.86793 -0.495864 -0.295494
4.20924 -0.539619 -0.296748
4.58063 -0.587231 -0.295943
5.03809 -0.645877 -0.295838
5.59573 -0.717366 -0.295661
6.30313 -0.808053 -0.295977
7.20373 -0.923509 -0.295933
8.42181 -1.07967 -0.296504
10.0836 -1.2927 -0.295804
12.6047 -1.61591 -0.295781
16.8048 -2.15436 -0.295732
25.2038 -3.2311 -0.295675
2.84358 -0.354451 -0.301186
2.9873 -0.372366 -0.298712
3.16389 -0.394378 -0.297648
3.38051 -0.421379 -0.298046
3.62806 -0.452236 -0.298449
3.90536 -0.486802 -0.298222
4.23496 -0.527886 -0.29843
4.60392 -0.573877 -0.297317
5.08679 -0.634067 -0.298566
5.65088 -0.70438 -0.298443
6.32702 -0.788661 -0.296967
7.23619 -0.901989 -0.297135
8.46663 -1.05536 -0.29795
10.1422 -1.26422 -0.297392
12.6795 -1.58049 -0.297403
16.9146 -2.1084 -0.297532
25.362 -3.16136 -0.297399
2.80696 -0.339933 -0.297179
2.97784 -0.360628 -0.297638
3.13978 -0.380239 -0.295254
3.38234 -0.409613 -0.298079
3.60692 -0.436811 -0.296582
3.93363 -0.476377 -0.300251
4.24553 -0.514149 -0.299046
4.63764 -0.561635 -0.299366
5.10731 -0.618514 -0.299641
5.68184 -0.688091 -0.299949
6.39167 -0.774055 -0.299873
7.30096 -0.884173 -0.299666
8.50453 -1.02993 -0.299156
10.2315 -1.23908 -0.299883
12.7861 -1.54845 -0.299776
17.0321 -2.06265 -0.29947
25.5377 -3.0927 -0.299331
2.84692 -0.334686 -0.301285
3.00095 -0.352793 -0.299823
3.17643 -0.373423 -0.298575
3.40307 -0.400067 -0.299781
3.60564 -0.423881 -0.296353
3.88867 -0.457154 -0.296696
4.21299 -0.495282 -0.296631
4.5857 -0.539098 -0.29589
5.02982 -0.591308 -0.294972
5.59204 -0.657404 -0.295086
6.42764 -0.755638 -0.301435
7.32817 -0.861505 -0.300657
8.56421 -1.00681 -0.301129
10.2954 -1.21034 -0.30163
12.8635 -1.51224 -0.301464
17.1324 -2.0141 -0.301109
25.6928 -3.02046 -0.301023
2.82264 -0.321839 -0.298595
2.97936 -0.339708 -0.297545
3.15782 -0.360056 -0.296706
3.3513 -0.382117 -0.295101
3.64785 -0.41593 -0.299701
3.92204 -0.447193 -0.299121
4.25075 -0.484673 -0.299168
4.65755 -0.531057 -0.300404
5.08476 -0.579768 -0.298073
5.6354 -0.642551 -0.297253
6.31062 -0.719541 -0.295827
7.211 -0.822202 -0.29573
8.35881 -0.953077 -0.293788
10.3592 -1.18117 -0.303377
12.9599 -1.47769 -0.3036
17.2628 -1.96832 -0.303277
25.8821 -2.95109 -0.303118
2.80511 -0.309917 -0.296623
2.99784 -0.331211 -0.299273
3.19268 -0.352738 -0.299864
3.3862 -0.374118 -0.298057
3.61266 -0.399139 -0.296694
3.87831 -0.428489 -0.29567
4.21027 -0.465165 -0.296203
4.64825 -0.513554 -0.299687
5.10645 -0.564177 -0.299227
5.68552 -0.628155 -0.299779
6.36734 -0.703485 -0.298369
7.23731 -0.799602 -0.296693
8.40904 -0.929059 -0.295438
10.0093 -1.10586 -0.293013
13.0431 -1.44104 -0.305429
17.3735 -1.91948 -0.305102
26.0537 -2.8785 -0.305009
2.81883 -0.30147 -0.297961
2.98747 -0.319507 -0.298125
3.15081 -0.336975 -0.295818
3.36009 -0.359358 -0.295647
3.63148 -0.388382 -0.298126
3.9211 -0.419357 -0.298818
4.23051 -0.452448 -0.297514
4.61937 -0.494036 -0.297711
5.031 -0.538059 -0.294694
5.70539 -0.610185 -0.300713
6.39436 -0.683869 -0.299522
7.29211 -0.779882 -0.298826
8.46172 -0.904971 -0.297176
10.0976 -1.07993 -0.295487
12.4915 -1.33595 -0.292401
17.479 -1.86935 -0.306838
26.2043 -2.80251 -0.306655
2.82514 -0.292167 -0.298519
3.00707 -0.310981 -0.29997
3.19318 -0.330229 -0.299686
3.39309 -0.350902 -0.298441
3.61991 -0.37436 -0.297068
3.89861 -0.403182 -0.296995
4.2659 -0.441167 -0.299893
4.63648 -0.47949 -0.298705
5.07852 -0.525205 -0.297368
5.61894 -0.581093 -0.296047
6.2879 -0.650275 -0.294426
7.36268 -0.761426 -0.301607
8.5352 -0.882684 -0.299646
10.1687 -1.05162 -0.297459
12.5676 -1.29971 -0.294076
16.5079 -1.7072 -0.289685
26.3998 -2.73019 -0.30883
2.8316 -0.282842 -0.299095
2.99614 -0.299277 -0.298774
3.15488 -0.315133 -0.295987
3.37636 -0.337257 -0.296864
3.63831 -0.363422 -0.298471
3.91988 -0.391547 -0.298509
4.21844 -0.421369 -0.296451
4.5774 -0.457225 -0.294793
5.11675 -0.5111 -0.299501
5.67295 -0.566657 -0.298787
6.34254 -0.633541 -0.296879
7.18761 -0.717953 -0.294331
8.57051 -0.856088 -0.300779
10.2249 -1.02134 -0.298995
12.6596 -1.26453 -0.296122
16.6119 -1.65932 -0.291406
26.584 -2.65541 -0.310874
2.82481 -0.2722 -0.298275
2.98105 -0.287256 -0.297167
3.18841 -0.307238 -0.299031
3.38627 -0.326303 -0.297633
3.62383 -0.349194 -0.297181
3.94898 -0.380527 -0.300623
4.26346 -0.41083 -0.299512
4.62169 -0.445349 -0.297544
5.05122 -0.486739 -0.295563
5.70713 -0.549942 -0.300484
6.37112 -0.613926 -0.298115
7.22742 -0.696439 -0.29586
8.37412 -0.806935 -0.293786
10.2971 -0.992238 -0.301005
12.7528 -1.22887 -0.298202
16.7345 -1.61254 -0.293455
24.3542 -2.34679 -0.284701
2.81283 -0.261132 -0.296912
3.00264 -0.278754 -0.299221
3.16209 -0.293557 -0.296464
3.36644 -0.312527 -0.295792
3.65165 -0.339005 -0.299364
3.92188 -0.364092 -0.298461
4.21502 -0.391306 -0.296011
4.63661 -0.430445 -0.298406
5.10322 -0.473763 -0.298507
5.60656 -0.520492 -0.295092
6.40787 -0.594882 -0.299736
7.29953 -0.677661 -0.298713
8.41359 -0.781085 -0.295073
10.3895 -0.964525 -0.303606
12.8461 -1.19259 -0.300284
16.8554 -1.56479 -0.295478
24.4883 -2.2734 -0.286175
2.80898 -0.250881 -0.296411
2.98592 -0.266684 -0.29746
3.19019 -0.284928 -0.299003
3.39916 -0.303592 -0.298572
3.6301 -0.324218 -0.297503
3.93194 -0.351177 -0.299131
4.23473 -0.378221 -0.297301
4.59659 -0.41054 -0.295736
5.12649 -0.457868 -0.299774
5.64456 -0.504138 -0.296997
6.31066 -0.56363 -0.295095
7.35218 -0.656652 -0.300772
8.47972 -0.757358 -0.297298
10.0753 -0.899865 -0.294329
12.9405 -1.15577 -0.302394
16.8559 -1.50546 -0.295393
24.6745 -2.20378 -0.288259
2.81007 -0.241087 -0.296436
2.99844 -0.257248 -0.298616
3.17206 -0.272144 -0.297214
3.39768 -0.291501 -0.298352
3.62817 -0.311275 -0.297254
3.90385 -0.334927 -0.296904
4.25785 -0.365297 -0.298832
4.63274 -0.397461 -0.297971
5.07641 -0.435525 -0.296754
5.69969 -0.488999 -0.299806
6.36404 -0.545996 -0.2975
7.2096 -0.61854 -0.294849
8.55269 -0.733769 -0.299765
10.1481 -0.870643 -0.296365
13.0271 -1.11765 -0.304325
16.7681 -1.4386 -0.293765
16.8202 -1.44307 -0.196441
2.81155 -0.231324 -0.296505
2.99504 -0.24642 -0.29819
3.17528 -0.261249 -0.297427
3.39785 -0.279561 -0.298278
3.61908 -0.297763 -0.296422
3.93884 -0.324072 -0.299477
4.24718 -0.349441 -0.297996
4.65587 -0.383066 -0.299371
5.09437 -0.419145 -0.297717
5.63267 -0.463434 -0.296194
6.41607 -0.527889 -0.299844
7.2332 -0.595119 -0.295727
8.61712 -0.708982 -0.301934
10.2058 -0.839692 -0.297963
12.5073 -1.02905 -0.292096
16.7682 -1.37962 -0.293681
16.8098 -1.38305 -0.196262
16.8468 -1.38609 -0.0983443
16.8633 -1.38745 -8.46015e-07
2.81629 -0.221811 -0.296921
2.99274 -0.235708 -0.297877
3.19833 -0.251901 -0.299502
3.40251 -0.267982 -0.298604
3.64051 -0.286727 -0.298094
3.91712 -0.308513 -0.297742
4.26538 -0.335942 -0.299189
4.58967 -0.361483 -0.295031
5.13969 -0.404803 -0.300281
5.65528 -0.44541 -0.297299
6.30731 -0.496764 -0.294678
7.29964 -0.57492 -0.298359
8.40179 -0.661726 -0.294307
10.2628 -0.8083 -0.299543
12.6166 -0.993687 -0.294566
16.7854 -1.32202 -0.2939
25.2057 -1.9852 -0.294204
2.8222 -0.21236 -0.297465
3.01184 -0.226629 -0.299697
3.16918 -0.238469 -0.296693
3.39723 -0.255629 -0.29806
3.63937 -0.273849 -0.29792
3.92007 -0.29497 -0.297885
4.2221 -0.317697 -0.296073
4.67335 -0.351652 -0.300329
5.08409 -0.382558 -0.296952
5.70039 -0.428933 -0.29959
6.35 -0.477813 -0.296593
7.34716 -0.552846 -0.300221
8.47391 -0.637629 -0.296753
10.3362 -0.777763 -0.301605
12.7001 -0.955636 -0.296435
17.4532 -1.31329 -0.30551
25.3972 -1.91104 -0.29636
2.80993 -0.201568 -0.296095
2.99234 -0.214653 -0.297681
3.20093 -0.229616 -0.299588
3.37132 -0.241839 -0.295711
3.6426 -0.261298 -0.298107
3.88557 -0.278727 -0.295188
4.26258 -0.305773 -0.298836
4.60602 -0.330409 -0.295927
5.10873 -0.36647 -0.298315
5.6189 -0.403067 -0.295232
6.36659 -0.456701 -0.297291
7.2026 -0.516672 -0.294239
8.50796 -0.61031 -0.297869
10.0401 -0.720219 -0.29289
12.7999 -0.918191 -0.298689
16.5531 -1.18742 -0.289679
25.5579 -1.83337 -0.298159
46.8491 -3.36068 -0.273263
2.83136 -0.193166 -0.298281
2.98531 -0.203669 -0.296909
3.18343 -0.217185 -0.297877
3.4034 -0.232193 -0.298452
3.63986 -0.248325 -0.29781
3.92174 -0.267556 -0.297863
4.22347 -0.288141 -0.296021
4.64227 -0.316713 -0.298182
5.05464 -0.344846 -0.295084
5.66586 -0.386546 -0.297626
6.44699 -0.439837 -0.300972
7.27505 -0.496331 -0.297125
8.59423 -0.586331 -0.300816
10.1231 -0.690634 -0.295237
12.8894 -0.879363 -0.300703
16.6701 -1.1373 -0.291656
25.7553 -1.75712 -0.300388
47.2124 -3.221 -0.275315
2.82584 -0.182874 -0.29763
3.00602 -0.194535 -0.298899
3.18976 -0.206425 -0.2984
3.39957 -0.220003 -0.298047
3.67028 -0.237522 -0.30023
3.9092 -0.252984 -0.296842
4.24714 -0.274854 -0.297611
4.62881 -0.299554 -0.297249
5.09177 -0.329514 -0.297183
5.71013 -0.369532 -0.299882
6.33982 -0.410281 -0.2959
7.31532 -0.473411 -0.298701
8.38949 -0.542926 -0.293581
10.1924 -0.659603 -0.297191
12.9749 -0.839674 -0.302628
16.7888 -1.08649 -0.293663
25.917 -1.67722 -0.302204
47.5091 -3.07455 -0.276981
2.82606 -0.172977 -0.297588
3.01201 -0.184359 -0.299429
3.19125 -0.19533 -0.298474
3.38579 -0.207237 -0.296773
3.64458 -0.223077 -0.298062
3.94767 -0.241629 -0.299697
4.23185 -0.259023 -0.296474
4.63438 -0.283661 -0.297541
5.13516 -0.314313 -0.29965
5.63545 -0.344934 -0.295895
6.39148 -0.391209 -0.298246
7.39159 -0.452424 -0.301749
8.47031 -0.51845 -0.296344
10.2718 -0.628716 -0.299439
12.4979 -0.764973 -0.291438
16.9306 -1.03629 -0.296079
26.1357 -1.59971 -0.304687
47.8973 -2.9317 -0.279183
2.84951 -0.164423 -0.299994
2.97494 -0.171661 -0.295682
3.18262 -0.183645 -0.297606
3.40305 -0.196364 -0.298224
3.62766 -0.209325 -0.296617
3.91525 -0.225919 -0.297174
4.25763 -0.245675 -0.298218
4.6573 -0.268737 -0.298951
5.0822 -0.293255 -0.296498
5.69776 -0.328774 -0.299105
6.45491 -0.372463 -0.301143
7.25133 -0.418419 -0.295961
8.52943 -0.492168 -0.298351
10.3487 -0.597143 -0.301618
12.6074 -0.727477 -0.29393
17.0428 -0.983412 -0.29798
26.3477 -1.52033 -0.307096
48.2486 -2.78406 -0.281172
2.84598 -0.154247 -0.299564
3.00878 -0.16307 -0.298987
3.15918 -0.171222 -0.295355
3.39594 -0.184054 -0.297543
3.66276 -0.198515 -0.299428
3.93167 -0.213089 -0.298362
4.22063 -0.22875 -0.295569
4.63268 -0.251083 -0.297312
5.1218 -0.277592 -0.298749
5.73716 -0.310944 -0.301114
6.32757 -0.342943 -0.295144
7.30801 -0.396081 -0.298217
8.58906 -0.465511 -0.300378
10.0752 -0.546058 -0.29359
12.7034 -0.688501 -0.29611
17.1671 -0.930428 -0.300095
26.549 -1.43891 -0.309381
48.611 -2.63463 -0.283229
2.84082 -0.144016 -0.298967
3.00608 -0.152394 -0.298664
3.19431 -0.161936 -0.298585
3.36936 -0.170811 -0.29516
3.64103 -0.184583 -0.297597
3.92298 -0.198877 -0.297648
4.26682 -0.216308 -0.298749
4.66093 -0.236288 -0.299071
5.07876 -0.25747 -0.296185
5.671 -0.287493 -0.297587
6.38331 -0.323604 -0.29769
7.35763 -0.372998 -0.300186
8.4072 -0.426206 -0.293964
10.1463 -0.514373 -0.295609
12.8063 -0.649219 -0.298454
17.303 -0.877179 -0.302414
24.5026 -1.24217 -0.285482
48.9897 -2.48355 -0.285383
2.83095 -0.133603 -0.297877
2.9842 -0.140836 -0.29644
3.1881 -0.150458 -0.297954
3.41254 -0.161051 -0.298892
3.67062 -0.17323 -0.299965
3.95718 -0.186754 -0.300191
4.24336 -0.20026 -0.297056
4.63398 -0.218695 -0.29729
5.11894 -0.241582 -0.298477
5.71719 -0.269815 -0.299959
6.46648 -0.305177 -0.301517
7.22793 -0.341113 -0.294844
8.47392 -0.399916 -0.296246
10.2263 -0.482618 -0.297888
12.8738 -0.607562 -0.299975
17.4384 -0.822982 -0.304728
24.6849 -1.16497 -0.287557
49.3354 -2.32832 -0.287347
2.84606 -0.124354 -0.299419
2.97808 -0.130122 -0.295785
3.19525 -0.139611 -0.298575
3.40546 -0.148796 -0.298224
3.64738 -0.159366 -0.298017
3.92428 -0.171465 -0.297649
4.2626 -0.186247 -0.298355
4.67861 -0.204424 -0.300106
5.15487 -0.225233 -0.300524
5.62338 -0.245704 -0.294991
6.34734 -0.277336 -0.295915
7.29575 -0.318775 -0.297564
8.54871 -0.373521 -0.298813
10.2797 -0.449155 -0.299396
12.9789 -0.56709 -0.302377
16.5838 -0.7246 -0.289749
24.8701 -1.08666 -0.289668
49.7258 -2.17268 -0.289575
2.82812 -0.113673 -0.297488
2.98693 -0.120056 -0.29662
3.19929 -0.128592 -0.298908
3.41987 -0.137458 -0.299442
3.62986 -0.145898 -0.296543
3.91064 -0.157184 -0.296571
4.22305 -0.169741 -0.295543
4.63229 -0.18619 -0.297091
5.10574 -0.20522 -0.297617
5.67992 -0.228298 -0.297913
6.41727 -0.257935 -0.299131
7.32842 -0.294558 -0.298852
8.59051 -0.345286 -0.30023
10.3725 -0.41691 -0.302053
12.5329 -0.503745 -0.291943
16.7039 -0.671394 -0.291804
25.0618 -1.00733 -0.291857
50.0538 -2.01186 -0.291443
2.84524 -0.104407 -0.299248
3.01787 -0.110742 -0.299652
3.19091 -0.117092 -0.298085
3.40644 -0.125001 -0.298227
3.65986 -0.1343 -0.298954
3.91811 -0.143777 -0.297097
4.27815 -0.156989 -0.299359
4.68161 -0.171794 -0.300214
5.14385 -0.188756 -0.299798
5.73065 -0.210289 -0.300534
6.45855 -0.237 -0.301015
7.23162 -0.265368 -0.294865
8.40231 -0.308327 -0.293614
10.1181 -0.371289 -0.294607
12.6233 -0.463216 -0.294008
16.8595 -0.618668 -0.294484
25.2633 -0.927047 -0.294164
50.4958 -1.85297 -0.293977
2.84336 -0.0943938 -0.299015
2.98297 -0.0990284 -0.296151
3.18377 -0.105695 -0.297382
3.40803 -0.11314 -0.298329
3.61873 -0.120134 -0.295558
3.91866 -0.130091 -0.297102
4.22669 -0.140317 -0.295723
4.6156 -0.153228 -0.295945
5.0916 -0.169031 -0.296716
5.64975 -0.18756 -0.296255
6.37947 -0.211785 -0.297293
7.26129 -0.24106 -0.296039
8.47886 -0.281481 -0.296252
10.194 -0.338419 -0.296778
12.7169 -0.422175 -0.296153
16.9628 -0.563131 -0.296252
25.4512 -0.844928 -0.296316
50.8538 -1.68824 -0.296025
2.83672 -0.0842543 -0.298284
2.99773 -0.0890364 -0.297584
3.16689 -0.0940605 -0.295773
3.3952 -0.100842 -0.297173
3.66542 -0.108868 -0.299338
3.94572 -0.117193 -0.299122
4.26735 -0.126746 -0.298534
4.65882 -0.138373 -0.298683
5.1416 -0.152712 -0.299597
5.73014 -0.170193 -0.300437
6.4084 -0.190338 -0.298608
7.35946 -0.218585 -0.300008
8.56301 -0.254332 -0.29916
10.2799 -0.305326 -0.299248
12.8235 -0.380873 -0.298602
17.1028 -0.507975 -0.298664
25.6494 -0.761819 -0.298591
51.2643 -1.52262 -0.298382
2.82664 -0.0740729 -0.297194
3.01531 -0.0790171 -0.2993
3.19358 -0.0836886 -0.298236
3.42375 -0.0897205 -0.299643
3.64316 -0.0954702 -0.297492
3.91669 -0.102638 -0.296892
4.25141 -0.111409 -0.29739
4.64385 -0.121693 -0.297694
5.08661 -0.133296 -0.296364
5.6467 -0.147973 -0.296034
6.32985 -0.165875 -0.294919
7.41225 -0.19424 -0.302131
8.62413 -0.225998 -0.301266
10.3426 -0.27103 -0.301043
12.9147 -0.338434 -0.300698
17.2469 -0.451961 -0.301151
25.8628 -0.677742 -0.301046
51.6688 -1.354 -0.300707
2.83273 -0.0643312 -0.297809
3.0042 -0.0682253 -0.298172
3.17852 -0.072184 -0.296805
3.4051 -0.0773298 -0.297986
3.63236 -0.0824908 -0.296584
3.91051 -0.0888076 -0.296398
4.30761 -0.0978257 -0.301296
4.66409 -0.105921 -0.298966
5.13704 -0.116662 -0.299277
5.70081 -0.129465 -0.298844
6.38014 -0.144893 -0.297237
7.26823 -0.165061 -0.296235
8.4599 -0.192124 -0.295503
10.0941 -0.229238 -0.293786
13.0777 -0.296995 -0.304467
17.38 -0.394699 -0.303448
26.0576 -0.591766 -0.303287
52.0975 -1.18313 -0.303176
2.83662 -0.0545061 -0.298196
2.99851 -0.0576168 -0.297585
3.1849 -0.0611984 -0.297379
3.40872 -0.0654991 -0.29828
3.67843 -0.0706817 -0.300324
3.95032 -0.075906 -0.299393
4.26886 -0.0820269 -0.298563
4.63536 -0.0890693 -0.297103
5.08297 -0.0976701 -0.296104
5.63265 -0.108232 -0.29525
6.42685 -0.123493 -0.299392
7.31647 -0.140587 -0.298179
8.52312 -0.163773 -0.29769
10.1828 -0.195665 -0.296346
12.6141 -0.242383 -0.293653
17.514 -0.336534 -0.305765
26.2656 -0.504699 -0.305686
52.4876 -1.00856 -0.305423
2.83284 -0.0445347 -0.297781
3.01009 -0.0473213 -0.298716
3.19278 -0.0501933 -0.298096
3.42422 -0.0538318 -0.299618
3.6451 -0.0573042 -0.297585
3.92038 -0.0616318 -0.297106
4.24023 -0.0666601 -0.296543
4.67836 -0.0735479 -0.299841
5.13263 -0.0806894 -0.298979
5.67772 -0.0892587 -0.297594
6.35197 -0.0998586 -0.295885
7.24467 -0.113893 -0.295235
8.59684 -0.13515 -0.300246
10.253 -0.161186 -0.298369
12.7235 -0.200025 -0.296181
16.7376 -0.26313 -0.292193
26.5014 -0.416626 -0.308412
52.9506 -0.83243 -0.308099
2.83985 -0.0347227 -0.298504
3.00354 -0.0367241 -0.298051
3.18399 -0.0389305 -0.297262
3.40451 -0.0416268 -0.297879
3.64433 -0.044559 -0.297507
3.9096 -0.0478024 -0.296274
4.27731 -0.0522984 -0.299122
4.64616 -0.0568083 -0.297762
5.07633 -0.062068 -0.295685
5.73009 -0.0700616 -0.300325
6.41601 -0.0784482 -0.298854
7.29028 -0.0891379 -0.297079
8.45168 -0.103338 -0.295162
10.3284 -0.126284 -0.300548
12.8232 -0.156789 -0.298487
16.8775 -0.20636 -0.294621
24.6588 -0.301501 -0.286954
53.3818 -0.652697 -0.310593
2.84004 -0.024803 -0.298512
3.00939 -0.026282 -0.298621
3.20041 -0.0279502 -0.298784
3.39777 -0.0296738 -0.297278
3.63361 -0.0317335 -0.296621
3.93612 -0.0343754 -0.298274
4.2718 -0.037307 -0.298725
4.62887 -0.0404254 -0.296643
5.12738 -0.0447791 -0.298648
5.67635 -0.0495734 -0.297497
6.35465 -0.0554972 -0.295985
7.34635 -0.064158 -0.299353
8.51223 -0.0743401 -0.297266
10.0873 -0.0880955 -0.293522
12.9395 -0.113005 -0.301182
17.0142 -0.14859 -0.296996
24.8631 -0.217137 -0.289321
53.8182 -0.470012 -0.313121
2.83503 -0.0148553 -0.297978
2.99794 -0.0157089 -0.297478
3.17694 -0.0166469 -0.296585
3.39114 -0.0177693 -0.296691
3.67439 -0.0192535 -0.299943
3.93024 -0.0205941 -0.297821
4.23196 -0.0221751 -0.295932
4.67281 -0.0244851 -0.299452
5.11242 -0.0267886 -0.297769
5.70832 -0.0299111 -0.299165
6.37899 -0.0334253 -0.297111
7.23572 -0.0379145 -0.294838
8.5755 -0.0449348 -0.299468
10.1814 -0.0533498 -0.296255
13.0643 -0.0684559 -0.304081
17.1821 -0.0900328 -0.299921
25.0887 -0.131462 -0.291939
54.2611 -0.284323 -0.31569
2.8224 -0.00492967 -0.296648
2.99372 -0.00522889 -0.297055
3.18867 -0.0055694 -0.297676
3.39468 -0.00592922 -0.296997
3.64796 -0.00637161 -0.297782
3.92893 -0.00686235 -0.297718
4.25982 -0.0074403 -0.297877
4.63899 -0.00810257 -0.297282
5.13207 -0.00896378 -0.29891
5.65744 -0.0098814 -0.296495
6.44693 -0.0112604 -0.300272
7.32082 -0.0127867 -0.298302
8.41657 -0.0147006 -0.293914
10.2492 -0.0179015 -0.298224
12.6476 -0.0220906 -0.294378
17.2924 -0.0302033 -0.301842
25.269 -0.0441354 -0.294034
54.692 -0.0955263 -0.318193
2.85467 0.00498603 -0.300039
2.98593 0.00521529 -0.296282
3.18887 0.00556975 -0.297695
3.38194 0.00590698 -0.295883
3.66671 0.00640436 -0.299312
3.92546 0.00685629 -0.297455
4.27264 0.00746268 -0.298773
4.62316 0.00807491 -0.296267
5.14155 0.00898033 -0.299462
5.6671 0.00989828 -0.297002
6.44279 0.0112531 -0.300079
7.28531 0.0127247 -0.296855
8.43035 0.0147246 -0.294396
10.2548 0.0179113 -0.298387
12.6421 0.022081 -0.294251
17.2962 0.0302099 -0.301908
25.2448 0.0440932 -0.293752
54.6918 0.0955259 -0.318191
2.82267 0.0147905 -0.296679
2.98515 0.0156419 -0.296208
3.18775 0.0167035 -0.297594
3.40623 0.0178483 -0.298012
3.67723 0.0192683 -0.300174
3.93768 0.0206331 -0.298384
4.21251 0.0220732 -0.294572
4.66172 0.024427 -0.298741
5.11435 0.0267987 -0.297882
5.731 0.0300299 -0.300354
6.41871 0.0336335 -0.298961
7.25832 0.0380329 -0.295759
8.58155 0.0449665 -0.299679
10.2193 0.0535481 -0.297356
13.0448 0.0683537 -0.303627
17.1667 0.0899519 -0.299651
25.0955 0.131498 -0.292019
54.2701 0.28437 -0.315742
2.84534 0.0248492 -0.299069
2.99018 0.0261142 -0.296715
3.20023 0.0279487 -0.298767
3.41466 0.0298214 -0.298757
3.63235 0.0317225 -0.296518
3.95891 0.0345744 -0.300001
4.26833 0.0372767 -0.298483
4.60967 0.0402577 -0.295413
5.13435 0.0448399 -0.299054
5.68125 0.0496161 -0.297754
6.33295 0.0553077 -0.294974
7.35059 0.0641951 -0.299526
8.50423 0.0742701 -0.296986
10.1059 0.0882579 -0.294063
12.9359 0.112974 -0.3011
17.0218 0.148657 -0.29713
24.859 0.217102 -0.289274
53.8151 0.469984 -0.313102
2.83229 0.0346302 -0.297708
3.0047 0.0367383 -0.298166
3.17786 0.0388555 -0.296689
3.42853 0.0419204 -0.299981
3.6387 0.0444902 -0.297047
3.89612 0.0476377 -0.295253
4.26293 0.0521226 -0.298116
4.63571 0.0566806 -0.297093
5.09079 0.0622448 -0.296528
5.73398 0.0701091 -0.300529
6.41762 0.0784679 -0.298929
7.27599 0.0889632 -0.296497
8.43939 0.103188 -0.294733
10.3356 0.126372 -0.300757
12.8223 0.156778 -0.298466
16.8732 0.206308 -0.294547
24.6451 0.301334 -0.286795
53.3599 0.652429 -0.310465
2.82946 0.0444815 -0.297425
3.01758 0.047439 -0.29946
3.17611 0.0499312 -0.29654
3.43034 0.0539279 -0.300154
3.67387 0.0577565 -0.299933
3.93407 0.0618469 -0.298143
4.262 0.0670024 -0.298066
4.69331 0.073783 -0.300799
5.13132 0.0806688 -0.298903
5.68319 0.0893446 -0.297881
6.3621 0.100018 -0.296357
7.23302 0.113709 -0.29476
8.6043 0.135267 -0.300507
10.2624 0.161334 -0.298644
12.7334 0.20018 -0.29641
16.7501 0.263325 -0.292411
26.5064 0.416704 -0.30847
52.9598 0.832574 -0.308152
2.84253 0.0546197 -0.298818
2.98845 0.0574237 -0.296587
3.1793 0.0610909 -0.296856
3.39604 0.0652555 -0.29717
3.67953 0.0707028 -0.300413
3.94077 0.0757226 -0.29867
4.25687 0.0817965 -0.297725
4.62473 0.088865 -0.296422
5.08701 0.0977478 -0.29634
5.6205 0.107999 -0.294613
6.44164 0.123777 -0.300081
7.33749 0.140991 -0.299036
8.5103 0.163527 -0.297242
10.1643 0.195309 -0.295806
12.599 0.242092 -0.293301
17.5152 0.336557 -0.305786
26.2859 0.505089 -0.305923
52.5122 1.00903 -0.305566
2.85878 0.0649228 -0.300548
3.00892 0.0683324 -0.29864
3.18836 0.0724075 -0.297724
3.41991 0.0776661 -0.299282
3.64134 0.0826947 -0.297318
3.9153 0.0889164 -0.296761
4.29676 0.0975792 -0.300537
4.67867 0.106252 -0.299901
5.11442 0.116148 -0.297959
5.68408 0.129085 -0.297968
6.35945 0.144423 -0.296274
7.27815 0.165287 -0.296639
8.46042 0.192136 -0.295522
10.0943 0.229242 -0.293792
13.042 0.296184 -0.303636
17.3986 0.395122 -0.303774
26.0818 0.592317 -0.30357
52.0799 1.18273 -0.303073
2.82904 0.0741357 -0.297447
3.03017 0.0794066 -0.300775
3.211 0.0841451 -0.299863
3.40066 0.0891152 -0.297622
3.66108 0.0959396 -0.298954
3.93548 0.10313 -0.298316
4.25914 0.111612 -0.297931
4.61881 0.121037 -0.296089
5.10293 0.133724 -0.297315
5.64156 0.147839 -0.295764
6.33775 0.166083 -0.295288
7.38368 0.193492 -0.300966
8.62677 0.226067 -0.301358
10.3534 0.271314 -0.301358
12.932 0.338886 -0.301099
17.2341 0.451624 -0.300926
25.8712 0.677962 -0.301144
51.6702 1.35403 -0.300715
2.82622 0.0839423 -0.297179
2.98797 0.0887465 -0.296615
3.16888 0.0941198 -0.295959
3.37981 0.100385 -0.295826
3.65627 0.108596 -0.298591
3.95005 0.117321 -0.29945
4.27974 0.127114 -0.299402
4.65869 0.138369 -0.298675
5.13941 0.152647 -0.299469
5.69873 0.16926 -0.29879
6.40977 0.190378 -0.298672
7.32549 0.217576 -0.298624
8.55651 0.254139 -0.298933
10.2861 0.305509 -0.299427
12.8219 0.380827 -0.298566
17.1118 0.508241 -0.29882
20.1751 0.599227 -0.234864
51.2734 1.52289 -0.298435
2.82291 0.0937148 -0.296864
2.9988 0.099554 -0.297723
3.18032 0.10558 -0.29706
3.39452 0.112691 -0.297146
3.64869 0.121129 -0.298005
3.91348 0.129919 -0.29671
4.24309 0.140862 -0.29687
4.6241 0.153511 -0.29649
5.09338 0.16909 -0.29682
5.65828 0.187843 -0.296702
6.34483 0.210635 -0.295679
7.27994 0.241679 -0.296799
8.50958 0.282501 -0.297326
10.1804 0.33797 -0.296385
12.7365 0.422827 -0.29661
16.9786 0.563653 -0.296526
20.1548 0.6691 -0.234653
20.1562 0.669145 -0.117331
2.83742 0.10412 -0.298426
3.00065 0.11011 -0.297943
3.1851 0.116879 -0.297543
3.39653 0.124637 -0.297358
3.64163 0.133631 -0.297465
3.94755 0.144857 -0.299329
4.26168 0.156384 -0.298207
4.66738 0.171272 -0.299302
5.13747 0.188522 -0.299425
5.73057 0.210286 -0.30053
6.44997 0.236685 -0.300615
7.23241 0.265397 -0.294897
8.4375 0.309618 -0.294843
10.1129 0.371099 -0.294455
12.6543 0.464357 -0.294732
16.839 0.617915 -0.294125
25.2564 0.926795 -0.294084
50.4816 1.85245 -0.293894
2.83154 0.113811 -0.297848
2.98788 0.120095 -0.296715
3.20446 0.1288 -0.299392
3.42604 0.137706 -0.299983
3.61949 0.145481 -0.295696
3.90274 0.156866 -0.295972
4.22306 0.169741 -0.295544
4.649 0.186861 -0.298163
5.09414 0.204753 -0.29694
5.67371 0.228048 -0.297588
6.39905 0.257203 -0.298282
7.32641 0.294477 -0.29877
8.5962 0.345515 -0.300429
10.3865 0.417474 -0.302462
12.5374 0.503925 -0.292047
16.7104 0.671656 -0.291918
25.0703 1.00767 -0.291957
50.0787 2.01286 -0.291588
2.82641 0.123495 -0.297352
2.98099 0.130249 -0.296074
3.18256 0.139056 -0.297389
3.39399 0.148294 -0.297219
3.64816 0.1594 -0.298082
3.91843 0.171209 -0.297205
4.26692 0.186436 -0.298657
4.67094 0.204089 -0.299614
5.14732 0.224903 -0.300084
5.63925 0.246397 -0.295823
6.34602 0.277278 -0.295853
7.28236 0.31819 -0.297017
8.53895 0.373095 -0.298472
10.3031 0.450178 -0.300078
12.9774 0.567024 -0.302341
16.6035 0.72546 -0.290093
24.86 1.08621 -0.28955
49.7136 2.17215 -0.289504
2.82325 0.13324 -0.297067
2.9939 0.141293 -0.297403
3.19344 0.15071 -0.298453
3.40237 0.160571 -0.298001
3.66148 0.172799 -0.299218
3.95579 0.186688 -0.300086
4.25388 0.200756 -0.297792
4.64866 0.219388 -0.298232
5.12263 0.241756 -0.298692
5.70503 0.269242 -0.299322
6.44646 0.304232 -0.300584
7.22816 0.341124 -0.294854
8.46264 0.399383 -0.295852
10.2213 0.482379 -0.29774
12.882 0.607949 -0.300166
17.4283 0.822509 -0.304553
24.6748 1.1645 -0.287439
49.3493 2.32898 -0.287428
2.81732 0.142825 -0.296493
2.99909 0.15204 -0.29797
3.21418 0.162944 -0.300443
3.37842 0.17127 -0.295954
3.65646 0.185365 -0.298858
3.91046 0.198242 -0.296698
4.26434 0.216182 -0.298576
4.67212 0.236855 -0.299788
5.07714 0.257387 -0.29609
5.65304 0.286582 -0.296644
6.39662 0.324279 -0.298311
7.34299 0.372255 -0.299589
8.40572 0.426131 -0.293912
10.1494 0.514526 -0.295697
12.7856 0.64817 -0.297971
17.3125 0.877663 -0.30258
24.4972 1.24189 -0.285418
48.9718 2.48264 -0.285279
2.83719 0.15377 -0.298639
3.01037 0.163156 -0.299145
3.17686 0.17218 -0.297009
3.38471 0.183445 -0.296559
3.65401 0.198041 -0.298713
3.95635 0.214427 -0.300235
4.24753 0.230208 -0.297453
4.64043 0.251503 -0.297809
5.14224 0.2787 -0.299942
5.73855 0.311019 -0.301187
6.34643 0.343965 -0.296024
7.30579 0.39596 -0.298126
8.59404 0.465781 -0.300552
10.0896 0.546836 -0.294008
12.7049 0.688583 -0.296145
17.1668 0.930408 -0.300088
26.5291 1.43783 -0.309149
48.5881 2.63339 -0.283095
2.83467 0.163567 -0.298432
2.967 0.171203 -0.294893
3.17324 0.183104 -0.296729
3.40059 0.196222 -0.298008
3.63621 0.209818 -0.297315
3.90458 0.225303 -0.296364
4.26366 0.246023 -0.298641
4.6868 0.270439 -0.300844
5.07701 0.292956 -0.296195
5.70785 0.329357 -0.299634
6.44893 0.372119 -0.300864
7.24834 0.418246 -0.295839
8.50706 0.490878 -0.297568
10.3652 0.598094 -0.302098
12.5953 0.726778 -0.293648
17.0352 0.98297 -0.297846
26.3265 1.5191 -0.306848
48.2462 2.78392 -0.281158
2.82034 0.172627 -0.296985
2.99297 0.183194 -0.297536
3.19426 0.195514 -0.298756
3.38929 0.207452 -0.297081
3.63635 0.222574 -0.297389
3.95682 0.242189 -0.300391
4.23427 0.259171 -0.296644
4.66023 0.285243 -0.299201
5.15108 0.315287 -0.300579
5.6351 0.344913 -0.295877
6.39884 0.39166 -0.29859
7.37465 0.451387 -0.301057
8.46897 0.518368 -0.296297
10.2692 0.628554 -0.299362
12.4918 0.7646 -0.291296
16.9059 1.03477 -0.295647
26.1307 1.59941 -0.304629
47.8866 2.93104 -0.27912
2.8205 0.182528 -0.297067
2.99426 0.193774 -0.29773
3.17158 0.205249 -0.2967
3.39121 0.219462 -0.297314
3.66278 0.237037 -0.299616
3.91713 0.253497 -0.297444
4.2604 0.275712 -0.29854
4.6039 0.297941 -0.295649
5.10425 0.330322 -0.297912
5.72047 0.370201 -0.300425
6.34781 0.410799 -0.296273
7.32884 0.474286 -0.299253
8.39758 0.54345 -0.293864
10.1832 0.659007 -0.296922
12.9638 0.838955 -0.302369
16.7868 1.08636 -0.293629
25.9337 1.6783 -0.302399
47.5243 3.07553 -0.277069
2.83675 0.193533 -0.298848
2.97259 0.202801 -0.295644
3.18706 0.217433 -0.298217
3.41723 0.233136 -0.299665
3.61877 0.246886 -0.296085
3.90999 0.266754 -0.296971
4.22003 0.287906 -0.29578
4.6529 0.317438 -0.298865
5.06291 0.34541 -0.295567
5.65872 0.386059 -0.297251
6.45245 0.44021 -0.301227
7.26804 0.495853 -0.296839
8.57366 0.584927 -0.300096
10.1306 0.691146 -0.295456
12.8952 0.879755 -0.300837
16.6846 1.13828 -0.291909
25.7318 1.75552 -0.300115
47.2034 3.22039 -0.275262
2.82452 0.202614 -0.297632
2.98898 0.214412 -0.297347
3.1976 0.229377 -0.299276
3.3955 0.243573 -0.297832
3.64884 0.261746 -0.298619
3.92779 0.281756 -0.298396
4.23845 0.304041 -0.297144
4.60027 0.329996 -0.295557
5.10855 0.366457 -0.298305
5.61204 0.402574 -0.294871
6.39105 0.458456 -0.298434
7.22092 0.517986 -0.294987
8.52952 0.611857 -0.298624
10.0292 0.719433 -0.29257
12.7905 0.917515 -0.298469
16.5331 1.18598 -0.289329
25.5601 1.83353 -0.298185
46.8309 3.35937 -0.273157
2.82055 0.212236 -0.297291
2.99825 0.225607 -0.298346
3.17766 0.239106 -0.297486
3.42097 0.257415 -0.300143
3.62574 0.272823 -0.296804
3.94381 0.296757 -0.29969
4.25756 0.320365 -0.29856
4.66249 0.350835 -0.299631
5.07209 0.381655 -0.296251
5.70626 0.429374 -0.299899
6.365 0.478942 -0.297293
7.34274 0.552513 -0.300041
8.46937 0.637288 -0.296594
10.3251 0.776924 -0.30128
12.711 0.956457 -0.29669
17.4502 1.31306 -0.305457
25.3889 1.91042 -0.296263
55.7922 4.19815 -0.325511
2.85476 0.224841 -0.300977
2.98468 0.235074 -0.297075
3.18069 0.250511 -0.29785
3.38171 0.266344 -0.296778
3.6379 0.286522 -0.29788
3.91944 0.308696 -0.297918
4.26438 0.335863 -0.299119
4.64546 0.365877 -0.298617
5.13393 0.404349 -0.299944
5.65448 0.445348 -0.297257
6.30248 0.496384 -0.294452
7.30243 0.57514 -0.298474
8.40411 0.661909 -0.294388
10.272 0.809024 -0.299811
12.6073 0.992953 -0.294348
17.3147 1.36371 -0.303166
25.2219 1.98648 -0.294394
55.4214 4.365 -0.323434
2.81822 0.231872 -0.297208
2.99671 0.246557 -0.298356
3.17315 0.261074 -0.297228
3.39445 0.279282 -0.29798
3.62946 0.298617 -0.297272
3.94558 0.324626 -0.299989
4.24466 0.349233 -0.297819
4.66587 0.383889 -0.300014
5.09708 0.419368 -0.297875
5.61355 0.46186 -0.295188
6.42283 0.528445 -0.30016
7.24618 0.596187 -0.296258
8.61279 0.708626 -0.301782
10.1965 0.838926 -0.297691
12.5144 1.02963 -0.29226
17.2252 1.41722 -0.301685
25.036 2.05986 -0.292306
55.0188 4.52673 -0.321175
2.80814 0.240921 -0.296232
3.01093 0.258319 -0.29986
3.16775 0.271774 -0.296809
3.39465 0.29124 -0.298085
3.63996 0.312286 -0.298219
3.89014 0.33375 -0.295861
4.27378 0.366665 -0.299951
4.64129 0.398195 -0.298521
5.06387 0.43445 -0.296021
5.70289 0.489273 -0.299974
6.37451 0.546895 -0.297989
7.20432 0.618087 -0.294633
8.53813 0.73252 -0.299254
10.1343 0.869463 -0.295963
13.0345 1.11828 -0.304498
17.1033 1.46736 -0.299637
24.8491 2.13191 -0.29021
54.6587 4.68939 -0.319167
2.85268 0.254784 -0.301023
2.98599 0.266691 -0.297467
3.20477 0.286231 -0.30037
3.38035 0.301912 -0.29692
3.62673 0.323918 -0.297227
3.93086 0.351081 -0.299049
4.24593 0.37922 -0.298087
4.60185 0.41101 -0.296075
5.10882 0.456289 -0.29874
5.65294 0.504886 -0.297438
6.31511 0.564027 -0.295303
7.33988 0.655553 -0.300269
8.4789 0.757284 -0.297269
10.0689 0.899293 -0.294142
12.9385 1.15559 -0.302347
16.9775 1.51633 -0.297524
24.6821 2.20445 -0.288347
54.2526 4.84552 -0.316892
2.81724 0.261542 -0.297378
3.00203 0.278697 -0.29916
3.16334 0.293672 -0.296581
3.37683 0.313492 -0.296706
3.65533 0.339346 -0.299665
3.9123 0.363203 -0.297732
4.22594 0.39232 -0.296778
4.64117 0.430868 -0.298699
5.08456 0.472031 -0.297416
5.64528 0.524087 -0.29713
6.42408 0.596387 -0.300494
7.31146 0.678768 -0.299201
8.44054 0.783588 -0.296019
10.3569 0.961493 -0.302651
12.8518 1.19311 -0.300416
16.856 1.56485 -0.29549
24.493 2.27384 -0.28623
53.8592 5.00008 -0.314694
2.82043 0.271778 -0.297813
2.96879 0.286075 -0.295945
3.19318 0.307697 -0.299478
3.38613 0.326289 -0.297621
3.63089 0.349875 -0.297761
3.93071 0.378766 -0.299232
4.25099 0.409629 -0.298636
4.62963 0.446114 -0.298055
5.04473 0.486114 -0.295184
5.70212 0.54946 -0.300221
6.3872 0.615475 -0.298867
7.23645 0.697309 -0.296229
8.37036 0.806574 -0.293654
10.3116 0.993634 -0.301428
12.7556 1.22914 -0.298266
16.7393 1.61301 -0.29354
24.3436 2.34576 -0.284577
53.4758 5.15296 -0.312557
2.83389 0.28307 -0.299336
2.98871 0.298535 -0.298034
3.15634 0.315279 -0.296124
3.36695 0.336317 -0.296037
3.64092 0.363683 -0.298686
3.91199 0.390759 -0.297908
4.21935 0.42146 -0.296514
4.57987 0.457472 -0.294953
5.11015 0.51044 -0.299114
5.65285 0.564649 -0.297728
6.33064 0.632352 -0.296322
7.18088 0.717281 -0.294055
8.59161 0.858195 -0.30152
10.2291 1.02176 -0.299119
12.6458 1.26316 -0.295801
16.6004 1.65817 -0.291204
26.5877 2.65578 -0.310918
53.115 5.30553 -0.310555
2.80276 0.289852 -0.296153
3.00624 0.310896 -0.299888
3.17552 0.328402 -0.298029
3.37862 0.349406 -0.297168
3.60355 0.372668 -0.295724
3.90645 0.403993 -0.297592
4.26362 0.440931 -0.299733
4.63171 0.478997 -0.298397
5.09466 0.526874 -0.298313
5.62779 0.582009 -0.296514
6.30245 0.65178 -0.295108
7.33643 0.758711 -0.300532
8.52837 0.881978 -0.299407
10.1645 1.05118 -0.297334
12.5694 1.29989 -0.294117
16.5144 1.70787 -0.289799
26.3862 2.72878 -0.30867
52.7731 5.45763 -0.308666
2.82244 0.301856 -0.298342
2.97843 0.318539 -0.297223
3.15942 0.337896 -0.296627
3.34559 0.357806 -0.294371
3.63158 0.388393 -0.298134
3.92168 0.419419 -0.298862
4.22583 0.451947 -0.297185
4.61421 0.493485 -0.297379
5.05213 0.540319 -0.295932
5.70487 0.610129 -0.300686
6.38704 0.683086 -0.299178
7.2805 0.778641 -0.29835
8.44573 0.903261 -0.296614
10.0899 1.0791 -0.295261
12.5105 1.33799 -0.292848
17.4858 1.87008 -0.306957
26.2211 2.80432 -0.306852
52.4059 5.60474 -0.30663
2.79241 0.308515 -0.295281
2.98571 0.329871 -0.298062
3.17678 0.350981 -0.29837
3.39466 0.375054 -0.298803
3.62748 0.400776 -0.297911
3.90859 0.431834 -0.297978
4.21448 0.46563 -0.296499
4.64966 0.51371 -0.299778
5.09899 0.563353 -0.29879
5.65171 0.624419 -0.297997
6.35387 0.701997 -0.297738
7.24585 0.800546 -0.297043
8.41258 0.929449 -0.295562
10.0512 1.11049 -0.29424
13.0086 1.43723 -0.304622
17.3504 1.91693 -0.304697
26.0502 2.87812 -0.304968
52.0716 5.75304 -0.30479
2.8156 0.321036 -0.297849
2.96256 0.337792 -0.295867
3.15211 0.359405 -0.296169
3.36327 0.383482 -0.296155
3.63125 0.414037 -0.298338
3.91224 0.446076 -0.298373
4.24635 0.484172 -0.298859
4.63383 0.528352 -0.298874
5.08386 0.579665 -0.298021
5.62393 0.641244 -0.296648
6.31869 0.720461 -0.296206
7.2068 0.821724 -0.295558
8.33936 0.950858 -0.293105
10.3647 1.18179 -0.303539
12.9323 1.47454 -0.302953
17.2768 1.96991 -0.303522
25.8743 2.9502 -0.303027
51.7428 5.89974 -0.302984
2.82643 0.332277 -0.299116
2.99304 0.351864 -0.299032
3.18151 0.37402 -0.299053
3.37835 0.397161 -0.297603
3.63882 0.427782 -0.29908
3.90854 0.45949 -0.298211
4.22215 0.496359 -0.297275
4.59995 0.540773 -0.296809
5.04387 0.592961 -0.295796
5.59808 0.658114 -0.295404
6.41924 0.75465 -0.301041
7.33662 0.862498 -0.301004
8.56686 1.00713 -0.301222
10.274 1.20782 -0.301003
12.8603 1.51186 -0.301388
17.1331 2.01418 -0.301121
25.6958 3.02082 -0.301059
51.3625 6.03821 -0.300879
2.80344 0.339507 -0.296807
2.96799 0.359434 -0.296653
3.16716 0.383554 -0.297828
3.34659 0.405284 -0.294928
3.59369 0.435209 -0.295495
3.93127 0.476092 -0.300071
4.26107 0.516031 -0.300141
4.65329 0.56353 -0.300376
5.11172 0.619048 -0.2999
5.67249 0.686959 -0.299456
6.37735 0.77232 -0.299201
7.30493 0.884654 -0.299829
8.51342 1.03101 -0.299468
10.2371 1.23975 -0.300047
12.7687 1.54633 -0.299366
17.0269 2.06202 -0.299378
25.5261 3.0913 -0.299195
51.0249 6.17931 -0.299026
2.8171 0.351151 -0.298381
2.99292 0.373066 -0.299273
3.16019 0.393917 -0.2973
3.40301 0.424184 -0.30003
3.61145 0.450166 -0.297083
3.89665 0.485716 -0.297556
4.24386 0.528995 -0.299057
4.62431 0.576419 -0.298633
5.06183 0.630956 -0.297101
5.64774 0.703988 -0.298277
6.34532 0.790942 -0.297826
7.25257 0.904031 -0.297808
8.46464 1.05511 -0.29788
10.16 1.26644 -0.297914
12.6898 1.58178 -0.297646
16.928 2.11007 -0.297767
25.3759 3.1631 -0.297563
50.6913 6.31865 -0.297199
2.80811 0.359996 -0.297561
2.96813 0.38051 -0.296926
3.15968 0.405067 -0.297384
3.37291 0.432402 -0.297507
3.60927 0.462703 -0.297034
3.87796 0.497149 -0.29626
4.19102 0.537284 -0.295464
4.56874 0.585707 -0.295175
5.05569 0.648133 -0.296871
5.59996 0.717907 -0.295884
6.30805 0.808683 -0.296207
7.20283 0.923394 -0.295896
8.40771 1.07786 -0.296007
10.0781 1.29201 -0.295645
12.5948 1.61463 -0.295547
16.8092 2.15492 -0.295809
25.2109 3.23201 -0.295758
50.3616 6.45629 -0.295396
2.8342 0.373408 -0.300461
2.99215 0.394219 -0.299465
3.16971 0.417612 -0.298463
3.39473 0.447259 -0.299568
3.62994 0.478248 -0.298871
3.91374 0.515639 -0.299129
4.24105 0.558763 -0.299127
4.63771 0.611023 -0.299767
5.11166 0.673466 -0.300294
5.69203 0.74993 -0.300885
6.26034 0.824806 -0.294101
7.16261 0.94368 -0.294377
8.35568 1.10087 -0.294309
10.0199 1.32013 -0.294069
12.5198 1.64949 -0.29392
16.7057 2.20099 -0.29412
25.0406 3.29912 -0.293893
50.021 6.59032 -0.293532
2.78863 0.37732 -0.295768
2.97498 0.402534 -0.297885
3.16023 0.427599 -0.297709
3.36698 0.455574 -0.297257
3.6109 0.488578 -0.297442
3.89319 0.526773 -0.297697
4.22089 0.571114 -0.297844
4.61561 0.624522 -0.298478
5.09576 0.68949 -0.2995
5.65793 0.765555 -0.299223
6.38453 0.863869 -0.300075
7.33075 0.991898 -0.301428
8.57087 1.15969 -0.30203
9.95691 1.34723 -0.292357
12.4484 1.68435 -0.292381
16.5711 2.24218 -0.291887
24.8735 3.36555 -0.292069
49.7046 6.72536 -0.291811
2.81112 0.390367 -0.298296
2.9674 0.41207 -0.297269
3.15145 0.437628 -0.297025
3.3989 0.47199 -0.30022
3.63761 0.505138 -0.299786
3.85634 0.535513 -0.295021
4.1905 0.581916 -0.295841
4.57437 0.635221 -0.295952
5.03645 0.699388 -0.296155
5.62825 0.781569 -0.297795
6.31936 0.87754 -0.297154
7.2481 1.00651 -0.298172
8.51776 1.18282 -0.300302
10.2794 1.42745 -0.30197
12.3505 1.71506 -0.290221
16.4823 2.28882 -0.290462
24.7128 3.43175 -0.29032
49.3646 6.85503 -0.289953
2.80454 0.399444 -0.297744
2.96327 0.422052 -0.297001
3.15225 0.448967 -0.297245
3.3509 0.477261 -0.296125
3.61449 0.514804 -0.298027
3.89226 0.554366 -0.297915
4.24233 0.604226 -0.299648
4.6364 0.660353 -0.300114
5.01738 0.714614 -0.295179
5.59136 0.796365 -0.295989
6.32371 0.900671 -0.297505
7.22692 1.02931 -0.297447
8.48335 1.20826 -0.299236
10.2469 1.45945 -0.301165
12.9487 1.84426 -0.304427
15.218 2.16746 -0.268312
24.5708 3.49957 -0.288795
49.0887 6.9916 -0.288475
2.80851 0.410025 -0.298316
2.96131 0.432333 -0.296954
3.16454 0.462003 -0.298555
3.36744 0.491624 -0.297736
3.59397 0.524696 -0.296484
3.87127 0.565181 -0.296458
4.20511 0.613919 -0.297168
4.59726 0.67117 -0.29773
5.08266 0.742036 -0.29917
5.67599 0.828659 -0.30062
6.25874 0.913736 -0.294596
7.19254 1.05007 -0.296181
8.42155 1.22949 -0.297205
10.179 1.48607 -0.299319
12.8425 1.87493 -0.302083
15.2099 2.22055 -0.268306
15.2271 2.22307 -0.179063
48.7525 7.11755 -0.286643
2.78985 0.417259 -0.296487
2.95844 0.442474 -0.29682
3.1592 0.4725 -0.298205
3.35888 0.502364 -0.297133
3.62894 0.542755 -0.299523
3.92305 0.586744 -0.300578
4.19103 0.626824 -0.296326
4.57283 0.683928 -0.296301
5.06612 0.757706 -0.298351
5.62792 0.841729 -0.298228
6.39622 0.956639 -0.301223
7.12813 1.06611 -0.293681
8.35711 1.24992 -0.295084
10.0917 1.50934 -0.296905
12.7471 1.9065 -0.299993
15.1895 2.27178 -0.268083
15.2096 2.27479 -0.178949
15.2343 2.27848 -0.0896171
15.2577 2.28199 -7.71371e-07
2.80538 0.429607 -0.298296
2.97231 0.455169 -0.298369
3.16258 0.484307 -0.298682
3.35615 0.513948 -0.297048
3.60718 0.552391 -0.297885
3.89369 0.596265 -0.298486
4.23431 0.648427 -0.299544
4.62588 0.70839 -0.299896
5.01825 0.768476 -0.295688
5.60638 0.858541 -0.297244
6.34556 0.971737 -0.298996
7.31099 1.11958 -0.301374
8.3158 1.27345 -0.29378
10.0459 1.53839 -0.295715
12.6851 1.94256 -0.298693
15.234 2.33288 -0.269012
24.1048 3.69133 -0.283756
48.1633 7.37556 -0.283475
2.77907 0.435518 -0.295658
2.96747 0.465042 -0.298043
3.16228 0.495572 -0.298815
3.39064 0.531359 -0.300264
3.63165 0.569129 -0.300068
3.87283 0.606925 -0.297048
4.20965 0.659709 -0.297961
4.60057 0.720971 -0.298417
5.09324 0.798179 -0.300269
5.56716 0.872449 -0.295324
6.28238 0.984534 -0.296179
7.25754 1.13735 -0.299332
8.5577 1.34111 -0.30249
9.98216 1.56434 -0.293997
12.5872 1.97259 -0.296548
17.1012 2.67999 -0.302147
26.59 4.16701 -0.313181
47.8394 7.49708 -0.281722
2.80933 0.45032 -0.299043
2.9916 0.479537 -0.300634
3.13119 0.501913 -0.296042
3.37402 0.540837 -0.298958
3.60148 0.577297 -0.29774
3.89618 0.624536 -0.299004
4.17646 0.669464 -0.295776
4.5937 0.736346 -0.298137
5.06592 0.812039 -0.298824
5.67719 0.910023 -0.301328
6.25445 1.00255 -0.295025
7.2154 1.15659 -0.297759
8.48501 1.3601 -0.300086
9.92788 1.59138 -0.292561
11.7789 1.8881 -0.277659
17.0233 2.72874 -0.300937
26.4301 4.2366 -0.31147
47.562 7.62392 -0.280243
2.79979 0.458828 -0.298196
2.96408 0.485751 -0.298036
3.14792 0.515879 -0.297792
3.36797 0.551941 -0.29859
3.58717 0.587864 -0.296725
3.86362 0.633168 -0.296674
4.24272 0.695295 -0.300638
4.5375 0.743603 -0.294656
5.03017 0.824342 -0.296883
5.62041 0.92107 -0.298483
6.39495 1.048 -0.301823
7.15624 1.17276 -0.295485
8.42982 1.38147 -0.298303
10.273 1.68354 -0.302903
11.7083 1.91876 -0.276151
16.8956 2.76885 -0.298849
26.2693 4.30501 -0.309751
47.2447 7.74244 -0.278531
2.78715 0.46676 -0.297021
2.98541 0.499962 -0.300355
3.1483 0.527241 -0.298
3.34695 0.560509 -0.296898
3.63847 0.60933 -0.301143
3.84658 0.644181 -0.295536
4.19501 0.702532 -0.297429
4.6227 0.774158 -0.300362
5.01225 0.839395 -0.295997
5.59487 0.936965 -0.297299
6.35604 1.06444 -0.300161
7.12096 1.19254 -0.294198
8.39457 1.40583 -0.297228
10.2156 1.71079 -0.301384
11.675 1.9552 -0.275524
11.7325 1.96482 -0.207644
11.7642 1.97014 -0.138796
11.7625 1.96986 -0.0693862
2.79322 0.477814 -0.297844
2.95715 0.505856 -0.297688
3.17401 0.542953 -0.300612
3.3412 0.571552 -0.296564
3.59187 0.614433 -0.297462
3.89268 0.665889 -0.299255
4.16047 0.711698 -0.295155
4.57727 0.782996 -0.297586
5.08147 0.869246 -0.300262
5.56259 0.951548 -0.295758
6.2921 1.07634 -0.297317
7.30071 1.24887 -0.301803
8.32861 1.42471 -0.295067
10.1488 1.73607 -0.299589
11.6762 1.99735 -0.275715
11.7275 2.00613 -0.207679
11.7478 2.00959 -0.138684
11.7871 2.01633 -0.0695724
11.7962 2.01788 -5.98376e-07
2.79492 0.488159 -0.298205
2.95147 0.515503 -0.297296
3.11972 0.544889 -0.295648
3.37558 0.589578 -0.299797
3.57296 0.624052 -0.296074
3.88035 0.67774 -0.298487
4.223 0.737587 -0.299772
4.56311 0.796991 -0.296845
5.02674 0.877969 -0.297207
5.68134 0.9923 -0.302255
6.28228 1.09726 -0.297032
7.26169 1.26832 -0.300371
8.29032 1.44798 -0.293888
10.0944 1.76309 -0.298165
11.7381 2.05018 -0.277345
11.7429 2.05101 -0.208077
25.8063 4.50731 -0.304831
46.3989 8.10401 -0.27403
2.79633 0.498479 -0.29854
2.96794 0.52907 -0.299139
3.17813 0.566539 -0.301369
3.3568 0.598389 -0.298313
3.59904 0.64157 -0.298419
3.83256 0.683198 -0.294993
4.19332 0.747508 -0.297849
4.62666 0.824756 -0.301165
5.00173 0.891616 -0.295911
5.6319 1.00395 -0.299809
6.22112 1.10899 -0.294322
7.21696 1.28651 -0.298705
8.56378 1.52659 -0.303769
10.0367 1.78915 -0.296642
11.7164 2.08858 -0.277002
16.5112 2.94332 -0.292749
25.6387 4.5704 -0.303038
46.1454 8.22594 -0.272701
2.79971 0.509178 -0.299089
2.96315 0.538902 -0.298844
3.14917 0.572733 -0.298811
3.37581 0.613953 -0.300191
3.5836 0.651743 -0.297326
3.87943 0.705545 -0.298788
4.16248 0.757023 -0.295844
4.59457 0.835605 -0.299264
4.98234 0.906129 -0.294949
5.59099 1.01682 -0.297819
6.37891 1.16012 -0.301977
7.19364 1.30829 -0.297927
8.50093 1.54605 -0.30173
9.98076 1.81518 -0.295175
12.741 2.31718 -0.301415
16.3848 2.97987 -0.290691
25.4785 4.63373 -0.301335
45.8147 8.33223 -0.270917
2.77979 0.515594 -0.297152
2.95826 0.548696 -0.298543
3.11892 0.578494 -0.29613
3.35325 0.621958 -0.298376
3.57858 0.663751 -0.2971
3.8851 0.720605 -0.299417
4.21445 0.781692 -0.29973
4.57304 0.848204 -0.298053
5.05773 0.938104 -0.299604
5.57782 1.03457 -0.297308
6.33336 1.17471 -0.300013
7.14023 1.32436 -0.295905
8.44317 1.56603 -0.299872
9.91465 1.83896 -0.293408
12.6457 2.34551 -0.299352
16.2627 3.0164 -0.28871
25.321 4.69651 -0.299663
45.5364 8.44605 -0.269444
2.79226 0.528003 -0.29868
2.94801 0.557455 -0.297703
3.13954 0.593671 -0.298283
3.32966 0.629623 -0.296471
3.59476 0.679752 -0.298639
3.831 0.724423 -0.295441
4.18695 0.791731 -0.297969
4.53843 0.858194 -0.29599
5.04123 0.953271 -0.298822
5.53302 1.04627 -0.295113
6.30694 1.19261 -0.298957
7.06123 1.33524 -0.292823
8.40296 1.58896 -0.298639
9.85656 1.86383 -0.29188
12.5634 2.37568 -0.2976
16.1806 3.05967 -0.28744
25.166 4.75877 -0.298025
45.2701 8.56034 -0.268044
2.76879 0.533588 -0.296366
2.95136 0.568773 -0.29824
3.12659 0.602542 -0.297251
3.3486 0.645328 -0.298356
3.57885 0.6897 -0.297515
3.89775 0.751157 -0.300789
4.16755 0.803152 -0.296787
4.60706 0.887853 -0.300667
5.01406 0.966287 -0.29741
5.6421 1.08732 -0.301132
6.27749 1.20977 -0.29776
7.26884 1.40082 -0.301633
8.35144 1.60945 -0.297006
10.234 1.97225 -0.303259
12.5178 2.41237 -0.296716
17.3311 3.33997 -0.308083
25.0406 4.82571 -0.296737
56.2835 10.8467 -0.333476
2.77371 0.544593 -0.297095
2.93674 0.576603 -0.296965
3.1169 0.611975 -0.296531
3.3449 0.656741 -0.298229
3.55032 0.697073 -0.295344
3.87889 0.761585 -0.299537
4.14979 0.814774 -0.295723
4.57814 0.898876 -0.298983
4.96392 0.97462 -0.294636
5.59863 1.09924 -0.299015
6.22133 1.2215 -0.295296
7.23242 1.42002 -0.300326
8.30864 1.63133 -0.295685
10.1677 1.99635 -0.301501
12.4534 2.44512 -0.295392
17.2391 3.38475 -0.306657
24.8886 4.88665 -0.295136
55.931 10.9816 -0.331613
2.78473 0.556867 -0.298483
2.93919 0.587754 -0.297418
3.1338 0.626671 -0.298346
3.32461 0.664826 -0.296625
3.58863 0.717623 -0.298738
3.84339 0.768568 -0.297001
4.18478 0.836836 -0.298423
4.55155 0.91018 -0.297452
5.07368 1.01459 -0.30136
5.56055 1.11195 -0.297186
6.2059 1.241 -0.294768
7.17868 1.43553 -0.298301
8.24453 1.64867 -0.293606
10.1157 2.02284 -0.300164
12.3596 2.47157 -0.29337
17.1263 3.42478 -0.304861
24.7247 4.94423 -0.293396
55.5861 11.1156 -0.329796
2.76352 0.562671 -0.296418
2.96345 0.603378 -0.300084
3.11529 0.634294 -0.296792
3.37549 0.687273 -0.301377
3.5744 0.727773 -0.297763
3.9064 0.795369 -0.302083
4.18313 0.851714 -0.298515
4.52985 0.922308 -0.296243
5.02226 1.02257 -0.298516
5.52649 1.12523 -0.295574
6.30794 1.28434 -0.299826
7.13989 1.45373 -0.296898
8.52313 1.73537 -0.303742
10.0608 2.04844 -0.298746
12.2893 2.50218 -0.291906
17.0145 3.46427 -0.303085
17.4115 3.5451 -0.206759
17.4082 3.54444 -0.103357
17.4349 3.54987 -8.89632e-07
2.79432 0.579116 -0.299937
2.91697 0.604534 -0.29559
3.14306 0.651392 -0.299654
3.32033 0.688131 -0.296665
3.56532 0.738903 -0.297219
3.86097 0.800175 -0.298784
4.15407 0.860921 -0.296654
4.57276 0.947693 -0.299263
4.99747 1.03571 -0.297255
5.51463 1.14289 -0.295152
6.27292 1.30005 -0.298375
7.11187 1.47392 -0.295945
8.46215 1.75376 -0.301785
10 2.07248 -0.297155
12.2242 2.53343 -0.290568
16.9215 3.50694 -0.301644
24.4214 5.06128 -0.29021
54.9119 11.3804 -0.32626
2.77037 0.584252 -0.297583
2.96446 0.625186 -0.300622
3.12327 0.658676 -0.297983
3.3226 0.700716 -0.297085
3.58353 0.755743 -0.298956
3.84489 0.810863 -0.297758
4.22325 0.890655 -0.301815
4.5552 0.960661 -0.298332
4.98644 1.05161 -0.296816
5.60801 1.18269 -0.300369
6.24752 1.31756 -0.297384
7.06622 1.49022 -0.29426
8.42446 1.77666 -0.300661
9.94756 2.09788 -0.295812
12.8634 2.7128 -0.305985
16.8124 3.54563 -0.299919
22.142 4.6696 -0.263314
54.6401 11.5232 -0.324883
2.78349 0.597182 -0.299214
2.91855 0.626159 -0.296186
3.10562 0.666294 -0.29652
3.33274 0.715022 -0.298213
3.57314 0.766598 -0.298311
3.83654 0.82311 -0.297332
4.17391 0.895491 -0.298511
4.5449 0.975084 -0.297879
5.06745 1.08719 -0.301862
5.59204 1.19974 -0.299736
6.21781 1.334 -0.29619
7.24452 1.55427 -0.30191
8.37267 1.79631 -0.299035
9.88356 2.12047 -0.294127
12.7662 2.73892 -0.303899
16.7168 3.58651 -0.298435
22.0945 4.74026 -0.262945
22.162 4.75474 -0.13187
2.76336 0.602969 -0.297275
2.92847 0.638996 -0.297417
3.14704 0.68669 -0.300703
3.31618 0.723595 -0.296955
3.53838 0.77208 -0.295632
3.86888 0.844196 -0.300065
4.1653 0.908875 -0.29812
4.51332 0.984814 -0.296033
5.02949 1.09744 -0.299828
5.53749 1.20829 -0.297037
6.17429 1.34724 -0.294339
7.21246 1.57377 -0.300801
8.32195 1.81586 -0.297447
9.82931 2.14477 -0.292734
12.7124 2.77385 -0.302846
16.6417 3.63124 -0.297318
22.1512 4.83343 -0.263819
54.0102 11.7851 -0.321619
2.76571 0.613612 -0.297757
2.936 0.651392 -0.298411
3.10975 0.689942 -0.297368
3.31236 0.734894 -0.296842
3.59319 0.797199 -0.300442
3.8362 0.851115 -0.297759
4.1241 0.914989 -0.295398
4.57485 1.01499 -0.300299
5.0019 1.10974 -0.298412
5.51335 1.22321 -0.295969
6.31936 1.40204 -0.301487
7.16605 1.58989 -0.299095
8.27273 1.83542 -0.295916
9.76612 2.16675 -0.291076
12.6508 2.80675 -0.301611
16.512 3.66342 -0.295228
23.8799 5.29809 -0.284626
53.6699 11.9074 -0.319838
2.78459 0.628014 -0.300024
2.93459 0.661844 -0.298501
3.10521 0.700323 -0.297165
3.33671 0.752534 -0.299257
3.55462 0.80168 -0.297449
3.81019 0.85932 -0.295972
4.18538 0.943937 -0.300022
4.54268 1.02452 -0.298421
4.97699 1.12247 -0.297158
5.48725 1.23755 -0.294799
6.29153 1.41894 -0.300394
7.13977 1.61025 -0.298231
8.21917 1.85369 -0.29423
10.1764 2.2951 -0.30354
12.5818 2.83759 -0.3002
16.4259 3.70457 -0.293919
23.7548 5.35747 -0.283357
53.4055 12.0446 -0.318511
2.75951 0.632496 -0.297558
2.92307 0.669985 -0.297566
3.13141 0.717738 -0.299911
3.31375 0.759531 -0.297435
3.55389 0.814571 -0.297625
3.85742 0.884142 -0.299878
4.13491 0.947745 -0.29664
4.53482 1.03941 -0.298141
4.94383 1.13315 -0.295413
5.61304 1.28654 -0.301796
6.23729 1.42962 -0.29804
7.0948 1.62617 -0.296589
8.16695 1.87191 -0.292593
8.49576 1.94728 -0.253613
8.50818 1.95013 -0.203166
8.52093 1.95305 -0.152591
23.6151 5.41272 -0.281914
53.0747 12.165 -0.31679
2.74383 0.638999 -0.296106
2.92516 0.681227 -0.298019
3.10968 0.7242 -0.29807
3.29982 0.768481 -0.296423
3.58745 0.835466 -0.300678
3.84993 0.896594 -0.299538
4.14387 0.965048 -0.297523
4.49761 1.04743 -0.295933
5.02627 1.17055 -0.300581
5.56574 1.29618 -0.299495
6.21822 1.44813 -0.297369
7.04756 1.64127 -0.294851
8.42383 1.96179 -0.302039
8.47361 1.97338 -0.253156
8.49555 1.97849 -0.203028
8.48364 1.97572 -0.152046
8.51175 1.98226 -0.101694
8.52023 1.98424 -0.0508962
8.52537 1.98543 -4.37675e-07
2.76544 0.654224 -0.298683
2.92074 0.690962 -0.297812
3.0951 0.732211 -0.296916
3.32974 0.78772 -0.299356
3.57776 0.846394 -0.300112
3.81258 0.901946 -0.296875
4.11272 0.972952 -0.295529
4.56704 1.08043 -0.300748
5.01537 1.18649 -0.300176
5.52605 1.3073 -0.297603
6.19407 1.46534 -0.296457
6.99022 1.65368 -0.292692
8.39866 1.98688 -0.301384
8.47536 2.00503 -0.253416
8.47061 2.0039 -0.202598
8.48962 2.0084 -0.152278
8.50692 2.01249 -0.10172
8.5285 2.0176 -0.0509875
2.75664 0.662318 -0.29798
2.90459 0.697867 -0.296413
3.14532 0.755705 -0.301985
3.31233 0.79583 -0.298039
3.53639 0.849664 -0.296889
3.80249 0.913597 -0.296336
4.16568 1.00086 -0.299583
4.53155 1.08876 -0.29866
4.96361 1.19257 -0.297326
5.50354 1.3223 -0.296637
6.14125 1.47552 -0.294174
7.20808 1.73183 -0.302066
8.36471 2.00973 -0.300416
8.45938 2.03248 -0.253148
8.48576 2.03881 -0.20313
8.52033 2.04712 -0.152956
26.1103 6.27334 -0.312469
52.1459 12.5287 -0.312013
2.77167 0.67618 -0.299859
2.91202 0.710419 -0.297422
3.10356 0.757149 -0.298228
3.31074 0.807691 -0.298148
3.52339 0.859571 -0.296048
3.85022 0.939304 -0.30031
4.16441 1.01595 -0.299745
4.49247 1.09599 -0.296335
4.95944 1.20991 -0.297327
5.47334 1.33528 -0.295259
6.29192 1.53498 -0.301647
7.15498 1.74554 -0.300095
8.34248 2.03524 -0.299871
9.88831 2.41236 -0.29616
12.224 2.98218 -0.292863
15.9719 3.89651 -0.286968
25.9637 6.33413 -0.310978
51.8738 12.6552 -0.310647
2.75066 0.681243 -0.297841
2.90444 0.71933 -0.296904
3.09492 0.766505 -0.297653
3.2775 0.811724 -0.295408
3.5626 0.882333 -0.2996
3.81101 0.943856 -0.297507
4.12865 1.02252 -0.297427
4.48314 1.11032 -0.295974
4.91461 1.21718 -0.294892
5.58883 1.38416 -0.301748
6.2545 1.54902 -0.30011
7.12354 1.76425 -0.299033
8.27999 2.05067 -0.29788
9.84455 2.43815 -0.295102
12.1657 3.01303 -0.291717
17.2263 4.26636 -0.309772
25.822 6.39522 -0.309546
51.6174 12.7838 -0.309377
2.74664 0.690441 -0.297666
2.88872 0.726155 -0.295554
3.12213 0.784828 -0.300531
3.31553 0.833445 -0.299096
3.54198 0.890368 -0.298125
3.8144 0.95885 -0.298031
4.10743 1.03251 -0.296156
4.44617 1.11766 -0.293789
5.01498 1.26064 -0.301177
5.55606 1.39666 -0.300241
6.22941 1.56593 -0.299167
7.09753 1.78415 -0.2982
8.23364 2.06974 -0.296471
9.78257 2.4591 -0.2935
12.0849 3.03786 -0.290032
17.1302 4.30613 -0.308313
25.6825 6.45596 -0.308142
51.267 12.8873 -0.307545
2.74628 0.700557 -0.29789
2.92027 0.744943 -0.299046
3.1025 0.791426 -0.298906
3.28723 0.83855 -0.296806
3.52999 0.900476 -0.297379
3.79527 0.968147 -0.296798
4.09186 1.04381 -0.295294
4.52265 1.1537 -0.299107
4.9759 1.26932 -0.299095
5.52771 1.41008 -0.298973
6.18053 1.57661 -0.297082
7.05144 1.79878 -0.296526
8.17567 2.08556 -0.294644
9.7265 2.48117 -0.292076
12.76 3.25499 -0.306504
17.0299 4.34422 -0.306779
25.526 6.5115 -0.306535
50.9979 13.0092 -0.306202
2.72507 0.705295 -0.295855
2.89868 0.750228 -0.297101
3.09191 0.80024 -0.298154
3.28715 0.85077 -0.297065
3.50549 0.90728 -0.29558
3.82282 0.989413 -0.299222
4.16197 1.07719 -0.300624
4.5231 1.17066 -0.299405
4.96204 1.28426 -0.29853
5.49462 1.4221 -0.29745
6.15766 1.59371 -0.296249
7.00849 1.81392 -0.294985
8.14088 2.107 -0.293654
9.68216 2.50591 -0.291006
12.694 3.28543 -0.305193
16.9383 4.38393 -0.305403
25.3809 6.56902 -0.305067
50.7411 13.1327 -0.304933
2.74813 0.721515 -0.29863
2.89135 0.759119 -0.296621
3.10357 0.814836 -0.299551
3.32365 0.872617 -0.300637
3.5576 0.934039 -0.300247
3.81648 1.00201 -0.298998
4.12727 1.08361 -0.298389
4.51523 1.18546 -0.299156
4.93309 1.29517 -0.297058
5.46559 1.43498 -0.296148
6.12002 1.6068 -0.294706
6.96826 1.8295 -0.293559
8.41682 2.20982 -0.303884
10.1001 2.65175 -0.303843
12.6316 3.3164 -0.303969
16.8405 4.42143 -0.303916
25.2252 6.62282 -0.303472
50.4565 13.2472 -0.303499
2.75078 0.732493 -0.299195
2.91067 0.775068 -0.298878
3.09277 0.82356 -0.298784
3.28082 0.873635 -0.297038
3.52879 0.939665 -0.298091
3.79633 1.01091 -0.297694
4.08092 1.08669 -0.295311
4.48377 1.19396 -0.297346
4.9193 1.30994 -0.296502
5.43887 1.44829 -0.294973
6.08062 1.61918 -0.293079
7.17732 1.91122 -0.302645
8.36987 2.22877 -0.302468
10.0569 2.67801 -0.302825
12.5633 3.34541 -0.302604
16.7442 4.45874 -0.302458
25.0936 6.68205 -0.302167
50.1626 13.3576 -0.30201
2.73287 0.737957 -0.297525
2.91366 0.786775 -0.299466
3.06431 0.827454 -0.296312
3.25423 0.87874 -0.294906
3.50853 0.947408 -0.296658
3.78233 1.02134 -0.296874
4.07822 1.10124 -0.295392
4.44449 1.20014 -0.295018
4.99222 1.34805 -0.301179
5.53301 1.49408 -0.300359
6.2461 1.68663 -0.301337
7.14139 1.92839 -0.301413
8.34332 2.25295 -0.301792
9.98223 2.6955 -0.300857
12.4859 3.37157 -0.301023
16.6698 4.50133 -0.301395
24.9705 6.74277 -0.300966
49.8975 13.4738 -0.300696
2.72797 0.746866 -0.297273
2.86081 0.783235 -0.294313
3.03313 0.830414 -0.293576
3.25334 0.890703 -0.295106
3.54425 0.97035 -0.299963
3.81346 1.04405 -0.299601
4.13092 1.13097 -0.299493
4.53427 1.2414 -0.301263
4.96084 1.35819 -0.29957
5.52133 1.51164 -0.30001
6.20677 1.6993 -0.299724
7.0944 1.94231 -0.299714
8.26536 2.2629 -0.299256
9.95353 2.72509 -0.300278
12.4323 3.40373 -0.300015
16.5672 4.53578 -0.299825
24.829 6.79772 -0.299546
49.6366 13.5896 -0.299408
2.75363 0.764242 -0.300359
2.92376 0.811461 -0.301079
3.08037 0.854927 -0.298436
3.28974 0.913033 -0.298695
3.53585 0.98134 -0.29954
3.79883 1.05433 -0.29874
4.10985 1.14065 -0.298252
4.50633 1.25069 -0.299695
4.93992 1.37102 -0.298594
5.49143 1.52409 -0.298673
6.17386 1.71349 -0.298423
7.0641 1.96057 -0.298721
8.23245 2.28484 -0.298351
9.8691 2.73907 -0.298017
12.3554 3.4291 -0.298445
16.476 4.57275 -0.298462
24.6885 6.85204 -0.298137
49.3515 13.697 -0.297975
2.73944 0.770621 -0.299103
2.89966 0.815691 -0.298889
3.07959 0.866308 -0.298652
3.28197 0.923238 -0.298281
3.51494 0.988774 -0.298059
3.79258 1.06687 -0.298539
4.09956 1.15323 -0.297796
4.47144 1.25784 -0.297665
4.90635 1.38018 -0.296854
5.46429 1.53714 -0.297487
6.13993 1.7272 -0.297072
7.02538 1.97628 -0.297374
8.1884 2.30345 -0.297045
9.80163 2.75726 -0.296269
12.2853 3.45594 -0.297044
16.3905 4.61075 -0.297203
24.5579 6.90828 -0.29685
49.0828 13.8073 -0.296642
2.72379 0.776497 -0.297689
2.87924 0.820812 -0.297078
3.05385 0.870591 -0.296449
3.26405 0.930513 -0.296946
3.50603 0.999496 -0.297598
3.75634 1.07086 -0.29598
4.07579 1.16192 -0.296363
4.43697 1.26489 -0.295663
4.88079 1.39141 -0.2956
5.43515 1.54945 -0.296194
6.10641 1.74081 -0.295743
6.9845 1.99114 -0.295936
8.15632 2.3252 -0.296174
9.76894 2.78492 -0.295573
12.2206 3.48384 -0.295772
16.2909 4.6442 -0.295689
18.1865 5.18459 -0.220051
18.2069 5.19041 -0.110146
18.2317 5.19747 -9.47902e-07
2.71399 0.783965 -0.296915
2.92721 0.845556 -0.302331
3.08669 0.891622 -0.299937
3.29674 0.952296 -0.30022
3.5409 1.02282 -0.300859
3.74176 1.08085 -0.295127
4.06721 1.17486 -0.296036
4.42851 1.27922 -0.295395
4.8679 1.40614 -0.295116
5.41012 1.56277 -0.295125
6.07199 1.75396 -0.294371
6.95 2.00758 -0.29477
8.10281 2.34058 -0.294526
9.73227 2.81127 -0.294759
12.1646 3.51388 -0.294712
16.2146 4.68374 -0.294599
18.2006 5.25744 -0.220443
48.5885 14.0353 -0.29424
2.73549 0.800539 -0.299571
2.87305 0.840794 -0.297038
3.0665 0.897409 -0.298278
3.2861 0.961674 -0.299556
3.51421 1.02843 -0.298894
3.79194 1.10971 -0.299388
4.10685 1.20186 -0.299224
4.51114 1.32018 -0.301213
4.96128 1.45191 -0.301082
5.52707 1.61749 -0.301811
6.04354 1.76864 -0.293289
6.91069 2.0224 -0.2934
8.05548 2.35743 -0.293103
9.67406 2.8311 -0.293294
12.086 3.53695 -0.293104
16.1287 4.72005 -0.293337
24.1922 7.07981 -0.29331
48.3313 14.1441 -0.29298
2.70741 0.802597 -0.296801
2.85694 0.846927 -0.295677
3.05496 0.905629 -0.297461
3.28215 0.972978 -0.299504
3.48702 1.03371 -0.296888
3.75998 1.11463 -0.29717
4.09754 1.2147 -0.298853
4.47275 1.32592 -0.298957
4.9229 1.45937 -0.299061
5.50788 1.63279 -0.301073
6.22835 1.84636 -0.302569
7.11569 2.10941 -0.302415
8.02383 2.37863 -0.292252
9.61952 2.85166 -0.29194
12.0307 3.56643 -0.292063
16.036 4.7538 -0.291951
24.0491 7.12924 -0.291876
48.0602 14.2472 -0.291637
2.69596 0.80946 -0.295854
2.87034 0.861817 -0.297373
3.03384 0.910908 -0.295712
3.23701 0.97191 -0.295692
3.46875 1.04149 -0.29564
3.74182 1.12348 -0.296044
4.074 1.22322 -0.297446
4.45847 1.33865 -0.298313
4.91021 1.47429 -0.298601
5.46213 1.64 -0.298883
6.17243 1.85327 -0.300165
7.06437 2.12107 -0.300547
8.32861 2.50066 -0.303669
9.58053 2.87655 -0.29106
11.951 3.58827 -0.29043
15.931 4.78327 -0.290342
23.9018 7.17649 -0.29039
47.7714 14.3433 -0.290186
2.71529 0.825616 -0.298291
2.90087 0.882042 -0.300853
3.07178 0.934009 -0.299726
3.29104 1.00068 -0.300945
3.46245 1.0528 -0.295415
3.73072 1.13437 -0.295477
4.0395 1.22826 -0.295239
4.4257 1.34568 -0.296433
4.89093 1.48714 -0.297742
5.45113 1.65748 -0.298597
6.13937 1.86675 -0.298873
7.03722 2.13975 -0.299708
8.28114 2.51798 -0.302257
10.0253 3.04831 -0.304895
11.908 3.62076 -0.289692
15.8575 4.82165 -0.289307
23.798 7.23604 -0.289434
47.56 14.4612 -0.289207
2.71817 0.836876 -0.298926
2.88075 0.886931 -0.299087
3.043 0.936885 -0.297237
3.25939 1.00351 -0.298369
3.50431 1.07891 -0.299306
3.77681 1.16281 -0.299447
4.02541 1.23935 -0.294524
4.41028 1.35785 -0.295717
4.86443 1.49767 -0.296446
5.40894 1.66532 -0.296603
6.09454 1.8764 -0.297008
7.02563 2.16306 -0.299534
8.24055 2.53712 -0.301098
9.95553 3.06512 -0.303096
12.6303 3.88863 -0.307592
15.7993 4.86433 -0.288555
23.6609 7.28475 -0.288074
47.3061 14.5647 -0.287971
2.67156 0.832751 -0.294118
2.85913 0.891219 -0.297163
3.03931 0.947385 -0.297197
3.2454 1.01162 -0.297411
3.47898 1.08443 -0.297464
3.77814 1.17768 -0.299877
4.10833 1.28061 -0.300917
4.47808 1.39586 -0.300587
4.82886 1.5052 -0.294596
5.37932 1.67679 -0.295298
6.09085 1.89858 -0.297149
6.97506 2.1742 -0.2977
8.19089 2.55318 -0.299607
9.90658 3.08798 -0.301932
12.5609 3.91537 -0.306234
15.6838 4.88881 -0.286755
23.5219 7.33203 -0.286693
47.0153 14.6552 -0.286511
2.72492 0.859839 -0.300321
2.89095 0.912232 -0.3008
3.03449 0.957524 -0.297051
3.22243 1.01683 -0.29563
3.48919 1.101 -0.298664
3.74554 1.18189 -0.297616
4.07388 1.2855 -0.29872
4.46281 1.40823 -0.299891
4.93085 1.55592 -0.301149
5.33993 1.685 -0.293456
6.05559 1.91082 -0.295753
6.96847 2.19888 -0.297745
8.15427 2.57306 -0.298595
9.8674 3.11363 -0.301068
12.5043 3.94569 -0.305187
15.6219 4.92943 -0.285935
23.4172 7.38924 -0.28573
46.8196 14.7738 -0.285631
2.69333 0.86023 -0.29717
2.86584 0.915329 -0.298518
3.06851 0.98006 -0.300715
3.2575 1.04042 -0.299179
3.44741 1.10108 -0.295415
3.72337 1.18922 -0.296183
4.07203 1.30057 -0.298916
4.43401 1.41619 -0.298286
4.90905 1.56791 -0.30015
5.47384 1.7483 -0.301149
6.02001 1.92275 -0.294341
6.90569 2.20563 -0.29539
8.10089 2.58736 -0.296969
9.8143 3.13461 -0.29978
12.4212 3.96723 -0.303495
16.9388 5.41013 -0.310384
23.3028 7.44273 -0.284649
46.535 14.8629 -0.284209
2.68562 0.868116 -0.296651
2.85358 0.922409 -0.297575
3.04153 0.983162 -0.298405
3.27241 1.0578 -0.300886
3.50908 1.1343 -0.301037
3.70274 1.1969 -0.294872
4.03303 1.30366 -0.296386
4.39951 1.42212 -0.296297
4.89445 1.58211 -0.299593
5.45465 1.7632 -0.300431
6.19278 2.00179 -0.303129
6.86103 2.2178 -0.293809
8.07185 2.6092 -0.296237
9.76452 3.15635 -0.298594
12.3697 3.99845 -0.302576
16.8747 5.45467 -0.309556
23.1908 7.49635 -0.283599
46.3215 14.9733 -0.283223
2.71205 0.887136 -0.299911
2.83056 0.925902 -0.29551
3.02426 0.989262 -0.297048
3.23308 1.05757 -0.297607
3.49141 1.14207 -0.299862
3.77679 1.23542 -0.301111
4.01407 1.31304 -0.295328
4.38366 1.43393 -0.295566
4.84941 1.58628 -0.297174
5.42888 1.77584 -0.299351
6.13586 2.0071 -0.300684
6.82598 2.23284 -0.292641
8.01552 2.62195 -0.294504
9.72343 3.18062 -0.297676
12.2979 4.02274 -0.301162
16.7569 5.48133 -0.307745
23.0528 7.54079 -0.282232
46.0636 15.0678 -0.281967
2.69528 0.892085 -0.2984
2.87376 0.951159 -0.300365
3.01841 0.999033 -0.296814
3.21682 1.06471 -0.296451
3.46726 1.14759 -0.29813
3.75049 1.24134 -0.299358
4.06872 1.34667 -0.299692
4.36916 1.44611 -0.294927
4.81452 1.59351 -0.295375
5.37794 1.77999 -0.296883
6.12181 2.0262 -0.300341
7.06302 2.33772 -0.303151
7.9874 2.64367 -0.293808
9.64604 3.19265 -0.295646
12.2506 4.0547 -0.300348
16.6879 5.52337 -0.306831
22.9367 7.59161 -0.281134
45.8481 15.1748 -0.28097
2.67715 0.896471 -0.296737
2.85079 0.954618 -0.298311
3.05004 1.02134 -0.300274
3.20349 1.07272 -0.295566
3.43366 1.1498 -0.295585
3.71527 1.2441 -0.296892
4.05437 1.35765 -0.298983
4.46775 1.49607 -0.301933
4.80799 1.61001 -0.295318
5.36783 1.79748 -0.29667
6.10807 2.04535 -0.300015
7.00705 2.34639 -0.301099
7.9389 2.65843 -0.292364
9.59124 3.21173 -0.294309
12.1732 4.07634 -0.2988
16.5848 5.55359 -0.305289
22.8107 7.6384 -0.279914
45.6017 15.2702 -0.279785
2.67894 0.907492 -0.297285
2.84364 0.963282 -0.297912
3.036 1.02845 -0.299244
3.23859 1.09707 -0.299156
3.43745 1.16444 -0.296259
3.70747 1.25591 -0.296618
4.03426 1.36661 -0.29785
4.43229 1.50144 -0.299889
4.91024 1.66335 -0.301953
5.34013 1.80897 -0.295487
6.04373 2.04732 -0.297205
6.99077 2.36813 -0.300753
8.25604 2.79674 -0.304401
9.56615 3.24054 -0.293884
12.1173 4.10476 -0.297778
16.5144 5.59427 -0.304352
25.9336 8.785 -0.31861
45.3776 15.3717 -0.278738
2.70329 0.92628 -0.300345
2.82351 0.967473 -0.296156
3.03379 1.03953 -0.299382
3.2278 1.106 -0.298514
3.46133 1.18602 -0.298673
3.68702 1.26336 -0.295333
4.01722 1.3765 -0.296946
4.42592 1.51654 -0.299815
4.89424 1.67701 -0.301328
5.30216 1.81678 -0.293735
6.02883 2.06577 -0.296825
6.95382 2.38272 -0.29952
8.20919 2.81287 -0.303034
9.49228 3.25252 -0.291962
12.0374 4.12461 -0.296166
16.4087 5.62244 -0.302764
25.7868 8.83581 -0.317184
45.1106 15.4571 -0.277428
2.6901 0.932273 -0.299239
2.8565 0.989942 -0.299978
3.00097 1.04001 -0.2965
3.20389 1.11033 -0.29666
3.45613 1.19775 -0.298584
3.74611 1.29824 -0.300427
3.99161 1.38332 -0.295407
4.38877 1.52096 -0.297656
4.85385 1.68214 -0.299201
5.43667 1.88412 -0.301549
5.98541 2.07429 -0.295042
6.91128 2.39515 -0.298046
8.16002 2.82791 -0.301582
9.46659 3.28071 -0.291523
11.9795 4.15158 -0.295096
16.337 5.66171 -0.301804
25.659 8.89232 -0.315993
44.8929 15.558 -0.276422
2.66599 0.934361 -0.296918
2.83454 0.993434 -0.298034
3.04612 1.06759 -0.301328
3.19529 1.11987 -0.296224
3.4413 1.20609 -0.297665
3.72382 1.3051 -0.299003
4.08161 1.4305 -0.302436
4.36213 1.52882 -0.29621
4.83234 1.69361 -0.298238
5.44326 1.90773 -0.302283
5.97525 2.09417 -0.2949
6.88774 2.41398 -0.297392
8.14628 2.85506 -0.301441
9.42758 3.30413 -0.290675
11.9181 4.177 -0.293942
16.2711 5.70262 -0.300953
25.5589 8.95775 -0.315143
44.6777 15.6584 -0.275432
2.65426 0.940675 -0.295976
2.82489 1.00115 -0.297385
3.0247 1.07196 -0.299578
3.2159 1.13972 -0.298502
3.43506 1.21739 -0.297491
3.72227 1.31918 -0.299247
4.04143 1.43229 -0.299828
4.33964 1.53798 -0.295046
4.82188 1.70888 -0.297959
5.36807 1.90245 -0.298474
5.91196 2.09521 -0.292136
6.83262 2.42149 -0.295376
8.08253 2.86446 -0.29945
9.87402 3.49937 -0.304815
11.8475 4.19879 -0.292561
16.1635 5.72838 -0.299331
25.4 9.00182 -0.31357
44.4109 15.7393 -0.274124
2.66836 0.956178 -0.29792
2.79203 1.00049 -0.294291
2.99593 1.07356 -0.297097
3.22968 1.15732 -0.300155
3.39517 1.21662 -0.294402
3.68792 1.32153 -0.296855
4.0323 1.44493 -0.299523
4.42391 1.58526 -0.30115
4.78169 1.71346 -0.295843
5.27056 1.88865 -0.293418
6.11379 2.19081 -0.302485
6.82622 2.4461 -0.295467
8.05327 2.8858 -0.298738
9.83874 3.5256 -0.304104
11.8142 4.2335 -0.292102
16.0816 5.76265 -0.298184
25.2665 9.05397 -0.31231
44.227 15.8483 -0.273329
2.66845 0.966741 -0.298305
2.8401 1.02893 -0.299736
2.99742 1.08592 -0.29762
3.21033 1.16306 -0.298732
3.44899 1.24952 -0.299446
3.66651 1.32832 -0.295503
4.01912 1.45607 -0.29892
4.38089 1.58713 -0.298597
4.77952 1.73155 -0.296082
5.23508 1.89659 -0.29181
6.07142 2.19959 -0.300768
6.76669 2.45147 -0.293259
8.02192 2.90622 -0.29795
9.79613 3.549 -0.303169
11.7348 4.25136 -0.290504
16.0068 5.79901 -0.297171
25.1611 9.11552 -0.3114
43.998 15.9398 -0.272256
2.66297 0.975293 -0.298071
2.81034 1.02926 -0.296972
3.01984 1.10599 -0.300227
3.18675 1.16712 -0.296915
3.44151 1.26043 -0.299177
3.71843 1.36185 -0.300069
3.98756 1.46041 -0.29695
4.38595 1.60632 -0.299322
4.87 1.7836 -0.302071
5.21551 1.91014 -0.291089
5.28317 1.93492 -0.262052
5.28676 1.93623 -0.229413
7.9748 2.92071 -0.296577
9.73265 3.56451 -0.301588
11.6861 4.27994 -0.289666
15.933 5.83533 -0.296178
25.0425 9.17161 -0.310326
43.7855 16.0361 -0.271287
2.64697 0.979933 -0.296662
2.81099 1.04066 -0.297424
3.00376 1.11202 -0.299013
3.16764 1.17269 -0.295515
3.42549 1.26815 -0.298167
3.70481 1.37155 -0.299355
3.96047 1.4662 -0.295313
4.35502 1.61227 -0.297594
4.83968 1.79169 -0.300576
5.20307 1.92623 -0.290769
5.23226 1.93703 -0.259861
5.24364 1.94124 -0.227834
5.24594 1.94209 -0.195344
5.27919 1.95441 -0.163798
5.27889 1.95429 -0.131018
5.28465 1.95643 -0.0983627
24.8991 9.21788 -0.308946
43.5306 16.1154 -0.270054
2.66547 0.99738 -0.299123
2.78947 1.04378 -0.29553
2.98821 1.11815 -0.297852
3.22046 1.20505 -0.300834
3.42349 1.28102 -0.298381
3.69281 1.3818 -0.298774
4.02898 1.50759 -0.300812
4.33602 1.62248 -0.296681
4.81685 1.8024 -0.299548
5.20927 1.94924 -0.291494
5.22869 1.9565 -0.260022
5.24054 1.96094 -0.227996
5.25328 1.96571 -0.195872
5.23602 1.95925 -0.16267
5.25184 1.96516 -0.130516
5.24822 1.96381 -0.0978118
5.26922 1.97167 -0.0654652
5.28842 1.97886 -0.0328509
2.66147 1.0065 -0.299067
2.83384 1.07168 -0.300626
2.99112 1.13116 -0.298534
3.19439 1.20803 -0.29879
3.39548 1.28408 -0.296329
3.67283 1.38897 -0.297548
4.01349 1.5178 -0.30005
4.3311 1.63791 -0.296734
4.80378 1.81666 -0.299128
5.20599 1.96877 -0.291693
5.19904 1.96614 -0.258887
5.22608 1.97637 -0.227666
5.23288 1.97894 -0.195368
5.23821 1.98095 -0.162952
5.25318 1.98662 -0.130721
5.2467 1.98417 -0.097912
5.2477 1.98454 -0.0652835
5.25841 1.98859 -0.0327074
5.27325 1.99421 -2.81887e-07
2.64649 1.01141 -0.297779
2.81995 1.07771 -0.299551
2.95092 1.12776 -0.294914
3.17264 1.21249 -0.29715
3.42496 1.30892 -0.299299
3.64944 1.39471 -0.296046
3.98532 1.52308 -0.29834
4.29989 1.6433 -0.294988
4.76795 1.82218 -0.297291
5.17129 1.97632 -0.290134
5.20209 1.98809 -0.259383
5.2288 1.9983 -0.228087
5.22197 1.99569 -0.195219
5.24473 2.00439 -0.163371
5.25222 2.00725 -0.130871
5.24614 2.00493 -0.0980316
5.2462 2.00495 -0.0653516
5.25865 2.00971 -0.0327523
5.26961 2.0139 -2.82066e-07
2.63106 1.01606 -0.29644
2.78884 1.077 -0.296643
3.00704 1.16126 -0.300926
3.14175 1.21329 -0.294653
3.41958 1.32057 -0.29923
3.64697 1.40839 -0.296242
3.96216 1.53011 -0.297004
4.39432 1.697 -0.301871
4.74018 1.83057 -0.295957
5.18349 2.00176 -0.291209
5.20736 2.01098 -0.259994
5.21904 2.01549 -0.227967
5.21828 2.0152 -0.195343
5.2395 2.02339 -0.163428
5.25674 2.03005 -0.131159
5.25358 2.02883 -0.0983024
22.0297 8.50743 -0.274791
42.6922 16.4869 -0.266256
2.6588 1.03746 -0.299972
2.80689 1.09525 -0.298969
2.98706 1.16555 -0.299332
3.15722 1.23195 -0.296505
3.40968 1.33046 -0.298769
3.69571 1.44207 -0.300609
3.94568 1.53961 -0.29617
4.37504 1.70714 -0.300954
4.72989 1.8456 -0.295715
5.15876 2.01295 -0.290213
5.21914 2.03651 -0.260936
5.24157 2.04526 -0.229262
5.23755 2.0437 -0.196331
9.44874 3.6869 -0.29512
12.1519 4.74166 -0.303608
15.4586 6.03196 -0.289647
24.3078 9.48491 -0.303619
42.4809 16.576 -0.265298
2.65016 1.04478 -0.299408
2.78076 1.09626 -0.296591
2.95008 1.16301 -0.296031
3.18509 1.25566 -0.299532
3.38111 1.33294 -0.296672
3.68368 1.45222 -0.300041
3.93633 1.55182 -0.295873
4.33074 1.70731 -0.298315
4.70214 1.85373 -0.294383
5.18231 2.04303 -0.291937
6.04784 2.38425 -0.302783
6.77245 2.66991 -0.296627
8.03745 3.16861 -0.301699
9.38718 3.70072 -0.293599
12.0783 4.76164 -0.302184
15.3952 6.06928 -0.288855
24.1409 9.5171 -0.301948
42.2295 16.6482 -0.26409
2.62014 1.04353 -0.296426
2.80787 1.1183 -0.299898
2.92819 1.16622 -0.294241
3.19054 1.27071 -0.300461
3.3695 1.34198 -0.296062
3.65343 1.45506 -0.297989
3.90469 1.55513 -0.293902
4.28925 1.70829 -0.295866
4.79766 1.91078 -0.300779
5.19973 2.07091 -0.293325
6.0255 2.39979 -0.302082
6.73202 2.68118 -0.295265
8.01751 3.19316 -0.301367
9.34711 3.7227 -0.292751
12.0201 4.78726 -0.301144
15.2927 6.09067 -0.287328
24.0284 9.56986 -0.300957
42.0232 16.7367 -0.263164
2.62717 1.05698 -0.297637
2.79159 1.12313 -0.298576
2.93783 1.18197 -0.295624
3.17007 1.2754 -0.298951
3.39585 1.36624 -0.298795
3.63056 1.46067 -0.296538
4.00711 1.61217 -0.302033
4.29123 1.72647 -0.296417
4.80822 1.93447 -0.301863
5.24078 2.1085 -0.296054
5.98227 2.40682 -0.300334
6.6884 2.69092 -0.293762
7.96581 3.20485 -0.299842
9.31334 3.74699 -0.292101
11.9541 4.80943 -0.299909
15.2031 6.11658 -0.286044
23.9019 9.61636 -0.299792
41.8101 16.8213 -0.262195
2.6515 1.07754 -0.300819
2.78903 1.13343 -0.298724
2.97386 1.20855 -0.299672
3.13979 1.27598 -0.296513
3.39398 1.37928 -0.299053
3.62566 1.47343 -0.296557
3.96379 1.61085 -0.29919
4.2633 1.73256 -0.294904
4.76128 1.93494 -0.299338
5.18544 2.10731 -0.293342
5.9436 2.41542 -0.298815
6.67514 2.71271 -0.293594
7.92578 3.22096 -0.298757
9.2612 3.76366 -0.290877
11.9025 4.83707 -0.299038
15.1522 6.15772 -0.285491
23.7854 9.66615 -0.298751
41.6298 16.9179 -0.261433
2.61963 1.07527 -0.297627
2.76769 1.13604 -0.296861
2.98014 1.22325 -0.300733
3.10783 1.27566 -0.293914
3.37814 1.38661 -0.298082
3.59288 1.47476 -0.294296
3.94875 1.62083 -0.29848
4.24658 1.74308 -0.294167
4.73754 1.9446 -0.298272
5.17667 2.12485 -0.293264
5.91644 2.4285 -0.297874
6.62517 2.71941 -0.291812
7.90146 3.24328 -0.298266
9.20771 3.77945 -0.289609
11.8312 4.85631 -0.297671
15.0789 6.18938 -0.284515
23.6735 9.71716 -0.297771
41.4031 16.9946 -0.260381
2.62289 1.08733 -0.298427
2.74562 1.13821 -0.294919
2.95222 1.22386 -0.298346
3.16826 1.31342 -0.300062
3.35505 1.39085 -0.296471
3.67516 1.52355 -0.301469
3.93248 1.63022 -0.297679
4.33106 1.79546 -0.300451
4.7033 1.94977 -0.296543
5.31799 2.20459 -0.301704
5.90029 2.44599 -0.297489
6.87393 2.84961 -0.303206
7.8477 3.25329 -0.296664
9.70078 4.02149 -0.305558
11.7946 4.8895 -0.297178
16.4927 6.83711 -0.311639
23.5605 9.76711 -0.296777
54.924 22.7689 -0.345911
2.60839 1.09201 -0.29721
2.78879 1.16754 -0.299992
2.93692 1.22955 -0.297231
3.15447 1.32063 -0.299191
3.35305 1.40377 -0.296726
3.65612 1.53065 -0.300344
3.90271 1.63388 -0.295856
4.31859 1.80799 -0.300023
4.69634 1.96614 -0.296535
5.30864 2.22248 -0.301612
5.85984 2.45324 -0.29588
6.83364 2.86093 -0.301868
7.80687 3.26837 -0.29555
9.6425 4.03686 -0.304165
11.7127 4.90357 -0.295545
16.4034 6.86736 -0.310404
23.4334 9.81046 -0.295605
54.6261 22.8694 -0.344536
2.58329 1.09213 -0.294783
2.78767 1.17853 -0.300312
2.91105 1.23069 -0.295046
3.13788 1.32658 -0.298055
3.36 1.42049 -0.297779
3.62413 1.53216 -0.298154
3.89573 1.64698 -0.295761
4.30856 1.82151 -0.299766
4.67333 1.97572 -0.295516
5.26382 2.22536 -0.299506
5.83995 2.46893 -0.29531
6.80263 2.87591 -0.30094
7.78939 3.29308 -0.295322
9.62224 4.06794 -0.303972
11.6919 4.94293 -0.295454
16.3418 6.90874 -0.309693
23.35 9.87158 -0.294987
54.4418 23.0161 -0.343879
2.6115 1.11482 -0.298444
2.75781 1.17728 -0.297537
2.96544 1.26591 -0.301006
3.1241 1.33364 -0.297187
3.38762 1.44614 -0.300672
3.62184 1.54612 -0.298408
3.87117 1.65256 -0.294333
4.27267 1.82395 -0.29771
4.63943 1.98052 -0.293808
5.2416 2.23758 -0.298684
5.80036 2.47611 -0.293743
6.76958 2.88985 -0.299922
7.74881 3.30788 -0.29422
9.5726 4.08643 -0.302853
11.613 4.95746 -0.293895
16.2628 6.94241 -0.308653
23.2252 9.91456 -0.293846
54.148 23.1151 -0.342531
2.60967 1.12483 -0.298682
2.74635 1.18374 -0.296745
2.95291 1.27278 -0.300183
3.12617 1.34746 -0.297829
3.37185 1.45335 -0.299722
3.5919 1.5482 -0.296385
3.94777 1.70158 -0.300607
4.26554 1.83855 -0.297659
4.75728 2.0505 -0.301723
5.22381 2.25159 -0.298117
5.77327 2.48842 -0.29281
6.73016 2.90086 -0.298623
7.70324 3.32029 -0.292928
9.51508 4.10123 -0.301484
11.5576 4.98161 -0.292932
16.1901 6.97835 -0.307735
23.1077 9.95999 -0.292798
53.8937 23.2295 -0.341434
2.58789 1.12618 -0.296638
2.76457 1.20306 -0.299166
2.92847 1.27439 -0.298149
3.09844 1.34836 -0.295634
3.34621 1.45618 -0.297893
3.57615 1.55625 -0.295533
3.93741 1.71345 -0.300272
4.23458 1.84277 -0.295946
4.74194 2.06357 -0.301206
5.19466 2.26058 -0.296902
5.97434 2.59987 -0.303466
6.70899 2.91957 -0.298134
7.68374 3.34376 -0.292629
9.47797 4.12456 -0.300763
11.5115 5.00948 -0.292204
16.099 7.00585 -0.306466
22.9987 10.0084 -0.291858
53.6247 23.336 -0.340244
2.58601 1.13612 -0.296876
2.77132 1.21754 -0.300355
2.91108 1.27894 -0.296832
3.14832 1.38316 -0.300853
3.32897 1.46253 -0.296811
3.57014 1.56849 -0.295487
3.90148 1.71405 -0.297987
4.21966 1.85384 -0.295354
4.71715 2.0724 -0.300089
5.16798 2.27047 -0.295829
5.95227 2.61503 -0.302807
6.66732 2.92918 -0.296736
7.62489 3.34987 -0.290832
9.41594 4.13674 -0.299252
11.4424 5.02703 -0.290894
16.0165 7.03657 -0.30536
18.058 7.93348 -0.229509
18.0764 7.94156 -0.114868
18.0869 7.94618 -9.87772e-07
2.56509 1.13764 -0.294928
2.74658 1.21813 -0.298133
2.89481 1.28387 -0.295629
3.13456 1.3902 -0.3
3.31986 1.47238 -0.296455
3.61541 1.60347 -0.299696
3.87677 1.71938 -0.296557
4.20952 1.86696 -0.295099
4.69099 2.08049 -0.298886
5.15358 2.28565 -0.29546
5.90319 2.61811 -0.300774
6.63369 2.9421 -0.295695
7.97066 3.53505 -0.304489
9.37304 4.15702 -0.298348
11.3683 5.04195 -0.289458
15.9368 7.06811 -0.304311
22.779 10.1027 -0.289958
53.0796 23.5412 -0.33782
2.60758 1.1674 -0.300281
2.72107 1.21821 -0.295824
2.93232 1.31278 -0.299925
3.11135 1.39294 -0.298243
3.32055 1.4866 -0.296979
3.62109 1.62114 -0.300633
3.86673 1.73112 -0.29625
4.28567 1.91867 -0.300906
4.6651 2.08854 -0.297699
5.12963 2.29651 -0.294545
5.88588 2.63508 -0.300359
6.61541 2.96169 -0.295339
7.92857 3.54958 -0.303353
9.32659 4.17547 -0.297332
11.3273 5.07118 -0.288863
15.8567 7.09897 -0.303253
22.662 10.1456 -0.288918
52.8102 23.6428 -0.336629
2.58136 1.1665 -0.297729
2.72068 1.22946 -0.296246
2.91927 1.3192 -0.29906
3.10312 1.40228 -0.297921
3.36089 1.51877 -0.30106
3.58615 1.62056 -0.298201
3.87622 1.75164 -0.297443
4.28134 1.93472 -0.301075
4.65287 2.10261 -0.297385
5.26598 2.37967 -0.30285
5.84523 2.64143 -0.298754
6.58116 2.97399 -0.294272
7.8994 3.5697 -0.302712
9.29444 4.20011 -0.296773
11.2791 5.09697 -0.288086
15.7859 7.13355 -0.302373
22.5629 10.196 -0.288107
52.581 23.7611 -0.335696
2.58161 1.17749 -0.29823
2.71371 1.23774 -0.295956
2.92044 1.33204 -0.299655
3.06785 1.39927 -0.295004
3.34142 1.52405 -0.29979
3.57324 1.62978 -0.297599
3.84355 1.75307 -0.295404
4.25623 1.9413 -0.299783
4.63461 2.11388 -0.296688
5.23634 2.38834 -0.301623
5.81921 2.65419 -0.297896
6.53955 2.98274 -0.292876
7.86621 3.58784 -0.301919
9.24221 4.21545 -0.295574
12.096 5.51709 -0.309441
15.7207 7.17032 -0.301602
22.4411 10.2356 -0.287007
52.3323 23.8692 -0.334638
2.57362 1.18473 -0.297784
2.74326 1.26282 -0.299659
2.89159 1.3311 -0.29717
3.08888 1.42192 -0.297501
3.3366 1.53595 -0.299838
3.56923 1.64304 -0.297742
3.9259 1.80723 -0.302217
4.2284 1.94648 -0.298301
4.6125 2.12329 -0.295746
5.22373 2.40467 -0.301379
5.79439 2.66736 -0.297101
6.50693 2.99537 -0.291881
7.80229 3.59166 -0.299945
9.20456 4.23718 -0.294841
12.0286 5.5372 -0.308211
15.6335 7.19663 -0.300409
22.3295 10.2791 -0.286038
52.0558 23.9631 -0.333403
2.54981 1.18458 -0.295506
2.72036 1.26381 -0.297638
2.88357 1.33963 -0.296825
3.10758 1.4437 -0.299786
3.3184 1.54164 -0.298684
3.54272 1.64586 -0.296008
3.88882 1.80665 -0.299847
4.20147 1.9519 -0.29688
4.57785 2.12676 -0.293999
5.19881 2.41524 -0.300426
5.76951 2.68037 -0.296303
6.75058 3.13615 -0.303301
7.77412 3.61167 -0.299346
9.15194 4.25176 -0.293629
11.9597 5.55618 -0.30694
15.5541 7.22603 -0.299367
22.225 10.3252 -0.285159
51.7923 24.0614 -0.332252
2.59032 1.21442 -0.30069
2.71895 1.27472 -0.297969
2.87121 1.34611 -0.296035
3.09126 1.44927 -0.298698
3.30188 1.54802 -0.297682
3.51116 1.64613 -0.293849
3.85219 1.80602 -0.297507
4.18687 1.96293 -0.296331
4.68884 2.19827 -0.301618
5.15269 2.41573 -0.298246
5.73942 2.69081 -0.295239
6.74022 3.16001 -0.303329
7.74052 3.62898 -0.298538
9.113 4.27244 -0.292857
11.9248 5.5907 -0.306543
15.5044 7.26893 -0.298898
22.1273 10.3739 -0.284369
51.5796 24.182 -0.331427
2.56754 1.2147 -0.298536
2.71982 1.28674 -0.298555
2.8935 1.36891 -0.298825
3.09269 1.46314 -0.299328
3.29487 1.5588 -0.29754
3.58884 1.69787 -0.300845
3.85826 1.82533 -0.298466
4.15465 1.96555 -0.294535
4.665 2.207 -0.300579
5.14821 2.43561 -0.298478
5.71912 2.7057 -0.294679
6.69778 3.1687 -0.301916
7.70897 3.64709 -0.297811
9.05928 4.28592 -0.29161
11.8558 5.60895 -0.305272
15.4112 7.291 -0.297591
22.0149 10.4152 -0.28339
51.3394 24.2886 -0.330427
2.56038 1.22227 -0.298198
2.70756 1.29253 -0.297703
2.89984 1.38432 -0.299977
3.06609 1.46369 -0.297247
3.26117 1.55682 -0.294986
3.5635 1.70114 -0.299217
3.83639 1.83142 -0.297268
4.15048 1.98135 -0.294728
4.62723 2.20895 -0.298641
5.10913 2.43899 -0.296704
5.68397 2.71341 -0.293354
6.6749 3.18646 -0.301384
7.67372 3.66328 -0.296942
9.02294 4.30737 -0.290923
11.7935 5.62997 -0.304172
15.337 7.32156 -0.296649
21.9102 10.4595 -0.28251
51.0502 24.3703 -0.329112
2.54463 1.22569 -0.296861
2.72789 1.31396 -0.300441
2.86797 1.38143 -0.297177
3.05048 1.46934 -0.296229
3.31087 1.59477 -0.299983
3.54903 1.70948 -0.298501
3.82968 1.84466 -0.297245
4.24946 2.04686 -0.302263
4.60793 2.21953 -0.297893
5.09132 2.45237 -0.296166
5.87557 2.83012 -0.303751
6.63821 3.19747 -0.30023
7.62443 3.67251 -0.295529
8.952 4.31196 -0.28912
11.7372 5.65355 -0.303228
15.2496 7.34536 -0.295453
21.7755 10.4887 -0.281244
50.7972 24.4678 -0.328029
2.51734 1.2234 -0.294175
2.71596 1.31992 -0.299633
2.85569 1.38783 -0.296406
3.03576 1.47534 -0.295299
3.31316 1.61015 -0.300699
3.52648 1.71382 -0.297107
3.8011 1.84728 -0.295526
4.22398 2.0528 -0.300959
4.59233 2.23181 -0.297387
5.07694 2.46733 -0.295829
5.86181 2.84876 -0.303553
6.60204 3.20851 -0.299099
7.58527 3.68634 -0.294508
9.48491 4.60954 -0.306849
11.7141 5.6929 -0.303142
15.1997 7.38685 -0.294985
21.7013 10.5465 -0.28076
50.5901 24.5861 -0.327244
2.56156 1.25597 -0.299853
2.7229 1.33507 -0.300912
2.84828 1.39655 -0.296141
3.0777 1.50903 -0.299889
3.2819 1.60916 -0.298369
3.52402 1.72787 -0.297406
3.7788 1.8528 -0.294294
4.2112 2.06481 -0.30056
4.57964 2.24545 -0.297071
5.04652 2.47437 -0.294558
5.8151 2.85122 -0.301648
6.57665 3.22462 -0.298458
7.56527 3.70935 -0.294233
9.44203 4.62955 -0.305983
11.6149 5.69491 -0.301087
15.1289 7.4179 -0.294113
21.6048 10.5931 -0.279988
50.3383 24.6815 -0.326172
2.54143 1.25713 -0.298008
2.69939 1.33526 -0.298828
2.845 1.40729 -0.296309
3.06427 1.51575 -0.299095
3.27728 1.62112 -0.298462
3.49441 1.72852 -0.295415
3.86539 1.91203 -0.301556
4.18929 2.07225 -0.299511
4.55724 2.25425 -0.296127
5.00336 2.47493 -0.292542
5.78049 2.85934 -0.300369
6.54597 3.23798 -0.297577
7.53204 3.72575 -0.293445
9.41827 4.65878 -0.305739
11.5771 5.72666 -0.300626
15.0508 7.44495 -0.293098
21.4818 10.626 -0.278874
50.1402 24.802 -0.325447
2.52766 1.26132 -0.296909
2.675 1.33485 -0.296641
2.88445 1.43937 -0.30094
3.052 1.52297 -0.298414
3.24431 1.61894 -0.295973
3.49389 1.74348 -0.295884
3.82428 1.90835 -0.298867
4.15332 2.07254 -0.297455
4.51811 2.25458 -0.294095
5.17627 2.58301 -0.303178
5.77058 2.87957 -0.300375
6.50909 3.24809 -0.296414
7.49793 3.74153 -0.292624
9.35457 4.66801 -0.304198
11.5185 5.74782 -0.299622
14.9728 7.47154 -0.292084
21.3944 10.676 -0.278222
49.8676 24.8844 -0.32424
2.53552 1.27633 -0.298354
2.65785 1.3379 -0.295256
2.85951 1.43942 -0.298861
3.02966 1.52507 -0.296749
3.24229 1.6321 -0.296307
3.56585 1.79498 -0.302508
3.81206 1.91891 -0.298434
4.14261 2.0853 -0.297208
4.52128 2.27592 -0.294817
5.13801 2.58637 -0.301464
5.7316 2.88517 -0.298868
6.4945 3.2692 -0.296268
7.4389 3.74459 -0.290828
9.31119 4.68706 -0.303318
11.4564 5.76693 -0.298531
14.8898 7.4952 -0.290974
21.2664 10.705 -0.277041
49.6091 24.9722 -0.323125
2.51086 1.27493 -0.295974
2.70032 1.37113 -0.300504
2.84777 1.446 -0.29816
3.03338 1.54025 -0.297639
3.21931 1.63465 -0.294727
3.51624 1.78543 -0.298826
3.79626 1.92761 -0.297722
4.12343 2.09373 -0.296355
4.49233 2.28105 -0.293447
5.1119 2.59565 -0.300462
5.71056 2.89963 -0.298298
6.44322 3.27165 -0.294448
7.4221 3.76869 -0.290685
9.27825 4.71117 -0.30278
11.4197 5.79851 -0.298098
14.8205 7.52532 -0.290132
24.7179 12.5509 -0.322574
49.4183 25.0929 -0.322451
2.51012 1.2856 -0.296414
2.66333 1.36407 -0.296916
2.83971 1.4544 -0.297846
3.01136 1.54232 -0.296005
3.28234 1.68111 -0.301033
3.50797 1.79667 -0.298655
3.78831 1.94025 -0.297628
4.09692 2.09831 -0.294975
4.60609 2.35909 -0.301415
5.0863 2.60503 -0.29949
5.68463 2.91148 -0.297473
6.41184 3.28393 -0.293537
7.76926 3.97916 -0.304824
9.22123 4.72281 -0.301455
11.3504 5.81331 -0.296819
14.7691 7.56424 -0.289642
24.5765 12.5873 -0.321302
49.1468 25.1714 -0.321251
2.52677 1.30529 -0.298918
2.66378 1.37607 -0.2975
2.8308 1.46235 -0.297446
3.00084 1.55019 -0.295502
3.26818 1.68829 -0.300274
3.4999 1.80799 -0.298503
3.7635 1.94417 -0.296211
4.09122 2.11346 -0.295094
4.59672 2.3746 -0.301342
5.0598 2.61382 -0.298466
5.64574 2.9165 -0.295969
6.39111 3.30155 -0.293114
7.7312 3.99382 -0.303876
9.19242 4.74867 -0.301054
11.3068 5.84091 -0.29621
14.6847 7.58589 -0.288505
24.5013 12.657 -0.320894
48.968 25.2961 -0.320658
2.53203 1.31923 -0.300082
2.66626 1.38917 -0.298318
2.8266 1.47271 -0.297543
3.04492 1.58646 -0.300387
3.25736 1.69714 -0.299822
3.48417 1.81532 -0.297701
3.74611 1.95179 -0.295377
4.17095 2.17314 -0.301391
4.56843 2.38024 -0.300031
5.03861 2.62521 -0.297755
5.64043 2.93877 -0.296227
6.36257 3.31501 -0.292334
7.69524 4.00936 -0.303011
9.14547 4.76495 -0.300059
11.2319 5.852 -0.294781
14.5981 7.60588 -0.287324
21.8053 11.361 -0.286102
48.6881 25.3674 -0.319403
2.49452 1.31079 -0.296179
2.64548 1.39012 -0.296535
2.79672 1.46959 -0.294936
3.02933 1.59182 -0.299396
3.2305 1.69753 -0.297894
3.45328 1.81459 -0.295601
3.74546 1.96812 -0.295866
4.14803 2.17966 -0.300283
4.55114 2.39148 -0.299442
5.0297 2.64295 -0.297772
5.60532 2.94541 -0.294922
6.61757 3.47732 -0.304607
7.67685 4.03394 -0.30284
9.11558 4.78994 -0.299626
11.1943 5.88226 -0.294333
14.551 7.64608 -0.28692
21.7408 11.4241 -0.285778
21.768 11.4384 -0.143064
21.7893 11.4496 -1.23072e-06
2.50161 1.32569 -0.297568
2.62538 1.39128 -0.294825
2.84528 1.50781 -0.300611
3.02781 1.60454 -0.299797
3.20715 1.69958 -0.296286
3.44335 1.82475 -0.295295
3.79794 2.01266 -0.300566
4.13562 2.1916 -0.299936
4.5303 2.40076 -0.298621
5.00256 2.65103 -0.296712
5.56521 2.94919 -0.293351
6.58107 3.48753 -0.303486
7.64203 4.04977 -0.302023
9.05641 4.7993 -0.29823
11.1419 5.90447 -0.293495
14.468 7.66706 -0.285809
24.136 12.7905 -0.317847
48.2315 25.5595 -0.317572
2.48262 1.32675 -0.295859
2.67262 1.42829 -0.300688
2.83211 1.51352 -0.299776
3.00985 1.60851 -0.298573
3.20324 1.71186 -0.296476
3.432 1.83412 -0.29487
3.79496 2.02809 -0.300888
4.12089 2.20227 -0.299424
4.5035 2.40675 -0.297407
4.95656 2.64886 -0.29453
5.54163 2.96154 -0.292652
6.55594 3.5036 -0.302889
7.59389 4.0583 -0.300679
8.99705 4.80817 -0.296827
11.1015 5.9328 -0.292974
14.4137 7.70289 -0.285266
24.0196 12.8365 -0.316903
48.0273 25.6666 -0.316816
2.47479 1.3337 -0.295479
2.66445 1.43591 -0.300331
2.81472 1.51689 -0.298494
2.98554 1.60896 -0.296718
3.18674 1.71739 -0.295503
3.50853 1.8908 -0.302011
3.76574 2.02942 -0.299132
4.10399 2.2117 -0.298756
4.48625 2.41771 -0.296824
4.94609 2.66553 -0.29446
5.74507 3.09611 -0.303965
6.52042 3.51395 -0.301813
7.55157 4.06966 -0.299564
8.96056 4.82899 -0.296178
11.0424 5.95095 -0.291964
14.3464 7.7315 -0.284468
23.8983 12.8792 -0.315895
47.7805 25.7497 -0.315779
2.51895 1.36888 -0.301321
2.63562 1.43228 -0.297643
2.80307 1.52328 -0.297822
2.97389 1.6161 -0.296118
3.17309 1.72436 -0.294793
3.49167 1.89748 -0.301128
3.75186 2.03888 -0.298593
4.0807 2.21758 -0.297623
4.46213 2.42486 -0.295786
4.92436 2.67605 -0.293721
5.71956 3.10819 -0.303188
6.50043 3.53254 -0.301457
7.51952 4.08635 -0.298857
8.91574 4.8451 -0.295254
10.9806 5.96721 -0.290878
14.2726 7.75621 -0.283541
23.8035 12.9356 -0.315237
47.561 25.8462 -0.314924
2.48553 1.36199 -0.297891
2.63393 1.4433 -0.298021
2.77494 1.52057 -0.295395
2.96191 1.62303 -0.295489
3.22481 1.76708 -0.30017
3.45458 1.89299 -0.298497
3.73788 2.04823 -0.298048
4.0562 2.22266 -0.296401
4.43695 2.43129 -0.294678
4.90934 2.69015 -0.293384
5.68452 3.11492 -0.301905
6.46229 3.54111 -0.300261
7.49104 4.10483 -0.298293
8.8857 4.86906 -0.294821
10.9328 5.99082 -0.290165
15.7786 8.64611 -0.314056
23.6682 12.9693 -0.314043
47.316 25.9275 -0.313899
2.47066 1.36508 -0.296678
2.62895 1.45254 -0.298029
2.77534 1.53342 -0.296007
2.99837 1.65665 -0.299701
3.20783 1.77238 -0.299164
3.44905 1.90565 -0.298593
3.72259 2.05679 -0.2974
4.03212 2.22781 -0.295208
4.44076 2.45359 -0.295499
5.04693 2.78851 -0.302186
5.64442 3.11864 -0.300353
6.44162 3.5591 -0.299876
7.44318 4.11248 -0.296958
8.8407 4.88463 -0.293892
10.885 6.01415 -0.289452
15.7289 8.69048 -0.31367
23.588 13.0328 -0.313581
47.1443 26.048 -0.313361
2.46673 1.37418 -0.29678
2.60774 1.45273 -0.296198
2.75329 1.53381 -0.294224
2.98551 1.66318 -0.298995
3.20552 1.78575 -0.299528
3.44157 1.91725 -0.298524
3.6965 2.05926 -0.295889
4.02616 2.24291 -0.295343
4.40016 2.45126 -0.293365
5.01468 2.7936 -0.300838
5.62367 3.13286 -0.299829
6.41585 3.57417 -0.299256
7.39836 4.12152 -0.295742
8.80372 4.90442 -0.29323
10.8321 6.0344 -0.288603
15.6333 8.70908 -0.312368
23.4359 13.0558 -0.312164
46.8725 26.112 -0.312159
2.46171 1.38267 -0.296756
2.59334 1.4566 -0.295138
2.79846 1.57181 -0.299636
2.98729 1.67787 -0.299759
3.18323 1.78793 -0.298027
3.40625 1.91319 -0.296038
3.67876 2.06625 -0.295045
4.00059 2.24702 -0.294042
4.53502 2.54719 -0.302948
5.01032 2.81415 -0.301165
5.60319 3.14715 -0.299321
6.37827 3.58249 -0.298085
7.37112 4.14015 -0.29523
8.75449 4.91714 -0.292161
10.7868 6.05865 -0.287959
15.5785 8.74998 -0.311882
23.3496 13.1148 -0.311623
46.6772 26.2172 -0.311467
2.45108 1.38799 -0.296057
2.6297 1.48913 -0.299866
2.78679 1.57809 -0.298976
2.96552 1.6793 -0.29816
3.16174 1.79042 -0.296599
3.40255 1.92678 -0.296299
3.6648 2.07528 -0.294504
4.11579 2.33067 -0.303106
4.50853 2.55307 -0.301773
5.0011 2.832 -0.301203
5.57164 3.15508 -0.298223
6.3342 3.5869 -0.296609
7.35087 4.16262 -0.294999
8.73255 4.94503 -0.292003
10.7353 6.07912 -0.287148
15.5166 8.7867 -0.311256
23.2564 13.1695 -0.310991
46.4879 26.3249 -0.310815
2.48579 1.41913 -0.300847
2.61626 1.49362 -0.298928
2.77327 1.58325 -0.298116
2.95332 1.68604 -0.297525
3.15719 1.80243 -0.296761
3.39778 1.93978 -0.296472
3.62598 2.07007 -0.291964
4.06775 2.32227 -0.300163
4.47495 2.55474 -0.30012
4.96184 2.83271 -0.299433
5.56571 3.17745 -0.298498
6.31561 3.60557 -0.296327
7.30357 4.1696 -0.293684
8.67537 4.95275 -0.290668
11.5683 6.60431 -0.310045
15.4298 8.80882 -0.310129
23.1159 13.1968 -0.309726
46.2205 26.3872 -0.309642
2.46877 1.42087 -0.299385
2.60817 1.5011 -0.2986
2.74802 1.58159 -0.295994
2.9469 1.69606 -0.297473
3.14322 1.80905 -0.296041
3.37506 1.94248 -0.295081
3.74587 2.15589 -0.302222
4.06246 2.3381 -0.300373
4.46753 2.57124 -0.300223
4.93325 2.83928 -0.298304
5.51986 3.17689 -0.296632
6.28749 3.6187 -0.295598
7.27654 4.18793 -0.293183
8.64051 4.97295 -0.290081
11.515 6.62736 -0.309237
15.3449 8.8316 -0.309042
23.0199 13.2488 -0.309059
46.0126 26.482 -0.308867
2.47785 1.43764 -0.301093
2.60401 1.51084 -0.298726
2.75696 1.59958 -0.297557
2.9346 1.70265 -0.29683
3.11808 1.80911 -0.294266
3.43335 1.99203 -0.300783
3.72508 2.16129 -0.301153
4.0497 2.34963 -0.300035
4.44141 2.5769 -0.299071
4.89429 2.83966 -0.296546
5.527 3.20676 -0.297616
6.24433 3.62295 -0.294162
7.24831 4.20546 -0.292636
8.59251 4.98536 -0.289052
11.4632 6.65091 -0.308465
15.2881 8.87013 -0.308519
22.914 13.2947 -0.308259
45.8261 26.5882 -0.308237
2.43543 1.42443 -0.296543
2.57869 1.50822 -0.296425
2.74393 1.60486 -0.296754
2.92842 1.71277 -0.296808
3.1822 1.8612 -0.300929
3.40337 1.99056 -0.298764
3.70112 2.1647 -0.299825
4.02835 2.35609 -0.299061
4.40372 2.57564 -0.297137
4.89515 2.86306 -0.297203
5.465 3.19636 -0.294877
6.22234 3.63931 -0.293724
7.20711 4.21528 -0.291565
9.12016 5.33417 -0.307427
11.4054 6.67076 -0.307536
15.2081 8.8949 -0.307531
22.8124 13.3425 -0.307517
45.5765 26.6567 -0.307182
2.44062 1.43893 -0.297784
2.55686 1.50746 -0.294518
2.72279 1.60529 -0.295072
2.94068 1.73375 -0.298662
3.17958 1.8746 -0.301299
3.39979 2.00443 -0.299063
3.69469 2.1783 -0.299919
4.0114 2.36502 -0.298414
4.39179 2.58929 -0.296941
4.84544 2.85675 -0.294788
5.45691 3.21726 -0.295045
6.19058 3.64981 -0.292824
7.17001 4.22726 -0.29066
9.09211 5.36048 -0.307111
11.3418 6.68685 -0.30645
15.1481 8.93095 -0.306946
22.6949 13.3804 -0.306561
45.3934 26.7628 -0.306577
2.42086 1.4387 -0.295984
2.55309 1.51728 -0.294693
2.77482 1.64906 -0.301334
2.9481 1.75204 -0.300036
3.14129 1.86685 -0.298287
3.39942 2.02025 -0.299649
3.65267 2.17076 -0.297121
4.00071 2.37759 -0.298235
4.3796 2.60276 -0.296729
4.83277 2.87208 -0.294626
5.43211 3.22826 -0.294312
6.16899 3.66619 -0.292407
7.55172 4.48793 -0.306768
9.0389 5.37175 -0.305946
11.311 6.72203 -0.306249
15.0669 8.95416 -0.305933
22.6071 13.4352 -0.306007
26.9469 16.0144 -0.18237
2.42089 1.45018 -0.296606
2.59042 1.55174 -0.299626
2.75349 1.64942 -0.29964
2.93272 1.75678 -0.299093
3.14291 1.88269 -0.299063
3.36585 2.01624 -0.297309
3.66304 2.19427 -0.298587
3.95654 2.37008 -0.295558
4.34933 2.60538 -0.295294
4.83096 2.89389 -0.295131
5.40371 3.23698 -0.293384
6.12876 3.67131 -0.291107
7.50162 4.49369 -0.305368
8.99642 5.38912 -0.305143
11.2553 6.74227 -0.305378
14.992 8.98067 -0.305048
22.1832 13.2884 -0.300895
22.2498 13.3283 -0.150895
22.2889 13.3517 -1.2991e-06
2.43551 1.47053 -0.299025
2.58885 1.56311 -0.300074
2.75863 1.66562 -0.300832
2.9224 1.7645 -0.298668
3.12289 1.88556 -0.297783
3.36495 2.03171 -0.297855
3.62459 2.18848 -0.296074
3.94865 2.38414 -0.295589
4.33017 2.6145 -0.294611
4.80285 2.89989 -0.29403
5.38571 3.25182 -0.293022
6.4027 3.86586 -0.304758
7.47119 4.511 -0.304769
8.96404 5.41236 -0.304684
11.1886 6.75555 -0.304207
14.9504 9.02684 -0.30484
22.1849 13.3949 -0.301551
44.7561 27.0231 -0.304168
2.43789 1.48361 -0.299951
2.56179 1.55901 -0.297567
2.73549 1.66472 -0.298941
2.89815 1.7637 -0.296817
3.10454 1.88931 -0.296661
3.33933 2.03219 -0.296213
3.62095 2.20358 -0.296403
3.93422 2.39422 -0.295133
4.33304 2.63693 -0.295431
4.78016 2.90903 -0.293261
5.57455 3.39247 -0.303939
6.36657 3.87446 -0.30368
7.44126 4.52847 -0.304191
8.91415 5.42482 -0.303631
11.145 6.78244 -0.303663
14.8504 9.0374 -0.303443
22.2883 13.5638 -0.303599
44.5478 27.1101 -0.303394
2.41602 1.48189 -0.297896
2.55657 1.56809 -0.297594
2.70615 1.65984 -0.296366
2.89711 1.77697 -0.297345
3.09748 1.89987 -0.296618
3.33988 2.04855 -0.296895
3.58148 2.19673 -0.293798
3.91761 2.4029 -0.294515
4.28665 2.62926 -0.292893
4.92863 3.02303 -0.303016
5.53662 3.39594 -0.302516
6.33338 3.88464 -0.302742
7.37449 4.52322 -0.302106
8.87214 5.44182 -0.302846
11.0837 6.79831 -0.302639
14.7786 9.06461 -0.302621
22.1566 13.59 -0.302451
44.3121 27.1793 -0.302434
2.3891 1.47689 -0.295211
2.56353 1.58472 -0.299047
2.69676 1.66708 -0.295974
2.88037 1.78058 -0.296263
3.08306 1.90588 -0.295873
3.30812 2.045 -0.294705
3.57329 2.20893 -0.293758
3.90957 2.41681 -0.294544
4.39768 2.71855 -0.301126
4.91746 3.03986 -0.30298
5.52163 3.41335 -0.302346
6.30626 3.89839 -0.302096
7.35597 4.5473 -0.301996
8.83573 5.46205 -0.302252
11.0344 6.82121 -0.30194
14.7136 9.09565 -0.30194
22.0709 13.6438 -0.30193
44.1051 27.2648 -0.301669
2.39013 1.48909 -0.295979
2.52436 1.57272 -0.295117
2.69364 1.67818 -0.296273
2.87061 1.78843 -0.2959
3.06537 1.90978 -0.294814
3.30219 2.05732 -0.294815
3.67028 2.28664 -0.302386
3.99541 2.48921 -0.301664
4.39738 2.73964 -0.301759
4.88414 3.0429 -0.30158
5.48165 3.41516 -0.300809
6.28648 3.91658 -0.301801
7.322 4.56173 -0.301254
8.79051 5.47663 -0.301358
10.9914 6.84785 -0.301418
14.6513 9.12799 -0.301312
21.966 13.6852 -0.301146
43.9241 27.3654 -0.301083
2.39014 1.50071 -0.296628
2.52384 1.58466 -0.295702
2.66899 1.67579 -0.294203
2.86007 1.79577 -0.295458
3.11795 1.95769 -0.300527
3.35795 2.10838 -0.300449
3.63711 2.28365 -0.300309
3.97758 2.49743 -0.300974
4.39457 2.75925 -0.302226
4.86927 3.0573 -0.30132
5.47454 3.43734 -0.301076
6.25599 3.92799 -0.300994
7.30395 4.58598 -0.301169
8.75977 5.50005 -0.300961
10.9438 6.87133 -0.300767
14.5789 9.15373 -0.300479
21.8875 13.7427 -0.300727
43.7382 27.4622 -0.300465
2.36946 1.49929 -0.294709
2.54279 1.60897 -0.298579
2.70352 1.71067 -0.298667
2.9 1.835 -0.300244
3.10445 1.96436 -0.299885
3.35988 2.12599 -0.301285
3.64255 2.30485 -0.301421
3.95516 2.50266 -0.299937
4.33787 2.74482 -0.298983
4.83107 3.05689 -0.299615
5.44151 3.44316 -0.299919
6.22505 3.93895 -0.300166
7.26397 4.59633 -0.30018
8.69204 5.49995 -0.299292
10.8717 6.87916 -0.299446
14.5111 9.18201 -0.299742
21.7512 13.7632 -0.299512
43.4992 27.5244 -0.299481
2.40896 1.5361 -0.300288
2.5528 1.62782 -0.300421
2.71804 1.73319 -0.300938
2.8835 1.83869 -0.299198
3.09638 1.97444 -0.29977
3.341 2.13042 -0.300257
3.61407 2.30455 -0.299729
3.94238 2.5139 -0.299632
4.32647 2.75882 -0.29886
4.82318 3.07555 -0.29979
5.40354 3.44562 -0.298488
6.18015 3.94083 -0.298663
7.2263 4.60792 -0.299287
8.66073 5.5226 -0.298876
10.8223 6.90097 -0.298747
14.4385 9.20688 -0.298905
21.6533 13.8074 -0.298826
43.2928 27.6061 -0.298723
2.40724 1.54686 -0.300746
2.53655 1.62995 -0.299176
2.69021 1.72869 -0.298524
2.88522 1.854 -0.300048
3.08661 1.98341 -0.299493
3.33352 2.14207 -0.300255
3.59359 2.30919 -0.298697
3.92425 2.52166 -0.298922
4.32044 2.77625 -0.299112
4.77844 3.07055 -0.297674
5.38933 3.4631 -0.298369
6.14856 3.95097 -0.297801
7.1905 4.62051 -0.298471
8.62856 5.54458 -0.298433
10.7962 6.93747 -0.298693
14.3683 9.23283 -0.298116
17.7712 11.4195 -0.245801
17.7643 11.4151 -0.122849
17.7837 11.4275 -1.05694e-06
2.39267 1.54933 -0.299599
2.52175 1.63291 -0.298101
2.68645 1.73956 -0.298779
2.85542 1.84897 -0.297618
3.04906 1.97436 -0.296517
3.30668 2.14118 -0.298509
3.57567 2.31536 -0.297878
3.90969 2.53165 -0.298485
4.29295 2.77982 -0.297879
4.78928 3.10121 -0.299022
5.35995 3.47074 -0.297412
6.11762 3.96135 -0.296971
7.16475 4.6394 -0.298073
8.59708 5.56688 -0.298015
10.7386 6.95356 -0.297769
14.313 9.26813 -0.29764
17.7339 11.4833 -0.245838
42.8985 27.7781 -0.297334
2.37566 1.55012 -0.298146
2.5107 1.63823 -0.29747
2.65983 1.73554 -0.296491
2.85733 1.86441 -0.298494
3.05083 1.99067 -0.297363
3.28936 2.14631 -0.297621
3.56366 2.32529 -0.297552
3.88221 2.53314 -0.297061
4.28264 2.79443 -0.29784
4.74998 3.09936 -0.297243
5.33196 3.47911 -0.296531
6.10395 3.98283 -0.296981
7.11133 4.64015 -0.296523
8.5545 5.58181 -0.297213
10.6812 6.96951 -0.296852
14.2504 9.29837 -0.297011
21.3839 13.953 -0.297111
42.7149 27.8715 -0.296734
2.35193 1.54637 -0.295843
2.50099 1.64438 -0.296998
2.65306 1.74437 -0.296413
2.84993 1.87381 -0.298403
3.03981 1.99865 -0.296968
3.25825 2.14227 -0.295481
3.54543 2.33109 -0.296708
3.87486 2.54769 -0.297177
4.26081 2.80145 -0.297
4.72456 3.10636 -0.296329
5.32013 3.49794 -0.296551
6.07837 3.99649 -0.296415
7.08423 4.65783 -0.29607
8.49236 5.58366 -0.29573
10.632 6.99045 -0.29616
14.1715 9.31763 -0.296043
21.2477 13.9702 -0.295895
42.4724 27.9253 -0.295725
2.34824 1.55573 -0.296061
2.48753 1.64801 -0.296082
2.63338 1.74464 -0.294894
2.83749 1.87986 -0.297786
3.01995 2.00074 -0.295709
3.25391 2.15574 -0.295769
3.52183 2.33324 -0.295414
3.85206 2.55202 -0.296111
4.22338 2.79802 -0.29507
4.70079 3.11431 -0.295519
5.28358 3.50041 -0.295194
6.06319 4.01691 -0.296357
7.06314 4.67938 -0.29587
8.47491 5.61469 -0.295803
10.5791 7.00876 -0.295369
14.1124 9.34956 -0.295489
21.1609 14.0193 -0.295366
42.2875 28.0158 -0.295118
2.35279 1.57059 -0.297324
2.48631 1.65973 -0.296625
2.62948 1.75529 -0.295141
2.80918 1.87526 -0.295501
3.00297 2.00462 -0.29473
3.24489 2.16611 -0.295635
3.49715 2.33451 -0.294026
3.81927 2.54954 -0.294273
4.21271 2.81217 -0.295009
4.67799 3.12277 -0.29477
5.28174 3.5258 -0.295777
6.00963 4.0117 -0.294422
7.02919 4.6923 -0.295133
8.43408 5.63013 -0.295063
10.5277 7.02775 -0.294617
14.0493 9.37857 -0.294853
21.0638 14.0611 -0.294694
42.1122 28.1118 -0.294578
2.33169 1.56831 -0.295349
2.46827 1.66018 -0.295163
2.62864 1.76804 -0.295739
2.78816 1.87533 -0.293977
3.00078 2.01835 -0.295205
3.2095 2.15873 -0.293096
3.50201 2.35548 -0.295124
3.81079 2.56317 -0.294308
4.19327 2.82042 -0.294336
4.65631 3.13187 -0.294091
5.23218 3.5192 -0.293689
6.00083 4.0362 -0.29468
6.99287 4.70345 -0.294296
8.37888 5.6357 -0.293819
10.478 7.04757 -0.293912
13.9779 9.40163 -0.294041
20.9769 14.1092 -0.294167
41.9056 28.186 -0.29382
2.38164 1.61402 -0.302389
2.50246 1.6959 -0.299958
2.66537 1.8063 -0.300579
2.86164 1.93931 -0.302437
3.07402 2.08324 -0.303125
3.30503 2.2398 -0.302533
3.48416 2.36119 -0.294314
3.7909 2.56906 -0.293463
4.18301 2.8348 -0.294309
4.63398 3.14041 -0.293372
5.22648 3.54195 -0.294061
5.96332 4.0413 -0.293529
6.96378 4.7193 -0.293763
8.36493 5.66885 -0.294022
10.4212 7.06236 -0.293009
13.922 9.43482 -0.293557
20.8669 14.1414 -0.293315
41.7193 28.2729 -0.293204
2.35614 1.60878 -0.299862
2.50353 1.70942 -0.3008
2.66579 1.82021 -0.301342
2.82956 1.93203 -0.299758
3.03738 2.07393 -0.300225
3.27737 2.2378 -0.300715
3.57557 2.44141 -0.302754
3.91011 2.66983 -0.303411
4.15967 2.84023 -0.293363
4.60592 3.14493 -0.292289
5.18844 3.54268 -0.292616
5.93108 4.04976 -0.292637
6.93081 4.73238 -0.293068
8.30402 5.67001 -0.292576
10.3839 7.09018 -0.292656
13.8301 9.44323 -0.292313
20.7672 14.1799 -0.292607
41.5268 28.3546 -0.292546
2.34096 1.61044 -0.298645
2.46562 1.69619 -0.296955
2.6409 1.81677 -0.299244
2.82215 1.94146 -0.29969
3.01465 2.07389 -0.298691
3.27262 2.25135 -0.300998
3.55601 2.44631 -0.30182
3.88224 2.67073 -0.301971
4.29304 2.95334 -0.303495
4.7762 3.28572 -0.303821
5.17127 3.5575 -0.292346
5.9061 4.06302 -0.292103
6.89838 4.74565 -0.292396
8.27185 5.69051 -0.292141
10.3397 7.11308 -0.292109
13.7858 9.48378 -0.292076
20.6807 14.227 -0.292088
32.2231 22.1675 -0.227548
2.32499 1.61144 -0.297323
2.47086 1.71254 -0.298305
2.62459 1.81909 -0.298114
2.80631 1.94504 -0.298727
3.00614 2.08354 -0.298568
3.26282 2.26144 -0.300822
3.5273 2.44476 -0.300106
3.85744 2.67357 -0.300766
4.26181 2.95384 -0.302015
4.75876 3.29828 -0.303443
5.36589 3.71908 -0.304081
5.89102 4.08304 -0.29206
6.86704 4.75951 -0.291771
8.22984 5.70406 -0.291359
10.301 7.1396 -0.291719
13.7236 9.51178 -0.29146
20.5734 14.2593 -0.291274
41.17 28.5348 -0.291429
2.32497 1.62348 -0.298045
2.4483 1.70959 -0.2963
2.6074 1.8207 -0.296883
2.80269 1.95706 -0.299069
2.99147 2.08888 -0.297834
3.23193 2.25679 -0.298699
3.52151 2.459 -0.300342
3.84537 2.68515 -0.300555
4.22978 2.95357 -0.300475
4.72312 3.29806 -0.301903
5.32952 3.72149 -0.302755
5.85098 4.08562 -0.290781
6.81658 4.75988 -0.290331
8.17134 5.70588 -0.289992
10.223 7.13854 -0.290214
13.6562 9.53584 -0.290734
20.4742 14.2967 -0.290574
40.9279 28.5791 -0.29042
2.30818 1.62378 -0.296617
2.45894 1.72984 -0.298318
2.59845 1.82798 -0.296588
2.78055 1.95609 -0.297433
2.97578 2.09342 -0.296998
3.21932 2.26476 -0.298263
3.4958 2.45926 -0.29888
3.82483 2.69072 -0.299682
4.21847 2.96765 -0.300406
4.71243 3.31514 -0.301959
5.30943 3.73512 -0.302353
6.1073 4.29642 -0.304264
6.81563 4.79472 -0.291003
8.14995 5.7334 -0.289942
10.1883 7.16735 -0.289937
13.5922 9.56194 -0.29008
20.3832 14.3394 -0.289993
40.7383 28.659 -0.289784
2.29339 1.62538 -0.295444
2.43055 1.72259 -0.295602
2.60835 1.8486 -0.298453
2.77538 1.96697 -0.297613
2.95813 2.0965 -0.295966
3.21758 2.28037 -0.298838
3.4807 2.46685 -0.298324
3.80414 2.69609 -0.298798
4.18807 2.96818 -0.298977
4.68121 3.31768 -0.300699
5.28644 3.74662 -0.301787
6.0728 4.30393 -0.303292
7.1639 5.07723 -0.306628
8.1082 5.74647 -0.289169
10.1341 7.18226 -0.289106
13.543 9.59822 -0.289744
20.2868 14.3777 -0.289333
40.5646 28.7491 -0.289261
2.29273 1.63697 -0.296094
2.43894 1.74136 -0.297359
2.57493 1.83846 -0.295363
2.75014 1.96356 -0.295641
2.96575 2.1175 -0.297466
3.18857 2.27659 -0.296881
3.47381 2.48025 -0.298474
3.79165 2.70718 -0.298557
4.18819 2.9903 -0.29973
4.65033 3.32026 -0.299458
5.2703 3.76291 -0.301615
6.0728 4.33588 -0.304047
7.13675 5.09553 -0.306226
8.08714 5.77409 -0.289135
10.0976 7.20951 -0.288781
13.4561 9.60747 -0.288602
20.1817 14.4094 -0.28855
40.3596 28.8161 -0.288515
2.31463 1.66485 -0.299671
2.41724 1.73865 -0.295452
2.58107 1.85649 -0.296809
2.7322 1.96519 -0.294448
2.94445 2.11786 -0.29607
3.16692 2.27788 -0.295604
3.46506 2.49232 -0.298469
3.79387 2.72882 -0.299481
4.16415 2.99516 -0.298757
4.6557 3.34872 -0.300556
5.25069 3.77667 -0.301245
6.03722 4.3424 -0.303023
7.08651 5.09712 -0.304832
8.04179 5.78423 -0.288234
10.0494 7.22822 -0.288123
13.3909 9.63169 -0.287923
20.0989 14.4566 -0.288087
40.194 28.9104 -0.288051
2.29885 1.66571 -0.29838
2.45085 1.77585 -0.300317
2.61083 1.89177 -0.300989
2.73139 1.97912 -0.295104
2.93015 2.12315 -0.295376
3.16505 2.29335 -0.296175
3.43538 2.48923 -0.296659
3.76515 2.72817 -0.297964
4.14398 3.00267 -0.29806
4.61306 3.34255 -0.298555
5.22405 3.78527 -0.300474
5.9944 4.34346 -0.301634
7.05914 5.11495 -0.304422
8.56756 6.20793 -0.307855
10.0036 7.24847 -0.287535
13.3412 9.66685 -0.287579
20.0237 14.5089 -0.287734
40.0025 28.9852 -0.287403
2.30008 1.67889 -0.299299
2.43186 1.77508 -0.298748
2.59759 1.89605 -0.300225
2.78605 2.03361 -0.301775
2.90627 2.12136 -0.293714
3.1326 2.28657 -0.293885
3.41146 2.49011 -0.295343
3.72366 2.718 -0.29543
4.12012 3.00738 -0.297098
4.6132 3.3673 -0.299323
5.19952 3.79527 -0.299824
5.97067 4.35815 -0.301204
7.03332 5.1338 -0.304079
8.54269 6.23554 -0.307742
9.96447 7.27333 -0.287139
13.2846 9.69681 -0.287088
19.9073 14.5308 -0.286789
39.8102 29.0585 -0.286748
2.29265 1.68577 -0.299097
2.42306 1.78166 -0.29843
2.5897 1.90419 -0.30008
2.76514 2.03319 -0.300278
2.97311 2.18611 -0.301239
3.13542 2.30546 -0.294903
3.40033 2.50024 -0.295134
3.70758 2.72616 -0.294908
4.0924 3.00912 -0.295855
4.57899 3.36691 -0.297865
5.16961 3.80118 -0.298863
5.94656 4.37247 -0.300756
6.98838 5.13852 -0.302911
8.49111 6.24347 -0.306668
9.91851 7.29303 -0.286547
13.2148 9.71677 -0.286311
19.8242 14.5766 -0.286323
39.6244 29.1356 -0.286142
2.28461 1.69219 -0.298817
2.41854 1.79139 -0.298642
2.57551 1.90765 -0.299206
2.75631 2.04157 -0.300092
2.96577 2.19671 -0.301271
3.19841 2.36903 -0.301604
3.38512 2.50733 -0.294572
3.70063 2.74102 -0.295115
4.08435 3.02524 -0.296035
4.56107 3.37834 -0.297465
5.1551 3.81833 -0.298793
5.91334 4.37995 -0.299848
6.96041 5.1555 -0.302477
8.46343 6.26878 -0.306457
9.87396 7.31355 -0.285996
13.1647 9.75099 -0.285962
19.7294 14.6134 -0.28569
39.4479 29.2187 -0.285603
2.25688 1.68389 -0.295958
2.40464 1.79414 -0.297698
2.55733 1.90806 -0.297866
2.73152 2.03803 -0.298166
2.95308 2.20333 -0.300761
3.18753 2.37826 -0.30136
3.35646 2.5043 -0.292838
3.69066 2.75365 -0.295086
4.05461 3.0252 -0.294644
4.54393 3.39029 -0.297118
5.1281 3.82615 -0.298001
5.89182 4.39597 -0.299534
6.93439 5.17385 -0.30213
8.42354 6.28492 -0.305805
10.71 7.99086 -0.311018
13.0879 9.7651 -0.285033
19.6378 14.6521 -0.285104
39.2633 29.2949 -0.285005
2.24334 1.68602 -0.294953
2.39865 1.80274 -0.297734
2.55335 1.91901 -0.298181
2.72807 2.05033 -0.29857
2.94071 2.21014 -0.300287
3.17801 2.38849 -0.301247
3.4486 2.59185 -0.301664
3.66545 2.75483 -0.293837
4.04818 3.04247 -0.294947
4.52239 3.39887 -0.296484
5.11674 3.84557 -0.29812
5.86356 4.40685 -0.298878
6.89165 5.17953 -0.301054
8.37371 6.2934 -0.304793
10.6533 8.00666 -0.310182
13.017 9.78314 -0.284231
19.5177 14.6688 -0.284101
39.0638 29.3591 -0.2843
2.24621 1.70048 -0.296109
2.38355 1.80446 -0.296641
2.53401 1.91836 -0.296704
2.73094 2.06745 -0.299672
2.92621 2.21528 -0.299595
3.15283 2.38684 -0.299648
3.44845 2.61064 -0.302447
3.65453 2.76665 -0.293735
4.02496 3.04708 -0.294029
4.48643 3.39644 -0.294903
5.08092 3.84649 -0.296814
5.84077 4.42173 -0.298501
6.87538 5.20498 -0.301136
8.33292 6.30841 -0.304108
10.6217 8.04111 -0.310077
12.9748 9.82256 -0.284057
19.466 14.7366 -0.284096
38.8829 29.4362 -0.28373
2.23213 1.70213 -0.295036
2.37386 1.8102 -0.29622
2.5354 1.93339 -0.297656
2.69469 2.05485 -0.29648
2.91844 2.22547 -0.299592
3.13827 2.39311 -0.299057
3.40424 2.59592 -0.299363
3.7539 2.86256 -0.302524
3.99988 3.05013 -0.292973
4.48326 3.41874 -0.295478
5.06024 3.85872 -0.296391
5.81093 4.43117 -0.297766
6.83282 5.21041 -0.300067
8.30417 6.3324 -0.303865
10.5733 8.06276 -0.309486
12.9065 9.84193 -0.283312
19.3549 14.7592 -0.283226
27.4611 20.9406 -0.200917
2.27409 1.74672 -0.301386
2.36787 1.81875 -0.296263
2.53496 1.9471 -0.298401
2.69505 2.07006 -0.297313
2.89932 2.22696 -0.298427
3.13076 2.40473 -0.29914
3.3933 2.60638 -0.2992
3.7455 2.87691 -0.302655
3.97928 3.05647 -0.292245
4.45387 3.421 -0.294326
5.02623 3.86063 -0.295188
5.78212 4.44123 -0.297083
6.80591 5.2276 -0.299686
8.26087 6.34514 -0.303089
10.5148 8.07636 -0.308597
12.842 9.86392 -0.282652
19.2843 14.8122 -0.282948
38.5249 29.5908 -0.282619
2.23875 1.73204 -0.297503
2.39506 1.85297 -0.300473
2.50553 1.93844 -0.295732
2.68149 2.07458 -0.296616
2.88968 2.23565 -0.298237
3.11133 2.40713 -0.298085
3.38319 2.61746 -0.299113
3.70913 2.86962 -0.300524
4.11703 3.1852 -0.303177
4.42517 3.4236 -0.293218
4.99041 3.8609 -0.293874
5.76464 4.4599 -0.296983
6.77385 5.24069 -0.299078
8.22799 6.36571 -0.302697
10.4637 8.09541 -0.307926
12.7939 9.89819 -0.282352
19.1948 14.8504 -0.282395
25.3222 19.5909 -0.186265
25.3474 19.6104 -1.60239e-06
2.25034 1.75361 -0.299855
2.38985 1.86232 -0.300634
2.49558 1.94472 -0.295357
2.6603 2.07307 -0.29507
2.85854 2.22756 -0.295824
3.08759 2.40605 -0.296614
3.35409 2.61372 -0.297345
3.68548 2.87197 -0.299419
4.10345 3.19768 -0.302998
4.4046 3.43235 -0.292648
4.99626 3.89341 -0.295018
5.72493 4.46123 -0.295738
6.73851 5.25108 -0.298326
8.18187 6.37584 -0.301818
10.4057 8.1088 -0.307051
12.7277 9.91827 -0.281654
19.0962 14.881 -0.281707
38.1502 29.7291 -0.281387
2.22353 1.74524 -0.297094
2.38253 1.87004 -0.300533
2.52284 1.98017 -0.299401
2.64967 2.07971 -0.294695
2.83482 2.22503 -0.294172
3.07547 2.41392 -0.296258
3.36007 2.6373 -0.29869
3.67487 2.88438 -0.299374
4.06946 3.1941 -0.30131
4.37859 3.43673 -0.291716
4.96833 3.89962 -0.294171
5.70334 4.47652 -0.295429
6.70188 5.26027 -0.297516
8.14594 6.3937 -0.301314
10.368 8.13779 -0.306775
14.258 11.191 -0.316381
19.0046 14.9166 -0.281123
37.9918 29.8195 -0.280985
2.23193 1.76447 -0.299038
2.35242 1.85972 -0.297552
2.52747 1.99811 -0.300777
2.64944 2.09453 -0.295482
2.83875 2.24419 -0.295392
3.06417 2.4224 -0.295983
3.33796 2.63884 -0.297543
3.6669 2.89888 -0.299547
4.06217 3.21137 -0.301599
4.56598 3.60966 -0.305038
4.93984 3.90521 -0.29329
5.6611 4.47541 -0.294049
6.68648 5.28603 -0.29765
8.11595 6.41611 -0.301032
10.3181 8.15702 -0.306139
14.1842 11.2134 -0.315612
18.9146 14.953 -0.280562
37.8118 29.8923 -0.280425
2.22542 1.77198 -0.298992
2.35946 1.87872 -0.299272
2.52746 2.01248 -0.30161
2.69898 2.14906 -0.301843
2.81385 2.24052 -0.293613
3.04409 2.42385 -0.294859
3.32756 2.64956 -0.297439
3.63729 2.89618 -0.297953
4.03892 3.21598 -0.300705
4.51432 3.59451 -0.302424
4.90913 3.90888 -0.292276
5.63988 4.49074 -0.29376
6.63619 5.28405 -0.296232
8.07205 6.42735 -0.300235
10.2619 8.17099 -0.305316
14.1188 11.2421 -0.315028
18.8317 14.9947 -0.280107
37.6201 29.9549 -0.279777
2.22235 1.78226 -0.299415
2.3352 1.87277 -0.297023
2.49078 1.99753 -0.298063
2.66753 2.13928 -0.299159
2.80544 2.24988 -0.293554
3.04141 2.43913 -0.295424
3.29901 2.64571 -0.295712
3.63307 2.91361 -0.29844
4.01785 3.2222 -0.299972
4.48978 3.60067 -0.301621
4.88235 3.91551 -0.291494
5.62061 4.50757 -0.293575
6.61475 5.30484 -0.2961
8.02827 6.43844 -0.299441
10.2181 8.1946 -0.304863
14.0496 11.2674 -0.314361
18.7357 15.0255 -0.279459
28.2037 22.6185 -0.210335
2.18814 1.76742 -0.295635
2.33383 1.8851 -0.297683
2.47387 1.99821 -0.296874
2.66378 2.15161 -0.299579
2.85854 2.30892 -0.299952
3.02881 2.44645 -0.295028
3.27863 2.64824 -0.294712
3.61062 2.9164 -0.297431
3.99553 3.2273 -0.299145
4.47031 3.6108 -0.301159
5.08788 4.10962 -0.30462
5.59575 4.51984 -0.293099
6.57943 5.31438 -0.295348
7.98414 6.44901 -0.298634
10.1748 8.21848 -0.304427
13.9716 11.2852 -0.313494
18.6437 15.059 -0.27887
32.023 25.8659 -0.239491
2.17298 1.76776 -0.294421
2.31812 1.88583 -0.296519
2.47519 2.0136 -0.297874
2.66084 2.16464 -0.300097
2.85781 2.32487 -0.300726
3.01038 2.44899 -0.294064
3.28708 2.67409 -0.29631
3.58653 2.9177 -0.296284
3.97419 3.23306 -0.298391
4.46661 3.63366 -0.301763
5.06626 4.12149 -0.304186
5.57358 4.5342 -0.292766
6.55215 5.33028 -0.294958
7.9569 6.47307 -0.298459
10.1243 8.23631 -0.303776
13.9215 11.3254 -0.313257
18.5571 15.0965 -0.278361
37.1535 30.2249 -0.278648
2.17368 1.78098 -0.295357
2.30521 1.88875 -0.29571
2.47992 2.03189 -0.299296
2.62997 2.15484 -0.297463
2.83167 2.3201 -0.298826
3.08292 2.52595 -0.302009
3.26036 2.67133 -0.29474
3.59698 2.94714 -0.297996
3.95148 3.23759 -0.297534
4.44309 3.64039 -0.301031
5.04678 4.13502 -0.303882
5.54073 4.53973 -0.291872
6.51913 5.34137 -0.294309
7.91374 6.48403 -0.297688
10.0802 8.25905 -0.303314
13.8643 11.3595 -0.31286
18.4839 15.1445 -0.278055
22.2807 18.2554 -0.16758
2.2085 1.82244 -0.300951
2.31103 1.90704 -0.297308
2.45252 2.0238 -0.296841
2.61448 2.15745 -0.296562
2.83616 2.34038 -0.300161
3.07663 2.53881 -0.30226
3.25343 2.68471 -0.29496
3.56435 2.94127 -0.296142
3.9449 3.2553 -0.297893
4.41335 3.64186 -0.299876
5.02634 4.1477 -0.303522
5.51639 4.55209 -0.291425
6.48229 5.34914 -0.293488
7.89733 6.51682 -0.297925
10.0305 8.27711 -0.302689
13.7949 11.3835 -0.312191
18.4 15.1836 -0.277589
18.9902 15.6705 -0.143242
19.0023 15.6806 -1.23184e-06
2.20828 1.83526 -0.301792
2.28113 1.89581 -0.294313
2.44321 2.0305 -0.29657
2.62057 2.17791 -0.298114
2.81485 2.33937 -0.298769
3.03458 2.52198 -0.298993
3.22616 2.6812 -0.293335
3.54118 2.94301 -0.295069
3.92575 3.26262 -0.297306
4.40089 3.6575 -0.299896
4.9913 4.14818 -0.302279
5.49261 4.56481 -0.29101
6.45888 5.36785 -0.293275
7.85052 6.52442 -0.297017
9.98997 8.30248 -0.302338
13.7186 11.4013 -0.311363
18.2939 15.2037 -0.276788
36.5973 30.4153 -0.276852
2.19175 1.8345 -0.300407
2.3126 1.93566 -0.299243
2.43798 2.0406 -0.296799
2.60919 2.18391 -0.297685
2.80488 2.3477 -0.298579
3.03318 2.53878 -0.299727
3.31751 2.77677 -0.30252
3.5243 2.94986 -0.29452
3.89939 3.26381 -0.296171
4.36307 3.65191 -0.298186
4.96881 4.15892 -0.301795
5.75285 4.81517 -0.305687
6.43692 5.38774 -0.293131
7.8063 6.53391 -0.296206
9.94495 8.32397 -0.301854
13.6648 11.4375 -0.311046
18.2169 15.2476 -0.276427
36.413 30.4778 -0.276261
2.19259 1.84827 -0.301405
2.31198 1.94892 -0.300042
2.41307 2.03413 -0.294629
2.57892 2.17394 -0.295096
2.79842 2.35897 -0.298767
3.02696 2.55162 -0.299992
3.28985 2.77322 -0.30088
3.50494 2.95453 -0.293762
3.88382 3.27392 -0.295856
4.35105 3.66778 -0.298239
4.94252 4.16636 -0.30108
5.72415 4.82525 -0.305056
6.40192 5.39658 -0.292394
7.77112 6.55077 -0.295738
9.88369 8.33158 -0.300876
13.6057 11.4691 -0.310612
18.1213 15.2756 -0.275785
36.2427 30.5512 -0.275777
2.17538 1.8468 -0.299925
2.29681 1.94989 -0.298955
2.407 2.04344 -0.294758
2.5722 2.18369 -0.295198
2.76503 2.34739 -0.296076
3.0153 2.55985 -0.29972
3.28572 2.78943 -0.301391
3.50216 2.97318 -0.294398
3.86167 3.27839 -0.295039
4.32312 3.67014 -0.297201
4.90987 4.16826 -0.299976
5.70952 4.84713 -0.305176
6.36577 5.40426 -0.291603
7.72945 6.56196 -0.295022
9.82417 8.34029 -0.299949
13.5354 11.491 -0.30992
18.0388 15.3141 -0.275341
36.0679 30.62 -0.275259
2.1367 1.82684 -0.295469
2.28738 1.95568 -0.298616
2.44884 2.09372 -0.300776
2.5633 2.19158 -0.295054
2.7683 2.36686 -0.29731
2.9863 2.55324 -0.297722
3.26126 2.78833 -0.30004
3.5893 3.0688 -0.302623
3.84784 3.28984 -0.294858
4.30478 3.68052 -0.296822
4.89004 4.18091 -0.299656
5.66794 4.84601 -0.303857
6.33573 5.41696 -0.291092
7.69502 6.57913 -0.294584
9.78913 8.36956 -0.29977
13.4728 11.519 -0.309407
17.9527 15.3493 -0.274844
35.8973 30.6916 -0.274774
2.14655 1.84829 -0.297723
2.27424 1.95824 -0.297792
2.436 2.09752 -0.300097
2.5612 2.20532 -0.295697
2.75718 2.37407 -0.297004
2.9772 2.56352 -0.297706
3.23805 2.78813 -0.298799
3.57608 3.07919 -0.302413
3.83208 3.29961 -0.294532
4.29342 3.69685 -0.296928
4.8653 4.18926 -0.299034
5.62664 4.84482 -0.302549
6.2863 5.41281 -0.289688
7.66755 6.60214 -0.294413
9.74188 8.38824 -0.299219
13.395 11.5337 -0.308543
17.8547 15.3738 -0.274164
35.7128 30.7505 -0.274183
2.14183 1.85729 -0.297967
2.26959 1.96807 -0.29808
2.42004 2.09854 -0.299032
2.60461 2.25859 -0.301617
2.73192 2.36899 -0.295173
2.95561 2.56296 -0.29644
3.23858 2.80834 -0.299751
3.56794 3.09394 -0.302637
3.80484 3.29937 -0.293322
4.26767 3.70072 -0.296039
4.86741 4.22078 -0.300068
5.61607 4.86998 -0.302893
6.2842 5.44935 -0.290467
7.63846 6.6237 -0.294183
9.71276 8.42243 -0.299226
13.3383 11.5663 -0.308167
17.8089 15.443 -0.274288
35.5782 30.8517 -0.273975
2.12559 1.85626 -0.296608
2.27161 1.98378 -0.299255
2.40923 2.10396 -0.298602
2.59452 2.26577 -0.301364
2.73605 2.38936 -0.296518
2.94026 2.5677 -0.295799
3.22063 2.81255 -0.298997
3.5429 3.09398 -0.301428
3.79694 3.31583 -0.293604
4.24782 3.70957 -0.295559
4.82114 4.21025 -0.298121
5.60177 4.89197 -0.303042
6.25546 5.46283 -0.290018
7.58889 6.6273 -0.293163
9.66248 8.43815 -0.298584
13.2837 11.6005 -0.30784
17.7117 15.4675 -0.273622
35.4145 30.9271 -0.273544
2.10933 1.85509 -0.295241
2.2598 1.98741 -0.298611
2.39645 2.1076 -0.29793
2.57412 2.26385 -0.299911
2.70348 2.37762 -0.293887
2.95203 2.59621 -0.297894
3.19859 2.81305 -0.297861
3.53651 3.11025 -0.301807
3.77165 3.31704 -0.292543
4.24405 3.7325 -0.296202
4.7987 4.2203 -0.297643
5.55868 4.88867 -0.301633
6.21228 5.46349 -0.2889
7.55901 6.64789 -0.292904
9.60359 8.44603 -0.297674
13.2149 11.622 -0.307183
21.1401 18.592 -0.327586
35.229 30.9827 -0.272946
2.09994 1.85988 -0.294834
2.25312 1.99555 -0.298648
2.39105 2.1177 -0.298175
2.54356 2.25278 -0.297265
2.69765 2.38926 -0.29416
2.92985 2.59491 -0.296568
3.18638 2.82211 -0.29764
3.5054 3.10466 -0.300075
3.89478 3.44953 -0.303026
4.20596 3.72513 -0.29445
4.76216 4.21775 -0.296288
5.52858 4.89656 -0.300926
6.57392 5.82239 -0.306662
7.51936 6.65975 -0.292268
9.57011 8.47606 -0.297552
13.1467 11.6438 -0.306541
21.0447 18.6389 -0.327116
35.0412 31.0353 -0.272329
2.08395 1.85874 -0.293498
2.22841 1.9876 -0.296291
2.37335 2.11687 -0.296889
2.54734 2.27206 -0.298633
2.75493 2.45721 -0.301339
2.92137 2.60566 -0.296629
3.17583 2.83263 -0.297578
3.49566 3.1179 -0.300172
3.88164 3.46216 -0.302943
4.17848 3.72692 -0.293436
4.76007 4.24566 -0.297079
5.51268 4.91694 -0.300993
6.52848 5.82297 -0.305489
7.46862 6.66151 -0.291198
9.50937 8.48172 -0.296583
13.0885 11.674 -0.306133
20.9518 18.6876 -0.326684
34.8773 31.1082 -0.271898
2.12463 1.9084 -0.300166
2.20655 1.98197 -0.294303
2.36033 2.12011 -0.296185
2.53391 2.27603 -0.297989
2.747 2.46742 -0.301413
2.89565 2.60094 -0.294939
3.15491 2.83382 -0.296543
3.4782 3.12421 -0.299608
3.85725 3.46468 -0.301982
4.17241 3.74777 -0.293928
4.74013 4.25771 -0.296762
5.48207 4.92413 -0.300259
6.51207 5.84931 -0.305676
7.42381 6.66826 -0.290358
9.47396 8.50975 -0.296404
13.0117 11.6875 -0.305292
20.8213 18.7022 -0.325665
34.7074 31.1751 -0.271421
2.10984 1.90847 -0.299016
2.21746 2.00581 -0.296691
2.3462 2.12227 -0.295341
2.54573 2.30275 -0.300323
2.73815 2.47681 -0.301389
2.88395 2.6087 -0.294673
3.14104 2.84125 -0.29617
3.47099 3.13971 -0.299931
3.84745 3.48023 -0.302165
4.15689 3.76014 -0.293757
4.71593 4.26583 -0.296178
5.45451 4.93391 -0.299692
6.49563 5.87566 -0.305865
7.40733 6.70035 -0.290627
9.42997 8.52994 -0.295958
12.9707 11.7328 -0.305289
20.7402 18.7607 -0.32542
28.0389 25.3628 -0.219963
28.0903 25.4092 -1.89387e-06
2.08458 1.8989 -0.296374
2.19436 1.9989 -0.294532
2.35107 2.14165 -0.296893
2.50845 2.28502 -0.296865
2.71424 2.47248 -0.299706
2.87598 2.61981 -0.294792
3.13018 2.85137 -0.296084
3.42917 3.12373 -0.297258
3.81698 3.477 -0.300724
4.12148 3.75437 -0.29218
4.70189 4.28308 -0.296234
5.42265 4.93965 -0.298888
6.45118 5.87656 -0.304737
7.36905 6.71268 -0.290043
9.37736 8.5421 -0.295242
12.9107 11.7607 -0.304841
20.6419 18.8033 -0.324906
34.3838 31.3212 -0.270595
2.05621 1.88625 -0.293276
2.07206 1.90079 -0.279007
2.10581 1.93174 -0.266772
2.50886 2.30148 -0.297863
2.70824 2.48438 -0.3
2.92525 2.68345 -0.300801
3.12119 2.86319 -0.296178
3.42311 3.14016 -0.297681
3.80712 3.49243 -0.300907
4.1216 3.78091 -0.293123
4.66105 4.27577 -0.2946
5.40865 4.96158 -0.29907
6.4197 5.88905 -0.30422
7.34777 6.74041 -0.29013
9.32826 8.55719 -0.294635
12.8262 11.766 -0.303815
20.5354 18.838 -0.324265
34.2277 31.3985 -0.270228
2.04529 1.88943 -0.292658
2.04233 1.88669 -0.27589
2.12606 1.96404 -0.270205
2.48042 2.2914 -0.295435
2.69708 2.49155 -0.299727
2.92885 2.70565 -0.302142
3.09163 2.85603 -0.294318
3.41929 3.15872 -0.298307
3.78942 3.50064 -0.300472
4.26692 3.94176 -0.304436
4.64155 4.28784 -0.294312
5.37613 4.96644 -0.298229
6.3925 5.90536 -0.303907
7.29076 6.73516 -0.288806
9.28076 8.57351 -0.294079
12.7702 11.7971 -0.303463
20.4387 18.8811 -0.323776
34.0343 31.4407 -0.269567
2.02998 1.88847 -0.291409
2.0206 1.87975 -0.27384
2.10036 1.95395 -0.267805
2.48491 2.31168 -0.29693
2.67411 2.4877 -0.298138
2.90039 2.6982 -0.300177
3.0875 2.87227 -0.294878
3.39577 3.15905 -0.297216
3.77868 3.51526 -0.300592
4.24584 3.94986 -0.303914
4.61314 4.29156 -0.29346
5.34558 4.97294 -0.297496
6.36752 5.92364 -0.303701
7.2603 6.75418 -0.288533
9.24888 8.60413 -0.294019
12.6989 11.8136 -0.302747
20.3238 18.907 -0.323001
33.8773 31.5157 -0.269194
2.01337 1.88618 -0.289969
2.02 1.89239 -0.274653
2.3668 2.21728 -0.302763
2.47151 2.31537 -0.296293
2.66584 2.49744 -0.298187
2.89585 2.71291 -0.300685
3.0809 2.88627 -0.295209
3.38078 3.16721 -0.29687
3.75339 3.51628 -0.299556
4.22437 3.9575 -0.303365
4.60127 4.31059 -0.29366
5.3313 4.99451 -0.297671
6.32729 5.92758 -0.302768
7.23246 6.77557 -0.288366
9.20741 8.62575 -0.293657
12.655 11.8555 -0.302685
20.2588 18.979 -0.32302
33.738 31.6067 -0.268963
2.00001 1.88683 -0.288993
2.01126 1.89744 -0.274364
2.04778 1.9319 -0.262816
2.05501 1.93872 -0.247173
2.05374 1.93751 -0.230476
2.06181 1.94513 -0.214789
3.0478 2.87531 -0.292997
3.35356 3.16378 -0.295449
3.7495 3.53731 -0.30023
4.19672 3.95922 -0.302371
4.57556 4.31661 -0.29298
5.30544 5.00519 -0.297201
6.28846 5.93258 -0.3019
7.19093 6.78398 -0.287653
9.15219 8.63425 -0.292856
12.5909 11.8784 -0.302144
20.1573 19.0166 -0.322459
33.5701 31.6703 -0.268504
1.9928 1.89323 -0.288905
1.98687 1.88759 -0.271935
2.02617 1.92493 -0.260903
2.02601 1.92478 -0.244492
2.02486 1.92368 -0.227988
2.04061 1.93865 -0.213285
2.0459 1.94367 -0.197332
2.04623 1.94399 -0.18087
2.05973 1.95681 -0.165473
4.18484 3.97573 -0.302514
4.55022 4.32285 -0.292323
5.28894 5.02466 -0.297258
6.28711 5.97295 -0.302835
7.16716 6.80903 -0.287651
9.10849 8.65336 -0.292423
12.5262 11.9003 -0.301588
20.0415 19.0401 -0.321669
33.3993 31.7304 -0.268023
1.98755 1.90149 -0.289105
1.99694 1.91047 -0.274225
2.01456 1.92733 -0.260274
2.0262 1.93846 -0.24533
2.02558 1.93787 -0.22883
2.01889 1.93148 -0.211719
2.01559 1.92831 -0.195057
2.02283 1.93524 -0.179398
2.02716 1.93938 -0.1634
2.04069 1.95232 -0.148009
2.04539 1.95682 -0.131842
2.03922 1.95092 -0.114994
2.05871 1.96957 -0.0994939
7.66716 7.33517 -0.308745
9.06172 8.66935 -0.291892
12.4547 11.9154 -0.300866
19.9443 19.0807 -0.321176
33.2365 31.7973 -0.267606
1.98094 1.90847 -0.289112
1.98506 1.91244 -0.273509
2.00877 1.93528 -0.260397
2.01979 1.94589 -0.245375
2.02237 1.94838 -0.229234
2.01019 1.93664 -0.211514
2.02318 1.94916 -0.196449
2.02551 1.9514 -0.180239
2.03519 1.96073 -0.164598
2.03562 1.96115 -0.148138
2.02545 1.95134 -0.130995
2.02716 1.953 -0.114698
2.0399 1.96526 -0.0989157
2.0256 1.95149 -0.0818421
9.01706 8.68715 -0.291429
12.4203 11.9658 -0.301042
19.8662 19.1393 -0.320992
33.0889 31.8783 -0.267313
1.96828 1.90957 -0.288235
1.97552 1.91659 -0.273115
1.99006 1.9307 -0.258844
1.99962 1.93998 -0.243747
1.99974 1.9401 -0.227437
2.00784 1.94795 -0.211981
1.99908 1.93945 -0.194766
2.00833 1.94842 -0.179315
2.00627 1.94642 -0.162808
2.01416 1.95408 -0.147072
2.028 1.9675 -0.131603
2.01022 1.95025 -0.114124
2.02787 1.96738 -0.0986654
2.02512 1.96471 -0.0820992
2.03081 1.97024 -0.0658575
2.0293 1.96877 -0.0493524
2.03113 1.97054 -0.0329294
2.03769 1.9769 -0.0165174
1.96283 1.91764 -0.288416
1.95203 1.90709 -0.270787
1.98726 1.94151 -0.259361
1.98897 1.94317 -0.243274
1.99255 1.94667 -0.22739
1.98414 1.93846 -0.210193
2.00319 1.95707 -0.195831
2.01065 1.96435 -0.180134
2.00682 1.96061 -0.163407
2.00387 1.95773 -0.146819
2.02343 1.97685 -0.131755
2.01176 1.96544 -0.114601
2.02496 1.97833 -0.0988591
2.0073 1.96109 -0.0816543
2.02334 1.97675 -0.0658386
2.00885 1.9626 -0.0490216
2.0225 1.97593 -0.0329012
2.02365 1.97706 -0.0164595
2.02807 1.98138 -1.41765e-07
1.94555 1.91409 -0.286858
1.95717 1.92552 -0.272432
1.96926 1.93741 -0.257894
1.99436 1.9621 -0.244771
1.98515 1.95304 -0.227323
1.99719 1.96489 -0.212301
1.99153 1.95932 -0.19536
2.01167 1.97913 -0.180843
2.00155 1.96918 -0.163538
1.99502 1.96275 -0.146672
1.99683 1.96454 -0.130469
2.01062 1.9781 -0.114929
2.00087 1.96851 -0.0980184
2.0088 1.97631 -0.0819956
2.00855 1.97606 -0.0655815
2.02499 1.99224 -0.049585
2.00994 1.97743 -0.0328091
1.99979 1.96745 -0.0163212
2.0164 1.98379 -1.41433e-07
1.94214 1.92412 -0.287344
1.95338 1.93526 -0.272843
1.97138 1.9531 -0.259063
1.98253 1.96414 -0.244159
1.97378 1.95548 -0.226802
1.98139 1.96301 -0.211349
1.9839 1.9655 -0.195283
1.98621 1.96779 -0.179172
1.98553 1.96712 -0.162789
1.9785 1.96015 -0.14596
2.0043 1.98571 -0.131409
1.98421 1.9658 -0.113811
1.99631 1.9778 -0.098133
2.01449 1.99581 -0.082512
2.00717 1.98855 -0.0657629
1.99807 1.97953 -0.0490946
2.00981 1.99117 -0.0329203
2.00538 1.98678 -0.0164234
2.02098 2.00223 -1.42243e-07
1.9493 1.94476 -0.289407
1.93485 1.93034 -0.271195
1.96463 1.96005 -0.259074
1.9836 1.97898 -0.245141
1.98314 1.97852 -0.22867
1.97117 1.96658 -0.210991
1.9874 1.98277 -0.196309
1.97696 1.97236 -0.178958
1.9777 1.97309 -0.162711
1.98322 1.9786 -0.146817
1.98788 1.98325 -0.130786
1.98908 1.98445 -0.114487
1.99478 1.99013 -0.0983986
1.98776 1.98313 -0.0817002
1.99909 1.99443 -0.065726
2.00842 2.00374 -0.0495206
2.01029 2.00561 -0.0330428
2.021 2.01629 -0.0166089
2.0104 2.00572 -1.41991e-07
1.95125 1.96035 -0.290711
1.93749 1.94653 -0.272517
1.96568 1.97485 -0.26012
1.9735 1.98271 -0.244747
1.96381 1.97297 -0.227235
1.96621 1.97538 -0.211197
1.9807 1.98994 -0.196332
1.98396 1.99321 -0.18022
1.98355 1.99281 -0.163765
1.98547 1.99473 -0.147498
1.99312 2.00242 -0.13159
1.98479 1.99405 -0.114641
2.00522 2.01457 -0.0992601
1.997 2.00631 -0.0823674
2.01656 2.02597 -0.0665327
12.0513 12.1075 -0.298185
19.2782 19.3681 -0.317982
26.745 26.8698 -0.220565
26.784 26.9089 -1.89833e-06
1.94192 1.96466 -0.290342
1.93487 1.95753 -0.273109
1.9637 1.9867 -0.260776
1.95886 1.9818 -0.243789
1.97791 2.00107 -0.229674
1.98195 2.00515 -0.213638
1.96864 1.99169 -0.195825
1.98633 2.00959 -0.181073
1.97961 2.00279 -0.164016
1.97885 2.00202 -0.147526
1.98649 2.00975 -0.131615
1.99811 2.02151 -0.115817
5.98635 6.05645 -0.297376
7.36454 7.45078 -0.304827
8.72256 8.82469 -0.2888
11.9969 12.1373 -0.297885
19.1625 19.3869 -0.317189
31.9502 32.3243 -0.264421
1.92552 1.96172 -0.288912
1.9398 1.97627 -0.274777
1.94659 1.9832 -0.259422
1.96269 1.9996 -0.245134
1.96697 2.00395 -0.229215
1.96866 2.00568 -0.21296
1.97428 2.01141 -0.197084
1.98195 2.01922 -0.181315
1.97567 2.01282 -0.164271
1.99072 2.02815 -0.148938
4.54455 4.63 -0.302169
5.02456 5.11904 -0.292275
5.9746 6.08694 -0.297846
7.33958 7.47758 -0.304873
8.66979 8.83281 -0.288073
11.9441 12.1687 -0.297628
19.0876 19.4466 -0.317072
31.8162 32.4144 -0.264248
1.93383 1.98401 -0.291199
1.92746 1.97747 -0.274006
1.96385 2.01481 -0.262659
1.95853 2.00935 -0.245489
1.96634 2.01737 -0.229962
1.97227 2.02345 -0.214114
2.97282 3.04996 -0.297826
3.27526 3.36025 -0.300703
3.51044 3.60153 -0.292926
3.96591 4.06882 -0.297775
4.52245 4.6398 -0.301775
5.00045 5.13021 -0.291913
5.9358 6.08982 -0.296971
7.3041 7.49363 -0.304485
8.62265 8.84639 -0.287532
11.8726 12.1806 -0.296905
18.983 19.4755 -0.316462
31.6378 32.4587 -0.263706
1.92342 1.98717 -0.290674
1.91659 1.98011 -0.273442
1.9578 2.02269 -0.262793
2.36312 2.44145 -0.297269
2.55841 2.64321 -0.300281
2.70734 2.79707 -0.294974
2.9619 3.06007 -0.297801
3.25954 3.36758 -0.300339
3.48957 3.60523 -0.292234
3.94149 4.07212 -0.297008
4.4904 4.63923 -0.300716
4.97031 5.13504 -0.291199
5.90293 6.09858 -0.29639
7.26622 7.50705 -0.303997
8.60488 8.89008 -0.287973
11.8062 12.1975 -0.296308
18.8938 19.52 -0.31611
31.4815 32.5249 -0.263349
1.91945 1.99698 -0.291127
1.9321 2.01014 -0.276655
1.99491 2.07548 -0.268745
2.36914 2.46484 -0.299108
2.55469 2.65788 -0.300933
2.6827 2.79106 -0.29335
2.92918 3.04749 -0.295579
3.23617 3.36688 -0.299266
3.47972 3.62027 -0.292466
3.9271 4.08572 -0.296997
4.47385 4.65456 -0.300695
4.96156 5.16197 -0.291741
5.87973 6.11723 -0.296296
7.23091 7.52297 -0.303617
8.55175 8.89717 -0.287233
11.7506 12.2252 -0.295983
18.7895 19.5485 -0.315506
31.3194 32.5845 -0.262944
1.92834 2.02031 -0.293543
1.91648 2.00788 -0.275421
2.22885 2.33515 -0.301358
2.32632 2.43726 -0.294774
2.52537 2.64581 -0.298566
2.73722 2.86777 -0.300405
2.94023 3.08046 -0.297779
3.2373 3.39169 -0.300465
3.59425 3.76567 -0.303196
3.89939 4.08536 -0.295979
4.45464 4.66709 -0.300498
4.93167 5.16687 -0.291043
5.8389 6.11738 -0.295314
7.20162 7.54509 -0.303493
8.50904 8.91486 -0.286843
11.6841 12.2413 -0.295383
18.7098 19.6021 -0.315315
31.1887 32.6762 -0.262803
1.92333 2.02921 -0.293858
1.93817 2.04486 -0.279563
2.21515 2.33709 -0.300608
2.33719 2.46585 -0.297242
2.51147 2.64972 -0.298015
2.73916 2.88994 -0.301724
2.92033 3.08109 -0.296852
3.20526 3.3817 -0.298586
3.59176 3.78948 -0.304101
3.86766 4.08056 -0.294651
4.44053 4.68497 -0.300648
4.89817 5.1678 -0.29013
5.81762 6.13787 -0.29532
7.16363 7.55797 -0.303002
8.48125 8.94811 -0.286958
11.6307 12.2709 -0.295116
18.6249 19.6501 -0.315039
31.0174 32.7248 -0.262321
1.91297 2.03244 -0.293357
2.06655 2.19562 -0.299186
2.20809 2.346 -0.30076
2.30104 2.44475 -0.293728
2.48756 2.64292 -0.296271
2.72479 2.89497 -0.301253
2.90362 3.08497 -0.296247
3.19239 3.39177 -0.298489
3.57289 3.79604 -0.303624
3.87828 4.12051 -0.296555
4.41076 4.68623 -0.299739
5.14522 5.46657 -0.305892
5.78477 6.14607 -0.294741
7.13514 7.58078 -0.302916
8.41223 8.93762 -0.285678
11.5825 12.3059 -0.294981
18.5041 19.6598 -0.314157
30.8538 32.7808 -0.261904
1.91323 2.04701 -0.294493
2.04938 2.19267 -0.297806
2.19214 2.34542 -0.299702
2.32021 2.48244 -0.297281
2.48877 2.66278 -0.297521
2.71142 2.90101 -0.300894
2.87741 3.0786 -0.294668
3.17505 3.39705 -0.297975
3.54553 3.79343 -0.302423
3.8473 4.11631 -0.295284
4.38125 4.68758 -0.298844
5.13204 5.49087 -0.306247
5.74621 6.14799 -0.293868
7.09096 7.58677 -0.302163
8.38077 8.96676 -0.285671
11.5207 12.3263 -0.294503
18.4314 19.7201 -0.314089
30.7153 32.8629 -0.261701
1.88895 2.03524 -0.291849
2.04381 2.20208 -0.298112
2.1867 2.35604 -0.300081
2.29681 2.47468 -0.295388
2.4761 2.66785 -0.297119
2.69934 2.90838 -0.300678
2.87304 3.09554 -0.295327
3.16555 3.41069 -0.2982
3.5184 3.79086 -0.301236
3.81788 4.11354 -0.294127
4.36785 4.7061 -0.29905
5.0992 5.49408 -0.305431
5.72091 6.16394 -0.293674
7.04753 7.59329 -0.301441
8.34135 8.98731 -0.285396
11.4565 12.3437 -0.293961
18.34 19.7603 -0.313707
30.5569 32.9233 -0.261331
1.92814 2.09206 -0.29903
2.03044 2.20307 -0.297284
2.1654 2.3495 -0.298283
2.27251 2.46572 -0.29337
2.45492 2.66364 -0.295693
2.6796 2.90741 -0.299609
2.84961 3.09188 -0.294027
3.15691 3.4253 -0.298511
3.51647 3.81543 -0.302211
3.80062 4.12374 -0.293905
4.33652 4.7052 -0.298029
5.06805 5.49892 -0.304713
5.69585 6.18009 -0.293494
7.00849 7.60434 -0.300906
8.29457 8.99975 -0.284869
11.3901 12.3584 -0.293363
18.2427 19.7936 -0.313222
30.4016 32.9863 -0.260986
1.92402 2.10229 -0.299529
2.0158 2.20256 -0.296264
2.16356 2.36402 -0.299165
2.3328 2.54894 -0.3023
2.44737 2.67412 -0.295906
2.6754 2.92328 -0.300279
2.83456 3.09719 -0.293588
3.13663 3.42725 -0.297724
3.50326 3.82785 -0.302223
3.78833 4.13933 -0.294071
4.32532 4.72607 -0.298392
5.05042 5.51835 -0.304811
5.67281 6.19841 -0.293421
6.98553 7.63276 -0.301063
8.25225 9.01684 -0.284496
11.3484 12.3999 -0.293405
18.1702 19.8537 -0.313167
30.2565 33.0598 -0.26073
1.91701 2.10937 -0.299582
2.00615 2.20746 -0.295978
2.14757 2.36307 -0.298094
2.31103 2.54293 -0.300628
2.43215 2.6762 -0.295194
2.64771 2.9134 -0.298312
2.82557 3.1091 -0.29378
3.11982 3.43288 -0.297265
3.48226 3.83169 -0.301564
3.76641 4.14435 -0.293491
4.30616 4.73826 -0.29821
5.00241 5.50438 -0.303072
5.64149 6.20758 -0.29292
6.95061 7.64808 -0.300707
9.02597 9.93169 -0.312364
11.2845 12.4168 -0.29287
18.0586 19.8707 -0.312438
30.1001 33.1205 -0.260378
1.92174 2.12947 -0.301482
1.98564 2.20028 -0.294084
2.13477 2.36553 -0.297462
2.30107 2.54981 -0.300489
2.4251 2.68725 -0.295477
2.6402 2.9256 -0.298616
2.89343 3.20621 -0.301998
3.10219 3.43753 -0.296727
3.45652 3.83016 -0.300492
3.7459 4.15082 -0.293021
4.27228 4.73411 -0.297007
5.00678 5.548 -0.304509
5.62652 6.23474 -0.293273
6.9176 7.66538 -0.300436
8.98257 9.95357 -0.312063
11.2288 12.4426 -0.292552
17.9663 19.9084 -0.312041
29.9429 33.1797 -0.260019
1.90039 2.12066 -0.299293
1.98632 2.21656 -0.29533
2.12726 2.37383 -0.297569
2.2749 2.53858 -0.298228
2.41988 2.70037 -0.295988
2.63413 2.93945 -0.299089
2.88113 3.21508 -0.301885
3.0936 3.45218 -0.297058
3.43562 3.83385 -0.299838
3.72661 4.15857 -0.292647
4.24803 4.74042 -0.296471
4.96889 5.54484 -0.303381
5.58741 6.23505 -0.292367
6.88306 7.68088 -0.300099
8.94364 9.98031 -0.31192
11.1758 12.4712 -0.292305
17.8752 19.9472 -0.311669
29.8 33.2541 -0.259785
1.87638 2.10864 -0.29667
1.97701 2.22173 -0.295097
2.11905 2.38136 -0.297582
2.28361 2.56629 -0.300544
2.40562 2.70339 -0.295396
2.61607 2.93991 -0.298203
2.87502 3.23091 -0.302425
3.07648 3.4573 -0.296572
3.42649 3.85064 -0.300213
3.70002 4.15803 -0.291698
4.23642 4.76082 -0.296819
4.93234 5.54289 -0.30233
5.55223 6.23951 -0.291665
6.83391 7.67985 -0.299124
8.87986 9.97905 -0.31091
11.1237 12.5007 -0.292082
17.7967 19.9997 -0.311516
29.6341 33.3023 -0.259352
1.87913 2.12665 -0.298277
1.96878 2.22811 -0.29503
2.10562 2.38297 -0.296863
2.25311 2.5499 -0.2977
2.3965 2.71217 -0.295438
2.61163 2.95563 -0.298871
2.85575 3.23191 -0.301584
3.04319 3.44405 -0.294521
3.41349 3.86312 -0.300255
3.67645 4.16071 -0.290983
4.21586 4.77118 -0.296545
4.9135 5.56071 -0.302363
5.53078 6.2593 -0.291685
6.81368 7.71118 -0.299416
8.85284 10.0189 -0.311187
11.0508 12.5065 -0.291314
17.686 20.0156 -0.310799
29.4757 33.3582 -0.258984
1.85884 2.11855 -0.29623
1.99746 2.27654 -0.300517
2.09038 2.38245 -0.295886
2.25186 2.56649 -0.298717
2.38235 2.71522 -0.294862
2.5892 2.95096 -0.297482
2.85314 3.25178 -0.302506
3.02355 3.446 -0.293782
3.38503 3.85799 -0.298935
3.83323 4.36881 -0.304599
4.19589 4.78214 -0.296313
4.90204 5.58695 -0.302858
5.49627 6.2642 -0.291017
6.77783 7.72483 -0.299025
8.8167 10.0486 -0.311149
11.009 12.5472 -0.291365
17.6126 20.0735 -0.310741
29.3408 33.4403 -0.258823
1.85604 2.13033 -0.296969
1.9955 2.2904 -0.301424
2.08264 2.39042 -0.295972
2.24707 2.57914 -0.299275
2.37127 2.7217 -0.294666
2.58643 2.96865 -0.298353
2.82998 3.2482 -0.301251
3.00093 3.44442 -0.292752
3.37123 3.86944 -0.298907
3.81305 4.37656 -0.304208
4.16568 4.78129 -0.295357
4.86484 5.58378 -0.301762
5.47078 6.27927 -0.290827
6.73929 7.73524 -0.298514
8.75256 10.046 -0.310122
10.9498 12.568 -0.290959
17.5204 20.1097 -0.310352
29.1833 33.4961 -0.258465
1.85906 2.14891 -0.298651
1.97903 2.28758 -0.300142
2.0746 2.39805 -0.296016
2.2239 2.57063 -0.297383
2.4204 2.79777 -0.301983
2.55285 2.95087 -0.295668
2.81267 3.2512 -0.300616
3.00898 3.47811 -0.294721
3.34298 3.86419 -0.297598
3.7851 4.37523 -0.303195
4.13808 4.78325 -0.294583
4.84297 5.59804 -0.301617
5.45637 6.30708 -0.291231
6.69836 7.7427 -0.297898
8.70624 10.0636 -0.309724
10.8713 12.5663 -0.290038
17.4136 20.1286 -0.309703
24.7198 28.5738 -0.219816
1.85092 2.15467 -0.298551
1.96795 2.2909 -0.299673
2.06454 2.40334 -0.295778
2.22067 2.58509 -0.298157
2.39295 2.78565 -0.299771
2.55072 2.9693 -0.29662
2.80733 3.26803 -0.301264
2.98728 3.4775 -0.293783
3.33365 3.88072 -0.297972
3.76302 4.38055 -0.302651
4.12756 4.80491 -0.295028
4.81439 5.60445 -0.301055
5.42893 6.31984 -0.290943
6.66563 7.75949 -0.297646
8.6722 10.0954 -0.309766
10.8394 12.6182 -0.290359
17.3304 20.1744 -0.309475
24.6202 28.6605 -0.219819
1.83047 2.14598 -0.296459
1.95422 2.29106 -0.2988
2.05137 2.40495 -0.295093
2.21244 2.59379 -0.298267
2.39793 2.81125 -0.301623
2.54058 2.97848 -0.296649
2.77996 3.25913 -0.299546
2.96957 3.48142 -0.293236
3.297 3.86529 -0.295902
3.75383 4.40086 -0.303147
4.10784 4.81589 -0.294819
4.79158 5.61749 -0.300854
5.39562 6.32564 -0.29034
6.63966 7.7841 -0.297698
8.61911 10.1047 -0.309129
10.7772 12.6348 -0.289875
17.2451 20.2175 -0.30921
28.7305 33.6827 -0.257567
1.82354 2.15305 -0.296553
1.93735 2.28742 -0.29744
2.0467 2.41653 -0.295634
2.20387 2.6021 -0.298335
2.3872 2.81855 -0.30151
2.52605 2.9825 -0.296168
2.76052 3.25933 -0.298677
2.96098 3.49601 -0.293592
3.29705 3.89281 -0.297125
3.73144 4.40568 -0.302579
4.07515 4.8115 -0.293677
4.76858 5.63024 -0.300643
5.34904 6.31558 -0.289019
6.587 7.77723 -0.296554
8.57809 10.1281 -0.308925
10.7077 12.6426 -0.289192
17.139 20.2359 -0.308574
28.5697 33.7321 -0.25718
1.80707 2.14877 -0.295093
1.93054 2.29558 -0.297623
2.03449 2.41919 -0.295088
2.18416 2.59717 -0.296894
2.37849 2.82824 -0.301656
2.51611 2.99188 -0.296225
2.75735 3.27874 -0.299571
2.94332 3.49988 -0.293052
3.2743 3.89344 -0.296298
3.70743 4.40847 -0.301879
4.07375 4.84406 -0.294794
4.75208 5.65065 -0.300845
5.33027 6.33818 -0.289199
6.55513 7.79465 -0.296343
8.52977 10.1427 -0.308458
10.6625 12.6786 -0.289164
17.0645 20.2913 -0.308507
28.4295 33.8053 -0.256979
1.8037 2.16003 -0.295773
1.92842 2.30939 -0.298538
2.06403 2.4718 -0.300624
2.18522 2.61693 -0.298278
2.35878 2.82478 -0.300405
2.49604 2.98916 -0.295091
2.73362 3.27367 -0.298234
3.0384 3.63867 -0.303782
3.25658 3.89994 -0.295925
3.6874 4.41588 -0.301502
4.04148 4.83991 -0.29368
4.71449 5.64588 -0.299712
5.29917 6.34607 -0.288713
6.51408 7.80099 -0.295717
8.49024 10.1676 -0.308311
10.5978 12.6915 -0.28861
16.9737 20.327 -0.308147
26.7249 32.0046 -0.24258
1.79578 2.16589 -0.295714
1.92809 2.32546 -0.299743
2.06468 2.49021 -0.301984
2.16321 2.60904 -0.296516
2.34737 2.83116 -0.30021
2.48953 3.00261 -0.295559
2.72872 3.2911 -0.298951
3.00665 3.62631 -0.301872
3.24099 3.90895 -0.295748
3.67839 4.4365 -0.302031
4.01827 4.84643 -0.293222
4.68361 5.64889 -0.299001
5.26575 6.35101 -0.2881
6.49668 7.83563 -0.296168
8.44007 10.1796 -0.307779
10.5412 12.7137 -0.288277
16.8689 20.3456 -0.307533
28.1285 33.9258 -0.256395
1.79425 2.17949 -0.296714
1.91598 2.32736 -0.299122
2.03886 2.47663 -0.299471
2.15714 2.6203 -0.296938
2.33251 2.83332 -0.299574
2.46611 2.9956 -0.294019
2.69574 3.27454 -0.29659
3.00566 3.651 -0.303051
3.23508 3.92968 -0.296459
3.65687 4.44204 -0.301537
4.00493 4.86482 -0.293487
4.66344 5.66472 -0.298975
5.60894 6.81323 -0.308176
6.45476 7.84066 -0.295504
8.4069 10.2119 -0.307868
10.4972 12.751 -0.28829
16.787 20.3914 -0.307337
27.9832 33.9915 -0.256151
1.7821 2.18021 -0.295962
1.8833 2.30401 -0.295275
2.03616 2.49102 -0.30035
2.15246 2.63331 -0.297557
2.3216 2.84023 -0.299445
2.43979 2.98482 -0.292122
2.69259 3.2941 -0.297507
2.97432 3.63876 -0.301171
3.21237 3.92999 -0.295635
3.63169 4.44298 -0.300738
3.96501 4.85077 -0.291802
4.63097 5.6655 -0.29816
5.57277 6.81769 -0.307495
6.41297 7.84558 -0.294844
8.35491 10.2213 -0.30727
10.4356 12.7669 -0.287822
16.7014 20.4324 -0.307075
27.8273 34.0437 -0.25581
1.75573 2.16332 -0.292835
1.89263 2.33201 -0.298014
2.02417 2.49409 -0.299866
2.13983 2.6366 -0.297083
2.30786 2.84364 -0.298953
2.43924 3.00552 -0.293312
2.67909 3.30104 -0.297287
2.97501 3.66567 -0.302536
3.19653 3.93862 -0.295442
3.61078 4.44903 -0.300291
3.95824 4.87716 -0.292556
4.61804 5.69012 -0.298606
5.53701 6.82244 -0.306836
6.39253 7.87657 -0.295167
8.31804 10.2491 -0.307229
10.3812 12.7913 -0.287553
16.6179 20.4758 -0.306853
27.6905 34.1189 -0.255647
1.78195 2.21138 -0.298496
1.88204 2.33559 -0.297629
2.00577 2.48913 -0.298425
2.12438 2.63633 -0.296215
2.29991 2.85416 -0.299213
2.49597 3.09747 -0.301433
2.66495 3.30716 -0.296999
2.94926 3.65999 -0.301215
3.17712 3.94277 -0.294919
3.58791 4.45255 -0.299681
3.92466 4.87045 -0.291329
4.58505 5.68999 -0.297756
5.51345 6.84213 -0.306853
6.35896 7.89139 -0.294888
8.26539 10.2572 -0.306606
10.3324 12.8224 -0.28744
16.5201 20.5013 -0.306368
27.5361 34.1719 -0.255322
1.77398 2.2173 -0.298457
1.8694 2.33656 -0.296919
2.00974 2.51197 -0.30032
2.10024 2.62509 -0.294126
2.27869 2.84813 -0.297744
2.49222 3.11502 -0.302292
2.63797 3.2972 -0.295274
2.93149 3.66406 -0.300706
3.16165 3.95175 -0.294763
3.56938 4.46137 -0.299433
3.91463 4.8929 -0.291852
4.56712 5.70844 -0.297885
5.47555 6.84388 -0.306072
6.31005 7.88693 -0.293896
8.2287 10.285 -0.306576
10.2828 12.8524 -0.287306
16.4358 20.5431 -0.306133
27.3802 34.2225 -0.254984
1.77606 2.23586 -0.300118
1.85428 2.33433 -0.29581
1.99063 2.50598 -0.298771
2.09771 2.64079 -0.295061
2.27643 2.86578 -0.298755
2.49059 3.13537 -0.303421
2.64624 3.33132 -0.2975
2.91714 3.67235 -0.300548
3.14881 3.964 -0.294854
3.55261 4.47234 -0.299336
3.90099 4.91092 -0.292112
4.5267 5.69861 -0.296545
5.45694 6.86968 -0.306371
6.29464 7.92425 -0.294466
8.16171 10.2747 -0.305415
10.2271 12.8747 -0.287004
16.3543 20.5882 -0.305952
27.238 34.2896 -0.254774
1.77252 2.24748 -0.300845
1.85075 2.34668 -0.296555
1.97893 2.5092 -0.298329
2.08148 2.63923 -0.294073
2.253 2.85671 -0.296988
2.47373 3.13658 -0.3027
2.62772 3.33184 -0.296725
2.90907 3.68857 -0.301042
3.12181 3.95832 -0.293619
3.53079 4.4769 -0.298813
3.87551 4.91399 -0.291488
4.52475 5.73719 -0.297729
5.41218 6.86242 -0.305202
6.2552 7.93133 -0.293915
8.13344 10.3129 -0.305704
10.1606 12.8833 -0.286401
16.2641 20.6222 -0.305611
27.0825 34.3395 -0.25444
1.76776 2.25762 -0.301374
1.83696 2.34599 -0.295655
1.97553 2.52297 -0.299143
2.0712 2.64515 -0.293925
2.25493 2.87979 -0.298566
2.44529 3.12289 -0.300552
2.61392 3.33826 -0.296482
2.88618 3.68596 -0.300004
3.12237 3.9876 -0.29498
3.5097 4.48226 -0.298351
3.85264 4.92023 -0.291058
4.49564 5.74142 -0.297131
5.38666 6.87935 -0.305117
6.2154 7.93774 -0.293346
8.07845 10.3171 -0.30499
10.1092 12.9105 -0.28622
16.1818 20.6659 -0.305418
26.9542 34.4234 -0.254362
1.74958 2.25055 -0.299612
1.82001 2.34115 -0.294241
1.97107 2.53547 -0.299807
2.1176 2.72396 -0.301858
2.24359 2.88602 -0.298398
2.44141 3.14048 -0.301423
2.59614 3.33952 -0.295787
2.86762 3.68874 -0.299413
3.08675 3.9706 -0.292923
3.49704 4.49838 -0.298609
4.02149 5.173 -0.305178
4.47798 5.76021 -0.297292
5.36235 6.8978 -0.305102
6.18679 7.95832 -0.293306
8.05087 10.3562 -0.305312
10.0538 12.9326 -0.285929
16.0813 20.686 -0.304884
26.8011 34.4754 -0.254053
1.73305 2.24543 -0.298123
1.81572 2.35255 -0.294876
1.94483 2.51983 -0.297153
2.09708 2.71709 -0.300283
2.22703 2.88546 -0.297534
2.43474 3.15459 -0.301958
2.5825 3.34603 -0.295562
2.85513 3.69926 -0.299456
3.08937 4.00276 -0.294497
3.48375 4.51374 -0.298819
3.98986 5.16948 -0.304146
4.44043 5.75327 -0.296132
5.33582 6.91338 -0.304965
6.15687 7.97718 -0.293207
8.00113 10.3667 -0.304798
9.99386 12.9486 -0.285509
15.9894 20.7167 -0.304512
26.6502 34.5295 -0.253764
1.72867 2.25601 -0.298724
1.80443 2.35488 -0.294376
1.94384 2.53682 -0.298354
2.1018 2.74297 -0.30233
2.21614 2.89218 -0.297427
2.40768 3.14215 -0.299961
2.56498 3.34744 -0.294894
2.84718 3.71573 -0.299982
3.05537 3.98742 -0.292582
3.46771 4.52555 -0.298797
3.98172 5.19637 -0.304908
4.43163 5.78352 -0.29689
5.31673 6.93862 -0.305257
6.12379 7.99188 -0.292959
7.95443 10.381 -0.304398
9.93435 12.9649 -0.285102
15.9229 20.7803 -0.304626
26.5139 34.602 -0.253615
1.71759 2.25784 -0.29817
1.7937 2.35789 -0.293966
1.93768 2.54716 -0.298772
2.07916 2.73314 -0.300445
2.19573 2.88638 -0.29604
2.40303 3.15888 -0.300755
2.5526 3.3555 -0.294817
2.8285 3.71818 -0.29938
3.04807 4.00681 -0.293222
3.43565 4.51631 -0.297392
3.95856 5.20369 -0.304524
4.39224 5.77379 -0.295601
5.2746 6.93368 -0.304228
6.08601 8.00031 -0.292487
7.91091 10.3992 -0.304121
9.88151 12.9897 -0.284886
15.8247 20.8022 -0.304136
26.3474 34.6348 -0.253179
1.71545 2.27145 -0.299175
1.8339 2.4283 -0.301944
1.92179 2.54467 -0.29769
2.07155 2.74297 -0.300728
2.18412 2.89202 -0.295834
2.37602 3.14612 -0.298748
2.53225 3.35299 -0.293817
2.80372 3.71244 -0.298128
3.02923 4.01105 -0.292756
3.42676 4.53743 -0.297993
3.9285 5.20179 -0.303608
4.37069 5.7873 -0.295509
5.24451 6.94433 -0.303889
6.05218 8.01378 -0.292205
7.87658 10.4295 -0.3042
9.83622 13.0243 -0.28489
15.7275 20.8251 -0.303665
26.2323 34.7346 -0.253237
1.6972 2.26368 -0.297368
1.81186 2.41661 -0.299702
1.89134 2.52263 -0.294337
2.04789 2.73143 -0.298676
2.16346 2.88557 -0.294399
2.3687 3.15932 -0.299213
2.51541 3.35499 -0.29322
2.79339 3.72576 -0.298412
3.00259 4.00478 -0.291531
3.39417 4.52707 -0.296532
3.91784 5.22552 -0.304193
4.35131 5.80368 -0.295568
5.21365 6.95385 -0.303507
6.02283 8.03311 -0.292141
7.81296 10.4207 -0.303147
9.79129 13.0594 -0.284908
15.6479 20.8708 -0.303533
26.0799 34.7848 -0.252937
1.68897 2.26918 -0.297314
1.81309 2.43594 -0.301312
1.89824 2.55035 -0.296796
2.05426 2.75996 -0.30101
2.16299 2.90604 -0.295715
2.36196 3.17337 -0.299761
2.52138 3.38755 -0.295294
2.78048 3.73566 -0.298425
3.11641 4.187 -0.304001
3.38474 4.5475 -0.297094
3.88884 5.22477 -0.303356
4.32372 5.80905 -0.29507
5.19251 6.9763 -0.303693
5.99354 8.05251 -0.292083
7.79953 10.4789 -0.304044
9.73007 13.0727 -0.284454
15.5674 20.9152 -0.303386
25.9353 34.8449 -0.252714
1.68715 2.28334 -0.298395
1.79585 2.43046 -0.299857
1.88439 2.55028 -0.29602
2.0385 2.75886 -0.300111
2.15159 2.91191 -0.295546
2.33931 3.16597 -0.298288
2.4938 3.37505 -0.293444
2.75379 3.72691 -0.296956
3.10877 4.20734 -0.304688
3.36943 4.56011 -0.297147
3.8689 5.23607 -0.303226
4.30259 5.82301 -0.295014
5.16281 6.98722 -0.303381
5.94724 8.04885 -0.291195
7.74339 10.4797 -0.303281
9.66392 13.0789 -0.283854
15.4835 20.955 -0.303176
22.0719 29.8716 -0.216085
1.66567 2.27083 -0.295998
1.79572 2.44813 -0.301261
1.88517 2.57008 -0.297552
2.02853 2.76553 -0.300064
2.13377 2.909 -0.294492
2.32566 3.17061 -0.297958
2.48272 3.38472 -0.293529
2.74358 3.74036 -0.297262
3.08129 4.20077 -0.30343
3.34316 4.55777 -0.296232
3.84789 5.24588 -0.303014
4.27845 5.83288 -0.294755
5.12913 6.99262 -0.302836
5.92454 8.07701 -0.291463
7.68901 10.4825 -0.302584
9.61996 13.115 -0.283907
15.3862 20.9762 -0.302704
25.6281 34.9392 -0.252093
1.65777 2.27669 -0.296005
1.77979 2.44427 -0.300019
1.86904 2.56684 -0.296419
2.02277 2.77796 -0.300644
2.12728 2.92149 -0.295002
2.3109 3.17368 -0.297486
2.46608 3.38679 -0.292959
2.73027 3.74961 -0.297237
3.053 4.19284 -0.302085
3.32336 4.56413 -0.295889
3.83469 5.26636 -0.303421
4.25703 5.84638 -0.294684
5.10538 7.01146 -0.302878
5.88756 8.08566 -0.291031
7.65803 10.5171 -0.302808
9.55969 13.1288 -0.28348
15.3071 21.022 -0.302591
25.51 35.0341 -0.252134
1.64917 2.28159 -0.295891
1.78251 2.46606 -0.301927
1.85168 2.56176 -0.295084
1.99612 2.7616 -0.298117
2.11314 2.92348 -0.294456
2.29784 3.17901 -0.297231
2.53484 3.50689 -0.30258
2.72162 3.7653 -0.297725
3.04615 4.21428 -0.302862
3.30548 4.57306 -0.295718
3.8117 5.2734 -0.303057
4.21926 5.83726 -0.29348
5.06263 7.00404 -0.301791
5.85499 8.10026 -0.290819
7.60276 10.5183 -0.302074
9.50772 13.1537 -0.283299
15.2212 21.0582 -0.302345
25.3579 35.0821 -0.25184
1.64108 2.28719 -0.295872
1.75822 2.45045 -0.299262
1.84417 2.57023 -0.295316
1.98621 2.7682 -0.298079
2.09622 2.92152 -0.293519
2.29519 3.19882 -0.298333
2.51596 3.50651 -0.301787
2.70184 3.76557 -0.296999
3.03481 4.22963 -0.303201
3.28487 4.57814 -0.295302
3.77876 5.26649 -0.3019
4.20256 5.85714 -0.293739
5.05625 7.04693 -0.302877
5.81894 8.1099 -0.290433
7.56578 10.5445 -0.302066
9.46033 13.1849 -0.283258
15.1484 21.1124 -0.302362
25.2145 35.1417 -0.251634
1.63844 2.30043 -0.296843
1.76001 2.47111 -0.301033
1.83166 2.57171 -0.294749
1.98875 2.79227 -0.299921
2.10199 2.95127 -0.295769
2.27587 3.1954 -0.29727
2.5214 3.54013 -0.303921
2.68659 3.77207 -0.296769
3.01414 4.23196 -0.302611
3.26769 4.58795 -0.295197
3.76326 5.28375 -0.302134
4.18519 5.87616 -0.293958
5.01012 7.03439 -0.301584
5.77901 8.11393 -0.289853
7.51577 10.5524 -0.30154
9.40551 13.2057 -0.282996
15.0382 21.1141 -0.301632
25.0692 35.198 -0.251409
1.61539 2.28491 -0.29411
1.74023 2.4615 -0.29912
1.83156 2.59068 -0.296188
1.96377 2.77769 -0.297616
2.06746 2.92436 -0.292346
2.26493 3.20366 -0.297301
2.49286 3.52606 -0.301964
2.67006 3.7767 -0.296399
2.98408 4.22088 -0.301072
3.26085 4.61236 -0.296033
3.74536 5.29769 -0.302181
4.15489 5.87695 -0.29327
4.99085 7.05939 -0.301906
5.7528 8.13715 -0.289963
7.48615 10.5889 -0.301833
9.34628 13.22 -0.282602
14.9666 21.1698 -0.301678
24.9359 35.271 -0.251306
1.6024 2.28342 -0.293196
1.73309 2.46966 -0.299373
1.81667 2.58875 -0.29524
1.95775 2.7898 -0.298179
2.12282 3.02503 -0.301667
2.24884 3.20461 -0.296658
2.47722 3.53004 -0.301561
2.66551 3.79835 -0.297365
2.97555 4.24016 -0.301704
3.22954 4.6021 -0.294648
3.71522 5.29419 -0.301239
4.13313 5.88972 -0.293185
4.9555 7.06159 -0.301258
5.7145 8.14318 -0.289464
7.43669 10.5973 -0.30133
9.29123 13.24 -0.282334
14.8731 21.1942 -0.301285
23.5399 33.5444 -0.238417
23.5917 33.6182 -2.05351e-06
1.60623 2.30597 -0.295369
1.71897 2.46782 -0.298421
1.80293 2.58837 -0.294476
1.94765 2.79612 -0.298126
2.11222 3.03239 -0.301664
2.2357 3.20966 -0.296401
2.45819 3.52908 -0.300743
2.63793 3.78711 -0.295762
2.96462 4.25613 -0.302101
3.21608 4.61713 -0.29489
3.6887 5.29565 -0.300587
4.11858 5.9128 -0.293616
4.93218 7.08084 -0.301343
5.69356 8.1739 -0.289848
7.38722 10.6054 -0.300825
9.24672 13.275 -0.282389
14.7812 21.2205 -0.300922
24.6334 35.3648 -0.250742
1.59745 2.31053 -0.295237
1.71491 2.48043 -0.299219
1.80928 2.61691 -0.297003
1.93106 2.79306 -0.297078
2.09217 3.02609 -0.300307
2.22683 3.22085 -0.296714
2.44382 3.53472 -0.300495
2.62973 3.80361 -0.296331
2.93999 4.25237 -0.301104
3.19786 4.62535 -0.294699
3.68137 5.32468 -0.301504
4.09389 5.92135 -0.293328
4.89403 7.07867 -0.300521
5.65709 8.18235 -0.289445
7.3509 10.6322 -0.300856
9.19631 13.3014 -0.282267
14.6989 21.2604 -0.300758
24.4976 35.4331 -0.250618
1.5929 2.32124 -0.295893
1.70211 2.4804 -0.298496
1.82148 2.65434 -0.300527
1.92728 2.80851 -0.298004
2.08565 3.0393 -0.300894
2.21574 3.22887 -0.296738
2.44353 3.56082 -0.301987
2.60193 3.79165 -0.294689
2.92158 4.25745 -0.300739
3.17309 4.62396 -0.293903
3.65184 5.32163 -0.300606
4.0594 5.91553 -0.292336
4.87445 7.10326 -0.30084
5.62251 8.19337 -0.289138
7.30149 10.6401 -0.300354
9.13729 13.3153 -0.281881
14.6114 21.2924 -0.300487
24.36 35.4984 -0.250477
1.57943 2.31894 -0.294895
1.69087 2.48255 -0.298043
1.81719 2.66802 -0.301355
1.92051 2.81971 -0.298479
2.06842 3.03688 -0.299937
2.20803 3.24185 -0.29722
2.44059 3.5833 -0.303168
2.60179 3.81998 -0.296183
2.90796 4.2695 -0.300871
3.16482 4.64662 -0.294639
3.63248 5.33325 -0.300545
4.04463 5.93837 -0.292765
4.84898 7.11933 -0.300801
5.59043 8.20793 -0.288961
7.26598 10.668 -0.300424
9.0902 13.3463 -0.281865
14.5279 21.3301 -0.300301
24.229 35.5733 -0.250406
1.56864 2.32047 -0.29439
1.69269 2.50399 -0.299905
1.80003 2.66277 -0.30005
1.9098 2.82514 -0.298346
2.06095 3.04875 -0.300396
2.20065 3.25541 -0.297756
2.40245 3.55393 -0.299971
2.57843 3.81425 -0.295038
2.88769 4.27173 -0.300315
3.1388 4.6432 -0.293724
3.61788 5.3519 -0.300881
4.01306 5.93648 -0.291978
4.8114 7.11746 -0.300011
5.55052 8.21084 -0.288379
7.21375 10.6712 -0.299804
9.03606 13.367 -0.281632
14.4419 21.3638 -0.300063
24.0728 35.6106 -0.250076
1.60764 2.39617 -0.30328
1.67303 2.49363 -0.297962
1.79523 2.67577 -0.300806
1.88747 2.81324 -0.29639
2.05414 3.06167 -0.300961
2.18433 3.25571 -0.297084
2.40103 3.5787 -0.301352
2.57119 3.83232 -0.29574
2.86056 4.26362 -0.299041
3.11539 4.64345 -0.293051
3.58831 5.34833 -0.299974
3.99185 5.9498 -0.291946
4.79159 7.1418 -0.300329
5.52182 8.23019 -0.28838
7.18274 10.7058 -0.300067
8.97494 13.377 -0.281182
14.3655 21.4117 -0.300029
23.9421 35.6853 -0.250011
1.5801 2.37299 -0.299646
1.66605 2.50208 -0.298275
1.78477 2.68036 -0.30062
1.87964 2.82285 -0.296709
2.03574 3.05727 -0.299827
2.16545 3.25208 -0.296061
2.3819 3.57714 -0.300519
2.54569 3.82311 -0.294341
2.86314 4.29986 -0.300879
3.10975 4.67022 -0.294052
3.56833 5.35892 -0.299867
3.96257 5.95099 -0.291323
4.75295 7.13797 -0.299468
5.49354 8.2502 -0.288406
7.13834 10.7204 -0.299775
8.92277 13.4002 -0.281012
14.2638 21.4214 -0.299465
23.782 35.7158 -0.249642
1.58112 2.3926 -0.301423
1.65975 2.51159 -0.298715
1.7795 2.6928 -0.301316
1.86478 2.82184 -0.295917
2.02824 3.0692 -0.300301
2.1457 3.24694 -0.294909
2.362 3.57425 -0.29958
2.54157 3.84599 -0.295417
2.84015 4.29781 -0.30004
3.09089 4.67723 -0.293812
3.55616 5.38129 -0.300422
3.94014 5.96234 -0.291203
4.73037 7.15815 -0.299619
5.46163 8.26471 -0.288245
7.10633 10.7535 -0.300007
8.86577 13.416 -0.280691
14.1859 21.4665 -0.299402
23.6619 35.806 -0.249692
1.56955 2.39322 -0.300808
1.63447 2.49221 -0.29573
1.76021 2.68394 -0.299635
1.85644 2.83066 -0.29616
2.0116 3.06726 -0.299421
2.13194 3.25075 -0.294577
2.35825 3.59583 -0.300697
2.52459 3.84945 -0.295004
2.82862 4.31304 -0.300411
3.06774 4.67764 -0.293163
3.52679 5.37759 -0.299526
3.92471 5.98433 -0.291606
4.70801 7.17871 -0.29979
5.42166 8.26686 -0.287658
7.05439 10.7564 -0.299398
8.82314 13.4534 -0.280828
14.1087 21.5128 -0.299357
23.5114 35.8498 -0.249424
1.55422 2.388 -0.299467
1.63615 2.51388 -0.297621
1.75416 2.6952 -0.300206
1.8463 2.83678 -0.296123
2.00637 3.0827 -0.300243
2.13128 3.27463 -0.296065
2.32523 3.57263 -0.298076
2.50993 3.85641 -0.294863
2.80679 4.31253 -0.299691
3.05039 4.68681 -0.293068
3.49946 5.37679 -0.298798
3.89321 5.98176 -0.290816
4.66743 7.17133 -0.298799
5.40162 8.29939 -0.288131
7.02059 10.7869 -0.299561
8.77319 13.4797 -0.280735
14.0244 21.5479 -0.299163
23.3751 35.9149 -0.249307
1.54819 2.39701 -0.299917
1.61839 2.50569 -0.295981
1.73772 2.69046 -0.299
1.82906 2.83187 -0.294942
1.99105 3.08268 -0.299561
2.11741 3.27832 -0.295727
2.32134 3.59405 -0.299185
2.50084 3.87197 -0.295383
2.79046 4.32037 -0.299556
3.03746 4.70279 -0.293402
3.49139 5.40559 -0.299719
3.86822 5.98904 -0.290511
4.64565 7.19269 -0.299011
5.36033 8.29921 -0.287473
6.98394 10.813 -0.299607
8.70618 13.4795 -0.280096
13.9425 21.5867 -0.299023
23.2266 35.9609 -0.249062
1.54464 2.40994 -0.300859
1.60847 2.50952 -0.295768
1.72919 2.69788 -0.299151
1.82045 2.84026 -0.295151
1.97972 3.08876 -0.299478
2.10369 3.28218 -0.295411
2.31263 3.60816 -0.299685
2.48707 3.88032 -0.295355
2.77133 4.32382 -0.299123
3.01469 4.70352 -0.292788
3.45598 5.39201 -0.298295
3.83933 5.99011 -0.289911
4.61634 7.2024 -0.298742
5.32721 8.31149 -0.287252
6.92718 10.8078 -0.29879
8.65584 13.5048 -0.279993
13.8532 21.6138 -0.298726
23.0712 35.9956 -0.248742
1.52805 2.4025 -0.299261
1.59541 2.50839 -0.294976
1.72457 2.71148 -0.299989
1.81497 2.8536 -0.295877
1.96758 3.09354 -0.299274
2.09617 3.29572 -0.295968
2.29657 3.6108 -0.299236
2.45935 3.86673 -0.293665
2.76199 4.34257 -0.29975
2.99746 4.71278 -0.292712
3.43943 5.40768 -0.298495
3.81851 6.00368 -0.289921
4.59755 7.22854 -0.299159
5.29888 8.33121 -0.287292
6.88603 10.8266 -0.298645
8.60804 13.5341 -0.279974
13.7751 21.6581 -0.298672
22.952 36.0864 -0.248814
1.51646 2.40277 -0.298633
1.58234 2.50715 -0.294178
1.71314 2.71439 -0.299647
1.80306 2.85686 -0.295561
1.9497 3.08922 -0.298195
2.07025 3.28022 -0.293925
2.28726 3.62406 -0.299671
2.45188 3.88489 -0.294393
2.73342 4.33099 -0.29829
2.98023 4.72205 -0.292639
3.42871 5.43264 -0.29921
3.80658 6.03136 -0.290613
4.56552 7.23386 -0.298717
5.26419 8.34086 -0.286989
6.84287 10.8422 -0.298414
8.5437 13.5371 -0.279418
13.6848 21.6829 -0.298353
22.8119 36.1444 -0.248663
1.51012 2.41134 -0.299041
1.57459 2.51428 -0.294368
1.70234 2.71828 -0.299418
1.78967 2.85772 -0.295
1.946 3.10734 -0.299286
2.05509 3.28153 -0.293398
2.2605 3.60954 -0.297816
2.43079 3.88145 -0.293487
2.72566 4.3523 -0.2991
2.95743 4.72239 -0.292018
3.39703 5.42432 -0.298097
3.78529 6.0443 -0.290598
4.53197 7.23658 -0.298174
5.22969 8.35069 -0.286697
6.80196 10.8613 -0.298282
8.49914 13.5713 -0.279509
13.6048 21.724 -0.298262
22.6664 36.1934 -0.248454
1.4967 2.40857 -0.298047
1.56841 2.52397 -0.294859
1.69523 2.72806 -0.299842
1.79026 2.88099 -0.296756
1.936 3.11551 -0.29942
2.05171 3.30173 -0.294561
2.25291 3.62551 -0.298482
2.42125 3.89642 -0.293977
2.69996 4.34492 -0.297943
2.92924 4.7139 -0.290858
3.37698 5.43442 -0.298002
3.75474 6.04234 -0.289871
4.50129 7.24373 -0.297819
5.20393 8.37444 -0.286887
6.75109 10.8642 -0.297714
8.4472 13.5937 -0.279361
13.5177 21.7534 -0.298017
22.5167 36.2351 -0.248199
1.49213 2.42003 -0.298818
1.55674 2.52482 -0.294321
1.67995 2.72466 -0.298821
1.77261 2.87494 -0.295493
1.91908 3.1125 -0.298484
2.04492 3.31658 -0.295247
2.23483 3.6246 -0.297762
2.40034 3.89302 -0.293086
2.67491 4.33834 -0.29685
2.9085 4.71719 -0.290433
3.35778 5.44587 -0.297984
3.73942 6.06483 -0.290322
4.48601 7.2757 -0.298487
5.17214 8.38851 -0.286748
6.7306 10.9161 -0.29849
9.60014 15.5701 -0.319287
13.4453 21.8065 -0.298098
33.5816 54.4648 -0.37226
1.48508 2.42754 -0.299103
1.55553 2.5427 -0.295769
1.66806 2.72665 -0.298399
1.75415 2.86737 -0.294083
1.90881 3.12018 -0.29858
2.03233 3.32209 -0.295104
2.23155 3.64773 -0.29902
2.38796 3.90341 -0.293239
2.67377 4.3706 -0.298416
2.9075 4.75266 -0.291989
3.33983 5.45935 -0.298082
3.92936 6.42301 -0.306809
4.44892 7.2723 -0.297708
5.57428 9.11183 -0.310806
6.67845 10.9167 -0.297867
9.52787 15.5744 -0.318691
13.3527 21.8266 -0.297733
19.0278 31.1032 -0.212131
19.0451 31.1316 -1.82475e-06
1.46583 2.41498 -0.296923
1.54153 2.5397 -0.294793
1.66229 2.73866 -0.299076
1.74591 2.87642 -0.294384
1.90123 3.13232 -0.299104
2.01538 3.32039 -0.294325
2.2167 3.65206 -0.298739
2.37768 3.91728 -0.293655
2.66178 4.38534 -0.298786
3.01944 4.9746 -0.304975
3.31502 5.46156 -0.297569
3.90728 6.43733 -0.306839
4.42502 7.29031 -0.297811
5.52849 9.1083 -0.310025
6.63359 10.929 -0.297567
9.47919 15.6172 -0.318886
13.2693 21.8615 -0.297575
33.1626 54.636 -0.371838
1.4664 2.43506 -0.29876
1.53557 2.54993 -0.295356
1.65133 2.74215 -0.298825
1.74024 2.88979 -0.295128
1.88723 3.13387 -0.298621
1.98398 3.29454 -0.291418
2.2013 3.65542 -0.298383
2.44534 4.06066 -0.303761
2.63496 4.37554 -0.297489
2.988 4.96179 -0.303548
3.29894 5.47813 -0.297841
3.87434 6.43362 -0.306015
4.39205 7.29332 -0.297305
5.49127 9.11865 -0.309722
6.58834 10.9404 -0.29725
9.41344 15.6317 -0.318509
13.1884 21.9002 -0.297474
32.9478 54.7122 -0.371571
1.45631 2.43753 -0.298437
1.52292 2.54902 -0.294632
1.63723 2.74036 -0.298005
1.73298 2.90062 -0.295614
1.87381 3.13633 -0.298229
2.04479 3.42251 -0.302104
2.18927 3.66434 -0.298485
2.42365 4.05664 -0.302825
2.61392 4.37511 -0.296837
2.97783 4.98422 -0.304282
3.28645 5.50077 -0.298447
3.85468 6.45186 -0.30624
4.36085 7.29908 -0.296917
5.45662 9.13314 -0.309565
6.55462 10.9709 -0.297456
9.3679 15.6798 -0.318819
13.1039 21.933 -0.297295
32.7511 54.818 -0.37151
1.45196 2.44964 -0.299297
1.5103 2.54807 -0.293911
1.6253 2.7421 -0.297575
1.75871 2.96717 -0.301769
1.86243 3.14217 -0.298164
2.03458 3.4326 -0.302365
2.16878 3.65901 -0.297432
2.40511 4.05773 -0.302277
2.60685 4.3981 -0.297777
2.96549 5.00317 -0.304804
3.25605 5.49339 -0.297427
3.83158 6.46438 -0.306197
4.33987 7.32194 -0.297228
5.42501 9.1527 -0.309584
6.5132 10.9886 -0.297316
9.29993 15.6902 -0.318369
13.0162 21.9601 -0.297045
20.6078 34.7681 -0.235139
20.6252 34.7975 -2.02254e-06
1.42934 2.4308 -0.296384
1.5434 2.62478 -0.302135
1.61483 2.74626 -0.297412
1.75092 2.9777 -0.302216
1.84732 3.14164 -0.2975
2.02299 3.44039 -0.302427
2.1607 3.67458 -0.298082
2.39633 4.07531 -0.302962
2.59268 4.40924 -0.297917
2.93529 4.99189 -0.303491
3.23326 5.49864 -0.297098
3.80676 6.47396 -0.306019
4.30841 7.32709 -0.296825
5.39506 9.1751 -0.309702
6.45879 10.9841 -0.296582
9.23736 15.7095 -0.318104
12.9357 21.9991 -0.296959
32.3306 54.983 -0.371088
1.43146 2.45398 -0.298598
1.52419 2.61296 -0.30016
1.61351 2.76609 -0.298948
1.73348 2.97175 -0.300995
1.83889 3.15246 -0.297914
2.00236 3.4327 -0.301134
2.14658 3.67993 -0.297906
2.37908 4.07851 -0.30258
2.56637 4.39959 -0.296657
2.92099 5.00753 -0.303819
3.21729 5.51548 -0.297399
3.781 6.48187 -0.305767
4.27784 7.33361 -0.296482
5.34575 9.16435 -0.308707
6.41311 10.9942 -0.296246
9.18075 15.7388 -0.318046
12.8571 22.0413 -0.296921
32.122 55.0676 -0.370899
1.41837 2.45119 -0.297653
1.52832 2.64119 -0.302788
1.58873 2.74559 -0.29613
1.72551 2.98198 -0.301419
1.82387 3.15195 -0.297262
2.00645 3.46749 -0.30357
2.12373 3.67016 -0.296513
2.36363 4.08475 -0.302428
2.5489 4.40492 -0.296414
2.91268 5.0336 -0.304782
3.19015 5.51312 -0.296669
3.76025 6.49834 -0.305923
4.25753 7.35773 -0.296854
5.32107 9.1957 -0.309135
6.37692 11.0204 -0.296351
9.12225 15.7648 -0.317925
12.7705 22.0696 -0.296699
31.9244 55.1707 -0.370841
1.40692 2.45111 -0.297045
1.50478 2.6216 -0.299938
1.58272 2.75739 -0.296805
1.711 2.98086 -0.3007
1.81968 3.17021 -0.298383
1.98096 3.45118 -0.301534
2.11415 3.68323 -0.29697
2.34868 4.09181 -0.302342
2.54471 4.43335 -0.297727
2.88374 5.02398 -0.303588
3.17469 5.53088 -0.297026
3.71829 6.47793 -0.304349
4.23672 7.38112 -0.297199
5.28989 9.21594 -0.309192
6.34303 11.0507 -0.296569
9.06362 15.7904 -0.317802
12.6794 22.0898 -0.296373
31.7131 55.25 -0.370627
1.40175 2.46198 -0.297767
1.50591 2.64492 -0.302002
1.58432 2.78264 -0.298926
1.703 2.99109 -0.30113
1.79639 3.15511 -0.29637
1.96652 3.45392 -0.301171
2.09883 3.6863 -0.296625
2.3394 4.10882 -0.302993
2.51163 4.41133 -0.295657
2.86068 5.02439 -0.303007
3.14815 5.52929 -0.296348
3.70415 6.50583 -0.305049
4.20435 7.38436 -0.296736
5.25048 9.22173 -0.30877
6.30055 11.066 -0.296388
8.9948 15.7981 -0.317322
12.5964 22.1237 -0.296237
31.5027 55.3301 -0.370424
1.38477 2.45203 -0.295978
1.49995 2.65599 -0.302666
1.55536 2.75411 -0.295275
1.69262 2.99715 -0.301143
1.7894 3.16852 -0.29704
1.95853 3.468 -0.301801
2.08248 3.68749 -0.296134
2.32222 4.112 -0.302627
2.50629 4.43793 -0.296852
2.8484 5.04371 -0.30357
3.1204 5.52535 -0.295551
3.67891 6.51432 -0.304843
4.17068 7.3851 -0.296178
5.22181 9.24635 -0.308981
6.27138 11.1048 -0.296838
8.93721 15.8253 -0.317239
12.5152 22.161 -0.296148
31.2888 55.4037 -0.370183
1.38378 2.4704 -0.297609
1.48612 2.6531 -0.301743
1.55901 2.78323 -0.297811
1.68827 3.014 -0.302241
1.77571 3.1701 -0.296605
1.9353 3.455 -0.300079
2.07807 3.70988 -0.297347
2.30191 4.1095 -0.30185
2.48753 4.44088 -0.296466
2.82056 5.03542 -0.302476
3.10372 5.54094 -0.295803
3.65829 6.53098 -0.305023
4.15059 7.40986 -0.296588
5.18668 9.25955 -0.308815
6.22102 11.1061 -0.296289
8.89066 15.8721 -0.317553
12.437 22.2031 -0.296129
31.0966 55.5154 -0.370201
1.37207 2.46968 -0.296944
1.46856 2.64337 -0.300051
1.54482 2.78063 -0.296953
1.65968 2.98737 -0.298988
1.75617 3.16105 -0.295182
1.93108 3.47589 -0.301306
2.05632 3.70133 -0.296084
2.27943 4.10291 -0.300779
2.47403 4.45319 -0.296709
2.80945 5.05693 -0.303177
3.08701 5.55653 -0.296058
3.6321 6.53769 -0.304742
4.11974 7.41543 -0.296233
5.15209 9.27363 -0.308682
6.17703 11.1185 -0.296042
8.82449 15.8838 -0.317169
12.3546 22.2379 -0.296015
30.8895 55.6003 -0.370045
1.3626 2.47296 -0.296763
1.46561 2.6599 -0.301344
1.53647 2.78851 -0.29722
1.66044 3.01349 -0.30102
1.75823 3.19097 -0.297401
1.92142 3.48715 -0.301698
2.04331 3.70836 -0.296074
2.27359 4.12629 -0.301908
2.45239 4.45078 -0.295976
2.78343 5.05158 -0.302271
3.07183 5.575 -0.296468
3.60572 6.54394 -0.304444
4.08894 7.42093 -0.29588
5.11817 9.28885 -0.308592
6.13139 11.1277 -0.295716
8.76886 15.9144 -0.317166
12.2726 22.2733 -0.295914
30.6865 55.6922 -0.369941
1.35966 2.48814 -0.298013
1.46657 2.68378 -0.303468
1.52287 2.78682 -0.296471
1.64761 3.01509 -0.300603
1.73523 3.17542 -0.295385
1.90953 3.49439 -0.301746
2.04092 3.73484 -0.297616
2.26073 4.13708 -0.302118
2.44775 4.47931 -0.297303
2.77605 5.08009 -0.303395
3.05046 5.58226 -0.296286
3.58231 6.55553 -0.304399
4.0612 7.43189 -0.29575
5.07412 9.28551 -0.30789
6.09132 11.1469 -0.29566
8.70037 15.9214 -0.316698
12.1868 22.3015 -0.295722
30.4648 55.7498 -0.369615
1.34503 2.48193 -0.296705
1.44793 2.67181 -0.30154
1.51973 2.8043 -0.297764
1.63155 3.01064 -0.299589
1.72764 3.18795 -0.295987
1.90094 3.50772 -0.302322
2.01436 3.71703 -0.295635
2.24344 4.13973 -0.301738
2.423 4.47107 -0.296192
2.75681 5.08704 -0.303233
3.0314 5.59373 -0.296331
3.55773 6.56494 -0.304257
4.03582 7.44714 -0.295794
5.0388 9.2979 -0.307716
6.06057 11.1833 -0.296062
8.65048 15.9624 -0.31691
12.1098 22.3458 -0.295745
30.2579 55.8337 -0.369468
1.34124 2.49572 -0.297791
1.43427 2.66883 -0.300636
1.50735 2.8048 -0.297256
1.62511 3.02393 -0.300345
1.72238 3.20492 -0.297003
1.88703 3.5113 -0.30206
2.00272 3.72656 -0.295835
2.22686 4.14363 -0.301453
2.40263 4.47069 -0.295609
2.73096 5.08164 -0.302341
3.01367 5.60769 -0.296511
3.54254 6.59177 -0.304926
4.00957 7.46081 -0.295779
5.00699 9.31676 -0.307759
6.00604 11.1757 -0.295303
8.58914 15.9822 -0.316707
12.0219 22.3698 -0.295506
30.0597 55.9336 -0.369431
1.32892 2.49364 -0.296988
1.42058 2.66564 -0.299716
1.48528 2.78705 -0.294823
1.61872 3.03743 -0.301123
1.70204 3.19378 -0.295417
1.87535 3.51899 -0.302156
1.99418 3.74195 -0.296502
2.21435 4.15509 -0.301723
2.38615 4.47747 -0.295505
2.72616 5.11548 -0.303786
2.98528 5.60169 -0.295641
3.51411 6.59401 -0.304459
3.98353 7.47486 -0.295782
4.98272 9.34978 -0.308273
5.97268 11.2074 -0.295586
8.5245 15.9957 -0.316381
11.9468 22.4174 -0.295581
29.8525 56.0163 -0.369287
1.32201 2.50169 -0.297395
1.40986 2.66794 -0.299419
1.47706 2.7951 -0.295128
1.60326 3.03391 -0.300217
1.6884 3.19501 -0.294984
1.8428 3.48719 -0.298872
1.98276 3.75205 -0.296751
2.19878 4.16083 -0.30158
2.3753 4.49486 -0.296103
2.69988 5.10908 -0.302844
2.95047 5.58329 -0.294124
3.49224 6.60849 -0.304563
3.95145 7.47748 -0.295338
4.94385 9.35543 -0.307888
5.93434 11.2298 -0.295628
8.47406 16.0358 -0.316586
11.8658 22.454 -0.295516
29.6463 56.1007 -0.369158
1.30572 2.4919 -0.295687
1.40372 2.67892 -0.3001
1.47513 2.81521 -0.296706
1.59705 3.04788 -0.301045
1.6917 3.22852 -0.29753
1.83812 3.50795 -0.300098
1.96063 3.74175 -0.295393
2.18367 4.16742 -0.301503
2.36209 4.50792 -0.296418
2.68015 5.11491 -0.302633
2.95048 5.63082 -0.296083
3.47423 6.63037 -0.30501
3.92956 7.49936 -0.295658
4.90598 9.3628 -0.307565
5.8878 11.2365 -0.295263
8.40328 16.0372 -0.316033
11.782 22.4852 -0.295383
29.4414 56.1873 -0.369049
1.30975 2.52097 -0.298592
1.39255 2.68033 -0.299711
1.45054 2.79195 -0.293718
1.58257 3.04609 -0.30032
1.65541 3.18629 -0.293104
1.83081 3.52389 -0.300913
1.9439 3.74156 -0.29484
2.16588 4.16881 -0.301054
2.34535 4.51425 -0.296294
2.65423 5.10878 -0.301719
2.92149 5.62321 -0.295144
3.44008 6.62137 -0.304041
3.89965 7.50592 -0.295378
4.87422 9.38175 -0.307626
5.85235 11.2644 -0.295457
8.35862 16.0884 -0.316465
11.6978 22.5156 -0.295244
29.2411 56.2824 -0.369001
1.29324 2.5106 -0.296826
1.38034 2.67968 -0.299097
1.44731 2.80968 -0.29505
1.5716 3.05098 -0.300259
1.65807 3.21884 -0.295563
1.81534 3.52416 -0.300393
1.93471 3.75588 -0.295434
2.14754 4.16906 -0.300529
2.32113 4.50606 -0.295222
2.64274 5.1304 -0.302449
2.90008 5.62997 -0.294966
3.41254 6.62482 -0.30365
3.8777 7.52785 -0.295706
4.83931 9.39463 -0.307492
5.81626 11.2912 -0.295625
8.29561 16.1044 -0.316208
11.6203 22.5586 -0.295274
29.0351 56.3662 -0.368883
1.28716 2.52037 -0.297448
1.37485 2.69207 -0.299943
1.44228 2.82412 -0.296035
1.55229 3.03951 -0.298595
1.65073 3.23228 -0.296266
1.79374 3.51231 -0.298847
1.91997 3.75947 -0.295187
2.13037 4.17145 -0.300162
2.30674 4.5168 -0.295396
2.61996 5.13012 -0.301891
2.8818 5.64282 -0.29511
3.39543 6.64856 -0.304193
3.84387 7.52665 -0.29513
4.80854 9.41555 -0.307625
5.76998 11.2981 -0.295276
8.23992 16.1345 -0.316232
11.5263 22.5695 -0.294888
28.8333 56.4582 -0.368823
1.26764 2.50371 -0.294958
1.3688 2.70352 -0.300683
1.42839 2.8212 -0.295204
1.54213 3.04586 -0.298687
1.63363 3.22658 -0.295219
1.78822 3.5319 -0.29998
1.90876 3.76998 -0.295487
2.12154 4.19023 -0.300979
2.28841 4.51983 -0.295069
2.60589 5.14687 -0.302339
2.86515 5.65893 -0.295427
3.37596 6.66783 -0.304533
3.81841 7.54171 -0.295196
4.78338 9.44762 -0.308125
5.7301 11.3175 -0.295257
8.17873 16.1538 -0.316047
11.4506 22.616 -0.294971
28.6223 56.5317 -0.368648
1.26224 2.51481 -0.295744
1.35104 2.69171 -0.298843
1.41939 2.8279 -0.295384
1.53035 3.04897 -0.298466
1.62794 3.2434 -0.296235
1.77641 3.5392 -0.300071
1.89442 3.77432 -0.295307
2.10458 4.19301 -0.300649
2.27797 4.53848 -0.295766
2.57799 5.13622 -0.301183
2.84065 5.65952 -0.294938
3.34733 6.66899 -0.30405
3.78774 7.54644 -0.294861
4.73681 9.4373 -0.307247
5.68318 11.3228 -0.294876
8.12166 16.181 -0.316024
11.3611 22.6351 -0.2947
28.4212 56.6244 -0.368603
1.25264 2.51756 -0.295551
1.34521 2.70361 -0.299641
1.41305 2.83997 -0.296128
1.52442 3.06379 -0.299394
1.61636 3.24858 -0.296191
1.76454 3.54639 -0.300156
1.88102 3.78051 -0.295275
2.0942 4.20896 -0.301265
2.26125 4.54468 -0.295653
2.56695 5.15908 -0.301996
2.82841 5.68458 -0.295727
3.32182 6.67624 -0.30385
3.76613 7.56921 -0.295235
4.7023 9.45075 -0.307148
5.6366 11.3285 -0.29451
8.06222 16.2036 -0.315911
11.2941 22.699 -0.295017
28.2191 56.715 -0.368549
1.24246 2.51913 -0.295224
1.3301 2.69682 -0.298372
1.39415 2.8267 -0.294234
1.51219 3.06602 -0.299094
1.60337 3.25089 -0.29589
1.74359 3.53519 -0.298691
1.86547 3.78232 -0.294906
2.07224 4.20155 -0.300215
2.24723 4.55634 -0.295899
2.55306 5.17644 -0.302488
2.8064 5.69009 -0.295502
3.29138 6.67341 -0.303196
3.73492 7.5727 -0.29486
4.67008 9.46878 -0.307202
5.60968 11.3739 -0.295178
8.00547 16.2314 -0.315907
11.2026 22.7136 -0.294697
28.0087 56.7888 -0.36839
1.23814 2.53264 -0.296299
1.31458 2.68901 -0.296997
1.38989 2.84306 -0.29543
1.50469 3.07788 -0.299737
1.58525 3.24267 -0.294635
1.74072 3.56069 -0.30033
1.85029 3.78481 -0.294594
2.05988 4.21352 -0.300555
2.22283 4.54685 -0.294777
2.52094 5.15663 -0.300814
2.78196 5.69055 -0.295019
3.27031 6.6895 -0.303406
3.71004 7.58897 -0.294987
4.6327 9.47629 -0.306919
5.56847 11.3904 -0.295101
7.95379 16.2696 -0.316109
11.1234 22.7531 -0.294703
27.8071 56.8799 -0.368349
1.22249 2.52292 -0.29466
1.31603 2.71598 -0.299467
1.38012 2.84825 -0.295467
1.4912 3.07747 -0.299188
1.57605 3.25259 -0.295035
1.71943 3.54849 -0.298792
1.8297 3.77606 -0.293414
2.04301 4.21628 -0.300241
2.21104 4.56305 -0.295325
2.50935 5.1787 -0.301588
2.76861 5.71375 -0.295719
3.2431 6.69298 -0.303048
3.67973 7.59408 -0.294684
4.60345 9.50043 -0.307178
5.52183 11.3957 -0.294737
7.88279 16.2682 -0.315544
11.0334 22.7702 -0.294423
27.5967 56.953 -0.368196
1.21505 2.53006 -0.294996
1.30383 2.71491 -0.298845
1.36234 2.83675 -0.293778
1.48725 3.09686 -0.300565
1.57834 3.28653 -0.297611
1.70941 3.55944 -0.29921
1.83399 3.81886 -0.29624
2.0266 4.21992 -0.299994
2.19605 4.57276 -0.295455
2.4937 5.19255 -0.301885
2.74093 5.70734 -0.29489
3.22245 6.71 -0.303308
3.64303 7.58575 -0.293866
4.55941 9.49391 -0.306451
5.46995 11.3899 -0.29409
7.82973 16.3036 -0.315698
10.9584 22.8182 -0.294547
27.4004 57.0549 -0.368234
1.19918 2.51953 -0.293278
1.30169 2.73491 -0.300544
1.36338 2.86451 -0.296158
1.47272 3.09424 -0.29981
1.55505 3.26722 -0.295369
1.70665 3.58575 -0.300919
1.81947 3.82278 -0.296049
2.0148 4.23319 -0.300435
2.17873 4.57761 -0.295274
2.47231 5.19442 -0.301491
2.72483 5.72498 -0.295308
3.19494 6.71269 -0.302923
3.62539 7.61709 -0.294587
4.52486 9.50693 -0.306359
5.43771 11.4249 -0.294501
7.77295 16.3313 -0.315707
10.8776 22.8544 -0.294522
17.959 37.7326 -0.243121
1.19606 2.53576 -0.294679
1.28316 2.72042 -0.298457
1.35379 2.87016 -0.296251
1.46194 3.09945 -0.299818
1.54092 3.26691 -0.294852
1.69566 3.59496 -0.301193
1.80407 3.8248 -0.295715
1.99824 4.23646 -0.30017
2.16126 4.58207 -0.295074
2.45004 5.19432 -0.300986
2.69161 5.70647 -0.293866
3.17776 6.73716 -0.303524
3.59345 7.61845 -0.294152
4.48662 9.51207 -0.306017
5.40605 11.4613 -0.294953
7.71375 16.3539 -0.315621
10.7998 22.8967 -0.294579
26.9915 57.2245 -0.368102
1.20086 2.56915 -0.298071
1.27627 2.7305 -0.299072
1.3432 2.87369 -0.296129
1.45768 3.11861 -0.301177
1.52924 3.2717 -0.294801
1.67361 3.58058 -0.299497
1.7911 3.83193 -0.295782
1.97464 4.22462 -0.29884
2.14613 4.59149 -0.295196
2.42975 5.19829 -0.300722
2.67063 5.71363 -0.293753
3.14984 6.73887 -0.303104
3.57264 7.64344 -0.294634
4.47162 9.56673 -0.307271
5.35169 11.4496 -0.294167
7.65044 16.3676 -0.315368
10.7158 22.9258 -0.29447
26.7772 57.288 -0.367906
1.17917 2.5459 -0.294893
1.27149 2.74523 -0.300197
1.33176 2.87535 -0.29582
1.43962 3.10824 -0.299688
1.52288 3.288 -0.295789
1.65775 3.57918 -0.298893
1.77435 3.83094 -0.295224
1.97025 4.2539 -0.300423
2.12404 4.58594 -0.29436
2.42149 5.22816 -0.301959
2.65719 5.73705 -0.294478
3.12818 6.75393 -0.303288
3.54536 7.65465 -0.294587
4.4267 9.55753 -0.306477
5.31057 11.4659 -0.294107
7.59594 16.4001 -0.315481
10.6307 22.9523 -0.294331
26.5731 57.373 -0.367854
1.17707 2.56482 -0.296607
1.25144 2.72688 -0.29771
1.32118 2.87883 -0.295701
1.4237 3.10224 -0.298628
1.50619 3.28198 -0.294772
1.65369 3.60338 -0.30043
1.75297 3.81971 -0.293885
1.95348 4.25661 -0.30013
2.11196 4.60194 -0.294912
2.3959 5.22064 -0.30104
2.63833 5.74891 -0.294611
3.10868 6.77378 -0.30369
3.51294 7.65467 -0.294113
4.38954 9.56476 -0.306216
5.27183 11.4873 -0.294182
7.5327 16.4137 -0.315234
10.5446 22.9765 -0.294168
26.3738 57.4683 -0.367872
1.16195 2.55538 -0.295044
1.24704 2.74252 -0.29894
1.31406 2.88991 -0.296366
1.41615 3.11443 -0.299324
1.49469 3.28716 -0.294766
1.64079 3.60845 -0.300373
1.73686 3.81974 -0.293419
1.94075 4.26815 -0.300465
2.09478 4.60688 -0.294757
2.3778 5.22932 -0.301059
2.61808 5.75774 -0.294594
3.07348 6.75927 -0.302556
3.49181 7.67928 -0.294589
4.36473 9.59902 -0.306823
5.23067 11.5034 -0.294126
7.48082 16.452 -0.315466
10.4762 23.0394 -0.294503
26.1654 57.5435 -0.367766
1.15386 2.56131 -0.295261
1.23186 2.73445 -0.29759
1.29725 2.87959 -0.294842
1.40738 3.12405 -0.299774
1.482 3.28969 -0.294527
1.62818 3.61419 -0.300376
1.73433 3.84981 -0.295262
1.92335 4.2694 -0.300078
2.08359 4.62509 -0.295455
2.36447 5.24859 -0.301691
2.59644 5.76351 -0.294423
3.06037 6.79331 -0.303599
3.45917 7.67857 -0.294096
4.33996 9.6337 -0.307445
5.18983 11.5202 -0.29409
7.41385 16.457 -0.315064
10.3914 23.0665 -0.294383
25.9683 57.6437 -0.367825
1.13991 2.55412 -0.293971
1.23384 2.76459 -0.3004
1.28975 2.88986 -0.29543
1.38611 3.10578 -0.297555
1.47625 3.30774 -0.29568
1.60699 3.60068 -0.298784
1.71408 3.84063 -0.294097
1.90589 4.2704 -0.299678
2.0578 4.61078 -0.29408
2.33987 5.2428 -0.300887
2.58008 5.78102 -0.294855
3.02335 6.77424 -0.302273
3.43227 7.69047 -0.294091
4.29213 9.61711 -0.306435
5.15229 11.5444 -0.294247
7.35941 16.4898 -0.315196
10.2993 23.077 -0.294056
18.1106 40.5794 -0.258532
1.13847 2.57504 -0.29592
1.22242 2.7649 -0.299968
1.28286 2.90163 -0.296172
1.37787 3.11651 -0.29812
1.46472 3.31295 -0.295686
1.60038 3.61979 -0.299904
1.70722 3.86146 -0.295233
1.89291 4.28144 -0.299987
2.03687 4.60707 -0.293388
2.32109 5.24993 -0.300829
2.56123 5.79307 -0.295012
3.00215 6.79036 -0.302523
3.40903 7.71066 -0.294406
4.26575 9.64843 -0.306956
5.11457 11.5683 -0.294399
7.30252 16.5171 -0.315229
10.2193 23.1144 -0.294077
25.5528 57.7963 -0.36765
1.12925 2.57851 -0.295863
1.20891 2.7604 -0.299019
1.26714 2.89334 -0.294873
1.36995 3.1281 -0.298769
1.44759 3.30539 -0.294559
1.58507 3.61929 -0.299402
1.68837 3.85517 -0.2943
1.88299 4.29956 -0.300794
2.02813 4.63097 -0.294456
2.30178 5.25582 -0.300704
2.53921 5.79795 -0.294807
2.98661 6.81954 -0.303356
3.37271 7.70115 -0.293591
4.22253 9.64159 -0.306267
5.0696 11.5758 -0.294136
7.2416 16.5353 -0.315091
10.1417 23.1573 -0.29417
25.3539 57.8924 -0.367696
1.11449 2.56917 -0.294344
1.1992 2.76446 -0.299003
1.25647 2.89647 -0.294743
1.35684 3.12785 -0.29829
1.43726 3.31325 -0.29481
1.56883 3.61655 -0.29872
1.67743 3.86689 -0.294745
1.85691 4.28065 -0.299015
2.01298 4.64041 -0.294608
2.29035 5.27983 -0.301618
2.51827 5.80525 -0.294729
2.95404 6.80981 -0.302462
3.35542 7.73508 -0.294436
4.19143 9.6623 -0.306458
5.03023 11.5959 -0.2942
7.17873 16.5488 -0.314869
10.0642 23.2006 -0.294271
25.1506 57.9785 -0.367683
1.11152 2.58704 -0.295944
1.18964 2.76888 -0.29903
1.24831 2.90543 -0.295209
1.34602 3.13285 -0.298317
1.43173 3.33233 -0.29606
1.55921 3.62904 -0.2993
1.66189 3.86802 -0.294387
1.84284 4.28918 -0.29916
1.9925 4.63751 -0.29398
2.26886 5.28074 -0.301215
2.49349 5.80356 -0.294199
2.93528 6.83181 -0.302982
3.32463 7.73803 -0.294104
4.14953 9.65797 -0.305859
4.9846 11.6016 -0.2939
7.12709 16.5882 -0.315143
9.97569 23.2183 -0.294052
24.9488 58.068 -0.367695
1.0985 2.58157 -0.294877
1.18223 2.77834 -0.299604
1.23421 2.90049 -0.294267
1.33374 3.1344 -0.298019
1.40637 3.3051 -0.293203
1.53724 3.61265 -0.297504
1.65383 3.88664 -0.295363
1.8382 4.31994 -0.300856
1.9835 4.6614 -0.295053
2.2469 5.2804 -0.300747
2.47824 5.82409 -0.294799
2.91224 6.84401 -0.30307
3.29851 7.75179 -0.294187
4.12637 9.69733 -0.306647
4.94328 11.6171 -0.293854
7.0752 16.6273 -0.315415
9.89868 23.2628 -0.294175
24.7517 58.1687 -0.367783
1.08587 2.57683 -0.293901
1.16495 2.76449 -0.29767
1.22647 2.9105 -0.294847
1.33425 3.16626 -0.300603
1.39908 3.3201 -0.294099
1.54091 3.65667 -0.300684
1.64168 3.89582 -0.295623
1.81861 4.31566 -0.300113
1.96151 4.65479 -0.294199
2.23059 5.29332 -0.301037
2.44618 5.80495 -0.293396
2.88208 6.83936 -0.302417
3.26343 7.74432 -0.293469
4.08824 9.70165 -0.306331
4.90358 11.6365 -0.293909
7.00846 16.6315 -0.315028
9.82414 23.3133 -0.294379
24.5476 58.2531 -0.367772
1.08437 2.59861 -0.295952
1.16577 2.79367 -0.300372
1.21576 2.91348 -0.294717
1.31874 3.16025 -0.299594
1.38447 3.31778 -0.293462
1.52423 3.65269 -0.299916
1.62158 3.88599 -0.294445
1.80782 4.3323 -0.300829
1.94612 4.66371 -0.294332
2.21517 5.30849 -0.301458
2.43943 5.8459 -0.295033
2.8583 6.84968 -0.30243
3.241 7.76681 -0.293891
4.05093 9.70772 -0.306073
4.86133 11.6498 -0.293814
6.95565 16.6687 -0.31527
9.73309 23.3246 -0.29409
24.337 58.3218 -0.367667
1.07305 2.59696 -0.295335
1.14926 2.78141 -0.298619
1.20293 2.9113 -0.294069
1.29878 3.14326 -0.297551
1.37802 3.33504 -0.294562
1.50691 3.64699 -0.299015
1.61384 3.90577 -0.295515
1.78485 4.31966 -0.299517
1.92804 4.66619 -0.294061
2.18852 5.2966 -0.300346
2.40764 5.8269 -0.293648
2.83194 6.8538 -0.302173
3.21778 7.78758 -0.29425
4.01947 9.72782 -0.306262
4.82455 11.6762 -0.294054
6.89196 16.6798 -0.315022
9.65212 23.3598 -0.294107
24.1357 58.4126 -0.367706
1.06966 2.61461 -0.296915
1.14191 2.79121 -0.299242
1.19918 2.93119 -0.295653
1.29547 3.16656 -0.299326
1.36148 3.32791 -0.29351
1.49673 3.65851 -0.299528
1.60261 3.9173 -0.295962
1.77215 4.33173 -0.299923
1.9181 4.68849 -0.295043
2.17332 5.31232 -0.300806
2.39554 5.8555 -0.294665
2.81764 6.88726 -0.303212
3.19382 7.80675 -0.294551
3.98754 9.74688 -0.306422
4.7848 11.6956 -0.29412
6.83821 16.7149 -0.315232
9.5722 23.3977 -0.294161
23.9342 58.5031 -0.367747
1.05823 2.61266 -0.296273
1.12864 2.78651 -0.298313
1.18329 2.92143 -0.29425
1.28048 3.16137 -0.298411
1.35189 3.3377 -0.293955
1.4837 3.66312 -0.29948
1.57849 3.89714 -0.29402
1.75913 4.34312 -0.300284
1.90019 4.69139 -0.294806
2.16141 5.33631 -0.301735
2.37752 5.86989 -0.29497
2.79251 6.89444 -0.303097
3.15676 7.79375 -0.293642
3.94751 9.74604 -0.30596
4.74199 11.7075 -0.294001
6.78184 16.7437 -0.315328
9.48685 23.4222 -0.294051
23.726 58.5774 -0.36769
1.04379 2.60312 -0.294775
1.11825 2.78882 -0.29814
1.17652 2.93413 -0.295114
1.27311 3.17501 -0.299277
1.33916 3.33974 -0.293721
1.47394 3.67586 -0.300099
1.56464 3.90208 -0.293979
1.74682 4.35641 -0.300779
1.88575 4.7029 -0.295113
2.13043 5.3131 -0.3
2.35192 5.86546 -0.294333
2.76097 6.88561 -0.302283
3.13368 7.8151 -0.294033
3.91551 9.76492 -0.306122
4.7043 11.7321 -0.294203
6.72296 16.7664 -0.315312
9.4027 23.4495 -0.293979
23.5239 58.6665 -0.367731
1.03335 2.60338 -0.294394
1.10873 2.79329 -0.298202
1.1638 2.93202 -0.294491
1.25814 3.1697 -0.29836
1.34025 3.37656 -0.296545
1.45199 3.65807 -0.298231
1.54954 3.90384 -0.293702
1.72836 4.35434 -0.300218
1.86402 4.69612 -0.294278
2.11378 5.32536 -0.300273
2.33083 5.87217 -0.294259
2.74436 6.91401 -0.303107
3.1061 7.82537 -0.294009
3.88696 9.79261 -0.306562
4.65371 11.7243 -0.293599
6.65825 16.7745 -0.315023
9.32431 23.4912 -0.294093
23.314 58.7361 -0.367655
1.02785 2.61614 -0.295429
1.10718 2.81804 -0.30043
1.15477 2.93916 -0.2948
1.25213 3.18698 -0.299574
1.32026 3.36037 -0.294717
1.44279 3.67226 -0.298974
1.55048 3.94635 -0.296491
1.71288 4.35968 -0.300172
1.84992 4.70849 -0.294646
2.09842 5.34098 -0.300738
2.30862 5.876 -0.294045
2.71661 6.91444 -0.302708
3.08699 7.85715 -0.294796
3.85479 9.81137 -0.306726
4.62212 11.7644 -0.294196
6.60118 16.8016 -0.315098
9.24707 23.536 -0.294248
23.1092 58.8185 -0.367663
1.02244 2.6293 -0.29651
1.08953 2.80183 -0.298295
1.14308 2.93955 -0.294438
1.23687 3.18074 -0.298579
1.31012 3.3691 -0.29508
1.42769 3.67144 -0.2985
1.52583 3.92383 -0.294396
1.70861 4.39387 -0.302112
1.8324 4.71219 -0.294475
2.08544 5.36292 -0.301562
2.29467 5.90098 -0.294892
2.70125 6.94654 -0.303698
3.05605 7.85894 -0.294461
3.81318 9.80598 -0.306139
4.58006 11.7781 -0.294136
6.55255 16.8506 -0.315585
9.16303 23.5637 -0.294191
18.5203 47.6268 -0.2973
1.007 2.61661 -0.294681
1.08293 2.81391 -0.299176
1.13016 2.93664 -0.293749
1.22688 3.18797 -0.298853
1.29449 3.36364 -0.294204
1.41749 3.68326 -0.299057
1.51983 3.94918 -0.295898
1.68211 4.37087 -0.300125
1.82747 4.74857 -0.296348
2.0642 5.36369 -0.301198
2.27233 5.90452 -0.294671
2.66497 6.92476 -0.302337
3.02853 7.86944 -0.294456
3.78354 9.83129 -0.306515
4.54129 11.8002 -0.294292
6.48572 16.8527 -0.315199
9.08005 23.594 -0.294171
22.7016 58.9886 -0.367726
1.00268 2.63281 -0.296109
1.06796 2.80421 -0.297746
1.12934 2.96538 -0.296227
1.21259 3.18396 -0.298079
1.2925 3.39379 -0.296444
1.41041 3.70341 -0.300291
1.50073 3.94056 -0.294858
1.66638 4.37553 -0.300043
1.80641 4.74322 -0.295618
2.04896 5.38008 -0.301715
2.2567 5.92557 -0.295326
2.65355 6.96759 -0.303801
2.99476 7.86353 -0.293841
3.74836 9.8423 -0.306448
4.4994 11.8144 -0.29425
6.42368 16.8671 -0.315046
8.99875 23.6286 -0.29421
22.5033 59.0884 -0.367856
0.993808 2.63717 -0.296206
1.06168 2.81727 -0.298738
1.11517 2.95921 -0.29522
1.20508 3.19779 -0.298978
1.27035 3.37099 -0.294063
1.39002 3.68855 -0.29869
1.48759 3.94747 -0.294984
1.65115 4.38148 -0.300054
1.78193 4.72852 -0.294312
2.02893 5.38396 -0.301533
2.23333 5.92635 -0.294974
2.62506 6.96584 -0.303323
2.97447 7.89304 -0.294554
3.71268 9.85196 -0.306343
4.45703 11.8272 -0.294179
6.36583 16.8924 -0.315101
8.91783 23.6643 -0.294265
22.2914 59.1525 -0.367768
0.986023 2.64447 -0.296638
1.05678 2.83424 -0.300144
1.10398 2.96082 -0.294994
1.19501 3.20495 -0.299255
1.26639 3.39639 -0.295891
1.38 3.70111 -0.299315
1.4731 3.95078 -0.294846
1.63675 4.38968 -0.300222
1.76819 4.74221 -0.294778
2.00833 5.38625 -0.301266
2.20335 5.90929 -0.29374
2.6051 6.98675 -0.303835
2.94462 7.89732 -0.294328
3.68201 9.87496 -0.306657
4.41827 11.8496 -0.294352
6.30588 16.9121 -0.315056
8.8343 23.6932 -0.294238
13.9849 37.5069 -0.232886
0.977855 2.65081 -0.296964
1.04125 2.82267 -0.298531
1.09264 2.96198 -0.294727
1.17546 3.18648 -0.297145
1.24535 3.37595 -0.293729
1.36982 3.71336 -0.299917
1.46218 3.96374 -0.29543
1.62189 4.39668 -0.300312
1.75282 4.75162 -0.294981
1.98945 5.39308 -0.301258
2.18782 5.93083 -0.294429
2.57795 6.98841 -0.303514
2.9173 7.90834 -0.294357
3.64816 9.88959 -0.306713
4.3782 11.8686 -0.294443
6.24764 16.9364 -0.3151
8.75399 23.7307 -0.294322
13.8466 37.5359 -0.232764
0.966604 2.64877 -0.296356
1.03209 2.82821 -0.298734
1.08517 2.97369 -0.295513
1.17148 3.21018 -0.298972
1.23626 3.3877 -0.294375
1.35934 3.72498 -0.30047
1.44771 3.96715 -0.295305
1.60539 4.39922 -0.300101
1.73888 4.76503 -0.295435
1.96843 5.39406 -0.300926
2.1705 5.94779 -0.294893
2.55731 7.00776 -0.303964
2.89053 7.92086 -0.294446
3.60965 9.89146 -0.306379
4.33608 11.8821 -0.294399
6.19531 16.9769 -0.31545
8.67663 23.7764 -0.294512
21.6849 59.4227 -0.368015
0.948937 2.62884 -0.293753
1.01963 2.82468 -0.297983
1.07509 2.97832 -0.295599
1.16553 3.22885 -0.30033
1.22922 3.40531 -0.29553
1.34424 3.72394 -0.300006
1.43194 3.96689 -0.294912
1.59227 4.41105 -0.300526
1.71668 4.75571 -0.294483
1.95448 5.41448 -0.301683
2.1478 5.95005 -0.294631
2.5311 7.01189 -0.303758
2.86175 7.92789 -0.294334
3.5734 9.89937 -0.306235
4.29956 11.9111 -0.294743
6.13443 16.9942 -0.315371
8.58696 23.7884 -0.294287
21.4809 59.5084 -0.368079
0.94378 2.64343 -0.295013
1.01784 2.85087 -0.300369
1.06983 2.99648 -0.297028
1.1525 3.22804 -0.299877
1.21393 3.40009 -0.294706
1.32929 3.7232 -0.29957
1.42062 3.97901 -0.295442
1.57255 4.40454 -0.299707
1.70781 4.78341 -0.295827
1.93731 5.4262 -0.301957
2.12274 5.94556 -0.29404
2.50084 7.00458 -0.303061
2.83861 7.95066 -0.294809
3.54796 9.93746 -0.307028
4.25522 11.9184 -0.294555
6.08097 17.0322 -0.315679
8.50745 23.8285 -0.294413
21.2779 59.5972 -0.368166
0.9398 2.66161 -0.296674
1.00397 2.84335 -0.299205
1.05603 2.99077 -0.296095
1.14314 3.23748 -0.300382
1.20447 3.41119 -0.295302
1.31893 3.73534 -0.300174
1.40653 3.98342 -0.295403
1.56329 4.4274 -0.300889
1.68954 4.78493 -0.295554
1.91772 5.43118 -0.30186
2.11144 5.97982 -0.295368
2.48023 7.02424 -0.303535
2.81571 7.97438 -0.295322
3.51003 9.94076 -0.306749
4.2103 11.924 -0.294328
6.02171 17.0541 -0.315694
8.42616 23.8637 -0.294483
21.0766 59.6911 -0.368289
0.924859 2.64873 -0.294876
0.998914 2.86082 -0.300674
1.04331 2.98795 -0.295453
1.12822 3.23114 -0.299426
1.18931 3.4061 -0.2945
1.30647 3.74162 -0.300311
1.38834 3.97611 -0.294499
1.54638 4.42871 -0.300609
1.66618 4.7718 -0.294382
1.89424 5.42497 -0.301145
2.08414 5.96881 -0.294462
2.45768 7.03862 -0.303784
2.78061 7.96347 -0.294556
3.47393 9.94909 -0.30663
4.172 11.9483 -0.294567
5.96432 17.0814 -0.315811
8.34824 23.9087 -0.294677
20.8718 59.7751 -0.368356
0.921507 2.66905 -0.296778
0.985059 2.85312 -0.299502
1.03098 2.98612 -0.294915
1.12068 3.24593 -0.300432
1.18209 3.4238 -0.295671
1.29164 3.74109 -0.299904
1.37668 3.98742 -0.294979
1.52738 4.4239 -0.299919
1.6485 4.77471 -0.294204
1.88151 5.44961 -0.302146
2.07138 5.99952 -0.295619
2.43493 7.05251 -0.304014
2.75934 7.99215 -0.295259
3.44946 9.99101 -0.307549
4.13172 11.9671 -0.294672
5.90156 17.0933 -0.315648
8.26051 23.9257 -0.294529
14.2115 41.162 -0.253347
0.9092 2.66353 -0.29581
0.97226 2.84827 -0.298634
1.02369 2.99892 -0.295823
1.10425 3.23493 -0.299055
1.17225 3.43415 -0.29621
1.27321 3.72989 -0.298648
1.36227 3.99082 -0.294877
1.51788 4.44668 -0.301101
1.63992 4.8042 -0.295667
1.86033 5.4499 -0.3018
2.0469 5.99645 -0.295113
2.40561 7.04732 -0.303426
2.7246 7.9818 -0.294523
3.40016 9.96087 -0.306253
4.08159 11.9571 -0.294074
5.84393 17.12 -0.315762
8.18609 23.9814 -0.29486
20.4633 59.9479 -0.36853
0.90007 2.66722 -0.295869
0.9625 2.85222 -0.298694
1.01442 3.00607 -0.296177
1.08852 3.22567 -0.297846
1.15724 3.4293 -0.295441
1.26801 3.75755 -0.300506
1.34818 3.99511 -0.294844
1.49294 4.42409 -0.299217
1.62252 4.8081 -0.295556
1.84399 5.46438 -0.302243
2.02431 5.99874 -0.294876
2.37824 7.04756 -0.303077
2.70011 8.00137 -0.294895
3.37955 10.0148 -0.307546
4.04887 11.9982 -0.294735
5.79007 17.158 -0.316089
8.1051 24.0182 -0.294963
20.2585 60.0329 -0.368615
0.884339 2.65114 -0.29374
0.952109 2.8543 -0.298562
1.00694 3.01868 -0.297071
1.0857 3.25479 -0.300183
1.1468 3.43797 -0.295841
1.25415 3.75978 -0.300332
1.33928 4.015 -0.295965
1.4866 4.45665 -0.301066
1.60778 4.81993 -0.295936
1.82523 5.47181 -0.302299
2.00594 6.01356 -0.295259
2.35966 7.07396 -0.303856
2.66897 8.00125 -0.294546
3.33841 10.0081 -0.306982
4.01217 12.028 -0.29512
5.72424 17.1606 -0.315765
8.02214 24.0494 -0.295
20.0569 60.1279 -0.368766
0.882984 2.67821 -0.296396
0.943617 2.86211 -0.299033
0.991993 3.00885 -0.295761
1.06641 3.23457 -0.297972
1.13423 3.44026 -0.295696
1.24283 3.76967 -0.300773
1.323 4.01285 -0.295464
1.46971 4.45781 -0.300796
1.59283 4.83127 -0.296289
1.80083 5.46216 -0.301417
1.98448 6.01919 -0.295193
2.33573 7.08458 -0.30396
2.64331 8.01752 -0.294803
3.30974 10.0389 -0.307568
3.96964 12.0405 -0.295084
5.66913 17.1952 -0.316037
7.93812 24.0774 -0.295001
14.5902 44.2539 -0.271096
0.871716 2.67542 -0.295749
0.93456 2.8683 -0.299336
0.977939 3.00144 -0.294695
1.06061 3.25516 -0.299526
1.12008 3.43768 -0.295135
1.23265 3.78318 -0.301506
1.30649 4.00982 -0.294903
1.45926 4.47867 -0.301857
1.57211 4.82503 -0.295568
1.78803 5.48771 -0.30248
1.96189 6.02132 -0.294959
2.31128 7.09365 -0.304001
2.61717 8.03248 -0.295015
3.27275 10.0446 -0.30739
3.9237 12.0424 -0.294794
5.6096 17.2167 -0.316069
7.85709 24.1145 -0.295118
19.6404 60.2791 -0.368843
0.859773 2.6704 -0.29486
0.926502 2.87766 -0.299973
0.972759 3.02133 -0.296312
1.04098 3.23322 -0.297171
1.10962 3.44642 -0.295551
1.21268 3.76652 -0.299838
1.29158 4.01156 -0.294697
1.44222 4.47945 -0.301568
1.55391 4.82634 -0.295313
1.76516 5.48249 -0.301851
1.94138 6.02982 -0.295041
2.28467 7.09603 -0.303759
2.59033 8.0454 -0.295155
3.23665 10.0528 -0.307296
3.88588 12.0693 -0.295119
5.55217 17.2447 -0.316225
7.77426 24.1464 -0.295174
19.4452 60.3957 -0.369138
0.857238 2.69476 -0.297217
0.917456 2.88406 -0.300304
0.965659 3.03559 -0.297378
1.03853 3.26464 -0.299724
1.10244 3.46555 -0.29686
1.20037 3.7734 -0.300051
1.2808 4.02624 -0.295445
1.4244 4.47766 -0.301111
1.53646 4.82992 -0.295202
1.74642 5.48993 -0.301923
1.93046 6.06848 -0.296601
2.25953 7.10291 -0.303713
2.56261 8.05567 -0.295202
3.20821 10.0851 -0.307939
3.84199 12.0774 -0.294987
5.49375 17.2698 -0.316332
7.68775 24.1667 -0.295093
19.2306 60.4521 -0.36907
0.846327 2.69299 -0.296694
0.907623 2.88803 -0.300386
0.952927 3.03219 -0.296717
1.02459 3.26023 -0.298988
1.08975 3.46756 -0.296705
1.18429 3.76838 -0.299321
1.26228 4.01655 -0.294408
1.40978 4.48588 -0.301331
1.51871 4.83249 -0.295034
1.72742 5.49661 -0.301956
1.90532 6.06266 -0.29599
2.23329 7.10626 -0.303521
2.53483 8.06577 -0.295246
3.17237 10.0944 -0.307881
3.80621 12.1113 -0.295487
5.43584 17.2967 -0.316475
7.60918 24.2122 -0.295322
19.0233 60.5315 -0.369147
0.831561 2.67868 -0.294796
0.892066 2.87359 -0.298558
0.938743 3.02395 -0.295588
1.01042 3.25485 -0.298169
1.07582 3.46552 -0.296206
1.17386 3.78132 -0.300021
1.24993 4.02636 -0.294806
1.39267 4.48618 -0.301022
1.50789 4.85731 -0.296225
1.71106 5.51178 -0.30246
1.87809 6.04985 -0.295042
2.21656 7.14015 -0.304636
2.51191 8.09154 -0.295866
3.13313 10.0926 -0.307492
3.76395 12.1247 -0.295492
5.37489 17.314 -0.316446
7.52952 24.2546 -0.295517
14.606 47.05 -0.286619
0.829334 2.70485 -0.297354
0.887996 2.89617 -0.30058
0.930442 3.0346 -0.29631
1.00674 3.28343 -0.300464
1.06239 3.46495 -0.295838
1.1626 3.79178 -0.300527
1.23714 4.0349 -0.295113
1.37949 4.49917 -0.301569
1.48857 4.85491 -0.29576
1.69076 5.51437 -0.302276
1.86127 6.07046 -0.295729
2.18951 7.141 -0.304344
2.48282 8.09763 -0.29577
3.10398 10.1235 -0.3081
3.72096 12.1358 -0.295444
5.32073 17.3534 -0.316824
7.44455 24.2801 -0.295509
18.6084 60.6906 -0.369316
0.819981 2.70806 -0.297391
0.875395 2.89107 -0.299731
0.922586 3.04692 -0.297196
0.993861 3.28231 -0.300041
1.04889 3.46406 -0.295447
1.14631 3.7858 -0.299734
1.22619 4.04959 -0.295872
1.36208 4.49839 -0.301196
1.47508 4.87158 -0.29646
1.67578 5.5344 -0.303051
1.84009 6.07704 -0.295734
2.16304 7.14363 -0.304133
2.45046 8.09286 -0.295281
3.06486 10.122 -0.307726
3.68586 12.1729 -0.296031
5.25759 17.3636 -0.316674
7.35979 24.3063 -0.295513
18.4068 60.79 -0.369527
0.809335 2.70695 -0.296957
0.863362 2.88766 -0.299063
0.910908 3.04668 -0.296861
0.98027 3.27867 -0.299394
1.04277 3.48772 -0.297154
1.13021 3.78016 -0.298973
1.20885 4.04321 -0.295096
1.34951 4.51367 -0.301902
1.45211 4.85683 -0.295251
1.65303 5.52884 -0.302429
1.81921 6.08466 -0.295794
2.14178 7.16353 -0.30466
2.4281 8.12119 -0.296003
3.02834 10.1288 -0.307609
3.64235 12.1825 -0.295953
5.19687 17.3818 -0.316672
7.28124 24.3533 -0.295773
18.2032 60.8837 -0.369708
0.800214 2.71092 -0.297084
0.859774 2.91269 -0.301343
0.893578 3.02721 -0.294658
0.971948 3.29271 -0.300363
1.0289 3.48565 -0.296669
1.12447 3.80943 -0.300975
1.19808 4.05878 -0.295925
1.33005 4.50587 -0.301067
1.43882 4.87435 -0.296009
1.63519 5.5396 -0.302703
1.79557 6.08292 -0.295403
2.12012 7.18243 -0.305146
2.40147 8.13555 -0.296219
2.99711 10.1534 -0.308038
3.59773 12.1882 -0.295785
5.14185 17.4193 -0.317026
7.18967 24.3567 -0.295507
17.9952 60.9632 -0.369806
0.791035 2.71471 -0.297195
0.849399 2.91501 -0.301274
0.888449 3.04902 -0.296477
0.955441 3.27893 -0.2988
1.01467 3.48219 -0.296071
1.11219 3.81685 -0.301253
1.18227 4.05736 -0.295519
1.31712 4.52015 -0.301712
1.42336 4.88474 -0.296337
1.6147 5.54142 -0.302492
1.781 6.11212 -0.296517
2.09402 7.18636 -0.305001
2.375 8.15064 -0.296465
2.96291 10.1682 -0.308172
3.55511 12.2006 -0.295783
5.07792 17.4266 -0.316835
7.11454 24.416 -0.295923
17.7911 61.0564 -0.369993
0.777911 2.70481 -0.295812
0.833186 2.89701 -0.299111
0.875771 3.04508 -0.295794
0.947077 3.29301 -0.29978
1.00302 3.48751 -0.296224
1.09616 3.81138 -0.300517
1.17492 4.08523 -0.297248
1.29706 4.50989 -0.300723
1.40976 4.90178 -0.29707
1.59536 5.5471 -0.302496
1.75646 6.10725 -0.295981
2.06713 7.18747 -0.30474
2.33889 8.13237 -0.295501
2.9359 10.2082 -0.30907
3.51059 12.2064 -0.295625
5.02132 17.4593 -0.317107
7.03078 24.4462 -0.29599
17.5833 61.1374 -0.370109
0.773347 2.72474 -0.297694
0.825527 2.90859 -0.300007
0.870586 3.06735 -0.29766
0.935853 3.2973 -0.299871
0.993675 3.50103 -0.297075
1.08982 3.83979 -0.302455
1.16483 4.10404 -0.298319
1.28949 4.54326 -0.302646
1.38664 4.88557 -0.295792
1.57951 5.56512 -0.303176
1.73622 6.11726 -0.29617
2.04448 7.20333 -0.305108
2.31553 8.15832 -0.296148
2.89591 10.2032 -0.30861
3.47495 12.2433 -0.296224
4.96291 17.4859 -0.317274
6.94864 24.4822 -0.29613
17.3769 61.2241 -0.370264
0.765564 2.73364 -0.298372
0.817521 2.91916 -0.300801
0.863031 3.08167 -0.298756
0.932038 3.32808 -0.302372
0.977696 3.49111 -0.295942
1.06534 3.80405 -0.299345
1.13947 4.06875 -0.295462
1.27406 4.54934 -0.302753
1.37364 4.90492 -0.296671
1.56219 5.57818 -0.303588
1.71702 6.13105 -0.296546
2.01846 7.20741 -0.30498
2.28655 8.16469 -0.296088
2.85886 10.2083 -0.30846
3.43572 12.2681 -0.296531
4.9024 17.5053 -0.317313
6.86251 24.5043 -0.296106
17.168 61.3028 -0.370375
0.75677 2.73905 -0.298672
0.802183 2.90341 -0.298888
0.849119 3.0733 -0.297654
0.921858 3.33656 -0.302849
0.966512 3.49819 -0.296254
1.05273 3.81024 -0.29954
1.12941 4.08778 -0.296556
1.25306 4.53533 -0.301527
1.35978 4.92156 -0.297389
1.54349 5.58649 -0.303745
1.69456 6.13328 -0.296365
2.00043 7.24036 -0.306076
2.25787 8.17212 -0.29607
2.82387 10.2207 -0.308535
3.39026 12.2707 -0.296305
4.84428 17.5334 -0.317514
6.78209 24.547 -0.296334
16.9608 61.3879 -0.370529
0.745196 2.73433 -0.297872
0.794806 2.91636 -0.299933
0.834838 3.06325 -0.296397
0.905901 3.324 -0.30142
0.958098 3.51553 -0.297437
1.04938 3.85046 -0.302413
1.11478 4.09042 -0.296463
1.24102 4.55366 -0.302455
1.3421 4.92453 -0.297283
1.52373 5.59098 -0.303699
1.67223 6.13589 -0.296208
1.9673 7.21856 -0.304862
2.23853 8.2138 -0.297294
2.79119 10.2417 -0.308872
3.34738 12.2825 -0.296306
4.78011 17.5395 -0.317321
6.69613 24.5699 -0.296326
16.7518 61.4669 -0.37065
0.734651 2.73324 -0.297472
0.784444 2.91849 -0.299868
0.826472 3.07485 -0.297239
0.896457 3.33523 -0.302152
0.944852 3.51528 -0.297135
1.03307 3.84351 -0.301582
1.10305 4.10384 -0.297155
1.22491 4.55722 -0.302406
1.32345 4.92384 -0.296961
1.50253 5.5901 -0.303364
1.65048 6.14055 -0.296152
1.95142 7.26019 -0.306331
2.20493 8.20334 -0.296635
2.75381 10.2454 -0.308694
3.30809 12.3076 -0.296631
4.72163 17.5666 -0.317511
6.61737 24.6196 -0.296645
16.5517 61.5798 -0.37098
0.72456 2.73376 -0.297251
0.778128 2.93587 -0.301373
0.818557 3.08841 -0.298271
0.884408 3.33686 -0.302018
0.931056 3.51286 -0.296654
1.02381 3.86283 -0.302815
1.09088 4.11588 -0.297749
1.21379 4.57962 -0.303609
1.30543 4.92537 -0.296776
1.48179 5.59079 -0.303119
1.63129 6.15484 -0.296565
1.91861 7.23889 -0.305148
2.17846 8.2193 -0.296936
2.72317 10.2745 -0.30928
3.26926 12.3349 -0.297011
4.67031 17.621 -0.318198
6.53366 24.6514 -0.296751
16.3472 61.6778 -0.371224
0.719583 2.75379 -0.299154
0.768955 2.94273 -0.301799
0.8081 3.09254 -0.298395
0.870032 3.32954 -0.301079
0.926853 3.54699 -0.299261
1.00627 3.85092 -0.301604
1.07259 4.10472 -0.296669
1.19841 4.58623 -0.303768
1.28561 4.91994 -0.296176
1.46956 5.62389 -0.304633
1.6122 6.16978 -0.297012
1.89538 7.25346 -0.305481
2.14701 8.21642 -0.296559
2.69057 10.2966 -0.309661
3.22579 12.3448 -0.296978
4.60758 17.6328 -0.318118
6.4522 24.6921 -0.296967
16.129 61.7242 -0.371162
0.708471 2.75051 -0.298527
0.747287 2.9012 -0.297271
0.79101 3.07095 -0.296044
0.858534 3.3331 -0.301127
0.914334 3.54973 -0.299221
0.993355 3.85651 -0.301768
1.06233 4.12431 -0.297814
1.18224 4.58982 -0.30373
1.27898 4.96538 -0.298641
1.44575 5.61287 -0.30376
1.59422 6.18927 -0.29768
1.86996 7.25977 -0.305469
2.12297 8.24204 -0.297214
2.65476 10.3066 -0.309681
3.19009 12.3849 -0.297673
4.5526 17.6746 -0.318583
6.3631 24.7035 -0.296836
15.9327 61.8556 -0.371615
0.697812 2.74884 -0.29808
0.731762 2.88258 -0.295099
0.787434 3.10188 -0.298759
0.850405 3.34994 -0.302379
0.898619 3.53987 -0.298123
0.984268 3.87726 -0.303121
1.04834 4.12964 -0.297933
1.16125 4.57445 -0.302443
1.25052 4.92608 -0.296013
1.43001 5.63313 -0.304585
1.56944 6.18239 -0.297083
1.84926 7.28468 -0.306244
2.09543 8.25438 -0.297393
2.6172 10.3097 -0.309499
3.14423 12.3859 -0.297429
4.48747 17.6772 -0.318345
6.28718 24.7667 -0.297329
15.7156 61.9075 -0.371595
0.685109 2.73888 -0.296738
0.722667 2.88903 -0.295499
0.777924 3.10993 -0.299271
0.81784 3.26951 -0.294859
0.887622 3.54848 -0.298585
0.96949 3.87576 -0.302737
1.03472 4.13654 -0.298168
1.14854 4.59157 -0.303307
1.23836 4.95062 -0.297226
1.41374 5.65175 -0.305323
1.55223 6.20539 -0.297926
1.82175 7.28286 -0.305898
2.06846 8.26914 -0.297663
2.57873 10.3091 -0.309206
3.10506 12.4132 -0.297824
4.43025 17.711 -0.318672
6.1992 24.7828 -0.29726
12.7225 50.8613 -0.305022
12.7407 50.9339 -2.62516e-06
0.681765 2.76653 -0.299474
0.713305 2.89452 -0.295804
0.76528 3.10543 -0.298578
0.80181 3.25366 -0.293176
0.87645 3.55654 -0.299004
0.922423 3.7431 -0.292121
1.01978 4.13818 -0.298027
1.13002 4.5855 -0.302644
1.22162 4.95723 -0.297364
1.38827 5.63345 -0.30407
1.53003 6.20871 -0.297828
1.79991 7.30386 -0.306514
2.03601 8.26193 -0.297146
2.55064 10.3502 -0.310172
3.05523 12.3978 -0.297196
4.36989 17.7326 -0.318785
6.11772 24.8251 -0.29751
15.2983 62.0787 -0.371972
0.671791 2.76764 -0.299338
0.700884 2.88749 -0.294834
0.753953 3.10613 -0.29839
0.795516 3.27736 -0.295059
0.861637 3.54976 -0.298179
0.912197 3.75806 -0.293038
1.00767 4.15138 -0.298723
1.07177 4.41545 -0.291172
1.20639 4.97007 -0.29788
1.37537 5.66624 -0.305579
1.50272 6.1909 -0.29672
1.77668 7.31955 -0.30691
2.01383 8.29658 -0.298137
2.51502 10.3614 -0.31024
3.01744 12.4312 -0.297742
4.31073 17.7593 -0.318993
6.03424 24.8598 -0.297671
15.0901 62.1682 -0.37219
0.661641 2.76797 -0.299122
0.693754 2.90231 -0.296098
0.748759 3.13242 -0.300663
0.782476 3.27348 -0.294462
0.850403 3.55765 -0.298591
0.905411 3.78778 -0.295107
0.987468 4.13106 -0.297011
1.06474 4.45431 -0.293487
1.18991 4.97798 -0.298103
1.29627 5.42295 -0.292212
1.48677 6.21987 -0.297857
1.65248 6.91313 -0.289625
1.981 8.2875 -0.29756
2.47964 10.3735 -0.310344
2.97632 12.4514 -0.297976
4.25002 17.7799 -0.319094
5.9522 24.901 -0.297913
14.8832 62.2639 -0.37245
0.646319 2.74626 -0.29653
0.683306 2.90342 -0.295966
0.736152 3.12797 -0.299987
0.768318 3.26464 -0.293423
0.836416 3.554 -0.298037
0.888314 3.77451 -0.29383
0.980072 4.1644 -0.29916
1.05012 4.46204 -0.293753
1.17161 4.97825 -0.297872
1.27408 5.41366 -0.29147
1.46495 6.22471 -0.297842
1.62521 6.90562 -0.289071
1.95386 8.30211 -0.297838
2.25351 9.57536 -0.286227
2.93624 12.4763 -0.298324
3.6653 15.5741 -0.279276
5.868 24.9336 -0.298057
9.7842 41.5738 -0.24848
0.64631 2.78989 -0.300996
0.669807 2.89132 -0.294492
0.72514 3.13017 -0.299953
0.762094 3.28969 -0.295433
0.825568 3.56369 -0.298606
0.870659 3.75832 -0.292331
0.961583 4.15081 -0.29794
1.03251 4.45698 -0.293181
1.16161 5.01425 -0.299782
1.25683 5.4253 -0.291859
1.44843 6.25235 -0.298921
1.60999 6.94975 -0.290681
1.93077 8.33447 -0.298755
2.22479 9.60364 -0.286839
2.89228 12.4849 -0.298287
3.61346 15.598 -0.279476
5.78376 24.9664 -0.298206
9.63973 41.6113 -0.248501
0.633403 2.77828 -0.299503
0.65991 2.89455 -0.294584
0.707118 3.10162 -0.296979
0.746559 3.27462 -0.293844
0.814858 3.57419 -0.299246
0.864619 3.79246 -0.29475
0.949633 4.16536 -0.298745
1.01742 4.46267 -0.29332
1.1417 5.00781 -0.299157
1.24157 5.44588 -0.292731
1.42535 6.25199 -0.298664
1.58547 6.95433 -0.290639
1.89446 8.30964 -0.297626
2.19368 9.6221 -0.287159
2.84959 12.4991 -0.298386
3.56476 15.636 -0.279932
5.70635 25.0296 -0.298721
9.50469 41.6902 -0.248773
0.622132 2.77351 -0.298753
0.651643 2.90508 -0.295422
0.700142 3.12129 -0.298626
0.736992 3.28557 -0.294594
0.804947 3.58852 -0.300208
0.852558 3.80077 -0.295163
0.940321 4.19203 -0.30042
1.00334 4.47297 -0.293764
1.12149 4.99969 -0.298436
1.22062 5.44162 -0.292271
1.40057 6.24386 -0.29804
1.55939 6.9519 -0.290308
1.86964 8.33499 -0.298298
2.15885 9.62434 -0.286999
2.80632 12.5108 -0.298429
3.51121 15.6533 -0.28002
5.61531 25.0335 -0.298531
9.35774 41.7175 -0.248739
0.614913 2.78688 -0.299959
0.642224 2.91066 -0.29576
0.69016 3.12791 -0.299027
0.729934 3.30817 -0.29639
0.787552 3.56931 -0.298369
0.838996 3.80246 -0.295064
0.922459 4.18073 -0.299377
0.988853 4.48164 -0.294105
1.10786 5.021 -0.299475
1.20235 5.44923 -0.292452
1.37988 6.25383 -0.298284
1.53933 6.97649 -0.291109
1.84487 8.36121 -0.299004
2.128 9.6444 -0.287374
2.76499 12.5314 -0.298688
3.4562 15.664 -0.279994
5.53486 25.0848 -0.298911
9.22644 41.8156 -0.24913
0.603714 2.78228 -0.299236
0.634315 2.92331 -0.296819
0.677753 3.1235 -0.298378
0.719164 3.31435 -0.296716
0.779669 3.59319 -0.300136
0.821402 3.78552 -0.293526
0.908314 4.18607 -0.299531
0.971283 4.47626 -0.293528
1.08727 5.01079 -0.298637
1.18427 5.45786 -0.292691
1.36234 6.2785 -0.299231
1.50994 6.95872 -0.290145
1.81396 8.35984 -0.298726
2.08998 9.63189 -0.286782
2.72496 12.5583 -0.2991
3.40481 15.6914 -0.28027
5.44649 25.1007 -0.298872
9.08124 41.8519 -0.249156
0.595489 2.7914 -0.29999
0.623062 2.92065 -0.296325
0.671507 3.14774 -0.300467
0.705436 3.30678 -0.295817
0.769689 3.60797 -0.301144
0.806665 3.7813 -0.292978
0.893829 4.18988 -0.299579
0.956072 4.48165 -0.293661
1.07284 5.029 -0.299498
1.16703 5.47056 -0.293152
1.34383 6.29929 -0.299997
1.48843 6.97712 -0.290694
1.7947 8.41279 -0.300393
2.06285 9.66975 -0.287693
2.6827 12.5753 -0.299281
3.35117 15.7088 -0.28037
5.36265 25.1378 -0.299089
8.9397 41.9055 -0.249287
0.584772 2.78887 -0.299497
0.611955 2.91851 -0.295889
0.659524 3.14537 -0.300019
0.690447 3.29285 -0.294353
0.755419 3.60271 -0.300483
0.800048 3.81555 -0.295414
0.880528 4.19937 -0.300035
0.942418 4.49454 -0.294287
1.05429 5.02807 -0.299221
1.14662 5.46843 -0.292821
1.31928 6.29186 -0.299422
1.46604 6.99178 -0.29109
1.7618 8.40229 -0.299796
2.03004 9.68159 -0.287833
2.63955 12.5884 -0.299371
3.29985 15.7375 -0.280674
5.28113 25.1865 -0.299447
8.79961 41.9667 -0.249467
0.579717 2.81366 -0.30194
0.604777 2.93529 -0.297375
0.648031 3.14522 -0.299787
0.682258 3.31134 -0.295791
0.740044 3.59181 -0.299356
0.789757 3.83309 -0.296556
0.865425 4.20035 -0.299887
0.92665 4.4975 -0.294268
1.03845 5.04013 -0.299721
1.12947 5.48191 -0.29333
1.29922 6.30579 -0.299867
1.4436 7.00652 -0.291491
1.73031 8.39808 -0.299428
1.99708 9.69284 -0.287958
2.59576 12.5985 -0.299394
3.24494 15.7494 -0.280682
5.19607 25.2192 -0.299617
8.65787 42.021 -0.249609
0.568071 2.80671 -0.300979
0.59458 2.93768 -0.297405
0.639513 3.15969 -0.300951
0.673102 3.32564 -0.296857
0.731189 3.61264 -0.300877
0.774809 3.82815 -0.295963
0.850194 4.20061 -0.299692
0.912134 4.50665 -0.294656
1.02368 5.05778 -0.300556
1.10845 5.47659 -0.292837
1.27381 6.2936 -0.299074
1.41847 7.00834 -0.291359
1.69869 8.39285 -0.299028
1.96379 9.70261 -0.288043
2.55272 12.6124 -0.29951
3.18877 15.755 -0.280582
5.10977 25.2462 -0.299725
8.51475 42.0694 -0.249718
0.559627 2.81554 -0.301715
0.58584 2.94742 -0.298182
0.624124 3.14003 -0.298869
0.658416 3.31256 -0.295481
0.718123 3.61295 -0.300692
0.7584 3.81559 -0.294784
0.837924 4.21568 -0.300556
0.897599 4.51591 -0.295054
1.00792 5.07093 -0.301126
1.09077 5.48775 -0.293228
1.25489 6.3135 -0.299809
1.39898 7.03839 -0.292404
1.67682 8.43624 -0.300364
1.93473 9.73383 -0.288767
2.51263 12.6413 -0.299986
3.13994 15.7973 -0.281139
5.02972 25.305 -0.300212
8.37749 42.148 -0.250009
0.54918 2.81436 -0.301381
0.572642 2.93459 -0.29668
0.62227 3.18892 -0.303314
0.649993 3.33099 -0.296921
0.706548 3.62082 -0.30114
0.749663 3.84176 -0.296603
0.822869 4.21692 -0.300438
0.881206 4.51588 -0.294849
0.987007 5.05807 -0.300157
1.0745 5.50643 -0.294023
1.2364 6.33611 -0.300676
1.3692 7.0167 -0.291302
1.64827 8.4468 -0.300533
1.90024 9.7381 -0.288695
2.47007 12.6582 -0.300182
3.08453 15.8072 -0.28112
4.94181 25.3251 -0.300244
8.23278 42.1902 -0.250087
0.529073 2.76262 -0.295641
0.565846 2.95464 -0.298505
0.608156 3.17556 -0.301839
0.637685 3.32975 -0.29661
0.69363 3.62188 -0.301025
0.736307 3.84472 -0.296631
0.809106 4.22485 -0.3008
0.86523 4.5179 -0.294783
0.967731 5.05313 -0.299661
1.05511 5.50937 -0.293982
1.21364 6.33717 -0.300523
1.34877 7.04276 -0.292186
1.62045 8.4614 -0.30085
1.86705 9.74901 -0.288823
2.42717 12.6738 -0.300348
3.03822 15.8644 -0.281949
4.85515 25.3518 -0.300358
8.0946 42.267 -0.250374
0.51725 2.75291 -0.294406
0.553269 2.94461 -0.297294
0.595705 3.17046 -0.301155
0.626458 3.33414 -0.296804
0.682409 3.63192 -0.301659
0.725907 3.86342 -0.297876
0.797447 4.24417 -0.301976
0.852795 4.53874 -0.295946
0.953038 5.07226 -0.300596
1.03291 5.49735 -0.293146
1.19171 6.34253 -0.300578
1.3231 7.0418 -0.291953
1.58713 8.44702 -0.300139
1.83318 9.75657 -0.288856
2.38375 12.6868 -0.300456
2.98325 15.8774 -0.281993
4.77412 25.4088 -0.300834
7.95578 42.3422 -0.250653
0.509406 2.76433 -0.295436
0.545667 2.9611 -0.298766
0.585577 3.17768 -0.301645
0.61692 3.34777 -0.297824
0.670231 3.63706 -0.30189
0.710795 3.85719 -0.297202
0.781137 4.2389 -0.301405
0.83461 4.52908 -0.295124
0.938016 5.09022 -0.301464
1.01653 5.51631 -0.293966
1.16985 6.3483 -0.300656
1.30433 7.07804 -0.293265
1.56134 8.47275 -0.300858
1.80098 9.77316 -0.289159
2.34289 12.7139 -0.300903
2.92669 15.8819 -0.281889
4.68495 25.4233 -0.300809
7.80692 42.3649 -0.250624
0.49981 2.76645 -0.295473
0.534307 2.95739 -0.298201
0.560441 3.10204 -0.294277
0.604748 3.34728 -0.297591
0.659036 3.64776 -0.302586
0.695775 3.85111 -0.296545
0.766814 4.24432 -0.301597
0.820705 4.5426 -0.295817
0.917628 5.07907 -0.300612
0.997891 5.52333 -0.294152
1.15202 6.37644 -0.301796
1.27799 7.07369 -0.292898
1.53032 8.47034 -0.30058
1.77099 9.80243 -0.28984
2.30091 12.7355 -0.301223
2.87411 15.9082 -0.282175
4.60301 25.4777 -0.301261
7.66838 42.4445 -0.250935
0.492969 2.78414 -0.297177
0.52005 2.93708 -0.295968
0.550294 3.10789 -0.294648
0.595351 3.36236 -0.298745
0.643093 3.63199 -0.301089
0.685787 3.87311 -0.298053
0.752034 4.24726 -0.301618
0.807073 4.5581 -0.296641
0.901636 5.09216 -0.301199
0.983587 5.55499 -0.295654
1.12511 6.35425 -0.300559
1.25233 7.0728 -0.292678
1.50485 8.49895 -0.301407
1.73604 9.80462 -0.289724
2.25642 12.7435 -0.301224
2.82065 15.9301 -0.282388
4.5124 25.4846 -0.301155
7.52523 42.5002 -0.251107
0.482973 2.7843 -0.297013
0.515304 2.97068 -0.299171
0.537471 3.09848 -0.293575
0.583651 3.3647 -0.29877
0.63201 3.64348 -0.301857
0.672318 3.87586 -0.298081
0.736972 4.24858 -0.301527
0.792274 4.5674 -0.297064
0.882463 5.08733 -0.300729
0.961875 5.54513 -0.294949
1.109 6.39331 -0.302221
1.23157 7.09989 -0.293619
1.47771 8.51886 -0.301929
1.70199 9.81184 -0.28976
2.21548 12.7721 -0.301714
2.7675 15.9544 -0.282645
4.42903 25.533 -0.301542
7.38324 42.5638 -0.251329
0.47206 2.779 -0.296269
0.504879 2.97221 -0.299145
0.528023 3.10845 -0.294344
0.570166 3.35655 -0.297867
0.601352 3.54014 -0.293119
0.657153 3.86864 -0.297348
0.722224 4.25171 -0.301568
0.774899 4.56181 -0.296522
0.866715 5.10232 -0.301434
0.944822 5.56213 -0.295675
1.08735 6.40118 -0.302411
1.20665 7.10353 -0.293594
1.44742 8.52093 -0.301821
1.67156 9.84043 -0.29043
2.17408 12.7987 -0.302162
2.71598 15.9889 -0.283086
4.3404 25.5518 -0.301583
7.23769 42.608 -0.25144
0.462049 2.77882 -0.296077
0.491878 2.95822 -0.297563
0.519451 3.12405 -0.295647
0.558575 3.35935 -0.297941
0.590742 3.55281 -0.293995
0.644118 3.87381 -0.297571
0.705928 4.24555 -0.300954
0.758879 4.564 -0.296491
0.852874 5.1293 -0.30285
0.923258 5.5526 -0.294996
1.06397 6.39888 -0.302125
1.18447 7.12358 -0.29425
1.41856 8.53142 -0.302015
1.64082 9.86809 -0.291075
2.12655 12.7894 -0.301764
2.65961 15.9952 -0.283032
4.258 25.6082 -0.302072
7.09215 42.6531 -0.251558
0.451743 2.77676 -0.295687
0.484967 2.98098 -0.299679
0.510159 3.13583 -0.296591
0.547007 3.36233 -0.298034
0.581565 3.57475 -0.295641
0.630704 3.87679 -0.297629
0.69771 4.28866 -0.303836
0.744853 4.57844 -0.297258
0.832669 5.11823 -0.302023
0.902999 5.55053 -0.294716
1.0438 6.41599 -0.302759
1.1561 7.10628 -0.293367
1.39044 8.54672 -0.302383
1.60165 9.84498 -0.290227
2.08486 12.8152 -0.302199
2.60913 16.0377 -0.283621
4.17057 25.6355 -0.30222
6.95126 42.7278 -0.251854
0.443847 2.78967 -0.296895
0.474552 2.98266 -0.29968
0.496986 3.12367 -0.295275
0.536512 3.3721 -0.298732
0.568581 3.57366 -0.295385
0.62037 3.89916 -0.299178
0.679344 4.26983 -0.302332
0.727997 4.57562 -0.296908
0.817383 5.13743 -0.302986
0.887066 5.57541 -0.295871
1.0246 6.43981 -0.303712
1.13823 7.15402 -0.295171
1.3627 8.56487 -0.302855
1.57571 9.90367 -0.291793
2.04412 12.8477 -0.302797
2.55191 16.0393 -0.28349
4.08419 25.67 -0.302456
6.80741 42.786 -0.252055
0.431151 2.77225 -0.294879
0.463124 2.97783 -0.299031
0.486331 3.12705 -0.295433
0.52377 3.36778 -0.298185
0.555241 3.57014 -0.294932
0.606162 3.89756 -0.29889
0.644644 4.14499 -0.293331
0.713297 4.58641 -0.297445
0.798722 5.13569 -0.302717
0.869638 5.59167 -0.296571
0.999332 6.42559 -0.302875
1.11162 7.14756 -0.294743
1.33417 8.57857 -0.303173
1.53914 9.89647 -0.29142
2.0007 12.8643 -0.30302
2.49862 16.0658 -0.283803
3.99719 25.7014 -0.30266
6.6648 42.8539 -0.252316
0.423409 2.78654 -0.296239
0.452001 2.97471 -0.298556
0.479947 3.15862 -0.298256
0.514181 3.38393 -0.299454
0.543266 3.57535 -0.295204
0.590501 3.88621 -0.29786
0.631498 4.15602 -0.293953
0.697236 4.58865 -0.29743
0.783106 5.15378 -0.30362
0.849259 5.58915 -0.296278
0.977877 6.4356 -0.303184
1.08446 7.13706 -0.294152
1.30214 8.56967 -0.302695
1.50193 9.88453 -0.290913
1.95389 12.8589 -0.302732
2.44344 16.0808 -0.283914
3.9106 25.7364 -0.30291
6.52061 42.9134 -0.252531
0.414002 2.79022 -0.296476
0.444891 2.9984 -0.300777
0.467335 3.14967 -0.297254
0.502117 3.38408 -0.299311
0.531718 3.58359 -0.295729
0.57951 3.90569 -0.299196
0.6171 4.15903 -0.294012
0.685724 4.62153 -0.299404
0.76254 5.13925 -0.302605
0.831037 5.60089 -0.296744
0.958478 6.45979 -0.304164
1.06251 7.1609 -0.29498
1.27758 8.61039 -0.303974
1.47257 9.92455 -0.291938
1.91133 12.8817 -0.303108
2.39164 16.1188 -0.284436
3.82629 25.7878 -0.303355
6.37432 42.9606 -0.252676
0.40701 2.8107 -0.298498
0.437808 3.02337 -0.303126
0.455403 3.14489 -0.296651
0.491667 3.39531 -0.30015
0.520898 3.59717 -0.296698
0.565008 3.90179 -0.298744
0.602513 4.16078 -0.293986
0.666446 4.60228 -0.298005
0.745277 5.14667 -0.302887
0.811609 5.60474 -0.296796
0.934163 6.45106 -0.303598
1.04038 7.18455 -0.295802
1.24705 8.61177 -0.303867
1.43675 9.92175 -0.291706
1.87143 12.9236 -0.303938
2.33611 16.1325 -0.284532
3.73893 25.82 -0.303578
6.22821 43.0102 -0.252839
0.398693 2.82275 -0.299628
0.422871 2.99393 -0.300024
0.446069 3.15817 -0.297755
0.481828 3.41134 -0.301417
0.509165 3.60489 -0.297186
0.552186 3.90948 -0.299184
0.588541 4.16687 -0.294269
0.652548 4.62004 -0.299005
0.7037 4.9822 -0.293061
0.794972 5.6284 -0.2979
0.91305 6.46439 -0.304073
1.01533 7.18852 -0.295818
1.21358 8.59217 -0.303024
1.40486 9.94642 -0.292285
1.82417 12.9151 -0.303587
2.28366 16.1683 -0.285021
3.64992 25.8414 -0.303678
6.08795 43.1027 -0.253256
8.04365 56.949 -2.87571e-06
0.386916 2.81022 -0.298153
0.40638 2.95159 -0.295637
0.437199 3.17543 -0.299237
0.469824 3.41239 -0.301362
0.495548 3.59923 -0.296575
0.539093 3.9155 -0.299499
0.574789 4.17477 -0.294683
0.634714 4.61001 -0.29821
0.684595 4.9723 -0.292336
0.77559 5.63321 -0.29801
0.889785 6.46262 -0.303842
0.988648 7.18067 -0.295351
1.18906 8.63628 -0.304432
1.37287 9.9713 -0.292873
1.77995 12.928 -0.303743
2.22589 16.1669 -0.284858
3.56394 25.8854 -0.304047
5.93886 43.1347 -0.25332
0.378508 2.82208 -0.299269
0.392987 2.93003 -0.293338
0.424897 3.16794 -0.298389
0.456871 3.40633 -0.300685
0.482431 3.5969 -0.296243
0.52809 3.93732 -0.301025
0.56071 4.18054 -0.29495
0.621258 4.63197 -0.299489
0.668333 4.98295 -0.292823
0.754925 5.62856 -0.297622
0.87021 6.4881 -0.304895
0.966842 7.20857 -0.296358
1.15893 8.64076 -0.304445
1.33873 9.98127 -0.293027
1.73993 12.9725 -0.304644
2.17269 16.1991 -0.28529
3.47699 25.9237 -0.304352
5.79425 43.2007 -0.253588
0.368881 2.82517 -0.299459
0.385256 2.95058 -0.295259
0.414349 3.17339 -0.298764
0.444736 3.40612 -0.300527
0.469681 3.59717 -0.296128
0.51309 3.92963 -0.300298
0.544803 4.17251 -0.294248
0.606127 4.64217 -0.30001
0.650881 4.98494 -0.292805
0.737402 5.64758 -0.29849
0.846546 6.48349 -0.304537
0.944345 7.2325 -0.297204
1.12819 8.64056 -0.304297
1.30397 9.98679 -0.293054
1.69715 12.998 -0.305102
2.11982 16.2352 -0.285793
3.38909 25.9562 -0.304593
5.6518 43.2857 -0.253969
0.357911 2.81779 -0.298542
0.376318 2.96271 -0.29634
0.404267 3.18275 -0.29951
0.432945 3.40852 -0.300604
0.457884 3.60487 -0.296628
0.501396 3.94743 -0.301522
0.532072 4.18894 -0.295273
0.589454 4.6407 -0.29978
0.635805 5.00562 -0.293887
0.719331 5.6632 -0.299181
0.82622 6.50473 -0.305398
0.918221 7.22904 -0.296929
1.10287 8.68273 -0.305645
1.26966 9.99589 -0.293189
1.65115 12.9993 -0.304994
2.06312 16.2427 -0.285797
3.30304 26.0044 -0.305022
5.50281 43.323 -0.254073
0.35315 2.8602 -0.302902
0.364725 2.95394 -0.295334
0.391657 3.17207 -0.298375
0.414016 3.35316 -0.295592
0.446132 3.61328 -0.29719
0.486919 3.94361 -0.301099
0.517237 4.18916 -0.29516
0.575767 4.6632 -0.301102
0.617412 5.00049 -0.293458
0.699121 5.66226 -0.299001
0.803858 6.51054 -0.305537
0.894077 7.24123 -0.297299
1.07243 8.68574 -0.305617
1.23742 10.022 -0.293826
1.60884 13.0302 -0.305585
2.0093 16.2735 -0.286214
3.21558 26.0433 -0.305345
5.35794 43.3945 -0.254382
0.340848 2.84217 -0.300865
0.356413 2.97195 -0.297008
0.381952 3.18491 -0.299456
0.399016 3.3272 -0.293179
0.433026 3.61079 -0.296859
0.474034 3.95274 -0.301668
0.502508 4.19017 -0.295106
0.559368 4.6643 -0.301045
0.602453 5.02357 -0.294687
0.679423 5.66538 -0.299038
0.742085 6.18789 -0.290272
0.86721 7.23125 -0.296763
1.04273 8.69478 -0.305805
1.20226 10.025 -0.29379
1.56225 13.0268 -0.305376
1.95326 16.2873 -0.286334
3.12634 26.069 -0.305516
5.2101 43.4445 -0.254566
0.331032 2.84432 -0.300969
0.345595 2.96946 -0.296636
0.369562 3.17538 -0.298436
0.391465 3.36358 -0.296262
0.421907 3.62515 -0.297917
0.4609 3.96019 -0.302111
0.49046 4.21417 -0.296674
0.541945 4.65655 -0.30042
0.582785 5.00746 -0.29362
0.663384 5.69999 -0.300741
0.722935 6.21167 -0.291267
0.844573 7.25682 -0.297689
1.01285 8.70274 -0.305959
1.16901 10.0445 -0.294238
1.51829 13.0456 -0.305689
1.89759 16.3046 -0.286521
3.03726 26.097 -0.305718
5.06454 43.5161 -0.25488
0.320585 2.84095 -0.300491
0.336256 2.97983 -0.297553
0.359962 3.18991 -0.299681
0.377988 3.34965 -0.294917
0.409865 3.63213 -0.298371
0.446933 3.96062 -0.302023
0.477389 4.23051 -0.297705
0.528624 4.68455 -0.302106
0.56837 5.03677 -0.295221
0.641145 5.68168 -0.299655
0.700462 6.20733 -0.290947
0.820102 7.26756 -0.298011
0.98208 8.70297 -0.305844
1.13376 10.0471 -0.294198
1.47551 13.0756 -0.306272
1.84415 16.3424 -0.28707
2.9507 26.1485 -0.306198
4.91816 43.5836 -0.255174
0.309532 2.83174 -0.299402
0.32478 2.97124 -0.29658
0.349408 3.19655 -0.300189
0.366621 3.35403 -0.295188
0.397741 3.63872 -0.298796
0.432632 3.95792 -0.3017
0.461305 4.22023 -0.296866
0.512803 4.69136 -0.302428
0.551504 5.04542 -0.295613
0.621282 5.68378 -0.299649
0.682341 6.24238 -0.292476
0.797061 7.29189 -0.298892
0.953883 8.72657 -0.306555
1.09969 10.0605 -0.294474
1.42878 13.0712 -0.306049
1.78724 16.3505 -0.287101
2.86335 26.1953 -0.306627
4.76823 43.622 -0.2553
0.300799 2.84378 -0.300561
0.312864 2.95785 -0.295133
0.338871 3.20372 -0.300749
0.355234 3.35842 -0.295464
0.386183 3.65102 -0.299693
0.40923 3.8689 -0.294804
0.447554 4.23122 -0.297527
0.495746 4.68683 -0.302022
0.531899 5.02863 -0.294519
0.603549 5.70601 -0.300709
0.66144 6.25331 -0.292878
0.770004 7.27969 -0.29828
0.923749 8.73322 -0.306673
1.06528 10.0712 -0.294679
1.38532 13.0969 -0.306536
1.73329 16.3867 -0.287628
2.77561 26.2409 -0.307045
4.6227 43.7035 -0.25568
0.284994 2.78741 -0.294497
0.304675 2.97991 -0.297226
0.327137 3.1996 -0.300253
0.342608 3.35091 -0.294696
0.372043 3.6388 -0.298582
0.393829 3.85189 -0.293401
0.435056 4.25511 -0.299098
0.47828 4.67787 -0.301335
0.51398 5.02704 -0.294319
0.581865 5.69099 -0.299808
0.637063 6.23086 -0.291721
0.743916 7.27594 -0.298018
0.895938 8.76281 -0.3076
1.03215 10.095 -0.295267
1.33955 13.1016 -0.306534
1.67765 16.4084 -0.287904
2.68427 26.2538 -0.307085
4.47306 43.7492 -0.255855
0.277254 2.80864 -0.296635
0.293571 2.97393 -0.296526
0.317479 3.21613 -0.301698
0.332375 3.36702 -0.296009
0.360205 3.64895 -0.299309
0.383863 3.88861 -0.296094
0.418461 4.23909 -0.297868
0.463768 4.69806 -0.30253
0.499206 5.05706 -0.295973
0.56467 5.72022 -0.301242
0.61754 6.25581 -0.292786
0.722395 7.31801 -0.299636
0.866926 8.78214 -0.308171
0.999021 10.1203 -0.295903
1.29674 13.1362 -0.307237
1.62201 16.4313 -0.288205
2.5964 26.3021 -0.307542
4.328 43.8435 -0.256316
0.268137 2.8169 -0.297407
0.285842 3.0029 -0.299312
0.305088 3.20509 -0.300561
0.323965 3.40341 -0.299106
0.347678 3.65251 -0.2995
0.36796 3.86559 -0.294241
0.404925 4.25392 -0.298809
0.446795 4.69378 -0.302152
0.482205 5.06579 -0.296383
0.543724 5.71207 -0.300711
0.596102 6.26232 -0.292992
0.695388 7.30537 -0.299018
0.833769 8.75912 -0.307259
0.962673 10.1133 -0.295599
1.25224 13.1554 -0.307581
1.56615 16.4531 -0.28849
2.50758 26.3432 -0.307919
4.17799 43.8917 -0.256511
0.256721 2.80065 -0.295595
0.273197 2.98039 -0.296972
0.293379 3.20056 -0.300038
0.309985 3.38172 -0.297103
0.336266 3.66843 -0.300707
0.355112 3.87402 -0.294787
0.389109 4.24491 -0.298078
0.4304 4.69536 -0.302155
0.466094 5.08476 -0.297396
0.524727 5.72441 -0.301262
0.575636 6.27979 -0.293713
0.671041 7.32059 -0.299543
0.754153 8.22729 -0.288509
0.929063 10.1354 -0.296148
1.20732 13.1711 -0.307846
1.51018 16.475 -0.288779
2.41733 26.3714 -0.308147
4.02769 43.9393 -0.256705
0.248267 2.81662 -0.297188
0.26478 3.00397 -0.299227
0.276484 3.13676 -0.293965
0.297765 3.37819 -0.2967
0.323876 3.67442 -0.301104
0.341461 3.87393 -0.294688
0.374842 4.25264 -0.298527
0.415115 4.70954 -0.302972
0.448029 5.08296 -0.297197
0.505157 5.73108 -0.301519
0.553346 6.27779 -0.293527
0.647027 7.34062 -0.300268
0.725794 8.23424 -0.288662
0.893909 10.1415 -0.296234
1.16411 13.2069 -0.308588
1.45525 16.51 -0.289303
2.32734 26.404 -0.308432
3.87949 44.0134 -0.257058
0.236851 2.79886 -0.295224
0.253895 3.00027 -0.298769
0.265185 3.13368 -0.293588
0.287586 3.3984 -0.298385
0.312414 3.69178 -0.302435
0.329605 3.89493 -0.296196
0.360769 4.26319 -0.299178
0.384818 4.54738 -0.292452
0.430469 5.08684 -0.297335
0.486217 5.74561 -0.302192
0.531879 6.2852 -0.293785
0.621832 7.34817 -0.300486
0.699517 8.26617 -0.289694
0.86091 10.1734 -0.297073
1.11893 13.2223 -0.308855
1.39834 16.5241 -0.289461
2.23745 26.4398 -0.308757
3.73137 44.0934 -0.257448
0.229952 2.83517 -0.298968
0.24432 3.01232 -0.299882
0.256279 3.15977 -0.295947
0.276833 3.41319 -0.299597
0.297144 3.66361 -0.300041
0.316369 3.90064 -0.296544
0.346815 4.27602 -0.299991
0.370904 4.57303 -0.294016
0.412349 5.08403 -0.297084
0.466735 5.75457 -0.302575
0.511209 6.30291 -0.294527
0.594469 7.32946 -0.299634
0.671115 8.27445 -0.2899
0.826058 10.1848 -0.297322
1.07353 13.236 -0.309084
1.34039 16.5262 -0.289415
2.14704 26.4717 -0.30904
3.58028 44.1427 -0.257661
0.21833 2.81384 -0.296636
0.233293 3.00668 -0.299237
0.243043 3.13234 -0.293296
0.262811 3.38711 -0.297225
0.286213 3.68871 -0.302012
0.302496 3.89857 -0.296305
0.331419 4.27132 -0.299578
0.35439 4.56738 -0.293571
0.395213 5.0935 -0.297555
0.448527 5.78061 -0.30386
0.490742 6.32468 -0.295463
0.571914 7.37082 -0.301242
0.643036 8.28744 -0.290275
0.790229 10.1845 -0.297229
1.02905 13.2624 -0.309615
1.28534 16.5654 -0.29002
2.05699 26.5105 -0.309407
3.42985 44.2039 -0.257947
0.208203 2.81058 -0.296214
0.221254 2.98676 -0.297176
0.233488 3.15191 -0.29505
0.25135 3.39303 -0.297665
0.273367 3.69025 -0.302059
0.290466 3.92107 -0.297936
0.317235 4.28243 -0.300278
0.340573 4.59747 -0.295427
0.37873 5.11257 -0.29859
0.427856 5.77573 -0.303523
0.469117 6.33271 -0.29576
0.546563 7.37818 -0.301462
0.614461 8.29475 -0.290454
0.755567 10.1996 -0.297592
0.98253 13.2634 -0.309556
1.22899 16.5904 -0.290382
1.96676 26.5498 -0.309783
3.27886 44.2621 -0.258217
3.97631 53.6771 -2.69121e-06
0.200315 2.83866 -0.299098
0.212554 3.0121 -0.299622
0.22528 3.19244 -0.298769
0.241047 3.41587 -0.299594
0.254365 3.60459 -0.294973
0.276109 3.91274 -0.297228
0.302196 4.28241 -0.300201
0.322945 4.57645 -0.294002
0.360052 5.10229 -0.297915
0.408389 5.78728 -0.304053
0.446434 6.32641 -0.295391
0.521778 7.3941 -0.302037
0.58589 8.30264 -0.290657
0.721782 10.2284 -0.298356
0.938416 13.2983 -0.310292
1.17213 16.6103 -0.290656
1.87728 26.6029 -0.310324
3.1293 44.3453 -0.258638
0.189139 2.82058 -0.297121
0.203355 3.03257 -0.301585
0.211787 3.15831 -0.295504
0.228857 3.41287 -0.299259
0.241273 3.59802 -0.294364
0.262046 3.90781 -0.296782
0.287248 4.28365 -0.300215
0.307533 4.58614 -0.294554
0.343668 5.12502 -0.299169
0.387439 5.77776 -0.303481
0.425767 6.34933 -0.29639
0.49549 7.38909 -0.30176
0.558836 8.33374 -0.291675
0.686103 10.2316 -0.29838
0.891434 13.2937 -0.31011
1.11616 16.6449 -0.291191
1.7846 26.6132 -0.31037
2.97627 44.3842 -0.258803
0.179045 2.81744 -0.296723
0.192787 3.03369 -0.301628
0.200341 3.15255 -0.294897
0.216534 3.40737 -0.298708
0.228946 3.60267 -0.294678
0.249079 3.91949 -0.297601
0.274137 4.31379 -0.302259
0.291074 4.58032 -0.294113
0.324746 5.11018 -0.298235
0.367194 5.77814 -0.303431
0.402697 6.33681 -0.295738
0.470218 7.39931 -0.302108
0.529078 8.32553 -0.291321
0.651978 10.2595 -0.299124
0.847159 13.3308 -0.310906
1.05922 16.6679 -0.291527
1.69346 26.6482 -0.310707
2.8225 44.4146 -0.258921
0.170385 2.83775 -0.298798
0.178101 2.96626 -0.29486
0.190842 3.17846 -0.297257
0.205796 3.42752 -0.30041
0.216316 3.60274 -0.294619
0.236102 3.93226 -0.298506
0.25994 4.32928 -0.303278
0.276069 4.59791 -0.295179
0.30812 5.13172 -0.299428
0.334147 5.5652 -0.292186
0.381689 6.35701 -0.296617
0.44497 7.41095 -0.302518
0.499859 8.32512 -0.291244
0.615751 10.2553 -0.298937
0.801158 13.3432 -0.311128
1.00161 16.6818 -0.291708
1.60449 26.7226 -0.311508
2.67346 44.5263 -0.259516
0.161187 2.85099 -0.300131
0.167188 2.95713 -0.293893
0.180551 3.1935 -0.298603
0.193322 3.41938 -0.299636
0.205463 3.63412 -0.297125
0.22247 3.93493 -0.298648
0.24306 4.29912 -0.301105
0.26105 4.61732 -0.296365
0.290386 5.1362 -0.299628
0.31579 5.58553 -0.293193
0.359717 6.36249 -0.296812
0.42044 7.43652 -0.3035
0.47182 8.34531 -0.291891
0.581451 10.2844 -0.299725
0.756309 13.3772 -0.311856
0.94407 16.6982 -0.291935
1.51093 26.7246 -0.311468
2.52027 44.5773 -0.25976
0.150679 2.8412 -0.299042
0.156926 2.959 -0.294022
0.169186 3.19017 -0.298234
0.182615 3.44339 -0.301682
0.192158 3.62333 -0.296187
0.208557 3.93256 -0.298411
0.228815 4.31454 -0.302127
0.244677 4.61363 -0.296071
0.273879 5.16427 -0.301208
0.296008 5.58154 -0.292928
0.337851 6.37053 -0.29713
0.393565 7.42107 -0.302811
0.4433 8.35888 -0.29231
0.545809 10.2918 -0.299882
0.710712 13.4012 -0.312356
0.886488 16.7157 -0.292184
1.41942 26.7646 -0.311874
2.366 44.6133 -0.25992
0.140854 2.84375 -0.299258
0.147294 2.97377 -0.295437
0.157699 3.18384 -0.297589
0.170035 3.4329 -0.300709
0.179085 3.61561 -0.295502
0.195094 3.93882 -0.298833
0.214209 4.32475 -0.302787
0.228741 4.61813 -0.296307
0.255138 5.15107 -0.300384
0.276414 5.58062 -0.292827
0.316245 6.38479 -0.297742
0.368943 7.44872 -0.303885
0.415141 8.38144 -0.293046
0.510468 10.306 -0.300244
0.664468 13.4152 -0.312626
0.830869 16.7747 -0.293164
1.32771 26.8057 -0.312297
2.21431 44.7055 -0.260411
0.131451 2.85578 -0.300473
0.137202 2.98072 -0.296078
0.14709 3.19555 -0.298634
0.158209 3.43711 -0.301027
0.166886 3.62561 -0.29627
0.181416 3.94127 -0.298969
0.192756 4.18764 -0.293139
0.211976 4.60519 -0.295427
0.238272 5.17647 -0.301815
0.25726 5.58899 -0.293218
0.29355 6.37739 -0.297347
0.343302 7.45825 -0.304223
0.386951 8.40654 -0.293875
0.475642 10.3334 -0.30099
0.618151 13.4294 -0.312904
0.771765 16.7666 -0.292974
1.23633 26.8593 -0.312869
2.06117 44.7791 -0.260796
0.121413 2.85477 -0.300321
0.127434 2.99634 -0.297584
0.136065 3.19929 -0.298938
0.142446 3.34934 -0.293295
0.154276 3.62749 -0.296377
0.167608 3.94096 -0.298899
0.178656 4.20073 -0.29401
0.196921 4.6302 -0.296986
0.219486 5.16078 -0.300854
0.237533 5.58511 -0.292969
0.272426 6.40554 -0.298614
0.31727 7.45997 -0.304246
0.356637 8.38561 -0.293098
0.439812 10.3413 -0.301174
0.52004 12.2277 -0.284861
0.713944 16.787 -0.293284
1.14336 26.8839 -0.313107
1.90648 44.8271 -0.261035
0.109535 2.8064 -0.295189
0.117103 3.00029 -0.297934
0.124715 3.19531 -0.298523
0.131693 3.37409 -0.29542
0.142521 3.6515 -0.298297
0.154309 3.95353 -0.29981
0.164377 4.21148 -0.29472
0.181115 4.64033 -0.297593
0.201944 5.17399 -0.301581
0.218676 5.60268 -0.293848
0.2499 6.40267 -0.298437
0.2923 7.489 -0.305387
0.32815 8.40749 -0.293821
0.403784 10.3453 -0.301248
0.478094 12.2492 -0.285322
0.656703 16.8253 -0.293912
1.05145 26.9391 -0.313705
1.7527 44.9056 -0.261455
0.099475 2.79955 -0.29443
0.105701 2.97477 -0.295361
0.11439 3.21932 -0.300726
0.120328 3.38641 -0.296461
0.13046 3.67157 -0.299897
0.140648 3.95829 -0.300132
0.149971 4.22067 -0.295325
0.165327 4.65283 -0.298356
0.183789 5.17243 -0.30145
0.199738 5.62126 -0.294784
0.227307 6.39716 -0.298142
0.265932 7.48417 -0.30515
0.299793 8.43714 -0.294818
0.368773 10.3785 -0.302174
0.435695 12.2619 -0.285579
0.599073 16.8598 -0.294477
0.958316 26.9701 -0.314025
1.59773 44.9652 -0.261768
0.0903709 2.82098 -0.29665
0.0956495 2.98575 -0.296416
0.1028 3.20896 -0.299724
0.108131 3.37538 -0.29546
0.117075 3.65456 -0.298473
0.12697 3.96343 -0.300485
0.13526 4.22222 -0.295398
0.148967 4.65009 -0.298145
0.166131 5.18586 -0.302198
0.179969 5.61784 -0.29457
0.205594 6.41774 -0.299065
0.240329 7.50201 -0.305841
0.27075 8.45162 -0.29529
0.332294 10.3727 -0.301972
0.393112 12.2712 -0.285763
0.540598 16.8751 -0.294708
0.865233 27.0087 -0.314438
1.44219 45.0188 -0.262049
0.0802034 2.81032 -0.295498
0.0861736 3.01952 -0.299737
0.0914916 3.20586 -0.299402
0.0964143 3.37835 -0.295689
0.10404 3.64554 -0.297705
0.112815 3.95304 -0.299666
0.120563 4.22452 -0.295528
0.133102 4.66389 -0.298998
0.14897 5.21991 -0.30415
0.160673 5.62996 -0.295174
0.183745 6.43842 -0.299997
0.214095 7.50187 -0.305803
0.240414 8.42408 -0.294296
0.296876 10.4025 -0.302806
0.350514 12.282 -0.285984
0.481986 16.8888 -0.294916
0.771215 27.0233 -0.314575
1.28636 45.0741 -0.262343
0.0710379 2.83662 -0.298235
0.0753508 3.00884 -0.298649
0.0806393 3.22002 -0.300697
0.0843413 3.36785 -0.294741
0.0922406 3.68327 -0.300758
0.0998498 3.98712 -0.302221
0.106624 4.2576 -0.297815
0.117245 4.68174 -0.300114
0.130533 5.21234 -0.30368
0.141508 5.65058 -0.296228
0.161422 6.44575 -0.300311
0.17842 7.12451 -0.290394
0.211882 8.4607 -0.295548
0.261007 10.4223 -0.303355
0.30846 12.3172 -0.286776
0.424153 16.9369 -0.295729
0.678181 27.0806 -0.315212
1.13114 45.1675 -0.262862
0.0609039 2.82643 -0.29714
0.0652772 3.02939 -0.300664
0.0697158 3.23537 -0.302106
0.0732162 3.39783 -0.297341
0.0789601 3.66439 -0.299191
0.0860217 3.9921 -0.302574
0.0912478 4.23464 -0.296184
0.100681 4.67239 -0.299491
0.1083 5.02598 -0.292799
0.121621 5.64419 -0.295869
0.139162 6.45824 -0.300868
0.15416 7.15428 -0.291583
0.182456 8.46745 -0.29576
0.224682 10.4271 -0.303468
0.265475 12.3202 -0.286823
0.365364 16.9559 -0.296036
0.584449 27.1232 -0.315682
0.975125 45.2537 -0.263342
0.0508682 2.81766 -0.296197
0.0543355 3.00972 -0.298691
0.0566652 3.13876 -0.293064
0.06145 3.4038 -0.297843
0.0663052 3.67274 -0.299852
0.0697215 3.86197 -0.292691
0.0766382 4.24509 -0.296895
0.0845808 4.68504 -0.300281
0.0909905 5.04009 -0.2936
0.102051 5.65274 -0.296297
0.116647 6.46121 -0.300986
0.129068 7.14927 -0.291359
0.153183 8.48501 -0.296353
0.188566 10.4449 -0.303967
0.222767 12.3393 -0.287249
0.306086 16.9545 -0.295991
0.490683 27.1796 -0.316317
0.817419 45.2779 -0.263465
0.973962 53.9491 -2.69789e-06
0.040971 2.8141 -0.295805
0.0438908 3.01465 -0.299163
0.0460307 3.16163 -0.295182
0.0497015 3.41375 -0.298697
0.0534818 3.6734 -0.29989
0.056748 3.89774 -0.295385
0.06194 4.25436 -0.297526
0.0681871 4.68344 -0.300161
0.0733737 5.03968 -0.29356
0.0824812 5.66524 -0.296935
0.0941856 6.46915 -0.301338
0.10418 7.15562 -0.291601
0.124022 8.51849 -0.297505
0.152446 10.4708 -0.304702
0.18009 12.3695 -0.287936
0.247371 16.9907 -0.296607
0.396307 27.2204 -0.316774
0.660336 45.3553 -0.2639
0.0315547 2.85167 -0.299741
0.0332616 3.00592 -0.298284
0.0351659 3.17801 -0.296699
0.03773 3.40974 -0.298333
0.0407256 3.68045 -0.300452
0.0431954 3.90365 -0.29582
0.0471185 4.2582 -0.297781
0.0517769 4.67919 -0.299875
0.0558592 5.04811 -0.294038
0.0628546 5.6803 -0.297711
0.0719165 6.49924 -0.302727
0.0791791 7.15558 -0.291586
0.0941976 8.51283 -0.297294
0.115966 10.4801 -0.304959
0.136933 12.375 -0.288049
0.18855 17.0397 -0.297448
0.301397 27.2379 -0.316963
0.502594 45.4204 -0.264267
0.0215466 2.84563 -0.299097
0.0228987 3.0242 -0.300088
0.0240518 3.17649 -0.296547
0.025869 3.41648 -0.298912
0.0279469 3.6909 -0.301295
0.0295647 3.90457 -0.29588
0.0322219 4.2555 -0.297583
0.0357503 4.72149 -0.302576
0.0381977 5.04472 -0.293831
0.042922 5.66864 -0.29709
0.0492054 6.49849 -0.302681
0.0543173 7.17361 -0.292311
0.0645339 8.5229 -0.297636
0.0794413 10.4917 -0.305287
0.0939035 12.4017 -0.288662
0.129 17.0368 -0.297389
0.206516 27.2743 -0.317376
0.344388 45.4828 -0.264621
0.011584 2.84028 -0.298528
0.0123777 3.0349 -0.301143
0.012912 3.1659 -0.295552
0.0138634 3.39916 -0.297391
0.0149982 3.67742 -0.300189
0.0158969 3.89777 -0.295359
0.0174247 4.27236 -0.298756
0.019192 4.7057 -0.301558
0.0207182 5.07992 -0.295875
0.0232168 5.69254 -0.298337
0.0265823 6.51772 -0.303571
0.0293257 7.19039 -0.292989
0.034805 8.53385 -0.298012
0.0428212 10.4993 -0.305503
0.0506282 12.4136 -0.288932
0.0696865 17.0865 -0.298249
0.111465 27.3303 -0.318021
0.18576 45.5465 -0.264987
0.00166292 2.84162 -0.298667
0.00174324 2.97888 -0.295583
0.0018594 3.17737 -0.296621
0.00199466 3.40852 -0.298207
0.00216442 3.6986 -0.301915
0.00227786 3.89245 -0.294953
0.00250062 4.27311 -0.298806
0.0027669 4.72812 -0.302993
0.00296446 5.06572 -0.295045
0.00334434 5.71486 -0.299504
0.00379011 6.4766 -0.301654
0.00422351 7.21721 -0.29408
0.00499317 8.53241 -0.29796
0.0061517 10.5121 -0.305873
0.00727219 12.4268 -0.289239
0.0100079 17.1018 -0.298514
0.0160137 27.3645 -0.318417
0.0267047 45.6335 -0.265491
-0.00828588 2.84929 -0.299475
-0.00863821 2.97045 -0.294747
-0.00924658 3.17965 -0.296835
-0.00996903 3.42808 -0.29992
-0.0105036 3.6119 -0.294839
-0.0114075 3.92272 -0.297248
-0.0124241 4.27231 -0.298751
-0.0136735 4.70196 -0.301317
-0.0147568 5.07447 -0.295556
-0.0166392 5.72177 -0.299867
-0.0189446 6.51454 -0.303422
-0.0209972 7.22039 -0.294211
-0.0248919 8.55966 -0.298912
-0.030671 10.5469 -0.306887
-0.0362021 12.4489 -0.289754
-0.0497863 17.1202 -0.298837
-0.0797208 27.4138 -0.318992
-0.132891 45.6975 -0.265864
-0.0182957 2.8581 -0.300405
-0.0191392 2.98986 -0.296678
-0.0204037 3.1874 -0.297563
-0.0218654 3.41573 -0.298845
-0.0230007 3.59309 -0.293308
-0.0251169 3.92367 -0.297325
-0.0274295 4.28494 -0.299639
-0.029262 4.57121 -0.292943
-0.03251 5.0786 -0.295802
-0.0365261 5.70598 -0.299045
-0.0418073 6.53099 -0.304193
-0.0461647 7.21169 -0.293861
-0.0549212 8.57961 -0.299614
-0.0675428 10.5513 -0.307019
-0.0798427 12.4728 -0.290314
-0.109821 17.1559 -0.299465
-0.175633 27.4368 -0.319264
-0.292639 45.7151 -0.265971
-0.0282111 2.8511 -0.299678
-0.0295122 2.98259 -0.295965
-0.031615 3.1951 -0.298291
-0.033892 3.42522 -0.299683
-0.035543 3.59207 -0.293233
-0.0388477 3.92606 -0.297514
-0.0425597 4.3012 -0.300784
-0.0452587 4.57397 -0.293128
-0.0504013 5.09369 -0.296689
-0.0567191 5.73219 -0.300427
-0.0645071 6.51926 -0.303655
-0.071438 7.21972 -0.294196
-0.084798 8.56992 -0.299284
-0.104685 10.5798 -0.307857
-0.123449 12.4761 -0.290399
-0.169929 17.1735 -0.29978
-0.271844 27.4733 -0.319698
-0.453153 45.7969 -0.266454
-0.0375891 2.80755 -0.295113
-0.0400579 2.99195 -0.296906
-0.0425769 3.1801 -0.296902
-0.046052 3.43965 -0.300958
-0.0483389 3.61047 -0.294747
-0.0525477 3.92482 -0.297432
-0.0575581 4.29905 -0.300647
-0.0611915 4.57043 -0.292914
-0.0680675 5.08401 -0.296137
-0.0766776 5.7271 -0.300172
-0.0837896 6.2583 -0.291512
-0.0969972 7.24478 -0.29523
-0.115293 8.61134 -0.300743
-0.141696 10.5834 -0.307974
-0.167455 12.5073 -0.291138
-0.230215 17.1949 -0.300166
-0.368439 27.519 -0.320243
-0.614429 45.8921 -0.267019
-0.0475904 2.8189 -0.296322
-0.05058 2.99598 -0.297322
-0.0543585 3.2198 -0.300624
-0.0578278 3.42529 -0.299718
-0.0611814 3.62393 -0.295862
-0.066794 3.95638 -0.29984
-0.072784 4.31119 -0.301511
-0.0774378 4.58684 -0.293981
-0.0861724 5.10421 -0.29733
-0.0968478 5.73655 -0.300683
-0.105792 6.26632 -0.291901
-0.122385 7.2492 -0.295425
-0.144994 8.58839 -0.299957
-0.17923 10.6163 -0.308947
-0.211772 12.5438 -0.292002
-0.290612 17.2137 -0.30051
-0.465507 27.5732 -0.320891
-0.776189 45.9757 -0.26752
-0.0574191 2.81783 -0.296228
-0.0612342 3.00506 -0.298241
-0.0654479 3.21184 -0.299901
-0.0685672 3.36492 -0.294454
-0.0740851 3.63571 -0.296843
-0.0801931 3.93546 -0.298274
-0.0875145 4.29476 -0.300382
-0.093663 4.59649 -0.294618
-0.103908 5.09929 -0.297062
-0.116645 5.72431 -0.300062
-0.127534 6.25869 -0.291565
-0.147905 7.25839 -0.295819
-0.175531 8.61416 -0.300877
-0.21607 10.6036 -0.308599
-0.255578 12.5424 -0.29199
-0.351554 17.2525 -0.301207
-0.562166 27.5882 -0.321086
-0.937063 45.9862 -0.267598
-0.0671521 2.813 -0.295744
-0.0717099 3.00393 -0.298153
-0.0764837 3.20391 -0.299184
-0.0803631 3.36641 -0.294608
-0.0865557 3.62582 -0.296058
-0.0941357 3.94335 -0.298895
-0.103043 4.31649 -0.301925
-0.110363 4.6231 -0.296347
-0.121581 5.09303 -0.296721
-0.137066 5.74171 -0.300997
-0.150308 6.29643 -0.293345
-0.173701 7.27635 -0.296574
-0.206034 8.63079 -0.301481
-0.254069 10.643 -0.309768
-0.299772 12.5575 -0.292363
-0.412296 17.2711 -0.301555
-0.659667 27.6335 -0.321639
-1.10003 46.0805 -0.268168
-0.0778782 2.84564 -0.299202
-0.082064 2.99859 -0.297649
-0.087949 3.21362 -0.300118
-0.0924223 3.37708 -0.295567
-0.0999407 3.6518 -0.298206
-0.107822 3.93977 -0.298651
-0.118228 4.31999 -0.302197
-0.126349 4.61673 -0.295965
-0.140254 5.12484 -0.2986
-0.157043 5.73829 -0.300845
-0.172393 6.29916 -0.293499
-0.19934 7.2838 -0.296904
-0.23701 8.66027 -0.302538
-0.270813 9.8954 -0.288036
-0.344738 12.5966 -0.2933
-0.473396 17.2977 -0.302047
-0.757768 27.6886 -0.322308
-1.26331 46.161 -0.26866
-0.0870874 2.82167 -0.296712
-0.0934021 3.02627 -0.300428
-0.0994547 3.22238 -0.300966
-0.104004 3.36977 -0.294958
-0.112313 3.639 -0.297191
-0.122581 3.97168 -0.3011
-0.129183 4.1856 -0.292825
-0.142665 4.62241 -0.296359
-0.158737 5.14314 -0.299697
-0.178315 5.77748 -0.30293
-0.19362 6.27337 -0.292327
-0.224918 7.28745 -0.297083
-0.267724 8.67438 -0.303061
-0.305327 9.89275 -0.287988
-0.388954 12.6023 -0.293463
-0.534518 17.3186 -0.302443
-0.856058 27.7367 -0.322901
-1.42663 46.2234 -0.269051
-0.0976002 2.84046 -0.298721
-0.10428 3.03486 -0.301315
-0.108046 3.14446 -0.293722
-0.115895 3.37288 -0.295264
-0.125725 3.65899 -0.298858
-0.136176 3.96313 -0.300486
-0.144482 4.20487 -0.294208
-0.15952 4.64252 -0.297683
-0.175923 5.11988 -0.298376
-0.19828 5.77053 -0.3026
-0.217246 6.32251 -0.29465
-0.25109 7.30747 -0.297933
-0.297603 8.66113 -0.302633
-0.341064 9.926 -0.288989
-0.433851 12.6264 -0.294057
-0.596269 17.3532 -0.303082
-0.954027 27.7651 -0.323268
-1.59088 46.2994 -0.269524
-0.107081 2.82845 -0.297495
-0.114376 3.02115 -0.299992
-0.119202 3.14861 -0.294147
-0.127483 3.36737 -0.294818
-0.137508 3.63217 -0.296704
-0.150652 3.97934 -0.301753
-0.159486 4.21268 -0.294791
-0.175301 4.63043 -0.296945
-0.194644 5.14135 -0.299665
-0.219474 5.79721 -0.304038
-0.239145 6.3168 -0.294421
-0.276943 7.31523 -0.298287
-0.328292 8.67155 -0.303035
-0.375093 9.90775 -0.288494
-0.477707 12.6182 -0.293904
-0.657651 17.3713 -0.303436
-1.05264 27.8046 -0.32377
-1.75468 46.3484 -0.269843
-2.04064 53.9018 -2.69702e-06
-0.117401 2.83871 -0.298616
-0.125626 3.03757 -0.301664
-0.130565 3.157 -0.294972
-0.14067 3.40133 -0.297833
-0.151042 3.65213 -0.298377
-0.164723 3.98292 -0.302067
-0.174885 4.22865 -0.29595
-0.191732 4.63599 -0.297342
-0.213269 5.15674 -0.300604
-0.23044 5.57194 -0.292263
-0.262215 6.34026 -0.295555
-0.302645 7.31782 -0.298434
-0.360034 8.70546 -0.304262
-0.411784 9.95677 -0.289961
-0.523028 12.6466 -0.294606
-0.71999 17.409 -0.304137
-1.1513 27.8378 -0.324201
-1.92071 46.442 -0.270426
-0.127779 2.84859 -0.2997
-0.134813 3.00539 -0.298512
-0.141967 3.16488 -0.295752
-0.152743 3.40511 -0.298209
-0.164994 3.67823 -0.300554
-0.178204 3.97271 -0.301338
-0.189786 4.23091 -0.296152
-0.208958 4.65832 -0.29882
-0.231517 5.16122 -0.30091
-0.250659 5.58795 -0.293148
-0.283968 6.33052 -0.295146
-0.329332 7.34182 -0.299458
-0.390573 8.70707 -0.304364
-0.446733 9.95905 -0.290071
-0.568328 12.6698 -0.29519
-0.781887 17.4307 -0.304561
-1.25141 27.8977 -0.324948
-2.08644 46.5132 -0.270881
-0.138278 2.85948 -0.300896
-0.143898 2.97569 -0.295611
-0.153612 3.17657 -0.296892
-0.16446 3.4009 -0.297888
-0.177551 3.67162 -0.300062
-0.187475 3.87683 -0.294112
-0.204348 4.22576 -0.29584
-0.225333 4.6597 -0.298957
-0.250161 5.17314 -0.301654
-0.271142 5.607 -0.294195
-0.306072 6.32932 -0.295138
-0.355688 7.35534 -0.300058
-0.421989 8.72639 -0.305089
-0.48212 9.96986 -0.290433
-0.614176 12.7007 -0.295958
-0.844871 17.4713 -0.30532
-1.35172 27.9526 -0.325639
-2.25334 46.5972 -0.271414
-0.147964 2.85315 -0.300281
-0.154447 2.97816 -0.295907
-0.164066 3.16364 -0.295736
-0.176579 3.40494 -0.298294
-0.190916 3.68138 -0.300913
-0.201786 3.89099 -0.295239
-0.21896 4.22215 -0.295639
-0.241716 4.66095 -0.29909
-0.268228 5.17217 -0.30165
-0.29084 5.6082 -0.294309
-0.329823 6.35989 -0.296615
-0.381719 7.3606 -0.300325
-0.453877 8.75201 -0.306039
-0.517739 9.98343 -0.290879
-0.660417 12.7347 -0.296802
-0.907385 17.4969 -0.305821
-1.45112 27.9817 -0.326036
-2.4195 46.6547 -0.271797
-0.158065 2.85506 -0.300539
-0.164541 2.97203 -0.295354
-0.176717 3.19196 -0.298439
-0.188496 3.40472 -0.298331
-0.203437 3.6746 -0.300415
-0.215074 3.88479 -0.294823
-0.234797 4.24104 -0.297017
-0.25794 4.65906 -0.299024
-0.287199 5.18756 -0.302605
-0.310877 5.61524 -0.294734
-0.352885 6.37401 -0.29733
-0.408451 7.37767 -0.301078
-0.484807 8.75686 -0.306266
-0.554286 10.0118 -0.291762
-0.705234 12.7383 -0.296943
-0.969024 17.5031 -0.305987
-1.55005 27.998 -0.326287
-2.58464 46.6853 -0.272026
-0.165008 2.80302 -0.29512
-0.175848 2.98717 -0.296918
-0.187821 3.19056 -0.298368
-0.201231 3.41835 -0.299586
-0.217812 3.70002 -0.302554
-0.230271 3.91167 -0.296922
-0.250151 4.24937 -0.29766
-0.274818 4.6684 -0.299683
-0.30584 5.19538 -0.303121
-0.330219 5.60951 -0.294492
-0.374228 6.3571 -0.2966
-0.434139 7.37482 -0.301022
-0.516093 8.767 -0.306681
-0.589128 10.0077 -0.291698
-0.74988 12.7384 -0.297004
-1.03126 17.5182 -0.306312
-1.65071 28.041 -0.326854
-2.75316 46.7687 -0.272566
-0.174745 2.80158 -0.295031
-0.186443 2.98912 -0.297175
-0.19955 3.19926 -0.299245
-0.214931 3.44585 -0.30206
-0.225272 3.61165 -0.29539
-0.242521 3.88819 -0.295203
-0.265774 4.26098 -0.298537
-0.291459 4.67278 -0.300028
-0.313595 5.02767 -0.293398
-0.350565 5.62039 -0.295125
-0.397964 6.3803 -0.297746
-0.4618 7.40375 -0.302267
-0.547439 8.77674 -0.307087
-0.625676 10.0311 -0.292443
-0.79543 12.7526 -0.297399
-1.09578 17.568 -0.307247
-1.75112 28.0746 -0.327315
-2.92159 46.84 -0.27304
-0.185132 2.81008 -0.295992
-0.197596 2.99927 -0.29825
-0.211807 3.21497 -0.300782
-0.225796 3.42731 -0.300502
-0.237161 3.59982 -0.294489
-0.257865 3.91408 -0.297235
-0.280222 4.25343 -0.298075
-0.308696 4.68562 -0.30092
-0.330586 5.01789 -0.292893
-0.369917 5.6149 -0.294903
-0.421799 6.40239 -0.298843
-0.487204 7.39516 -0.301984
-0.545523 8.28038 -0.289785
-0.661366 10.0387 -0.292732
-0.842507 12.7882 -0.298296
-1.15906 17.5931 -0.307755
-1.54527 23.4553 -0.27352
-3.09156 46.9261 -0.273603
-0.195216 2.81329 -0.296401
-0.207198 2.98596 -0.296997
-0.222532 3.20695 -0.300102
-0.23798 3.42957 -0.300771
-0.250063 3.6037 -0.294875
-0.271513 3.91282 -0.29721
-0.295819 4.2631 -0.298823
-0.326158 4.70032 -0.301936
-0.347895 5.01358 -0.292711
-0.390453 5.62688 -0.295602
-0.444818 6.41034 -0.299285
-0.514549 7.41525 -0.302876
-0.575475 8.29327 -0.290305
-0.699169 10.0758 -0.293883
-0.88835 12.8022 -0.298691
-1.2209 17.5946 -0.307855
-1.6297 23.4859 -0.273942
-3.26051 46.9877 -0.274027
-0.205486 2.81868 -0.297043
-0.219024 3.00439 -0.298904
-0.234688 3.21925 -0.301328
-0.244751 3.35728 -0.294504
-0.263991 3.6212 -0.296381
-0.285605 3.91768 -0.297653
-0.312333 4.28431 -0.300384
-0.342878 4.7033 -0.302202
-0.366309 5.02471 -0.293433
-0.412164 5.65371 -0.297086
-0.468443 6.42569 -0.300076
-0.541208 7.42382 -0.303301
-0.605636 8.30759 -0.290878
-0.734631 10.077 -0.293991
-0.9355 12.8324 -0.299471
-1.28442 17.6185 -0.30835
-1.71597 23.5382 -0.27462
-3.43185 47.0751 -0.274605
-0.215795 2.82401 -0.297682
-0.230659 3.01853 -0.300389
-0.244363 3.19787 -0.299405
-0.257447 3.3691 -0.295618
-0.277119 3.62654 -0.296896
-0.300037 3.92646 -0.298397
-0.327557 4.28659 -0.300623
-0.359663 4.70676 -0.302503
-0.385742 5.04803 -0.294872
-0.431035 5.64076 -0.296483
-0.489991 6.41229 -0.299529
-0.568515 7.43991 -0.304038
-0.634973 8.30961 -0.291025
-0.769982 10.0764 -0.29405
-0.981141 12.8398 -0.299721
-1.34986 17.665 -0.309244
-1.79879 23.54 -0.274713
-3.60189 47.1363 -0.275034
-0.225599 2.82249 -0.297603
-0.239618 2.99789 -0.298418
-0.256424 3.20816 -0.30045
-0.268315 3.35692 -0.29463
-0.290649 3.63634 -0.297779
-0.313263 3.91927 -0.297933
-0.34396 4.30333 -0.301878
-0.365004 4.56661 -0.293575
-0.402964 5.04153 -0.294573
-0.450486 5.63608 -0.296318
-0.512811 6.41584 -0.299777
-0.595388 7.44898 -0.304492
-0.664722 8.31642 -0.291343
-0.806815 10.0942 -0.294648
-1.02853 12.8681 -0.300464
-1.41238 17.6705 -0.309425
-1.88419 23.5733 -0.275177
-3.77173 47.1886 -0.275414
-0.237865 2.85055 -0.300647
-0.251845 3.01808 -0.300513
-0.264115 3.16512 -0.296504
-0.282554 3.38609 -0.297275
-0.303915 3.64208 -0.298335
-0.328074 3.9316 -0.298955
-0.357997 4.29019 -0.301043
-0.38249 4.58371 -0.294759
-0.421986 5.05703 -0.295563
-0.472154 5.65823 -0.297567
-0.536874 6.43383 -0.300703
-0.622074 7.45486 -0.304819
-0.694945 8.32813 -0.291837
-0.844929 10.1255 -0.295648
-1.07492 12.8817 -0.300868
-1.47897 17.7238 -0.310447
-1.97083 23.6182 -0.275779
-3.944 47.2644 -0.275935
-0.246815 2.83812 -0.299425
-0.262817 3.02213 -0.301006
-0.274704 3.15883 -0.296003
-0.294214 3.38317 -0.297107
-0.317436 3.65019 -0.299088
-0.341901 3.93152 -0.299038
-0.372872 4.28766 -0.300955
-0.400512 4.60549 -0.296248
-0.440988 5.07093 -0.296463
-0.492716 5.66574 -0.29805
-0.55984 6.43761 -0.300969
-0.649557 7.46926 -0.305499
-0.724918 8.33584 -0.292194
-0.882654 10.1496 -0.29644
-1.12121 12.8928 -0.301217
-1.54341 17.7477 -0.310957
-2.05741 23.6582 -0.276328
-4.11851 47.3588 -0.276568
-0.257571 2.84657 -0.30041
-0.266505 2.9453 -0.293444
-0.28564 3.15677 -0.295902
-0.305868 3.38033 -0.296949
-0.329802 3.64484 -0.298742
-0.358347 3.9603 -0.301321
-0.390385 4.31437 -0.302923
-0.416036 4.59786 -0.295849
-0.460157 5.08546 -0.297405
-0.513143 5.67104 -0.298422
-0.584391 6.45844 -0.302037
-0.643517 7.11188 -0.290972
-0.756683 8.36255 -0.293221
-0.918633 10.1523 -0.296611
-1.16959 12.9258 -0.302081
-1.60857 17.7773 -0.311572
-2.14585 23.7151 -0.277079
-4.29196 47.433 -0.277087
-0.269046 2.86195 -0.30213
-0.278832 2.96606 -0.295607
-0.297559 3.16526 -0.296793
-0.317233 3.37455 -0.296537
-0.342601 3.64439 -0.298801
-0.372406 3.96144 -0.301504
-0.3948 4.19966 -0.294964
-0.432587 4.60161 -0.296186
-0.478598 5.09105 -0.297828
-0.535378 5.69504 -0.299781
-0.607776 6.46517 -0.302449
-0.668613 7.11232 -0.291084
-0.787821 8.38039 -0.293941
-0.956476 10.1744 -0.297352
-1.21679 12.9435 -0.302592
-1.67329 17.7995 -0.312063
-2.23215 23.7443 -0.27751
-4.46394 47.4848 -0.27748
-0.27266 2.79556 -0.29522
-0.289744 2.97073 -0.296172
-0.3082 3.15996 -0.296395
-0.331302 3.39682 -0.298594
-0.355738 3.64736 -0.299145
-0.386179 3.95946 -0.301455
-0.408049 4.1837 -0.293942
-0.450959 4.62366 -0.297704
-0.494963 5.07482 -0.296978
-0.557787 5.71895 -0.301141
-0.631241 6.47207 -0.302873
-0.694855 7.12431 -0.291672
-0.815033 8.35648 -0.293201
-0.993103 10.1822 -0.297679
-1.26391 12.9588 -0.303053
-1.73883 17.8282 -0.31267
-2.321 23.7971 -0.27822
-4.63833 47.5565 -0.277992
-0.283985 2.81004 -0.296852
-0.300759 2.97603 -0.296803
-0.322037 3.18657 -0.298995
-0.344771 3.41153 -0.299991
-0.368918 3.65046 -0.299503
-0.400577 3.96372 -0.301884
-0.426046 4.21574 -0.296296
-0.464956 4.60076 -0.296332
-0.515394 5.09985 -0.298546
-0.576406 5.70357 -0.300435
-0.656697 6.49804 -0.304194
-0.720341 7.1278 -0.291916
-0.849335 8.40421 -0.294977
-1.0309 10.2008 -0.298326
-1.31338 12.9959 -0.304026
-1.80481 17.8587 -0.313314
-2.40736 23.8209 -0.278595
-4.81345 47.6292 -0.278513
-0.292134 2.79311 -0.29517
-0.310664 2.97027 -0.296336
-0.331142 3.16607 -0.297178
-0.356409 3.40765 -0.299758
-0.383652 3.66812 -0.30106
-0.404652 3.86891 -0.294768
-0.442211 4.22801 -0.297265
-0.482912 4.61715 -0.297495
-0.536052 5.12522 -0.300139
-0.597937 5.71691 -0.301246
-0.680867 6.50981 -0.304854
-0.746562 7.13792 -0.292436
-0.880157 8.41524 -0.29547
-1.06751 10.2066 -0.298602
-1.35917 12.9951 -0.304116
-1.86792 17.8593 -0.313437
-2.49274 23.8333 -0.27884
-4.99058 47.7152 -0.279116
-0.303138 2.80363 -0.296391
-0.321497 2.97342 -0.29676
-0.341798 3.16118 -0.296829
-0.369156 3.4142 -0.300446
-0.395809 3.66071 -0.300563
-0.418466 3.87025 -0.29498
-0.455845 4.21596 -0.296528
-0.499772 4.62223 -0.297933
-0.55299 5.11443 -0.299618
-0.61848 5.72012 -0.301527
-0.672598 6.22064 -0.29142
-0.771893 7.13899 -0.292588
-0.911589 8.43099 -0.296134
-1.1039 10.2096 -0.2988
-1.40729 13.0155 -0.304707
-1.93436 17.8903 -0.314097
-2.58012 23.8627 -0.279288
-5.16359 47.7563 -0.27946
-0.313252 2.80544 -0.296696
-0.333141 2.98356 -0.297886
-0.357611 3.20271 -0.300844
-0.379156 3.39566 -0.298928
-0.399025 3.5736 -0.293524
-0.431646 3.86575 -0.29475
-0.470197 4.211 -0.296293
-0.513732 4.6009 -0.296672
-0.572271 5.12516 -0.300363
-0.64021 5.73361 -0.302354
-0.697661 6.24814 -0.292821
-0.803995 7.20044 -0.29522
-0.941813 8.43472 -0.296378
-1.14477 10.2524 -0.300169
-1.45315 13.0142 -0.304792
-2.00237 17.9329 -0.314967
-2.66697 23.8849 -0.279655
-5.34259 47.8473 -0.2801
-0.322939 2.80335 -0.296593
-0.343654 2.98318 -0.297967
-0.369754 3.20974 -0.301625
-0.393189 3.41318 -0.30059
-0.414181 3.59541 -0.295432
-0.449754 3.90421 -0.297801
-0.489491 4.24916 -0.299096
-0.532848 4.62553 -0.298378
-0.589175 5.11449 -0.299856
-0.660472 5.7334 -0.302463
-0.720832 6.25737 -0.29337
-0.825603 7.16686 -0.293959
-0.97469 8.46105 -0.297421
-1.18014 10.2445 -0.300058
-1.50316 13.0486 -0.305719
-2.0695 17.9648 -0.315653
-2.75882 23.9487 -0.280513
-5.51987 47.9167 -0.280617
-0.335997 2.82973 -0.299506
-0.355908 2.99742 -0.299511
-0.379548 3.1965 -0.300503
-0.398071 3.35251 -0.295368
-0.426554 3.59239 -0.295305
-0.463177 3.90082 -0.297664
-0.503416 4.23971 -0.298553
-0.549618 4.62882 -0.298713
-0.609735 5.13512 -0.301188
-0.683405 5.75556 -0.303756
-0.742988 6.25736 -0.293489
-0.853971 7.19204 -0.295113
-1.00438 8.45875 -0.297462
-1.22109 10.2839 -0.301333
-1.55189 13.0698 -0.306341
-2.13449 17.9764 -0.315985
-2.84774 23.9833 -0.281033
-5.69812 47.9889 -0.281156
-0.34543 2.82485 -0.299116
-0.366199 2.9947 -0.299366
-0.39173 3.20349 -0.301287
-0.408952 3.34433 -0.294771
-0.442384 3.61773 -0.297513
-0.476316 3.89522 -0.297361
-0.519332 4.24699 -0.299191
-0.568286 4.64733 -0.300034
-0.627928 5.13507 -0.301312
-0.678808 5.55116 -0.293092
-0.766022 6.26437 -0.293942
-0.880023 7.19666 -0.295426
-1.03633 8.4749 -0.298156
-1.25997 10.3038 -0.302044
-1.60168 13.0983 -0.307137
-1.95835 16.015 -0.281626
-2.93725 24.0203 -0.281585
-5.87653 48.0571 -0.281673
-0.356513 2.83331 -0.300141
-0.379956 3.01962 -0.301987
-0.394419 3.13456 -0.294932
-0.42123 3.34763 -0.29519
-0.452574 3.59673 -0.295914
-0.489934 3.89364 -0.29737
-0.534319 4.24638 -0.299278
-0.585209 4.65082 -0.300389
-0.648775 5.15599 -0.302671
-0.698125 5.54819 -0.293062
-0.790234 6.28021 -0.294813
-0.907493 7.2121 -0.296189
-1.06781 8.48621 -0.298683
-1.29774 10.3135 -0.302459
-1.65447 13.1485 -0.30845
-2.01931 16.048 -0.28233
-3.02698 24.0562 -0.282128
-6.05827 48.1467 -0.282321
-0.363787 2.81178 -0.297994
-0.3806 2.94174 -0.29433
-0.408108 3.15435 -0.296926
-0.433971 3.35425 -0.295906
-0.469202 3.62656 -0.298501
-0.504881 3.90233 -0.298166
-0.547442 4.23129 -0.298348
-0.604007 4.6685 -0.301665
-0.668828 5.16951 -0.3036
-0.716816 5.54042 -0.292782
-0.811502 6.27227 -0.294571
-0.933311 7.21376 -0.296389
-1.10004 8.50241 -0.299386
-1.33464 10.3157 -0.302659
-1.70083 13.1461 -0.30853
-2.07698 16.0534 -0.282551
-3.11874 24.1054 -0.282831
-6.23867 48.22 -0.282877
-0.368994 2.7758 -0.294315
-0.390823 2.94001 -0.294291
-0.419381 3.15484 -0.297108
-0.447772 3.36841 -0.297291
-0.479793 3.60929 -0.297216
-0.519959 3.91145 -0.299
-0.566716 4.26318 -0.300734
-0.621693 4.67675 -0.302337
-0.665176 5.00385 -0.294006
-0.741867 5.58077 -0.295049
-0.836837 6.29519 -0.295783
-0.961835 7.23551 -0.297419
-1.132 8.51556 -0.299987
-1.37423 10.3378 -0.303445
-1.75005 13.1649 -0.309114
-2.13705 16.0761 -0.28308
-3.20882 24.1387 -0.283351
-6.42116 48.3038 -0.283498
-0.381409 2.79442 -0.29643
-0.403802 2.95849 -0.296281
-0.429559 3.1472 -0.296528
-0.461113 3.37838 -0.298311
-0.493293 3.61415 -0.297757
-0.537441 3.9376 -0.301141
-0.580592 4.25376 -0.30021
-0.638112 4.67518 -0.302378
-0.680796 4.9879 -0.293207
-0.760839 5.57435 -0.294849
-0.859709 6.29872 -0.296089
-0.989732 7.25135 -0.29821
-1.16217 8.5147 -0.300098
-1.4136 10.3569 -0.304149
-1.79921 13.1821 -0.309662
-2.1998 16.117 -0.283933
-3.30048 24.1812 -0.283985
-6.60266 48.3749 -0.284049
-0.391906 2.79834 -0.296989
-0.416412 2.97332 -0.29791
-0.440832 3.14769 -0.296718
-0.475183 3.39297 -0.299744
-0.513144 3.66402 -0.302011
-0.548701 3.91791 -0.29978
-0.599223 4.27866 -0.302114
-0.634268 4.52889 -0.293057
-0.700074 4.99877 -0.293987
-0.783142 5.5919 -0.29592
-0.881813 6.29644 -0.296124
-1.01698 7.26158 -0.298775
-1.19357 8.52249 -0.300518
-1.45353 10.3787 -0.304938
-1.8492 13.2039 -0.310324
-2.26452 16.1694 -0.284994
-3.39065 24.2104 -0.284465
-6.78264 48.4303 -0.284512
-0.401284 2.79421 -0.296697
-0.426273 2.96821 -0.297545
-0.455821 3.17396 -0.299342
-0.48885 3.40394 -0.300863
-0.52172 3.63282 -0.299588
-0.56474 3.93238 -0.301036
-0.615415 4.28523 -0.302728
-0.652282 4.54194 -0.294048
-0.720066 5.01394 -0.295025
-0.802308 5.5866 -0.295786
-0.908712 6.32751 -0.297733
-1.04392 7.26901 -0.299229
-1.22748 8.54717 -0.301537
-1.49013 10.376 -0.305011
-1.89822 13.2176 -0.310801
-2.31761 16.1379 -0.284579
-3.48229 24.2477 -0.285044
-6.96848 48.5226 -0.285196
-0.411799 2.79793 -0.297243
-0.439669 2.98728 -0.29961
-0.466049 3.16652 -0.298793
-0.497883 3.38282 -0.299147
-0.535617 3.6392 -0.300266
-0.578198 3.92851 -0.300893
-0.61293 4.16449 -0.294348
-0.666802 4.53052 -0.293457
-0.735925 5.00017 -0.294365
-0.824086 5.59917 -0.296602
-0.932678 6.33699 -0.29833
-1.07054 7.27368 -0.299573
-1.26153 8.57135 -0.302544
-1.5294 10.3914 -0.305616
-1.78642 12.1377 -0.285552
-2.38221 16.1857 -0.285567
-3.57555 24.2937 -0.28573
-7.15299 48.6003 -0.285797
-0.423006 2.806 -0.298255
-0.449788 2.98365 -0.299401
-0.47816 3.17186 -0.299452
-0.512098 3.39698 -0.300556
-0.549722 3.64656 -0.30103
-0.580191 3.84868 -0.294931
-0.627636 4.1634 -0.294424
-0.686937 4.55677 -0.295311
-0.759738 5.0397 -0.296846
-0.846468 5.61502 -0.297596
-0.953092 6.3223 -0.297794
-1.10067 7.30127 -0.300866
-1.29365 8.58136 -0.303055
-1.56978 10.4131 -0.306414
-1.83378 12.1643 -0.286328
-2.44394 16.2118 -0.286177
-3.66537 24.3141 -0.286119
-7.33967 48.6875 -0.286459
-7.95992 52.8018 -2.66992e-06
-0.435483 2.82185 -0.3001
-0.461869 2.99283 -0.300482
-0.491493 3.18479 -0.300833
-0.526192 3.40963 -0.301836
-0.549742 3.56223 -0.294225
-0.594277 3.85081 -0.295252
-0.644661 4.17729 -0.295563
-0.704895 4.56759 -0.296171
-0.777787 5.03992 -0.297018
-0.865856 5.61059 -0.29752
-0.980183 6.35141 -0.299324
-1.12888 7.31494 -0.30159
-1.33005 8.61846 -0.304527
-1.60927 10.4278 -0.30701
-1.87932 12.1776 -0.286794
-2.5086 16.2553 -0.287097
-3.75955 24.3612 -0.286826
-7.52462 48.7582 -0.287028
-0.447119 2.8316 -0.301301
-0.471239 2.98434 -0.299793
-0.501594 3.17658 -0.300222
-0.524935 3.3244 -0.294452
-0.565276 3.57988 -0.295844
-0.607794 3.84915 -0.295285
-0.66324 4.20029 -0.297352
-0.723436 4.58151 -0.297235
-0.797521 5.05068 -0.297814
-0.888409 5.62627 -0.298515
-1.00194 6.34528 -0.299199
-1.15654 7.32435 -0.302143
-1.36153 8.62256 -0.304838
-1.65476 10.4795 -0.308702
-1.92736 12.2059 -0.287618
-2.56563 16.2481 -0.287127
-3.85379 24.406 -0.287509
-7.7095 48.8241 -0.287573
-0.45567 2.82173 -0.300418
-0.484583 3.00077 -0.301612
-0.504753 3.12567 -0.295575
-0.539225 3.33915 -0.295923
-0.578153 3.58021 -0.296037
-0.623859 3.86324 -0.296532
-0.677434 4.195 -0.297144
-0.737855 4.56916 -0.296599
-0.817247 5.06079 -0.298577
-0.909537 5.6323 -0.299001
-1.02729 6.3615 -0.300131
-1.18321 7.32703 -0.302422
-1.39502 8.63864 -0.305577
-1.5797 9.7823 -0.288324
-1.97243 12.2143 -0.287974
-2.62996 16.286 -0.287958
-3.94617 24.4366 -0.288031
-7.89859 48.912 -0.288251
-9.14674 56.6411 -2.86874e-06
-0.466698 2.82723 -0.301176
-0.483399 2.92841 -0.294507
-0.512419 3.10421 -0.293713
-0.548878 3.32508 -0.294844
-0.591712 3.58456 -0.296566
-0.63754 3.86219 -0.29662
-0.693975 4.20407 -0.297956
-0.756124 4.58056 -0.297509
-0.83682 5.06941 -0.299256
-0.934123 5.65887 -0.300583
-1.05238 6.37526 -0.300952
-1.21338 7.35062 -0.303569
-1.42577 8.63725 -0.305702
-1.61364 9.77535 -0.288284
-2.01913 12.2318 -0.288552
-2.69319 16.3152 -0.288638
-4.04254 24.4895 -0.288819
-8.08323 48.9678 -0.288745
-0.469832 2.78563 -0.296917
-0.494347 2.93098 -0.294937
-0.52755 3.12784 -0.296121
-0.562194 3.33324 -0.29574
-0.604916 3.58654 -0.296902
-0.652173 3.86673 -0.297142
-0.710605 4.21317 -0.298775
-0.776322 4.60281 -0.299128
-0.854217 5.06464 -0.299149
-0.95159 5.64197 -0.29986
-1.07815 6.39234 -0.301934
-1.23981 7.35084 -0.303755
-1.45843 8.64703 -0.306227
-1.65725 9.8258 -0.289941
-2.06536 12.2455 -0.289043
-2.75756 16.3496 -0.289415
-4.13354 24.5077 -0.289203
-8.27424 49.0578 -0.289444
-0.480923 2.79189 -0.297761
-0.508807 2.95376 -0.297406
-0.537014 3.1175 -0.295318
-0.575074 3.33845 -0.296379
-0.617342 3.58383 -0.296855
-0.669421 3.88616 -0.298814
-0.722556 4.19462 -0.297637
-0.792841 4.60265 -0.299296
-0.874147 5.07465 -0.299918
-0.97179 5.64149 -0.300013
-1.10556 6.41807 -0.30333
-1.26777 7.35976 -0.304305
-1.41054 8.18855 -0.290163
-1.6925 9.82539 -0.290101
-2.1148 12.277 -0.289959
-2.82041 16.3732 -0.290006
-4.23175 24.5664 -0.290068
-8.46127 49.1199 -0.289983
-0.487497 2.77212 -0.295834
-0.519809 2.95587 -0.2978
-0.551863 3.13814 -0.297454
-0.588748 3.34788 -0.297397
-0.632289 3.59548 -0.298001
-0.681615 3.87597 -0.298211
-0.739947 4.20767 -0.298745
-0.809435 4.60281 -0.299488
-0.893804 5.08257 -0.300569
-0.999279 5.68235 -0.30237
-1.12812 6.41499 -0.303369
-1.29429 7.3599 -0.304496
-1.43923 8.18411 -0.290182
-1.7281 9.82673 -0.290317
-2.16446 12.3081 -0.290871
-2.88145 16.3852 -0.290395
-4.32292 24.5821 -0.290429
-8.655 49.2162 -0.290728
-0.499874 2.78543 -0.297438
-0.529464 2.95031 -0.297425
-0.564197 3.14386 -0.298181
-0.602138 3.35527 -0.298238
-0.643283 3.58455 -0.297279
-0.693306 3.86329 -0.29742
-0.755678 4.21084 -0.299155
-0.830538 4.62798 -0.301313
-0.915772 5.10293 -0.301961
-1.02186 5.69408 -0.303182
-1.15052 6.41099 -0.303368
-1.26148 7.02931 -0.290999
-1.47448 8.2162 -0.291501
-1.76928 9.8589 -0.291449
-2.21055 12.3178 -0.291281
-2.94635 16.4178 -0.291154
-4.42335 24.6481 -0.29139
-8.85073 49.3187 -0.291514
-0.509531 2.78328 -0.297397
-0.541746 2.95926 -0.298515
-0.578075 3.1577 -0.299684
-0.61532 3.36115 -0.29895
-0.658361 3.59626 -0.298439
-0.714043 3.90042 -0.300469
-0.775153 4.23423 -0.301008
-0.845874 4.62054 -0.301019
-0.935951 5.11258 -0.302723
-1.04271 5.69575 -0.303463
-1.13227 6.18498 -0.292858
-1.29233 7.05929 -0.292425
-1.50417 8.21644 -0.291694
-1.80718 9.87162 -0.292009
-2.26337 12.3635 -0.292548
-3.0125 16.4556 -0.292008
-4.51901 24.6848 -0.292009
-9.04655 49.4163 -0.292276
-0.519937 2.78516 -0.29779
-0.551811 2.9559 -0.298369
-0.590424 3.16275 -0.300357
-0.626929 3.35829 -0.298889
-0.678401 3.63402 -0.301768
-0.727813 3.8987 -0.30053
-0.793826 4.25231 -0.302489
-0.86485 4.63277 -0.302011
-0.951006 5.09429 -0.301835
-1.02424 5.4866 -0.292509
-1.15329 6.17787 -0.292711
-1.31955 7.06848 -0.292995
-1.53717 8.23422 -0.292514
-1.84509 9.88366 -0.292554
-2.31064 12.3775 -0.293068
-3.07519 16.473 -0.292506
-4.61417 24.7169 -0.292578
-9.235 49.4695 -0.29278
-0.532843 2.80004 -0.299578
-0.565264 2.97041 -0.300031
-0.602278 3.16492 -0.30076
-0.645723 3.39322 -0.302196
-0.693399 3.64375 -0.302775
-0.744463 3.91209 -0.301761
-0.80509 4.23068 -0.301148
-0.855438 4.49525 -0.293239
-0.938216 4.93024 -0.292308
-1.04575 5.49533 -0.293167
-1.17857 6.19331 -0.293635
-1.34569 7.07148 -0.293313
-1.57125 8.25677 -0.293508
-1.88512 9.90614 -0.293413
-2.35439 12.3721 -0.293133
-3.14256 16.5138 -0.293425
-4.71345 24.7688 -0.293385
-9.43427 49.5762 -0.293605
-0.544317 2.80691 -0.300515
-0.579939 2.9906 -0.302274
-0.616241 3.17781 -0.302188
-0.653012 3.36742 -0.3001
-0.687589 3.54573 -0.294828
-0.734986 3.79014 -0.292551
-0.798687 4.11864 -0.293369
-0.870776 4.49038 -0.293118
-0.964061 4.97143 -0.294948
-1.07358 5.53618 -0.295545
-1.20404 6.20892 -0.294573
-1.37636 7.09754 -0.294591
-1.60485 8.27581 -0.294382
-1.92283 9.91554 -0.293889
-2.40558 12.405 -0.294109
-3.20461 16.5254 -0.293827
-4.81136 24.811 -0.294082
-9.62273 49.6221 -0.294074
-0.543675 2.75212 -0.294851
-0.57961 2.93403 -0.296758
-0.614083 3.10854 -0.295803
-0.653852 3.30985 -0.295171
-0.700571 3.54634 -0.295081
-0.757328 3.83365 -0.296111
-0.816986 4.13564 -0.294782
-0.892399 4.51739 -0.295083
-0.981951 4.97071 -0.295107
-1.09637 5.5499 -0.29648
-1.22791 6.21575 -0.295099
-1.40321 7.10316 -0.295026
-1.63441 8.27352 -0.294502
-1.96356 9.93967 -0.294805
-2.45576 12.4313 -0.294934
-3.27247 16.5655 -0.294741
-4.90765 24.8429 -0.294662
-9.82402 49.7299 -0.294915
-0.55576 2.76251 -0.29617
-0.587839 2.92196 -0.295744
-0.627656 3.11988 -0.29709
-0.667208 3.31648 -0.295969
-0.712145 3.53985 -0.294746
-0.771873 3.83674 -0.296556
-0.832903 4.1401 -0.295305
-0.910405 4.52534 -0.295808
-0.997522 4.95837 -0.294579
-1.11254 5.53006 -0.295626
-1.25027 6.21471 -0.295255
-1.43099 7.11302 -0.295641
-1.66844 8.29329 -0.295411
-2.00052 9.94393 -0.295137
-2.50256 12.4394 -0.295333
-3.33353 16.5699 -0.295026
-5.0057 24.8818 -0.295328
-10.0153 49.7828 -0.295434
-0.568962 2.77791 -0.298032
-0.598169 2.92051 -0.295806
-0.638773 3.11876 -0.297193
-0.681962 3.32962 -0.297352
-0.725654 3.54295 -0.295213
-0.781985 3.81798 -0.295316
-0.850362 4.15182 -0.296351
-0.930166 4.54145 -0.297072
-1.01778 4.96921 -0.295433
-1.13699 5.55127 -0.29697
-1.27504 6.22527 -0.295967
-1.46021 7.12935 -0.29653
-1.6993 8.29669 -0.295742
-2.04002 9.96021 -0.29583
-2.5514 12.457 -0.295959
-3.40345 16.6171 -0.296075
-5.10455 24.9225 -0.296022
-10.2132 49.8651 -0.296132
-0.579413 2.7795 -0.298418
-0.61608 2.9554 -0.299556
-0.651192 3.12383 -0.297892
-0.69102 3.31489 -0.296251
-0.742398 3.56136 -0.296961
-0.798965 3.83272 -0.29667
-0.864379 4.14651 -0.296186
-0.944937 4.53296 -0.29673
-1.04207 4.99894 -0.297415
-1.15632 5.54699 -0.296956
-1.30233 6.24739 -0.297233
-1.485 7.12371 -0.29651
-1.73557 8.32573 -0.296992
-2.08059 9.98079 -0.296655
-2.60651 12.5037 -0.297285
-3.47206 16.6558 -0.29698
-5.20986 24.9923 -0.297065
-10.4191 49.9815 -0.297038
-10.7936 51.7779 -2.64455e-06
-0.588889 2.77638 -0.298302
-0.623222 2.93825 -0.298036
-0.663288 3.12714 -0.298427
-0.703645 3.31741 -0.296693
-0.75892 3.57801 -0.298569
-0.814949 3.84216 -0.29762
-0.880493 4.15118 -0.296737
-0.96435 4.54653 -0.297838
-1.06031 4.99894 -0.297633
-1.17736 5.55081 -0.297378
-1.33042 6.2724 -0.298642
-1.51558 7.14538 -0.29763
-1.7679 8.33496 -0.29754
-2.12169 10.0029 -0.297532
-2.65216 12.5039 -0.297507
-3.53632 16.6723 -0.297492
-5.31154 25.0418 -0.297872
-10.6179 50.0594 -0.29772
-0.604049 2.79963 -0.301025
-0.637594 2.95511 -0.299971
-0.675316 3.12994 -0.298917
-0.72149 3.34395 -0.299291
-0.771317 3.57489 -0.298531
-0.830657 3.84991 -0.298443
-0.901482 4.17817 -0.29889
-0.984139 4.56127 -0.299026
-1.07977 5.00452 -0.298188
-1.2 5.56175 -0.298187
-1.34848 6.24992 -0.297794
-1.54444 7.15816 -0.298386
-1.79987 8.34201 -0.298014
-2.15905 10.0067 -0.297867
-2.7021 12.5237 -0.2982
-3.6002 16.6862 -0.297962
-5.40593 25.0553 -0.298255
-10.8151 50.1255 -0.298335
-0.611083 2.78501 -0.29968
-0.645583 2.94224 -0.298892
-0.6843 3.1187 -0.298069
-0.731025 3.33165 -0.298416
-0.784131 3.57367 -0.298657
-0.848725 3.86806 -0.300078
-0.910744 4.15072 -0.297152
-0.998235 4.54946 -0.298479
-1.10299 5.02688 -0.299748
-1.2191 5.55606 -0.298109
-1.3716 6.25108 -0.298076
-1.57104 7.16002 -0.29869
-1.83572 8.36627 -0.299108
-2.20263 10.0385 -0.29904
-2.7525 12.5445 -0.298924
-3.67147 16.7327 -0.299021
-5.50576 25.0925 -0.298925
-11.0174 50.2116 -0.299075
-0.622515 2.79051 -0.300505
-0.655458 2.93818 -0.298711
-0.701665 3.14531 -0.300846
-0.748906 3.35708 -0.300926
-0.803534 3.60195 -0.301253
-0.859708 3.85376 -0.2992
-0.933675 4.18533 -0.299861
-1.01963 4.57063 -0.3001
-1.11947 5.01816 -0.29946
-1.24735 5.59143 -0.300238
-1.40074 6.27901 -0.299639
-1.60044 7.17421 -0.299513
-1.86749 8.37129 -0.299519
-2.24317 10.0553 -0.299773
-2.80558 12.5764 -0.299915
-3.73467 16.7412 -0.299402
-5.60596 25.1295 -0.299598
-11.2168 50.281 -0.29972
-0.621641 2.74149 -0.295458
-0.662314 2.92086 -0.297183
-0.696694 3.07248 -0.294111
-0.760033 3.35181 -0.300691
-0.81246 3.58302 -0.299905
-0.87524 3.85988 -0.29991
-0.952928 4.2025 -0.301328
-1.04058 4.58904 -0.301545
-1.13737 5.01591 -0.299561
-1.26742 5.58946 -0.300368
-1.42752 6.29547 -0.300661
-1.63081 7.19201 -0.300492
-1.90615 8.40629 -0.301007
-2.28594 10.0812 -0.300781
-2.85971 12.6116 -0.300991
-3.81084 16.8061 -0.300801
-5.71288 25.1943 -0.300606
-11.4337 50.4236 -0.300806
-0.632503 2.7449 -0.296061
-0.673747 2.92389 -0.297728
-0.706492 3.06599 -0.293724
-0.758519 3.29177 -0.295541
-0.813229 3.5292 -0.295636
-0.889961 3.8622 -0.30033
-0.969115 4.20571 -0.301799
-1.05729 4.58835 -0.301741
-1.16748 5.06657 -0.302828
-1.29033 5.59968 -0.301158
-1.45711 6.32348 -0.30224
-1.66068 7.20693 -0.301356
-1.93245 8.38635 -0.300533
-2.31986 10.0676 -0.300615
-2.90598 12.6112 -0.301222
-3.87112 16.7996 -0.300925
-5.81087 25.2177 -0.301125
-11.6326 50.4826 -0.301399
-0.643485 2.74864 -0.296706
-0.676107 2.88798 -0.294311
-0.72504 3.097 -0.296935
-0.771805 3.29676 -0.296228
-0.824676 3.5226 -0.295323
-0.892518 3.81238 -0.296697
-0.960133 4.1012 -0.294539
-1.07642 4.5979 -0.302615
-1.18309 5.05356 -0.302296
-1.31803 5.62995 -0.303032
-1.4789 6.3171 -0.30218
-1.68639 7.20339 -0.301453
-1.96886 8.40996 -0.301624
-2.36508 10.1024 -0.301899
-2.95302 12.6138 -0.301529
-3.94137 16.8355 -0.301812
-5.91462 25.2643 -0.301927
-11.8338 50.5478 -0.302033
-0.65505 2.75465 -0.2976
-0.695671 2.92547 -0.298377
-0.736435 3.09689 -0.29717
-0.787213 3.31043 -0.297702
-0.835007 3.51141 -0.294628
-0.902491 3.7952 -0.295603
-0.977802 4.1119 -0.295551
-1.06185 4.46534 -0.294132
-1.20158 5.05293 -0.302507
-1.33325 5.60667 -0.302028
-1.50257 6.31869 -0.302505
-1.71901 7.22888 -0.302769
-2.00028 8.41168 -0.301934
-2.40787 10.1257 -0.302845
-3.00617 12.6417 -0.302445
-4.01107 16.8676 -0.302636
-6.00868 25.268 -0.30222
-12.0376 50.6212 -0.302721
-0.668476 2.76811 -0.299304
-0.70779 2.9309 -0.299182
-0.747838 3.09674 -0.297404
-0.798391 3.30608 -0.29756
-0.855528 3.54268 -0.2975
-0.917322 3.79856 -0.296113
-0.992969 4.11181 -0.295792
-1.08381 4.48799 -0.295872
-1.18877 4.92261 -0.294952
-1.31337 5.43856 -0.293217
-1.52988 6.33513 -0.303546
-1.75057 7.24898 -0.303865
-2.03564 8.42942 -0.302825
-2.45527 10.1671 -0.304338
-3.0626 12.682 -0.303663
-4.07898 16.8908 -0.303306
-6.12832 25.3769 -0.303777
-12.2591 50.7639 -0.303829
-0.678534 2.76736 -0.299477
-0.722147 2.94523 -0.3009
-0.757248 3.08839 -0.296854
-0.812106 3.31212 -0.298357
-0.871882 3.55592 -0.298866
-0.929985 3.79289 -0.295922
-1.00805 4.11126 -0.296003
-1.09645 4.47179 -0.295055
-1.20542 4.91623 -0.29482
-1.33353 5.43872 -0.293475
-1.49095 6.08076 -0.291606
-1.78203 7.26792 -0.304918
-2.07444 8.46047 -0.304198
-2.49158 10.1618 -0.304436
-3.11412 12.7007 -0.304371
-4.15106 16.9298 -0.304266
-6.23088 25.4122 -0.304459
-12.4603 50.8184 -0.304414
-0.69145 2.77804 -0.300893
-0.732352 2.94237 -0.300868
-0.7752 3.11453 -0.299625
-0.823233 3.30751 -0.298199
-0.886262 3.56074 -0.299529
-0.94437 3.7942 -0.29628
-1.02542 4.11983 -0.296877
-1.11783 4.49112 -0.296585
-1.22668 4.92842 -0.295807
-1.35648 5.44994 -0.294334
-1.51731 6.09612 -0.292595
-1.80646 7.25782 -0.304757
-2.10777 8.4684 -0.304746
-2.52921 10.1616 -0.304695
-3.16523 12.717 -0.305022
-4.21799 16.9466 -0.304831
-6.32862 25.4265 -0.304893
-12.6633 50.8773 -0.30503
-0.686302 2.71683 -0.294521
-0.737222 2.9184 -0.298678
-0.787478 3.11735 -0.30016
-0.833137 3.2981 -0.297611
-0.898057 3.55509 -0.299317
-0.964327 3.81743 -0.298355
-1.03778 4.10822 -0.2963
-1.13873 4.50782 -0.297949
-1.24538 4.93003 -0.296162
-1.37693 5.4508 -0.294638
-1.54312 6.10867 -0.293454
-1.75256 6.93779 -0.291574
-2.14242 8.4811 -0.305471
-2.57307 10.1859 -0.30569
-3.21815 12.7395 -0.305832
-4.28857 16.977 -0.305644
-6.43162 25.4606 -0.305569
-12.8719 50.9553 -0.305765
-0.701114 2.73519 -0.296775
-0.738967 2.88287 -0.295303
-0.782942 3.05442 -0.294362
-0.853288 3.32885 -0.300653
-0.912841 3.56118 -0.300096
-0.982118 3.83145 -0.299717
-1.05952 4.13341 -0.298382
-1.15815 4.5182 -0.298901
-1.26864 4.94924 -0.297581
-1.40127 5.46664 -0.295758
-1.56809 6.11745 -0.294138
-1.78489 6.96322 -0.292903
-2.06785 8.06711 -0.290818
-2.60964 10.1808 -0.305808
-3.27037 12.7584 -0.306557
-4.35917 17.006 -0.30644
-6.54676 25.5403 -0.306798
-13.0984 51.0997 -0.306904
-0.714635 2.748 -0.298434
-0.752138 2.89221 -0.296528
-0.7978 3.06779 -0.295917
-0.84482 3.2486 -0.29367
-0.921304 3.5427 -0.298808
-0.995168 3.82673 -0.299618
-1.07686 4.14085 -0.299188
-1.17265 4.50921 -0.298575
-1.28764 4.9514 -0.297979
-1.41817 5.4533 -0.295302
-1.59582 6.13644 -0.295317
-1.80707 6.94875 -0.292558
-2.09976 8.07423 -0.291338
-2.6582 10.2216 -0.307312
-3.32507 12.7859 -0.307496
-4.43216 17.043 -0.307384
-6.64689 25.5594 -0.307305
-13.3086 51.1759 -0.307639
-0.720029 2.72956 -0.296702
-0.763565 2.8946 -0.297044
-0.809646 3.06929 -0.296332
-0.860942 3.26374 -0.295309
-0.920124 3.4881 -0.294472
-1.01143 3.83424 -0.300481
-1.09848 4.16422 -0.301152
-1.19173 4.51774 -0.299414
-1.30675 4.95377 -0.298395
-1.4467 5.48429 -0.297252
-1.6161 6.12649 -0.295107
-1.83573 6.95905 -0.29326
-2.12731 8.06443 -0.29125
-2.53583 9.61307 -0.289281
-3.3746 12.7927 -0.307941
-4.50337 17.0718 -0.308184
-6.75232 25.5974 -0.308043
-13.515 51.2341 -0.308271
-0.734971 2.74725 -0.298903
-0.775371 2.89826 -0.297696
-0.822876 3.07583 -0.29724
-0.876754 3.27722 -0.296804
-0.937182 3.5031 -0.296013
-0.998743 3.73321 -0.292835
-1.11172 4.15551 -0.300802
-1.2145 4.53968 -0.301148
-1.32182 4.94083 -0.297892
-1.4707 5.49734 -0.298236
-1.64619 6.15331 -0.296675
-1.87438 7.00624 -0.295523
-2.16224 8.08223 -0.292164
-2.57618 9.62951 -0.290045
-3.42677 12.8089 -0.308617
-4.57821 17.1129 -0.309213
-6.86581 25.6637 -0.309129
-13.4728 50.3599 -0.303292
-0.745858 2.74944 -0.299423
-0.785679 2.89623 -0.297768
-0.833608 3.07291 -0.297238
-0.888017 3.27348 -0.296744
-0.943867 3.47936 -0.294283
-1.02362 3.77335 -0.296262
-1.12886 4.1613 -0.301504
-1.23355 4.5472 -0.301931
-1.34512 4.95848 -0.299237
-1.49171 5.49885 -0.298599
-1.67251 6.16533 -0.297534
-1.90203 7.01142 -0.29602
-2.20442 8.12611 -0.294027
-2.61422 9.63673 -0.290536
-3.48879 12.8607 -0.310155
-4.64693 17.1299 -0.309812
-6.97336 25.7057 -0.309926
-13.9531 51.4351 -0.310059
-0.760919 2.76667 -0.301587
-0.796838 2.89728 -0.29816
-0.847342 3.0809 -0.298295
-0.901188 3.27669 -0.297318
-0.965887 3.51193 -0.297322
-1.03453 3.76153 -0.295616
-1.11399 4.05042 -0.293751
-1.24438 4.52452 -0.300711
-1.36835 4.97528 -0.300538
-1.51329 5.50228 -0.29907
-1.69862 6.17612 -0.29834
-1.93105 7.02124 -0.296718
-2.23228 8.11649 -0.293959
-2.64946 9.63336 -0.290711
-3.26785 11.8818 -0.286821
-4.71912 17.1586 -0.310626
-7.07715 25.7323 -0.310542
-14.1615 51.4906 -0.31069
-0.7581 2.71924 -0.296703
-0.814721 2.92233 -0.301029
-0.862704 3.09444 -0.299896
-0.915401 3.28346 -0.298221
-0.976927 3.50415 -0.29695
-1.0499 3.76588 -0.296245
-1.13445 4.06916 -0.295395
-1.23757 4.43905 -0.295316
-1.3958 5.00663 -0.302724
-1.54511 5.54217 -0.30153
-1.72502 6.18751 -0.299179
-1.96437 7.04602 -0.298053
-2.26835 8.13637 -0.294964
-2.696 9.67033 -0.292109
-3.32058 11.9106 -0.287796
-4.79407 17.1959 -0.311604
-7.19644 25.813 -0.311818
-14.3951 51.6338 -0.311856
-0.768389 2.71939 -0.297011
-0.811454 2.8718 -0.296114
-0.876309 3.10132 -0.300857
-0.933076 3.30223 -0.30022
-0.995616 3.52356 -0.298888
-1.06255 3.76044 -0.296106
-1.15206 4.07723 -0.296272
-1.2533 4.43551 -0.29537
-1.41065 4.9924 -0.30216
-1.56292 5.53131 -0.301234
-1.74756 6.18476 -0.299339
-1.98977 7.04194 -0.298173
-2.30634 8.16231 -0.296195
-2.73459 9.67792 -0.292625
-3.36732 11.9172 -0.288237
-4.86782 17.2276 -0.312483
-7.29969 25.8342 -0.312379
-14.6092 51.703 -0.31258
-0.78038 2.7254 -0.297964
-0.819515 2.86208 -0.295405
-0.869504 3.03666 -0.294877
-0.945544 3.30222 -0.300518
-1.00881 3.52318 -0.299153
-1.08638 3.79406 -0.299051
-1.16543 4.07014 -0.296051
-1.26927 4.43281 -0.295484
-1.3949 4.87157 -0.29514
-1.58592 5.53868 -0.301936
-1.78019 6.21713 -0.301205
-2.02038 7.05599 -0.299065
-2.34532 8.1908 -0.297524
-2.77698 9.69833 -0.293534
-3.42101 11.9476 -0.289259
-4.9425 17.2612 -0.313405
-7.41687 25.9027 -0.31352
-14.8381 51.8205 -0.313602
-15.4507 53.9601 -2.80643e-06
-0.793779 2.73605 -0.299429
-0.838357 2.8897 -0.298557
-0.880877 3.03626 -0.295136
-0.941359 3.24473 -0.295584
-1.02152 3.52105 -0.299273
-1.09925 3.78898 -0.298951
-1.18713 4.09188 -0.297931
-1.28565 4.43146 -0.295692
-1.40811 4.85356 -0.294345
-1.61285 5.55929 -0.303364
-1.80321 6.21542 -0.301426
-2.04968 7.06497 -0.299747
-2.37042 8.17051 -0.297087
-2.81767 9.71212 -0.294247
-3.47237 11.9688 -0.290065
-5.01266 17.278 -0.314025
-7.51892 25.9167 -0.314005
-15.0497 51.8743 -0.314243
-0.803495 2.73381 -0.299489
-0.850211 2.89276 -0.299177
-0.89519 3.0458 -0.296365
-0.949434 3.23035 -0.294574
-1.03656 3.52678 -0.300066
-1.11936 3.80849 -0.300798
-1.20609 4.10359 -0.299089
-1.30706 4.44715 -0.297041
-1.43212 4.87263 -0.295803
-1.58046 5.37736 -0.293736
-1.83429 6.24097 -0.302974
-2.08296 7.08708 -0.300992
-2.40822 8.19374 -0.298235
-2.86055 9.73272 -0.295173
-3.51949 11.9747 -0.290505
-4.57445 15.5641 -0.283165
-7.62993 25.9601 -0.314851
-15.2701 51.9551 -0.315054
-0.815431 2.73902 -0.30037
-0.860052 2.8889 -0.299088
-0.915394 3.07479 -0.299495
-0.97325 3.26913 -0.298418
-1.03811 3.48698 -0.296987
-1.13029 3.79663 -0.300171
-1.22287 4.10759 -0.29969
-1.32516 4.45118 -0.297617
-1.45238 4.87853 -0.296467
-1.60563 5.39328 -0.294911
-1.86129 6.25203 -0.303824
-2.10901 7.08415 -0.301178
-2.44723 8.2202 -0.299508
-2.90693 9.76434 -0.296438
-3.57462 12.0071 -0.291591
-4.65104 15.6228 -0.284526
-7.74765 26.0242 -0.315956
-15.5054 52.0825 -0.316153
-0.808927 2.68287 -0.29452
-0.871361 2.88994 -0.299508
-0.922204 3.05856 -0.298226
-0.979714 3.24929 -0.296918
-1.04967 3.48131 -0.296814
-1.12284 3.72398 -0.294735
-1.23957 4.11112 -0.300261
-1.35263 4.48609 -0.300266
-1.47241 4.88335 -0.297071
-1.62296 5.38266 -0.294638
-1.81697 6.02613 -0.293153
-2.14251 7.10579 -0.302415
-2.48095 8.22827 -0.300115
-2.94724 9.77475 -0.297064
-3.62199 12.0126 -0.29203
-4.71255 15.6295 -0.284947
-7.85533 26.0528 -0.316634
-15.7209 52.1397 -0.316832
-0.824773 2.70124 -0.296852
-0.869644 2.8482 -0.295496
-0.935005 3.06227 -0.298905
-1.00034 3.27626 -0.2997
-1.06234 3.47929 -0.296957
-1.14822 3.76058 -0.297948
-1.25735 4.118 -0.301083
-1.36704 4.47726 -0.299993
-1.49142 4.8846 -0.297462
-1.64946 5.40222 -0.296022
-1.8414 6.03084 -0.293694
-2.17684 7.12944 -0.303743
-2.51574 8.2394 -0.30084
-2.98918 9.78997 -0.297843
-3.67986 12.0521 -0.2933
-4.78682 15.6775 -0.286124
-7.97329 26.1136 -0.31771
-15.9628 52.2805 -0.318024
-0.831233 2.68874 -0.295795
-0.883191 2.8568 -0.296706
-0.95282 3.08203 -0.301156
-1.01103 3.27031 -0.299477
-1.08055 3.49519 -0.298634
-1.15745 3.74394 -0.296948
-1.23962 4.00971 -0.29348
-1.3885 4.49131 -0.301257
-1.51301 4.89404 -0.298357
-1.67449 5.41638 -0.297117
-1.86573 6.03495 -0.294209
-2.20723 7.13959 -0.304502
-2.55949 8.27904 -0.302612
-3.03124 9.80495 -0.298619
-3.73269 12.0739 -0.294147
-4.847 15.6783 -0.286446
-8.08281 26.145 -0.318433
-16.1822 52.3435 -0.318749
-0.850226 2.71651 -0.299175
-0.894182 2.85695 -0.297044
-0.947221 3.02641 -0.296043
-1.02603 3.27822 -0.300528
-1.09572 3.50088 -0.299445
-1.168 3.73181 -0.296307
-1.2589 4.02223 -0.294717
-1.40249 4.48102 -0.300894
-1.54012 4.92075 -0.300312
-1.69623 5.41951 -0.297612
-1.88709 6.02933 -0.294255
-2.13648 6.82614 -0.29145
-2.59088 8.27798 -0.302903
-3.07558 9.82659 -0.299603
-3.78319 12.0874 -0.294797
-4.92717 15.7425 -0.287932
-8.20295 26.2088 -0.319557
-16.4226 52.4707 -0.319872
-0.858433 2.70949 -0.29873
-0.902698 2.8492 -0.296565
-0.955941 3.01725 -0.295472
-1.01844 3.21452 -0.295012
-1.10269 3.48044 -0.298025
-1.19001 3.75605 -0.29856
-1.2818 4.04576 -0.296768
-1.38233 4.36306 -0.293296
-1.56062 4.92581 -0.300952
-1.71965 5.42777 -0.298393
-1.9218 6.06582 -0.296361
-2.18049 6.88231 -0.294172
-2.62793 8.29458 -0.303844
-3.11814 9.84186 -0.300399
-3.83442 12.1027 -0.295494
-4.98239 15.726 -0.287947
-8.31481 26.2442 -0.320341
-16.6404 52.5225 -0.32054
-0.872334 2.72032 -0.300259
-0.921665 2.87416 -0.299496
-0.973206 3.03489 -0.29753
-1.03491 3.22732 -0.296517
-1.12319 3.50261 -0.300258
-1.20701 3.76398 -0.299524
-1.2964 4.04274 -0.296876
-1.4057 4.3836 -0.295005
-1.58047 4.9286 -0.301457
-1.74872 5.4533 -0.300131
-1.94692 6.07136 -0.296963
-2.19159 6.83435 -0.292447
-2.66507 8.31087 -0.30478
-3.15929 9.85207 -0.301045
-3.89064 12.1327 -0.296558
-5.06002 15.7794 -0.289247
-8.43639 26.3084 -0.321483
-16.8863 52.6589 -0.32173
-0.868075 2.67487 -0.295575
-0.932191 2.87244 -0.299654
-0.99056 3.0523 -0.299574
-1.04723 3.22691 -0.296814
-1.11379 3.43202 -0.294538
-1.22017 3.75981 -0.299529
-1.31576 4.05437 -0.298065
-1.42923 4.40401 -0.296712
-1.60258 4.93816 -0.302383
-1.76738 5.44598 -0.300066
-1.97126 6.0742 -0.297436
-2.23632 6.89095 -0.295202
-2.7011 8.32311 -0.305573
-3.20456 9.87449 -0.302071
-3.95149 12.176 -0.297952
-5.1308 15.81 -0.290134
-8.56032 26.3776 -0.322692
-17.13 52.7842 -0.32286
-0.888867 2.7067 -0.299433
-0.929508 2.83046 -0.295611
-1.00403 3.05737 -0.300415
-1.05472 3.21173 -0.295754
-1.12787 3.43448 -0.295085
-1.235 3.76072 -0.299944
-1.3335 4.06065 -0.298868
-1.43934 4.38295 -0.29563
-1.57241 4.78816 -0.293532
-1.78971 5.44987 -0.300623
-2.00157 6.09502 -0.298796
-2.25939 6.88011 -0.295074
-2.59279 7.89535 -0.290199
-3.25052 9.8982 -0.303142
-4.00004 12.1806 -0.298403
-5.1937 15.8154 -0.290565
-7.42601 22.613 -0.276953
-17.3495 52.8312 -0.323516
-0.891176 2.68209 -0.297053
-0.944498 2.84257 -0.297219
-1.01273 3.04792 -0.299832
-1.07788 3.24398 -0.299069
-1.15003 3.46113 -0.297718
-1.23025 3.70257 -0.295647
-1.35486 4.0776 -0.300462
-1.46039 4.3952 -0.296799
-1.59827 4.81015 -0.295221
-1.81973 5.47665 -0.302449
-2.0302 6.1101 -0.299882
-2.29472 6.90621 -0.296535
-2.64068 7.94742 -0.29245
-3.29375 9.91289 -0.303942
-4.05816 12.2135 -0.299554
-5.27501 15.8757 -0.292009
-7.54137 22.6965 -0.278297
-17.6074 52.9913 -0.32487
-0.906503 2.6967 -0.29902
-0.954326 2.83896 -0.297189
-1.00654 2.9943 -0.294901
-1.08243 3.22004 -0.297209
-1.15693 3.44168 -0.296391
-1.24238 3.69589 -0.295458
-1.37203 4.08157 -0.301106
-1.48111 4.40605 -0.297879
-1.62075 4.82146 -0.296261
-1.84559 5.49032 -0.303558
-2.05608 6.1165 -0.300546
-2.32347 6.91194 -0.297128
-2.67032 7.94375 -0.292657
-3.3444 9.94904 -0.305407
-4.11304 12.2356 -0.300448
-5.34344 15.8959 -0.292722
-7.63491 22.7126 -0.278819
-16.4878 49.0484 -0.301049
-0.918692 2.70167 -0.299926
-0.965048 2.838 -0.297439
-1.02016 3.00006 -0.295817
-1.10473 3.24879 -0.300216
-1.18101 3.4731 -0.29945
-1.26237 3.71237 -0.297126
-1.39509 4.10267 -0.30302
-1.50483 4.42538 -0.29954
-1.64096 4.8257 -0.296871
-1.80375 5.30443 -0.293627
-2.08327 6.12646 -0.301391
-2.35788 6.93402 -0.298429
-2.70353 7.9505 -0.293251
-3.3863 9.95837 -0.306054
-4.16821 12.2578 -0.301349
-5.42126 15.9427 -0.293932
-7.73747 22.7542 -0.27966
-18.0783 53.1644 -0.326698
-0.912521 2.65308 -0.294884
-0.984904 2.86353 -0.300474
-1.03931 3.02172 -0.298309
-1.09413 3.18109 -0.294312
-1.19363 3.4704 -0.299575
-1.27986 3.72109 -0.29818
-1.37458 3.99649 -0.295531
-1.52678 4.439 -0.300821
-1.6622 4.83273 -0.297659
-1.82884 5.3172 -0.294685
-2.11261 6.14225 -0.302529
-2.38558 6.93589 -0.298866
-2.73801 7.96056 -0.293974
-3.42678 9.96309 -0.306566
-4.22379 12.2803 -0.302264
-5.48983 15.9613 -0.294625
-7.849 22.8204 -0.280808
-18.3235 53.2741 -0.327764
-0.925031 2.65921 -0.295923
-0.99313 2.85498 -0.299939
-1.05194 3.02405 -0.2989
-1.11411 3.20278 -0.296677
-1.20658 3.46858 -0.29978
-1.2943 3.72075 -0.298514
-1.38753 3.98878 -0.295317
-1.53872 4.42342 -0.300127
-1.68652 4.84831 -0.29898
-1.85163 5.32294 -0.295361
-2.14214 6.15807 -0.303676
-2.41539 6.94361 -0.299561
-2.77929 7.98972 -0.295407
-3.27469 9.41386 -0.290016
-4.27517 12.29 -0.302866
-5.5628 15.9916 -0.295541
-7.94912 22.8516 -0.281533
-18.3236 52.6755 -0.324473
-0.93817 2.66693 -0.297144
-0.988347 2.80957 -0.295528
-1.06231 3.01983 -0.298849
-1.12352 3.19383 -0.296209
-1.20094 3.41391 -0.295416
-1.30821 3.71884 -0.298725
-1.41133 4.01198 -0.297398
-1.52866 4.34552 -0.295202
-1.70846 4.85663 -0.299859
-1.87662 5.33464 -0.296372
-2.08239 5.91959 -0.292272
-2.4481 6.95921 -0.300601
-2.82241 8.02325 -0.297009
-3.31132 9.41307 -0.290346
-4.33543 12.3243 -0.304083
-5.63832 16.028 -0.296577
-8.0473 22.876 -0.282178
-18.517 52.6382 -0.324639
-0.95429 2.68278 -0.29928
-0.997666 2.80472 -0.295384
-1.07685 3.02734 -0.299962
-1.13815 3.19967 -0.297118
-1.21139 3.40556 -0.295058
-1.32681 3.73003 -0.299994
-1.42883 4.01684 -0.298126
-1.54334 4.33876 -0.295107
-1.72825 4.85859 -0.300351
-1.90452 5.35415 -0.297824
-2.11762 5.95321 -0.294296
-2.48051 6.97341 -0.301587
-2.85462 8.02514 -0.297447
-3.36352 9.45581 -0.292025
-4.39478 12.355 -0.305217
-5.71554 16.068 -0.297685
-8.15588 22.9285 -0.283175
-19.0618 53.5882 -0.330907
-0.964779 2.68255 -0.299628
-1.01374 2.81869 -0.297226
-1.06577 2.96335 -0.293989
-1.15571 3.21343 -0.298769
-1.22743 3.41285 -0.296059
-1.33926 3.72378 -0.299867
-1.44305 4.01238 -0.298168
-1.56112 4.34068 -0.295607
-1.74926 4.86379 -0.301048
-1.9234 5.34798 -0.297852
-2.13931 5.9483 -0.29442
-2.51086 6.98139 -0.302309
-2.88728 8.02804 -0.297926
-3.40136 9.45741 -0.29244
-4.44587 12.3617 -0.305765
-5.78222 16.0774 -0.298231
-8.26134 22.9705 -0.284049
-19.2997 53.6625 -0.33178
-0.973673 2.67787 -0.299484
-1.03022 2.8334 -0.299155
-1.09004 2.9979 -0.297793
-1.16798 3.21226 -0.299038
-1.2512 3.44114 -0.298891
-1.33105 3.66076 -0.295164
-1.46212 4.02122 -0.299203
-1.58946 4.37145 -0.298079
-1.7739 4.8787 -0.302353
-1.95027 5.36378 -0.29911
-2.16916 5.9658 -0.29566
-2.55039 7.01429 -0.304118
-2.92373 8.04107 -0.298787
-3.4454 9.4758 -0.293379
-4.50916 12.4014 -0.307136
-5.85645 16.1069 -0.299156
-8.36867 23.0162 -0.284973
-19.5499 53.7677 -0.33285
-0.972461 2.64572 -0.296266
-1.0391 2.82703 -0.298863
-1.09896 2.98988 -0.297375
-1.18984 3.23714 -0.301739
-1.25902 3.42534 -0.297899
-1.34261 3.65277 -0.294896
-1.49045 4.055 -0.302101
-1.60973 4.37951 -0.29901
-1.74174 4.73867 -0.29405
-1.97787 5.38107 -0.300457
-2.19774 5.97926 -0.296706
-2.47664 6.73804 -0.292514
-2.97052 8.08172 -0.300681
-3.49513 9.509 -0.294783
-4.56603 12.4225 -0.308052
-5.93657 16.1513 -0.300364
-8.48529 23.0855 -0.286196
-19.8061 53.8853 -0.334005
-0.990079 2.66487 -0.298796
-1.05498 2.83954 -0.300574
-1.10855 2.98374 -0.297148
-1.17335 3.15814 -0.294756
-1.27358 3.42792 -0.298508
-1.36757 3.68092 -0.297553
-1.49732 4.03014 -0.300637
-1.62561 4.37545 -0.299119
-1.76912 4.76171 -0.295861
-2.00897 5.40729 -0.302311
-2.2182 5.97044 -0.296651
-2.49634 6.71908 -0.292067
-3.00536 8.08913 -0.301346
-3.5344 9.51309 -0.29529
-4.62175 12.4398 -0.308878
-6.01291 16.1842 -0.301364
-8.5811 23.0966 -0.286705
-20.0402 53.9395 -0.334773
-0.998369 2.65869 -0.298493
-1.04237 2.77587 -0.294218
-1.1268 3.00072 -0.299229
-1.19248 3.17563 -0.296774
-1.29118 3.43847 -0.299818
-1.38414 3.68601 -0.298354
-1.48523 3.95522 -0.295434
-1.64349 4.37668 -0.299594
-1.79129 4.77028 -0.296781
-2.02519 5.39316 -0.301915
-2.25484 6.00473 -0.298744
-2.53037 6.73847 -0.293293
-3.03975 8.09496 -0.301956
-3.57995 9.53356 -0.296312
-4.33743 11.5508 -0.287178
-6.0875 16.2112 -0.302263
-8.69084 23.144 -0.287668
-20.2997 54.0589 -0.335952
-1.0053 2.649 -0.297797
-1.0576 2.78682 -0.295768
-1.1427 3.01105 -0.300655
-1.20832 3.18396 -0.297946
-1.28223 3.37871 -0.294996
-1.40105 3.69182 -0.299218
-1.49873 3.94919 -0.295373
-1.66606 4.39011 -0.30091
-1.81315 4.77772 -0.297636
-1.99238 5.25 -0.294289
-2.28365 6.01749 -0.299774
-2.56837 6.76775 -0.294956
-3.08219 8.12168 -0.303353
-3.63366 9.57482 -0.297987
-4.40137 11.5978 -0.288727
-6.16309 16.2399 -0.303197
-8.79923 23.1863 -0.288573
-20.5663 54.1929 -0.337229
-1.02646 2.67653 -0.301293
-1.07977 2.81554 -0.299215
-1.14017 2.97303 -0.297255
-1.21878 3.17801 -0.297786
-1.30431 3.40104 -0.297341
-1.41283 3.68401 -0.298983
-1.5149 3.95017 -0.29584
-1.68933 4.405 -0.302332
-1.83058 4.77331 -0.297758
-2.01312 5.24929 -0.294641
-2.31261 6.03023 -0.300809
-2.59866 6.77611 -0.295714
-3.11886 8.13253 -0.304163
-3.6701 9.56993 -0.298233
-4.45583 11.6187 -0.289635
-6.2387 16.2677 -0.30412
-8.91608 23.249 -0.28974
-20.8244 54.3005 -0.338349
-1.01887 2.62923 -0.296368
-1.09425 2.82376 -0.300493
-1.14872 2.96431 -0.296782
-1.24007 3.20004 -0.300255
-1.31394 3.39068 -0.296835
-1.43708 3.70845 -0.301372
-1.54055 3.97545 -0.298134
-1.66264 4.29052 -0.294872
-1.8592 4.79774 -0.299685
-2.04471 5.27644 -0.296564
-2.34263 6.04524 -0.301964
-2.63489 6.79944 -0.297132
-3.15675 8.14611 -0.305082
-3.71917 9.59746 -0.299494
-4.51848 11.6601 -0.291058
-6.32161 16.3132 -0.305381
-9.03406 23.3128 -0.290926
-21.0893 54.4218 -0.339562
-1.03248 2.63697 -0.297644
-1.10917 2.83285 -0.30187
-1.16664 2.97963 -0.298722
-1.2553 3.20606 -0.301228
-1.33511 3.4099 -0.298923
-1.42152 3.63061 -0.295448
-1.56067 3.98599 -0.299332
-1.68841 4.31224 -0.296768
-1.88575 4.81625 -0.301251
-2.06309 5.26917 -0.296559
-2.3675 6.04664 -0.302445
-2.65573 6.78278 -0.296808
-3.05143 7.79343 -0.292271
-3.75742 9.59653 -0.299872
-4.56414 11.6569 -0.291375
-6.393 16.3279 -0.306073
-9.13935 23.3421 -0.291689
-21.3224 54.458 -0.340251
-1.04397 2.63913 -0.298299
-1.09361 2.76463 -0.295006
-1.17156 2.96168 -0.297332
-1.24783 3.15448 -0.29679
-1.34463 3.39919 -0.298394
-1.4417 3.64457 -0.296992
-1.58169 3.99848 -0.300683
-1.70522 4.31076 -0.297075
-1.90849 4.82461 -0.302189
-2.08746 5.27704 -0.29741
-2.31237 5.84562 -0.292793
-2.69684 6.81755 -0.298739
-3.08471 7.79807 -0.292847
-3.80581 9.621 -0.30105
-4.62399 11.6893 -0.292587
-6.4756 16.3702 -0.307288
-9.24921 23.3818 -0.292587
-21.5913 54.5821 -0.341495
-1.05582 2.64207 -0.299045
-1.11384 2.78725 -0.297834
-1.1876 2.97182 -0.298764
-1.26096 3.15541 -0.29729
-1.36119 3.40622 -0.299428
-1.4554 3.64196 -0.297192
-1.59707 3.99647 -0.300949
-1.72321 4.31213 -0.297582
-1.87709 4.69719 -0.294617
-2.10693 5.27236 -0.297559
-2.3407 5.85732 -0.293787
-2.72593 6.82132 -0.29932
-3.11728 7.80062 -0.29335
-3.84922 9.63222 -0.30182
-4.68043 11.7122 -0.293567
-6.55167 16.3948 -0.308178
-9.35888 23.4195 -0.293466
-18.2393 45.6418 -0.285957
-1.0668 2.64272 -0.299539
-1.1257 2.78863 -0.298399
-1.1826 2.92959 -0.294932
-1.27236 3.15192 -0.297379
-1.35031 3.34503 -0.294461
-1.47552 3.65521 -0.298692
-1.58348 3.92265 -0.295805
-1.74627 4.32592 -0.298953
-1.88943 4.68056 -0.293986
-2.13762 5.29538 -0.299279
-2.36745 5.86473 -0.294571
-2.76508 6.84975 -0.30099
-3.16218 7.83345 -0.294999
-3.89793 9.65609 -0.302993
-4.74198 11.747 -0.294852
-6.63167 16.4282 -0.30924
-9.48258 23.4906 -0.29477
-22.1347 54.8328 -0.344023
-1.06855 2.62065 -0.297459
-1.13878 2.79287 -0.299277
-1.19633 2.93402 -0.295797
-1.29688 3.18063 -0.300513
-1.36423 3.34581 -0.294948
-1.48593 3.64427 -0.29822
-1.60054 3.92536 -0.29643
-1.76823 4.33661 -0.300117
-1.91684 4.70108 -0.295693
-2.16178 5.30181 -0.300067
-2.39418 5.87178 -0.295343
-2.80261 6.87344 -0.302459
-3.19595 7.83812 -0.295593
-3.95174 9.69172 -0.304543
-4.79494 11.7597 -0.295589
-6.71228 16.462 -0.310315
-9.5962 23.5349 -0.295744
-22.4094 54.9594 -0.345306
-1.07202 2.6031 -0.295891
-1.14461 2.77937 -0.298257
-1.20418 2.92403 -0.295212
-1.31043 3.18202 -0.301074
-1.3886 3.37183 -0.297668
-1.50849 3.66294 -0.300177
-1.61553 3.92288 -0.296666
-1.78834 4.34249 -0.300954
-1.94092 4.71299 -0.296867
-2.18502 5.30572 -0.300718
-2.42674 5.89267 -0.296819
-2.83152 6.87555 -0.302985
-3.23677 7.8596 -0.296828
-3.98803 9.68383 -0.30473
-4.84993 11.7767 -0.296441
-6.79728 16.5053 -0.311577
-9.71153 23.5818 -0.296758
-22.6796 55.0712 -0.346504
-1.08677 2.61295 -0.297439
-1.15128 2.76806 -0.297473
-1.22289 2.94024 -0.297279
-1.30081 3.12757 -0.296351
-1.40302 3.37333 -0.29823
-1.49494 3.59433 -0.294981
-1.63954 3.94199 -0.298543
-1.80452 4.33868 -0.301125
-1.97483 4.74815 -0.299515
-2.22111 5.3403 -0.303116
-2.45396 5.90015 -0.297626
-2.86172 6.88053 -0.303643
-3.27397 7.87173 -0.297716
-4.05078 9.73944 -0.306924
-4.90582 11.7952 -0.297337
-6.87295 16.5249 -0.312398
-9.81782 23.6053 -0.297485
-22.9497 55.1788 -0.347684
-1.1014 2.62226 -0.298935
-1.1643 2.77203 -0.298334
-1.24325 2.95999 -0.299713
-1.30316 3.10263 -0.294417
-1.41369 3.36579 -0.297998
-1.51224 3.60042 -0.295913
-1.65624 3.94325 -0.299075
-1.78087 4.23997 -0.294704
-1.99022 4.73839 -0.299336
-2.17191 5.17099 -0.293935
-2.48956 5.92725 -0.29943
-2.77932 6.61714 -0.292446
-3.31468 7.89174 -0.298909
-3.86548 9.20312 -0.290446
-4.97116 11.8356 -0.29879
-6.31653 15.0387 -0.284717
-9.94561 23.6789 -0.298849
-17.4143 41.4609 -0.261628
-1.10143 2.59688 -0.296479
-1.16769 2.7531 -0.296735
-1.25572 2.96066 -0.300223
-1.32956 3.13476 -0.297905
-1.43519 3.38382 -0.300037
-1.53381 3.61634 -0.29766
-1.68109 3.96358 -0.30106
-1.80741 4.26141 -0.296632
-2.00827 4.73497 -0.299562
-2.20122 5.18992 -0.295446
-2.51671 5.93375 -0.3002
-2.8118 6.6295 -0.293425
-3.34777 7.89318 -0.299404
-3.90698 9.21165 -0.291144
-5.03229 11.8649 -0.299971
-6.40791 15.1082 -0.286455
-10.0592 23.7171 -0.299772
-17.6243 41.5535 -0.262599
-1.11212 2.59682 -0.296913
-1.1855 2.76817 -0.298803
-1.25359 2.92716 -0.297268
-1.34807 3.14777 -0.299588
-1.4251 3.32763 -0.295494
-1.54972 3.61861 -0.29829
-1.69493 3.95768 -0.30106
-1.82562 4.26284 -0.297174
-2.0318 4.74429 -0.300598
-2.23249 5.21291 -0.297197
-2.54317 5.93836 -0.300881
-2.84339 6.63938 -0.2943
-3.38531 7.90476 -0.30029
-3.96124 9.24958 -0.292779
-5.09773 11.9033 -0.301391
-6.47886 15.1283 -0.287263
-10.1763 23.7619 -0.300786
-17.8305 41.6344 -0.263503
-1.12513 2.60205 -0.297959
-1.19975 2.77461 -0.299949
-1.26474 2.92492 -0.297488
-1.35663 3.13744 -0.299053
-1.43516 3.31903 -0.295175
-1.56047 3.60883 -0.297931
-1.67598 3.87596 -0.295287
-1.85126 4.28135 -0.298912
-2.06005 4.76419 -0.302313
-2.25684 5.21931 -0.298009
-2.57737 5.96058 -0.302461
-2.88182 6.66467 -0.295866
-3.42958 7.93146 -0.301758
-4.01159 9.27744 -0.294102
-5.14523 11.8992 -0.30174
-6.5552 15.1599 -0.288298
-10.2942 23.807 -0.301809
-18.0415 41.7239 -0.264466
-1.13974 2.61076 -0.299411
-1.19073 2.72756 -0.295311
-1.27837 2.9283 -0.298283
-1.35499 3.10381 -0.296297
-1.4525 3.32718 -0.296348
-1.58602 3.63304 -0.300385
-1.69877 3.89132 -0.296907
-1.86909 4.28145 -0.299373
-2.02462 4.63773 -0.294735
-2.27687 5.21553 -0.298246
-2.60655 5.97073 -0.303437
-2.9148 6.67683 -0.296856
-3.46811 7.94428 -0.302705
-4.04432 9.26416 -0.294128
-5.20309 11.9185 -0.30269
-6.62574 15.1773 -0.289067
-10.4225 23.8745 -0.303125
-18.2457 41.7947 -0.265318
-1.13637 2.57844 -0.296158
-1.21231 2.75075 -0.298278
-1.29262 2.93297 -0.299217
-1.36647 3.10054 -0.296438
-1.47029 3.33611 -0.2976
-1.56803 3.55789 -0.294623
-1.7164 3.89454 -0.297609
-1.89801 4.3066 -0.301594
-2.05227 4.65663 -0.296391
-2.30408 5.22799 -0.299417
-2.53703 5.75655 -0.293001
-2.94832 6.68976 -0.297887
-3.51772 7.98175 -0.304599
-4.10012 9.30323 -0.295821
-5.26906 11.9556 -0.304096
-6.70725 15.2188 -0.290302
-10.5403 23.916 -0.304118
-18.4573 41.8799 -0.266266
-1.14506 2.57376 -0.296078
-1.22343 2.74991 -0.298648
-1.28804 2.89513 -0.295814
-1.38233 3.10707 -0.297523
-1.49241 3.3545 -0.299703
-1.58918 3.572 -0.29625
-1.73508 3.89994 -0.298483
-1.91452 4.30327 -0.301827
-2.07407 4.66189 -0.297185
-2.3387 5.2567 -0.301528
-2.58334 5.80659 -0.296005
-2.99269 6.72667 -0.299994
-3.39389 7.62846 -0.291567
-4.1442 9.31493 -0.296651
-5.32348 11.9656 -0.304823
-6.78836 15.2582 -0.291504
-10.6614 23.9636 -0.305195
-18.6696 41.9638 -0.267212
-1.1658 2.59591 -0.299093
-1.23975 2.76059 -0.300277
-1.29834 2.89105 -0.295858
-1.39462 3.10544 -0.297832
-1.51272 3.36841 -0.301416
-1.59904 3.56062 -0.295768
-1.74949 3.89563 -0.298619
-1.88793 4.20391 -0.295319
-2.08977 4.65335 -0.297104
-2.36364 5.26318 -0.302371
-2.60692 5.8049 -0.296381
-3.01889 6.72224 -0.300265
-3.43036 7.63848 -0.292406
-4.19023 9.33049 -0.297611
-5.39314 12.0091 -0.306408
-6.8654 15.2874 -0.292517
-10.7796 24.0032 -0.306176
-18.8831 42.0475 -0.268164
-1.17765 2.59798 -0.299803
-1.2231 2.69824 -0.293958
-1.31968 2.91131 -0.298402
-1.40614 3.10205 -0.297975
-1.49347 3.29471 -0.295286
-1.62829 3.59212 -0.298855
-1.78355 3.93465 -0.302086
-1.90909 4.21159 -0.296325
-2.12252 4.68244 -0.299432
-2.3096 5.09514 -0.293178
-2.64213 5.82873 -0.298067
-3.05401 6.73736 -0.301415
-3.47959 7.67623 -0.294315
-4.24398 9.36252 -0.299104
-5.45435 12.0327 -0.307495
-6.94691 15.3254 -0.293707
-10.9232 24.0973 -0.307862
-19.1247 42.1905 -0.269501
-1.18034 2.5799 -0.298191
-1.24433 2.71977 -0.296775
-1.33249 2.91248 -0.298997
-1.40893 3.07955 -0.296286
-1.51248 3.30588 -0.296759
-1.64223 3.58948 -0.29911
-1.75531 3.83664 -0.29503
-1.92513 4.20783 -0.296532
-2.14795 4.69484 -0.300704
-2.34153 5.11796 -0.294961
-2.66252 5.81956 -0.298072
-3.0859 6.74496 -0.302235
-3.51064 7.67332 -0.294672
-4.28666 9.36951 -0.299804
-5.51954 12.0642 -0.308792
-7.02006 15.344 -0.294532
-11.0445 24.1403 -0.308903
-17.6766 38.6364 -0.247191
-17.7154 38.7212 -2.12907e-06
-1.17807 2.55136 -0.295366
-1.25863 2.72583 -0.297914
-1.34472 2.91227 -0.299456
-1.41577 3.06613 -0.295469
-1.52757 3.30826 -0.29745
-1.66749 3.6113 -0.301412
-1.77434 3.8427 -0.295971
-1.95579 4.23567 -0.298974
-2.16819 4.69565 -0.301239
-2.36792 5.12823 -0.296027
-2.69266 5.83152 -0.299164
-3.12451 6.76678 -0.3037
-3.55148 7.69145 -0.295843
-4.34264 9.40488 -0.301419
-5.214 11.292 -0.28949
-7.10373 15.3846 -0.295786
-11.1643 24.1786 -0.309889
-19.5564 42.3534 -0.271407
-1.20647 2.58907 -0.300217
-1.27922 2.74519 -0.300517
-1.33547 2.86588 -0.295164
-1.43225 3.07357 -0.296665
-1.54812 3.32224 -0.299191
-1.64843 3.53749 -0.295731
-1.79439 3.85073 -0.29707
-1.98356 4.25668 -0.300944
-2.14076 4.59402 -0.295197
-2.39204 5.13328 -0.296799
-2.72077 5.8387 -0.300019
-3.0402 6.52419 -0.293288
-3.58685 7.6973 -0.296548
-4.38876 9.41818 -0.302335
-5.26975 11.3088 -0.290391
-7.18585 15.4207 -0.29696
-11.2882 24.2243 -0.310979
-19.771 42.4282 -0.272328
-1.21768 2.58946 -0.300754
-1.27001 2.70073 -0.296134
-1.35239 2.87591 -0.296682
-1.45248 3.08877 -0.29862
-1.57607 3.35158 -0.302328
-1.66277 3.53596 -0.296086
-1.81096 3.85109 -0.297584
-1.99247 4.23707 -0.300047
-2.15869 4.59054 -0.295456
-2.41614 5.13802 -0.29756
-2.75542 5.85952 -0.301581
-3.07028 6.52909 -0.293988
-3.63298 7.72568 -0.298128
-4.43464 9.43045 -0.303224
-5.32892 11.3322 -0.291468
-7.26081 15.4404 -0.297827
-11.4082 24.2599 -0.311946
-19.9905 42.5106 -0.273303
-1.22424 2.57995 -0.300144
-1.28629 2.71072 -0.29772
-1.36719 2.88121 -0.297719
-1.47479 3.10796 -0.300972
-1.55588 3.27886 -0.296256
-1.68909 3.55958 -0.298557
-1.82555 3.84716 -0.297772
-1.96786 4.14706 -0.294159
-2.17913 4.5923 -0.296057
-2.44954 5.16215 -0.299451
-2.7889 5.87731 -0.302997
-3.11094 6.55597 -0.295686
-3.67308 7.74064 -0.299199
-4.48769 9.45733 -0.304591
-5.38332 11.3448 -0.292274
-7.35216 15.4939 -0.299352
-11.5609 24.3633 -0.313792
-20.2396 42.6528 -0.27467
-1.21618 2.54002 -0.295992
-1.29465 2.7039 -0.297466
-1.38743 2.89768 -0.29992
-1.4576 3.04425 -0.295293
-1.57435 3.28808 -0.297584
-1.70292 3.55659 -0.298803
-1.86119 3.88715 -0.301368
-1.99874 4.17442 -0.296592
-2.20445 4.60405 -0.29731
-2.46656 5.15148 -0.29933
-2.7221 5.68517 -0.29358
-3.14163 6.56137 -0.296423
-3.71656 7.76213 -0.300529
-4.53626 9.47411 -0.30564
-5.44648 11.3751 -0.293544
-7.436 15.5303 -0.300555
-11.6815 24.3971 -0.314752
-20.4478 42.7058 -0.275469
-1.2378 2.56216 -0.299074
-1.31217 2.7161 -0.29931
-1.3753 2.84679 -0.295148
-1.47036 3.04355 -0.295722
-1.59015 3.29149 -0.298395
-1.71549 3.55094 -0.29883
-1.82878 3.78546 -0.293977
-2.01506 4.17104 -0.296851
-2.2369 4.63023 -0.299503
-2.50096 5.17682 -0.301308
-2.76361 5.72048 -0.2959
-3.17565 6.57337 -0.297464
-3.75748 7.77774 -0.30164
-4.35311 9.01064 -0.291177
-5.50567 11.3964 -0.294587
-7.50985 15.5449 -0.301343
-11.8107 24.4474 -0.315931
-20.6722 42.7901 -0.276477
-1.24574 2.55576 -0.298832
-1.30743 2.68234 -0.296091
-1.3897 2.85111 -0.296098
-1.49272 3.06247 -0.298066
-1.60498 3.29279 -0.299019
-1.74349 3.57695 -0.301529
-1.86205 3.82019 -0.297178
-2.02982 4.16438 -0.29688
-2.25956 4.63571 -0.300366
-2.45834 5.04354 -0.294049
-2.78782 5.7195 -0.296351
-3.2152 6.59633 -0.299009
-3.80209 7.80038 -0.303032
-4.39893 9.02487 -0.292131
-5.57512 11.4379 -0.296163
-7.59947 15.5911 -0.302752
-11.9533 24.5234 -0.317451
-20.9196 42.9188 -0.277779
-1.24559 2.53296 -0.296674
-1.32359 2.69158 -0.29762
-1.41053 2.86836 -0.298399
-1.5073 3.06514 -0.298836
-1.62554 3.3056 -0.300696
-1.72564 3.50915 -0.29632
-1.87492 3.81273 -0.297105
-2.05679 4.18255 -0.298685
-2.28441 4.64544 -0.301512
-2.48229 5.04783 -0.294803
-2.81955 5.73365 -0.297593
-3.25168 6.6124 -0.300251
-3.8414 7.81162 -0.303988
-4.45104 9.05134 -0.29349
-5.63663 11.4623 -0.297302
-7.68739 15.6326 -0.304077
-12.0738 24.5526 -0.318373
-21.1485 43.0062 -0.278822
-1.25191 2.5235 -0.296076
-1.32668 2.67423 -0.296212
-1.42971 2.88189 -0.300324
-1.53008 3.08422 -0.301216
-1.61457 3.25452 -0.29656
-1.73822 3.50377 -0.296377
-1.89095 3.81163 -0.297533
-2.08244 4.19763 -0.30028
-2.24686 4.52906 -0.294465
-2.5168 5.07318 -0.296795
-2.84205 5.72878 -0.297853
-3.28462 6.62089 -0.301156
-3.71691 7.49226 -0.292063
-4.4874 9.04537 -0.293803
-5.69459 11.4787 -0.298242
-7.76237 15.6468 -0.304879
-10.6802 21.5284 -0.27964
-21.3678 43.0716 -0.279728
-1.27059 2.53885 -0.298396
-1.34431 2.68615 -0.298051
-1.4476 2.89254 -0.301959
-1.51487 3.02696 -0.296138
-1.63379 3.26458 -0.297995
-1.75841 3.51359 -0.297725
-1.92031 3.83709 -0.300042
-2.06013 4.11647 -0.294987
-2.27647 4.54875 -0.296261
-2.54576 5.08685 -0.298113
-2.87007 5.73486 -0.298689
-3.3215 6.63689 -0.302409
-3.76204 7.51717 -0.293545
-4.535 9.06165 -0.294844
-5.76126 11.5119 -0.299626
-7.85706 15.6997 -0.306443
-10.7939 21.568 -0.280642
-21.6201 43.2005 -0.281054
-1.28161 2.53867 -0.298899
-1.344 2.66226 -0.295919
-1.43283 2.8382 -0.296808
-1.53206 3.03478 -0.297425
-1.64692 3.26228 -0.298309
-1.78005 3.52599 -0.299301
-1.93916 3.84116 -0.300888
-2.08563 4.1313 -0.29657
-2.29826 4.5525 -0.297026
-2.57097 5.09269 -0.29898
-2.90967 5.7636 -0.300713
-3.35951 6.65466 -0.303752
-3.79118 7.50972 -0.293769
-4.59395 9.09989 -0.296609
-5.8216 11.5317 -0.300667
-7.9274 15.7029 -0.307045
-10.9116 21.6142 -0.281737
-21.8427 43.267 -0.281981
-1.27723 2.50818 -0.295833
-1.3636 2.67779 -0.298173
-1.45412 2.85555 -0.299151
-1.55177 3.04731 -0.299182
-1.65954 3.25894 -0.298531
-1.80862 3.55169 -0.302017
-1.9259 3.782 -0.296779
-2.10564 4.13497 -0.29736
-2.32018 4.55628 -0.2978
-2.59358 5.09317 -0.299538
-2.93519 5.76401 -0.301268
-3.28359 6.44818 -0.294849
-3.84478 7.55023 -0.295878
-4.64776 9.12708 -0.298022
-5.88459 11.5559 -0.301834
-8.0208 15.7509 -0.308529
-11.0422 21.6842 -0.283152
-22.0984 43.3959 -0.283322
-1.28728 2.50621 -0.296129
-1.37115 2.66951 -0.297783
-1.46386 2.85001 -0.299105
-1.56304 3.04311 -0.299304
-1.65522 3.22257 -0.295727
-1.78125 3.46793 -0.295422
-1.93464 3.76657 -0.296096
-2.12022 4.12788 -0.297381
-2.34385 4.56327 -0.29879
-2.6226 5.10596 -0.300827
-2.88212 5.61124 -0.293807
-3.301 6.42675 -0.294394
-3.87512 7.54451 -0.296182
-4.69558 9.14187 -0.299039
-5.94926 11.5827 -0.303074
-8.11814 15.8053 -0.310148
-11.1564 21.7205 -0.284133
-22.3344 43.4831 -0.284399
-1.30517 2.51936 -0.29822
-1.39392 2.69068 -0.300685
-1.48191 2.86052 -0.300749
-1.56145 3.01405 -0.296981
-1.67532 3.23386 -0.297299
-1.80106 3.47657 -0.296692
-1.96353 3.79019 -0.298491
-2.14155 4.13381 -0.298345
-2.37455 4.58357 -0.300661
-2.57837 4.977 -0.293758
-2.91029 5.6177 -0.294676
-3.34637 6.45946 -0.296426
-3.92286 7.57226 -0.297808
-4.75232 9.17335 -0.30061
-6.02054 11.6214 -0.304635
-8.20312 15.8344 -0.311279
-11.2887 21.7905 -0.285562
-21.7182 41.9223 -0.274686
-21.7671 42.0169 -2.36602e-06
-1.32301 2.5321 -0.300273
-1.38996 2.66024 -0.297825
-1.47447 2.82197 -0.297236
-1.57846 3.021 -0.298207
-1.68741 3.22951 -0.297439
-1.82347 3.48993 -0.298374
-1.98697 3.80285 -0.300033
-2.16436 4.14234 -0.299505
-2.34514 4.48834 -0.294949
-2.60153 4.97905 -0.294413
-2.94519 5.63677 -0.296214
-3.37893 6.4669 -0.297308
-3.96832 7.59493 -0.299243
-4.80017 9.18701 -0.301605
-6.07864 11.6339 -0.305516
-7.60552 14.5561 -0.286671
-11.4184 21.8536 -0.286911
-22.8435 43.72 -0.286985
-1.31811 2.50139 -0.297175
-1.39287 2.64326 -0.296466
-1.47956 2.80778 -0.296284
-1.58921 3.01586 -0.298246
-1.70971 3.24453 -0.299371
-1.84617 3.50349 -0.300083
-2.00976 3.81394 -0.30146
-2.14566 4.07185 -0.294948
-2.35615 4.47129 -0.294368
-2.63588 5.00213 -0.296321
-2.96864 5.63361 -0.296592
-3.40764 6.46672 -0.297845
-4.01114 7.61199 -0.300465
-4.8444 9.19327 -0.302365
-6.14989 11.6707 -0.307047
-7.68589 14.5856 -0.287778
-11.5291 21.8789 -0.287769
-23.0877 43.8138 -0.288129
-1.33305 2.50846 -0.298567
-1.41977 2.67165 -0.300205
-1.50897 2.8395 -0.300185
-1.59936 3.00959 -0.298177
-1.72688 3.24954 -0.300388
-1.83122 3.44589 -0.295696
-1.97981 3.72549 -0.295013
-2.16868 4.0809 -0.296151
-2.39812 4.51265 -0.297641
-2.66957 5.02344 -0.298134
-2.99604 5.63777 -0.29736
-3.45407 6.49967 -0.299916
-4.05034 7.6217 -0.301405
-4.91385 9.2466 -0.304681
-5.82895 10.9686 -0.289108
-7.77413 14.6289 -0.289167
-11.6627 21.9462 -0.289189
-23.3371 43.9145 -0.289326
-1.3503 2.51964 -0.300458
-1.42679 2.66237 -0.299721
-1.49521 2.79004 -0.295507
-1.59203 2.9707 -0.294873
-1.7149 3.19997 -0.296358
-1.83755 3.42883 -0.294781
-1.9989 3.72991 -0.295915
-2.18637 4.07974 -0.296619
-2.41348 4.50352 -0.297593
-2.70093 5.03988 -0.299668
-3.02539 5.64532 -0.298314
-3.48929 6.51096 -0.300998
-4.10084 7.6521 -0.303172
-4.95775 9.25108 -0.305398
-5.88868 10.9882 -0.290165
-7.84898 14.6461 -0.290046
-11.7728 21.9679 -0.290014
-23.5747 43.9901 -0.290364
-1.34727 2.49303 -0.297844
-1.41967 2.62699 -0.296294
-1.51349 2.8006 -0.297183
-1.60583 2.97148 -0.295505
-1.72305 3.18838 -0.29584
-1.87068 3.46156 -0.298154
-2.03265 3.76127 -0.298964
-2.21551 4.09965 -0.298627
-2.44796 4.52977 -0.299891
-2.71956 5.03235 -0.299783
-3.07229 5.68505 -0.300978
-3.5283 6.52886 -0.302394
-4.13556 7.65256 -0.303761
-4.76781 8.82249 -0.291797
-5.95722 11.0234 -0.291643
-7.93383 14.681 -0.291285
-11.9131 22.0444 -0.291572
-23.8426 44.119 -0.291763
-1.3589 2.49368 -0.298486
-1.43819 2.63918 -0.298234
-1.53309 2.81332 -0.2991
-1.63095 2.99292 -0.298202
-1.74966 3.21076 -0.298482
-1.88814 3.46488 -0.299006
-2.05275 3.76694 -0.299983
-2.23821 4.10729 -0.299751
-2.47744 4.54628 -0.301555
-2.74792 5.04264 -0.300966
-3.10222 5.6928 -0.30196
-3.43429 6.30218 -0.292448
-4.01054 7.35964 -0.292688
-4.81708 8.83969 -0.292921
-6.02462 11.0556 -0.29305
-8.02854 14.733 -0.292871
-12.0523 22.1169 -0.293086
-24.1045 44.2335 -0.293075
-1.36279 2.48016 -0.297436
-1.45732 2.65219 -0.300278
-1.54716 2.81569 -0.299924
-1.66 3.02106 -0.301582
-1.77837 3.23649 -0.301449
-1.90644 3.46955 -0.299982
-2.08075 3.78678 -0.30214
-2.26315 4.11873 -0.301162
-2.42845 4.41957 -0.293711
-2.71437 4.93991 -0.295399
-3.05126 5.55303 -0.29511
-3.47549 6.32509 -0.294073
-4.05912 7.38725 -0.294348
-4.87127 8.86529 -0.294331
-6.08824 11.0801 -0.29426
-8.11958 14.7769 -0.294307
-12.1829 22.1718 -0.294375
-21.6317 39.3677 -0.261336
-21.6657 39.4298 -2.24951e-06
-1.36387 2.46172 -0.295794
-1.45202 2.62082 -0.297299
-1.53996 2.77954 -0.296645
-1.63631 2.95344 -0.295401
-1.75372 3.16537 -0.295394
-1.89343 3.41753 -0.296055
-2.04609 3.69307 -0.295231
-2.23333 4.03103 -0.295318
-2.45436 4.42999 -0.294972
-2.74017 4.94586 -0.296325
-3.07142 5.54374 -0.295185
-3.51472 6.34388 -0.295516
-4.1043 7.40805 -0.295746
-4.91535 8.87195 -0.29512
-6.151 11.1022 -0.295417
-8.20073 14.8019 -0.295372
-12.3105 22.2197 -0.295581
-24.6386 44.4714 -0.295785
-1.38094 2.47211 -0.29762
-1.45616 2.60677 -0.29628
-1.54662 2.7687 -0.296063
-1.65963 2.97101 -0.297736
-1.77589 3.17913 -0.297255
-1.91752 3.43269 -0.297946
-2.07225 3.70967 -0.297135
-2.25151 4.03057 -0.295858
-2.48791 4.45378 -0.297132
-2.76501 4.94983 -0.29714
-3.10712 5.56226 -0.296747
-3.55363 6.36158 -0.296917
-4.14613 7.42225 -0.29689
-4.96416 8.88666 -0.296185
-6.21462 11.1252 -0.296605
-8.28541 14.8323 -0.296555
-12.4298 22.2514 -0.296578
-24.8783 44.5363 -0.296793
-1.39347 2.47419 -0.298456
-1.48337 2.63382 -0.299942
-1.56664 2.78167 -0.298034
-1.6664 2.9588 -0.297094
-1.79228 3.18232 -0.298137
-1.93068 3.42805 -0.298128
-2.08354 3.69946 -0.296899
-2.28791 4.06234 -0.298775
-2.51702 4.46914 -0.298742
-2.79219 4.95773 -0.298198
-3.13295 5.56276 -0.297356
-3.5929 6.37944 -0.298334
-4.19079 7.44103 -0.298224
-5.02032 8.91391 -0.297676
-6.286 11.1612 -0.298149
-8.3739 14.8684 -0.297861
-12.5692 22.3175 -0.298043
-25.1493 44.6543 -0.298163
-1.39722 2.46071 -0.297417
-1.49352 2.63032 -0.300135
-1.59339 2.8062 -0.301256
-1.68621 2.96967 -0.298775
-1.81794 3.20167 -0.300543
-1.95558 3.44407 -0.300113
-2.1151 3.72501 -0.29954
-2.31372 4.07482 -0.300285
-2.5416 4.47614 -0.299802
-2.81283 4.95382 -0.298552
-3.17485 5.59139 -0.299477
-3.62632 6.38651 -0.299255
-4.2315 7.45231 -0.299267
-5.07828 8.94362 -0.299258
-6.35023 11.1837 -0.29934
-8.47136 14.9193 -0.299472
-12.6993 22.3654 -0.299274
-25.425 44.7773 -0.299575
-1.15428 2.01643 -0.244204
-1.1633 2.03218 -0.232346
-1.58442 2.76784 -0.29773
-1.68453 2.94272 -0.296654
-1.7966 3.13851 -0.295201
-1.92976 3.37111 -0.294341
-2.13337 3.72682 -0.300283
-2.33125 4.07249 -0.300712
-2.56576 4.48216 -0.300803
-2.85483 4.98714 -0.301159
-3.2043 5.59762 -0.300409
-3.66842 6.4084 -0.30088
-4.28317 7.48232 -0.301071
-5.13024 8.96208 -0.300474
-6.42033 11.2158 -0.300796
-8.56285 14.9585 -0.300857
-12.8435 22.4364 -0.300822
-25.6913 44.8803 -0.300863
-1.14483 1.98381 -0.240735
-1.15555 2.00239 -0.229401
-1.15804 2.00671 -0.216291
-1.15525 2.00186 -0.202212
-1.16958 2.0267 -0.19101
-1.95909 3.3948 -0.297005
-2.11531 3.6655 -0.295936
-2.30446 3.99327 -0.295455
-2.52999 4.38407 -0.294812
-2.80012 4.85217 -0.293598
-3.2431 5.61979 -0.302205
-3.70488 6.41997 -0.302029
-4.32174 7.48889 -0.301941
-5.18266 8.98073 -0.301704
-6.48089 11.2304 -0.301793
-8.65266 14.9937 -0.30217
-12.9781 22.489 -0.302133
-25.9744 45.0095 -0.302336
-1.16627 2.00475 -0.24377
-1.1537 1.98314 -0.227655
-1.16289 1.99895 -0.215891
-1.16489 2.00238 -0.202674
-1.15794 1.99043 -0.187972
-1.16897 2.00939 -0.176154
-1.1776 2.02422 -0.163758
-1.17976 2.02794 -0.150348
-2.55467 4.39133 -0.295898
-2.83439 4.87216 -0.295404
-3.17535 5.45825 -0.294112
-3.60879 6.2033 -0.292427
-4.37707 7.52395 -0.303969
-5.24898 9.0227 -0.303729
-6.56223 11.2801 -0.303744
-8.74432 15.031 -0.303536
-13.1168 22.5471 -0.303528
-26.2528 45.127 -0.303739
-1.15478 1.96915 -0.23993
-1.16526 1.98702 -0.228567
-1.15902 1.97637 -0.213889
-1.16756 1.99093 -0.201927
-1.16768 1.99115 -0.188424
-1.15523 1.96991 -0.173046
-1.16443 1.9856 -0.160961
-1.16337 1.9838 -0.147376
-1.17379 2.00156 -0.135146
-1.18046 2.01294 -0.122296
-1.18975 2.02878 -0.109542
-3.65157 6.2267 -0.29413
-4.2357 7.22276 -0.292397
-5.29573 9.03035 -0.304607
-6.61998 11.2885 -0.30459
-8.83134 15.0593 -0.304729
-13.2547 22.6021 -0.304889
-26.5217 45.2251 -0.305021
-1.16209 1.96584 -0.24002
-1.16809 1.97599 -0.227766
-1.15784 1.95866 -0.212408
-1.17206 1.9827 -0.201506
-1.16828 1.97631 -0.187404
-1.17525 1.9881 -0.175003
-1.17616 1.98964 -0.161621
-1.1718 1.98227 -0.147565
-1.17805 1.99284 -0.134834
-1.18769 2.00915 -0.122317
-1.17641 1.99007 -0.107673
-1.18565 2.0057 -0.0949377
-1.18233 2.00009 -0.0811357
-1.18909 2.01151 -0.0679907
-6.70234 11.338 -0.306556
-8.91726 15.0848 -0.305873
-13.3884 22.6484 -0.306143
-26.806 45.3462 -0.306468
-1.17084 1.96494 -0.240408
-1.17238 1.96752 -0.22726
-1.17138 1.96585 -0.213631
-1.17284 1.96831 -0.200458
-1.17803 1.97701 -0.18786
-1.16918 1.96215 -0.173078
-1.17421 1.97059 -0.160406
-1.18449 1.98785 -0.148288
-1.18631 1.9909 -0.134982
-1.17846 1.97773 -0.120654
-1.17535 1.97252 -0.106945
-1.17663 1.97466 -0.0936628
-1.18187 1.98345 -0.080628
-1.18916 1.99569 -0.0675961
-1.18034 1.98088 -0.0536702
-1.19539 2.00614 -0.0407628
-13.5311 22.7084 -0.307591
-22.5796 37.8937 -0.256632
-22.6123 37.9487 -2.20874e-06
-1.17255 1.95228 -0.239359
-1.1676 1.94404 -0.225017
-1.17794 1.96124 -0.213575
-1.16707 1.94315 -0.19831
-1.17526 1.95678 -0.186327
-1.17729 1.96016 -0.173263
-1.18282 1.96937 -0.160642
-1.1916 1.98398 -0.148309
-1.17836 1.96195 -0.133297
-1.18483 1.97271 -0.1206
-1.18067 1.96579 -0.106803
-1.19058 1.98229 -0.0942215
-1.18797 1.97794 -0.0805719
-1.19839 1.9953 -0.0677242
-1.19693 1.99286 -0.0541076
-1.20059 1.99896 -0.0407017
-1.19243 1.98537 -0.0269486
-1.19904 1.99638 -0.0135486
-1.1945 1.98881 -1.15998e-07
-1.18633 1.95968 -0.240772
-1.19306 1.97079 -0.228595
-1.18556 1.9584 -0.213716
-1.18323 1.95455 -0.199894
-1.19422 1.9727 -0.188238
-1.17877 1.94719 -0.17248
-1.19263 1.97008 -0.161039
-1.18706 1.96087 -0.14689
-1.18971 1.96526 -0.133804
-1.18941 1.96476 -0.120367
-1.1913 1.96789 -0.107143
-1.20029 1.98274 -0.0944413
-1.1968 1.97697 -0.0807022
-1.20233 1.9861 -0.0675542
-1.19942 1.9813 -0.0539072
-1.20328 1.98766 -0.0405572
-1.19802 1.97899 -0.0269186
-1.19923 1.98099 -0.0134725
-1.19957 1.98154 -1.15817e-07
-1.17571 1.9269 -0.237249
-1.18355 1.93974 -0.225472
-1.19855 1.96434 -0.21482
-1.19444 1.95759 -0.200631
-1.18328 1.93932 -0.185446
-1.18966 1.94976 -0.173075
-1.1914 1.95262 -0.159951
-1.19721 1.96215 -0.147298
-1.19895 1.96499 -0.13407
-1.19665 1.96123 -0.120406
-1.18711 1.94559 -0.106154
-1.19113 1.95217 -0.0931828
-1.20671 1.97772 -0.0809044
-1.2104 1.98376 -0.067618
-1.2002 1.96703 -0.0536328
-1.20192 1.96986 -0.0402793
-1.1976 1.96278 -0.0267549
-1.2131 1.98818 -0.0135501
-1.21021 1.98344 -1.16175e-07
-1.20143 1.95367 -0.241059
-1.20164 1.95402 -0.227617
-1.19655 1.94574 -0.213241
-1.20193 1.95448 -0.200741
-1.19538 1.94384 -0.186277
-1.1961 1.94501 -0.173023
-1.20211 1.95478 -0.16047
-1.20007 1.95147 -0.146811
-1.20647 1.96187 -0.134144
-1.21078 1.96888 -0.121135
-1.21226 1.97129 -0.107786
-1.21212 1.97106 -0.0942861
-1.21226 1.97128 -0.0808137
-1.20606 1.9612 -0.0669923
-1.2128 1.97215 -0.0538877
-1.21653 1.97824 -0.0405372
-1.20953 1.96684 -0.0268677
-1.20772 1.9639 -0.0134133
-1.21774 1.98019 -1.16233e-07
-1.20024 1.93655 -0.239463
-1.18912 1.9186 -0.223974
-1.19918 1.93484 -0.212504
-1.2032 1.94132 -0.19982
-1.1988 1.93422 -0.185756
-1.21058 1.95323 -0.174129
-1.20346 1.94174 -0.159744
-1.21099 1.95389 -0.14731
-1.21674 1.96317 -0.134523
-1.22298 1.97324 -0.121665
-1.21847 1.96596 -0.107727
-1.21747 1.96434 -0.0941675
-1.22666 1.97918 -0.0813127
-1.21704 1.96365 -0.0672206
-1.21844 1.96592 -0.0538332
-1.22795 1.98126 -0.0406868
-1.22659 1.97906 -0.0270929
-1.21987 1.96822 -0.0134719
-1.23279 1.98906 -1.17005e-07
-1.21154 1.93962 -0.240364
-1.21159 1.93969 -0.22693
-1.21064 1.93818 -0.213334
-1.20865 1.93499 -0.199601
-1.21481 1.94484 -0.187182
-1.21069 1.93825 -0.173169
-1.20864 1.93497 -0.159533
-1.22418 1.95985 -0.148081
-1.22091 1.95461 -0.134227
-1.222 1.95636 -0.120887
-1.21718 1.94865 -0.107011
-1.22602 1.9628 -0.0942982
-1.23662 1.97977 -0.081514
-1.22291 1.95782 -0.0671669
-1.23705 1.98046 -0.0543493
-1.23582 1.97849 -0.0407183
-14.4119 23.0727 -0.316548
-28.8733 46.2247 -0.317083
-1.21877 1.9361 -0.240455
-1.21963 1.93746 -0.227166
-1.22064 1.93908 -0.213901
-1.21642 1.93236 -0.199768
-1.2217 1.94076 -0.187199
-1.22969 1.95345 -0.174911
-1.21371 1.92807 -0.159313
-1.2319 1.95696 -0.148187
-1.228 1.95076 -0.134257
-1.23964 1.96926 -0.121951
-1.23465 1.96133 -0.107943
-1.23737 1.96565 -0.0946423
-1.23978 1.96947 -0.081268
-1.24623 1.97972 -0.0680674
-6.84849 10.8793 -0.299214
-8.95054 14.2186 -0.293267
-12.9424 20.5598 -0.282691
-29.1621 46.3261 -0.318475
-1.22491 1.93087 -0.240335
-1.22186 1.92606 -0.226328
-1.23495 1.94669 -0.215216
-1.22846 1.93647 -0.200634
-1.24135 1.95678 -0.189161
-1.23696 1.94986 -0.174975
-1.23935 1.95362 -0.161781
-1.23615 1.94859 -0.147879
-1.24515 1.96277 -0.135382
-1.25148 1.97274 -0.122436
-3.45527 5.44664 -0.300423
-3.92716 6.1905 -0.29872
-4.53286 7.14528 -0.295493
-5.60462 8.83474 -0.304429
-6.93187 10.9269 -0.301187
-9.0537 14.2716 -0.295012
-13.0842 20.625 -0.284213
-29.4831 46.4751 -0.320206
-1.23328 1.92912 -0.240652
-1.24558 1.94837 -0.22946
-1.24293 1.94423 -0.215422
-1.23599 1.93336 -0.200759
-1.23903 1.93812 -0.187775
-1.24058 1.94055 -0.174527
-1.24949 1.95449 -0.162213
-2.52196 3.9449 -0.300046
-2.77495 4.34064 -0.300062
-3.05487 4.77849 -0.297233
-3.38523 5.29526 -0.292723
-3.95598 6.18803 -0.299266
-4.56873 7.14652 -0.296202
-5.40586 8.45598 -0.292027
-7.00264 10.9537 -0.302598
-9.14456 14.3041 -0.296343
-13.2225 20.6829 -0.285647
-29.7708 46.5681 -0.321561
-1.24869 1.93828 -0.242337
-1.24064 1.92579 -0.227309
-1.24725 1.93604 -0.214997
-1.25961 1.95523 -0.203486
-1.27992 1.98675 -0.192919
-2.14906 3.33588 -0.300692
-2.31954 3.60051 -0.299496
-2.50937 3.89516 -0.296928
-2.79833 4.34371 -0.300948
-3.08601 4.79026 -0.298634
-3.43703 5.33513 -0.295589
-4.00469 6.21628 -0.301307
-4.63014 7.18713 -0.298554
-5.46813 8.4879 -0.293787
-7.07352 10.9799 -0.304001
-9.25549 14.3668 -0.298309
-13.3632 20.743 -0.28712
-30.0964 46.7171 -0.323314
-1.26962 1.95572 -0.245071
-1.273 1.96093 -0.23198
-1.7322 2.66829 -0.296982
-1.83905 2.83287 -0.29549
-1.99322 3.07037 -0.298814
-2.12402 3.27185 -0.295588
-2.32975 3.58875 -0.299193
-2.52692 3.89247 -0.297394
-2.75623 4.2457 -0.294822
-3.11177 4.79338 -0.299504
-3.46162 5.33229 -0.2961
-3.92023 6.03874 -0.293363
-4.6706 7.1946 -0.29954
-5.5192 8.50179 -0.294933
-7.14691 11.0091 -0.305501
-9.34731 14.3986 -0.299646
-13.5077 20.8073 -0.28866
-30.3983 46.8257 -0.324798
-1.54895 2.36785 -0.297391
-1.63199 2.4948 -0.29581
-1.75537 2.68341 -0.299346
-1.84548 2.82116 -0.294939
-2.00818 3.06988 -0.299447
-2.14667 3.28158 -0.297143
-2.31434 3.5379 -0.295626
-2.5552 3.90609 -0.299115
-2.79137 4.26712 -0.296986
-3.15297 4.81989 -0.301847
-3.50214 5.35366 -0.297964
-3.95854 6.05135 -0.294646
-4.72158 7.2178 -0.301191
-5.58612 8.53941 -0.296914
-6.82499 10.4332 -0.29018
-9.43889 14.4291 -0.300964
-13.6525 20.8703 -0.290195
-30.7373 46.9876 -0.326664
-1.55996 2.3666 -0.297916
-1.65422 2.5096 -0.298249
-1.7423 2.64322 -0.29554
-1.87245 2.84068 -0.297662
-2.00131 3.03617 -0.296839
-2.17946 3.30643 -0.30008
-2.34024 3.55035 -0.297347
-2.58509 3.92181 -0.301008
-2.81768 4.27467 -0.298194
-3.10059 4.70387 -0.295257
-3.53874 5.36858 -0.299481
-4.00887 6.08181 -0.296809
-4.76827 7.23389 -0.302556
-5.64694 8.5669 -0.298554
-6.89022 10.4531 -0.2914
-9.54861 14.4861 -0.302847
-13.7884 20.9183 -0.29153
-31.0746 47.143 -0.328497
-1.56924 2.36267 -0.29811
-1.67839 2.52701 -0.301012
-1.76534 2.65792 -0.297871
-1.86993 2.8154 -0.295696
-2.02528 3.04929 -0.298812
-2.16098 3.25361 -0.29597
-2.35967 3.55276 -0.298238
-2.56342 3.85953 -0.296914
-2.85255 4.29485 -0.300295
-3.12121 4.69934 -0.295656
-3.57822 5.38742 -0.301227
-4.0463 6.09217 -0.298003
-4.64455 6.99291 -0.293154
-5.69498 8.57446 -0.299509
-6.96868 10.4922 -0.293166
-9.65522 14.5371 -0.304616
-13.9449 20.9957 -0.293285
-31.4016 47.2787 -0.330205
-1.5729 2.35032 -0.297243
-1.66391 2.48633 -0.296857
-1.77816 2.65704 -0.298466
-1.8916 2.82656 -0.29756
-2.04018 3.04857 -0.299438
-2.18474 3.26457 -0.29766
-2.39103 3.57283 -0.300623
-2.58703 3.8657 -0.298082
-2.81242 4.20249 -0.294522
-3.16317 4.72661 -0.298065
-3.50803 5.24193 -0.293776
-4.09003 6.11158 -0.299649
-4.6996 7.02244 -0.295078
-5.75966 8.60645 -0.301327
-7.03414 10.5109 -0.294373
-9.7481 14.5662 -0.305939
-14.0813 21.0411 -0.294606
-31.7054 47.3763 -0.331658
-1.57499 2.33576 -0.296096
-1.67821 2.48884 -0.297855
-1.76786 2.62179 -0.295199
-1.90366 2.82318 -0.297903
-2.02101 2.99722 -0.295086
-2.20311 3.26728 -0.298606
-2.36857 3.51266 -0.296254
-2.60899 3.8692 -0.299053
-2.84081 4.21301 -0.295953
-3.2057 4.75415 -0.300506
-3.55231 5.26818 -0.29594
-4.1325 6.12862 -0.301191
-4.73936 7.02861 -0.296031
-5.82145 8.63338 -0.30298
-7.10676 10.5395 -0.29587
-9.849 14.6064 -0.307502
-14.227 21.0991 -0.296111
-32.0528 47.5352 -0.333552
-1.60008 2.35518 -0.299264
-1.68558 2.48103 -0.297623
-1.79049 2.63544 -0.297439
-1.90002 2.79666 -0.295803
-2.05097 3.01884 -0.297918
-2.1805 3.2095 -0.29402
-2.39178 3.52048 -0.297616
-2.58684 3.8076 -0.294988
-2.8727 4.22837 -0.297735
-3.23741 4.76518 -0.301916
-3.58097 5.27087 -0.296793
-4.17185 6.14059 -0.302493
-4.80558 7.07338 -0.298622
-5.88175 8.65742 -0.304543
-7.18302 10.5728 -0.297505
-9.95357 14.6508 -0.309167
-14.3748 21.1584 -0.297646
-24.9551 36.7317 -0.258355
-24.9723 36.7571 -2.22188e-06
-1.59105 2.32438 -0.296055
-1.70713 2.49396 -0.299888
-1.82188 2.6616 -0.301107
-1.92178 2.80754 -0.297662
-2.0711 3.02569 -0.299306
-2.20846 3.22635 -0.296269
-2.40941 3.51993 -0.298279
-2.61876 3.82577 -0.297103
-2.91283 4.25537 -0.300351
-3.19256 4.66402 -0.296212
-3.61809 5.28569 -0.298337
-4.08859 5.97305 -0.294942
-4.83811 7.06802 -0.299108
-5.69092 8.3139 -0.293156
-7.25782 10.603 -0.299067
-9.3393 13.6438 -0.288605
-14.5345 21.2335 -0.299416
-26.1818 38.2492 -0.26967
-1.60579 2.32842 -0.297282
-1.71491 2.48664 -0.299727
-1.8084 2.6222 -0.297363
-1.95123 2.82931 -0.300691
-2.06137 2.98902 -0.296389
-2.2488 3.26079 -0.30015
-2.39784 3.47689 -0.29534
-2.63175 3.81608 -0.297062
-2.93798 4.26011 -0.301408
-3.21838 4.66669 -0.297093
-3.6762 5.33053 -0.301591
-4.13329 5.99333 -0.296654
-4.88695 7.08614 -0.300595
-5.73513 8.31601 -0.293935
-7.33098 10.63 -0.30055
-9.43942 13.6873 -0.29022
-14.6845 21.2927 -0.300972
-26.4564 38.3621 -0.271116
-1.60912 2.3159 -0.2964
-1.70912 2.45981 -0.29721
-1.8383 2.64573 -0.300757
-1.93062 2.7786 -0.296016
-2.09028 3.00839 -0.299032
-2.25921 3.25153 -0.300023
-2.425 3.49013 -0.297182
-2.66819 3.84014 -0.299659
-2.89764 4.17038 -0.295774
-3.26347 4.69688 -0.299739
-3.59497 5.17399 -0.293443
-4.17465 6.00827 -0.298114
-4.95517 7.13162 -0.303257
-5.80595 8.3561 -0.296067
-7.41191 10.6674 -0.302338
-9.53402 13.7216 -0.291653
-14.8374 21.3544 -0.302575
-26.72 38.4562 -0.272439
-1.62608 2.32294 -0.298026
-1.73498 2.47851 -0.3002
-1.82481 2.60684 -0.297059
-1.94792 2.78271 -0.297177
-2.10375 3.00532 -0.299456
-2.24578 3.20822 -0.296749
-2.4484 3.49766 -0.298551
-2.65112 3.78727 -0.296254
-2.93425 4.19174 -0.298014
-3.29856 4.71217 -0.301448
-3.65097 5.2156 -0.296525
-4.21462 6.02081 -0.299465
-4.81899 6.88418 -0.293449
-5.87204 8.38853 -0.297941
-7.48904 10.6985 -0.303958
-9.63406 13.7628 -0.293241
-14.9879 21.4111 -0.304117
-27.0126 38.589 -0.274046
-1.64767 2.33637 -0.300486
-1.72093 2.44025 -0.296293
-1.83685 2.60463 -0.297537
-1.97095 2.79477 -0.299199
-2.09697 2.97347 -0.29701
-2.26421 3.21061 -0.2977
-2.47416 3.50832 -0.300196
-2.67126 3.78781 -0.297024
-2.95953 4.19657 -0.299091
-3.24421 4.60024 -0.295011
-3.68331 5.22288 -0.297668
-4.25856 6.03858 -0.301086
-4.86584 6.89969 -0.294833
-5.93209 8.41162 -0.299496
-7.55849 10.7178 -0.305256
-9.73216 13.8001 -0.294758
-15.1554 21.4901 -0.30599
-27.2897 38.6964 -0.275485
-1.63613 2.30288 -0.296912
-1.75099 2.46456 -0.299985
-1.83545 2.58344 -0.295846
-1.97103 2.77426 -0.297738
-2.12389 2.98941 -0.299342
-2.29077 3.22431 -0.29971
-2.45382 3.4538 -0.296262
-2.69955 3.79966 -0.298692
-2.9931 4.21285 -0.300994
-3.27785 4.61364 -0.296603
-3.71917 5.2348 -0.299086
-4.18502 5.8905 -0.29443
-4.91815 6.92239 -0.296535
-5.98101 8.41839 -0.300479
-7.24411 10.1962 -0.291119
-9.83478 13.8426 -0.296399
-15.301 21.5364 -0.307409
-23.4812 33.0502 -0.235871
-1.66484 2.32604 -0.300646
-1.74618 2.43969 -0.297698
-1.84717 2.58078 -0.29628
-1.97994 2.76628 -0.297622
-2.12956 2.97533 -0.298675
-2.27619 3.18019 -0.296346
-2.49283 3.48288 -0.299502
-2.73072 3.81524 -0.300664
-2.96939 4.1487 -0.29715
-3.30491 4.61747 -0.29759
-3.7652 5.26058 -0.301308
-4.20732 5.87829 -0.294553
-4.9646 6.93633 -0.297873
-6.05141 8.45477 -0.30253
-7.3318 10.2437 -0.293203
-9.94407 13.8934 -0.298229
-15.4897 21.6416 -0.30968
-27.8821 38.9557 -0.27871
-1.65019 2.28864 -0.296554
-1.75577 2.43507 -0.297881
-1.87648 2.60248 -0.299521
-1.98732 2.7562 -0.297283
-2.14035 2.96843 -0.298731
-2.29208 3.17887 -0.296967
-2.50836 3.47883 -0.299905
-2.70731 3.75475 -0.296641
-3.00111 4.16222 -0.298868
-3.3402 4.63251 -0.299309
-3.70328 5.13605 -0.294915
-4.26386 5.91352 -0.297063
-5.02662 6.97139 -0.300131
-6.10885 8.47232 -0.30392
-7.40446 10.2692 -0.294672
-10.0464 13.9333 -0.299837
-15.6348 21.6838 -0.311064
-28.1799 39.0826 -0.28032
-1.66999 2.29912 -0.298667
-1.75722 2.41922 -0.296691
-1.87578 2.58244 -0.297968
-1.99432 2.74565 -0.296894
-2.1429 2.9502 -0.297648
-2.28748 3.14925 -0.294945
-2.48943 3.42728 -0.29621
-2.73096 3.75979 -0.297791
-3.02516 4.16484 -0.299813
-3.3035 4.54803 -0.294594
-3.73468 5.14165 -0.295984
-4.30218 5.92294 -0.298289
-5.07172 6.98239 -0.301366
-5.91896 8.14882 -0.293055
-7.48656 10.307 -0.296505
-10.1481 13.9713 -0.301414
-15.7891 21.7373 -0.312621
-28.4576 39.1785 -0.28172
-1.67593 2.29044 -0.298298
-1.76527 2.41253 -0.296625
-1.88654 2.57827 -0.298245
-2.02567 2.76841 -0.300119
-2.13921 2.92359 -0.295715
-2.32082 3.17178 -0.297813
-2.51366 3.43534 -0.297663
-2.76366 3.777 -0.299917
-2.99231 4.08948 -0.295139
-3.34523 4.57181 -0.29689
-3.78027 5.16636 -0.298165
-4.34844 5.94286 -0.300056
-4.95687 6.77438 -0.293133
-5.98978 8.18602 -0.295144
-7.56806 10.343 -0.2983
-10.2657 14.0298 -0.303449
-15.9707 21.8266 -0.314706
-28.7651 39.3123 -0.283403
-1.6865 2.28807 -0.298754
-1.7875 2.4251 -0.298936
-1.8862 2.559 -0.296776
-2.00863 2.72509 -0.296182
-2.17317 2.94833 -0.298984
-2.34058 3.17545 -0.298924
-2.53671 3.44155 -0.298967
-2.74044 3.71795 -0.295986
-3.0333 4.11526 -0.297762
-3.37751 4.58225 -0.298332
-3.80945 5.16826 -0.299041
-4.39573 5.96367 -0.301879
-5.01068 6.79797 -0.29491
-6.04119 8.19605 -0.296264
-7.64509 10.3721 -0.299906
-10.367 14.0648 -0.304988
-14.5198 19.699 -0.284758
-29.065 39.4324 -0.284999
-1.69593 2.28411 -0.29901
-1.78198 2.40001 -0.296609
-1.91359 2.57726 -0.299667
-2.03742 2.74404 -0.299013
-2.19569 2.95719 -0.300658
-2.32454 3.13073 -0.295476
-2.53187 3.40997 -0.29699
-2.77443 3.73665 -0.298245
-3.04849 4.10576 -0.297843
-3.41564 4.60025 -0.300279
-3.86856 5.21025 -0.30225
-4.30926 5.8038 -0.294547
-5.06183 6.81736 -0.296516
-6.11554 8.23652 -0.298497
-7.71228 10.387 -0.301117
-10.4765 14.11 -0.306759
-14.6725 19.7612 -0.286397
-29.3783 39.5672 -0.286713
-1.69956 2.27237 -0.298249
-1.80822 2.41765 -0.299568
-1.89614 2.53521 -0.295546
-2.03017 2.71441 -0.296555
-2.17403 2.90675 -0.2963
-2.35945 3.15467 -0.298511
-2.5585 3.4208 -0.29871
-2.7972 3.73996 -0.299287
-3.09268 4.13503 -0.300748
-3.37083 4.50692 -0.294954
-3.80428 5.08646 -0.295838
-4.36474 5.83581 -0.296944
-5.11889 6.84413 -0.298456
-6.18752 8.27293 -0.300599
-7.80812 10.4397 -0.303433
-10.6012 14.1742 -0.308958
-14.8357 19.8359 -0.288229
-29.7077 39.7202 -0.288572
-1.69939 2.25568 -0.296834
-1.79778 2.38626 -0.296456
-1.92147 2.55045 -0.298104
-2.04339 2.71228 -0.297101
-2.20803 2.93081 -0.299537
-2.37389 3.15097 -0.298944
-2.58264 3.42805 -0.300129
-2.78104 3.69139 -0.296176
-3.06188 4.06416 -0.29637
-3.41852 4.53754 -0.297738
-3.83737 5.0935 -0.297025
-4.40379 5.84534 -0.29821
-5.16662 6.85787 -0.299841
-6.23339 8.27384 -0.301421
-7.88209 10.4622 -0.304885
-9.98202 13.2496 -0.289562
-14.9866 19.8924 -0.289809
-29.9949 39.8135 -0.29001
-1.72123 2.26814 -0.299264
-1.814 2.39038 -0.297753
-1.94875 2.56794 -0.300942
-2.05591 2.70915 -0.297543
-2.19353 2.89049 -0.296198
-2.35143 3.09858 -0.294751
-2.57421 3.39214 -0.297771
-2.80505 3.69632 -0.297356
-3.08865 4.07004 -0.297584
-3.43872 4.53134 -0.298117
-3.88535 5.11987 -0.299353
-4.45779 5.87421 -0.300475
-5.21832 6.87639 -0.301445
-6.30122 8.30337 -0.303297
-7.56719 9.97158 -0.291356
-10.0938 13.301 -0.291455
-15.142 19.9532 -0.291463
-30.3216 39.956 -0.291817
-1.7228 2.25381 -0.298166
-1.81853 2.37905 -0.297131
-1.94695 2.54705 -0.299289
-2.05352 2.68646 -0.295837
-2.21703 2.90037 -0.298003
-2.3856 3.1209 -0.297665
-2.59881 3.39983 -0.29924
-2.8372 3.71169 -0.299388
-3.12162 4.08378 -0.299384
-3.47535 4.54653 -0.299913
-3.922 5.13085 -0.300794
-4.49856 5.88513 -0.301836
-5.10333 6.67629 -0.293454
-6.12336 8.01073 -0.293387
-7.64914 10.0068 -0.293163
-10.2063 13.3521 -0.293354
-15.3161 20.0369 -0.293466
-30.647 40.0932 -0.293599
-1.7362 2.25496 -0.299119
-1.83943 2.38904 -0.299179
-1.94957 2.5321 -0.29833
-2.09217 2.7173 -0.300036
-2.2474 2.91891 -0.300712
-2.41204 3.13274 -0.299597
-2.61723 3.39924 -0.299992
-2.79857 3.63476 -0.29397
-3.09451 4.01914 -0.295436
-3.43504 4.46142 -0.295088
-3.86386 5.01836 -0.294989
-4.42205 5.74334 -0.295354
-5.15908 6.70059 -0.295312
-6.19779 8.04966 -0.295604
-7.7354 10.0467 -0.295123
-10.308 13.388 -0.294932
-15.484 20.1105 -0.295335
-30.9869 40.2456 -0.295506
-1.73614 2.23866 -0.297759
-1.84454 2.37845 -0.298658
-1.9492 2.51341 -0.296928
-2.08915 2.69386 -0.298252
-2.23264 2.87887 -0.297389
-2.41301 3.11146 -0.298366
-2.60844 3.36345 -0.297636
-2.84765 3.67191 -0.297776
-3.11849 4.02114 -0.296382
-3.47488 4.48069 -0.297164
-3.9161 5.04962 -0.297629
-4.46781 5.76102 -0.297064
-5.21234 6.72106 -0.297015
-6.25209 8.06176 -0.296849
-7.80887 10.0692 -0.296582
-10.4204 13.4366 -0.296803
-15.6411 20.1685 -0.296986
-31.3152 40.3795 -0.297291
-1.7258 2.20935 -0.29466
-1.86127 2.38278 -0.300017
-1.97284 2.52561 -0.299182
-2.10704 2.69741 -0.299458
-2.25 2.88043 -0.29836
-2.43123 3.11244 -0.299272
-2.64422 3.38511 -0.300368
-2.86979 3.67388 -0.298748
-3.15982 4.04517 -0.298965
-3.5145 4.49923 -0.299207
-3.95512 5.06331 -0.299248
-4.50856 5.77182 -0.298431
-5.26797 6.74402 -0.298841
-6.33606 8.11137 -0.299488
-7.90108 10.1149 -0.29874
-10.5389 13.4918 -0.298833
-15.8106 20.2406 -0.298859
-31.6465 40.5136 -0.29909
-1.76842 2.24769 -0.300595
-1.84342 2.34301 -0.295818
-1.97659 2.51228 -0.298419
-2.10135 2.67084 -0.297321
-2.24963 2.85931 -0.296984
-2.42899 3.08728 -0.297667
-2.61049 3.31796 -0.295217
-2.85328 3.62656 -0.295708
-3.19846 4.06529 -0.301276
-3.54639 4.50752 -0.30058
-3.97853 5.05677 -0.299681
-4.56703 5.80476 -0.300957
-5.31208 6.75173 -0.300003
-6.37693 8.10517 -0.30008
-7.98887 10.154 -0.300716
-10.6434 13.5279 -0.300455
-15.9712 20.2996 -0.300553
-31.981 40.6483 -0.300907
-1.75822 2.21873 -0.297542
-1.85106 2.33588 -0.295733
-1.99779 2.52104 -0.300288
-2.12083 2.67632 -0.298754
-2.26736 2.86123 -0.298004
-2.45199 3.09421 -0.299159
-2.65436 3.34959 -0.298854
-2.87762 3.63132 -0.296914
-3.15836 3.98559 -0.296185
-3.50448 4.42237 -0.295716
-3.93208 4.96197 -0.294875
-4.48762 5.66301 -0.294419
-5.37635 6.78452 -0.302292
-6.46062 8.15278 -0.302677
-8.06355 10.1755 -0.302188
-10.7624 13.5812 -0.302473
-16.135 20.361 -0.302295
-28.0947 35.4532 -0.263175
-1.76773 2.2148 -0.297841
-1.87648 2.35105 -0.298481
-1.98593 2.48818 -0.297197
-2.1228 2.65966 -0.29772
-2.25798 2.82903 -0.295471
-2.47372 3.09933 -0.300488
-2.67538 3.35198 -0.2999
-2.9163 3.65384 -0.299587
-3.1908 3.99775 -0.297916
-3.54848 4.44589 -0.298116
-3.96977 4.97373 -0.296396
-4.51811 5.66075 -0.29512
-5.2658 6.59753 -0.294779
-6.2764 7.86372 -0.292757
-8.15067 10.212 -0.304114
-10.88 13.6316 -0.304438
-16.33 20.4599 -0.304608
-32.6771 40.9413 -0.304759
-1.77441 2.2073 -0.297665
-1.86723 2.32277 -0.295717
-2.01326 2.50442 -0.299976
-2.13926 2.66117 -0.298724
-2.29229 2.85152 -0.298654
-2.46779 3.06984 -0.298463
-2.65045 3.29706 -0.295813
-2.88059 3.58336 -0.294631
-3.24904 4.04169 -0.302033
-3.5924 4.46882 -0.300493
-4.02486 5.00678 -0.299202
-4.58855 5.70799 -0.298417
-5.326 6.62535 -0.296851
-6.34083 7.88777 -0.294475
-7.85515 9.77153 -0.291812
-10.9975 13.6805 -0.306386
-16.4907 20.5139 -0.306267
-33.0291 41.0871 -0.306701
-1.80178 2.22538 -0.30095
-1.89765 2.3438 -0.299236
-2.00735 2.47929 -0.297803
-2.13704 2.63946 -0.297123
-2.28711 2.82482 -0.296692
-2.49051 3.07604 -0.299909
-2.69065 3.32323 -0.299002
-2.92658 3.61463 -0.298041
-3.2183 3.97494 -0.297884
-3.54554 4.37911 -0.295292
-4.05108 5.00351 -0.29985
-4.63493 5.72463 -0.300131
-5.37816 6.64258 -0.298463
-6.42815 7.93943 -0.297241
-7.94743 9.8159 -0.293965
-10.4181 12.8675 -0.288991
-16.687 20.6102 -0.308575
-33.4036 41.2569 -0.308838
-1.80086 2.20843 -0.299506
-1.90442 2.33543 -0.299015
-2.00627 2.46033 -0.296366
-2.16112 2.65023 -0.299183
-2.30525 2.82697 -0.297763
-2.47751 3.03822 -0.297064
-2.67037 3.27472 -0.295475
-2.95294 3.62125 -0.299436
-3.23525 3.96745 -0.298167
-3.59048 4.40307 -0.297752
-4.00655 4.91332 -0.295282
-4.67743 5.73602 -0.301584
-5.44188 6.67349 -0.300704
-6.47712 7.94302 -0.29822
-8.0253 9.84158 -0.295571
-10.5355 12.9198 -0.290993
-16.8543 20.6688 -0.310331
-33.7502 41.3885 -0.310704
-1.79281 2.18295 -0.296898
-1.9029 2.31699 -0.297503
-2.02802 2.46933 -0.298302
-2.15177 2.62002 -0.29662
-2.2944 2.79369 -0.295099
-2.50105 3.04531 -0.298609
-2.71215 3.30234 -0.29882
-2.93096 3.56877 -0.295941
-3.26953 3.98102 -0.300044
-3.64392 4.43688 -0.300897
-4.05898 4.94226 -0.297872
-4.59657 5.59683 -0.295108
-5.49247 6.68769 -0.302207
-6.55691 7.98376 -0.300608
-8.11662 9.88289 -0.297662
-10.6605 12.9803 -0.293192
-17.048 20.7578 -0.312559
-34.119 41.5436 -0.312761
-1.81214 2.19083 -0.298829
-1.90981 2.30891 -0.297321
-2.02593 2.44929 -0.296735
-2.16893 2.62218 -0.297721
-2.32413 2.80982 -0.297659
-2.48366 3.00268 -0.295278
-2.73628 3.30809 -0.300203
-2.97287 3.59413 -0.298903
-3.24736 3.92598 -0.296749
-3.58999 4.34021 -0.29519
-4.09377 4.94926 -0.299154
-4.64857 5.62001 -0.297184
-5.3861 6.51166 -0.295101
-6.61863 8.00175 -0.302154
-8.20603 9.92089 -0.299668
-10.7612 13.01 -0.29471
-15.6679 18.9421 -0.286043
-26.3311 31.8337 -0.240351
-26.3658 31.8756 -2.06834e-06
-1.81051 2.17336 -0.297307
-1.90742 2.2897 -0.295703
-2.04756 2.45791 -0.298644
-2.16731 2.60166 -0.296249
-2.34601 2.81618 -0.299199
-2.51923 3.02412 -0.29825
-2.72732 3.27391 -0.297964
-2.99875 3.59974 -0.300239
-3.29122 3.95082 -0.299494
-3.63139 4.35916 -0.297339
-4.13791 4.9672 -0.30111
-4.70399 5.64673 -0.299464
-5.44039 6.53071 -0.296824
-6.44128 7.73219 -0.292823
-8.29496 9.95737 -0.301643
-10.8676 13.0456 -0.296374
-15.8167 18.9865 -0.287546
-34.8523 41.8371 -0.316796
-1.80476 2.15113 -0.295128
-1.93685 2.30857 -0.299012
-2.04691 2.43976 -0.297305
-2.19433 2.61546 -0.298691
-2.35957 2.81242 -0.299674
-2.50661 2.98767 -0.295518
-2.76046 3.29025 -0.300327
-2.98653 3.5597 -0.297768
-3.32363 3.96151 -0.301182
-3.6657 4.36923 -0.298898
-4.07084 4.85212 -0.294994
-4.74844 5.65976 -0.301033
-5.49657 6.55148 -0.298638
-6.51338 7.76343 -0.294866
-8.38738 9.99709 -0.303732
-10.9967 13.1071 -0.298643
-15.9918 19.0609 -0.289516
-35.2324 41.9943 -0.318916
-1.83146 2.16753 -0.298253
-1.92893 2.28289 -0.296557
-2.06175 2.44008 -0.29822
-2.18226 2.58271 -0.295819
-2.36316 2.7968 -0.298886
-2.53777 3.00346 -0.297954
-2.74189 3.24503 -0.297072
-3.01141 3.564 -0.299005
-3.28422 3.88687 -0.296378
-3.70548 4.38543 -0.30089
-4.14579 4.90654 -0.299181
-4.67444 5.5322 -0.295115
-5.55659 6.57622 -0.300649
-6.57783 7.78486 -0.296551
-8.08581 9.56956 -0.291599
-11.1145 13.1541 -0.300595
-16.1692 19.1363 -0.291517
-35.6272 42.1648 -0.321154
-1.83536 2.15682 -0.297659
-1.95492 2.29732 -0.299317
-2.05853 2.41908 -0.29653
-2.22115 2.61018 -0.299853
-2.37161 2.787 -0.298723
-2.53142 2.9748 -0.295987
-2.75689 3.23976 -0.297469
-2.9938 3.51816 -0.296036
-3.33442 3.91844 -0.299672
-3.65884 4.29967 -0.295881
-4.17582 4.90721 -0.30011
-4.72827 5.55642 -0.297287
-5.44878 6.40312 -0.293604
-6.65791 7.82403 -0.298927
-8.18096 9.61384 -0.293818
-11.2288 13.1955 -0.302436
-16.3459 19.2088 -0.29349
-36.0043 42.3104 -0.323219
-1.83098 2.13651 -0.295738
-1.95801 2.28473 -0.298566
-2.0718 2.41751 -0.297223
-2.21771 2.58776 -0.298166
-2.35331 2.74599 -0.295207
-2.56559 2.9937 -0.298757
-2.75749 3.21761 -0.296319
-3.03359 3.53979 -0.298745
-3.29636 3.84641 -0.295042
-3.70538 4.32367 -0.298421
-4.11918 4.80653 -0.294831
-4.77822 5.57554 -0.299201
-5.50436 6.42284 -0.295388
-6.71372 7.834 -0.300202
-8.24892 9.62537 -0.295049
-11.3643 13.2606 -0.304836
-16.5181 19.2744 -0.295373
-36.3992 42.4729 -0.32543
-1.85897 2.1539 -0.299041
-1.95541 2.26564 -0.296962
-2.09914 2.43216 -0.299924
-2.22025 2.57249 -0.297298
-2.38918 2.76822 -0.298492
-2.55182 2.95666 -0.295949
-2.77557 3.21591 -0.297052
-3.05877 3.54404 -0.300004
-3.33119 3.85968 -0.29695
-3.74165 4.33526 -0.300122
-4.17897 4.84196 -0.297898
-4.8409 5.6089 -0.301897
-5.57413 6.45845 -0.297919
-6.81316 7.89406 -0.303414
-8.35812 9.68413 -0.297743
-11.4964 13.3202 -0.307129
-16.7246 19.3779 -0.297852
-36.8325 42.6759 -0.327969
-1.85746 2.13701 -0.297595
-1.9803 2.27833 -0.299531
-2.08337 2.39691 -0.296473
-2.24472 2.58255 -0.299365
-2.38255 2.74113 -0.296466
-2.58409 2.973 -0.298485
-2.81226 3.23551 -0.299768
-3.0404 3.49797 -0.297002
-3.37559 3.88362 -0.299697
-3.71845 4.27808 -0.29706
-4.21427 4.84852 -0.299205
-4.76707 5.48451 -0.296096
-5.62179 6.46786 -0.299257
-6.63991 7.63921 -0.294508
-8.44304 9.7137 -0.299557
-10.9396 12.586 -0.291078
-16.8982 19.4414 -0.299733
-31.0167 35.6847 -0.275072
-1.86003 2.12492 -0.296815
-1.98204 2.26431 -0.298596
-2.11181 2.41256 -0.29932
-2.22704 2.5442 -0.295819
-2.41138 2.75479 -0.298853
-2.58302 2.95088 -0.297169
-2.80477 3.20421 -0.297775
-3.08198 3.52089 -0.29986
-3.34542 3.82185 -0.295831
-3.75393 4.28854 -0.298696
-4.178 4.773 -0.295444
-4.8309 5.51889 -0.298861
-5.70106 6.51297 -0.302264
-6.71318 7.66924 -0.296568
-8.55217 9.77012 -0.302217
-11.0687 12.645 -0.293336
-17.0997 19.5349 -0.302094
-31.3727 35.8406 -0.277117
-1.8715 2.12302 -0.297461
-1.97602 2.24158 -0.296507
-2.10218 2.3847 -0.296771
-2.25644 2.55969 -0.298535
-2.40856 2.73225 -0.297319
-2.59677 2.94576 -0.297565
-2.8402 3.22191 -0.30034
-3.05894 3.47005 -0.296438
-3.39451 3.85071 -0.298981
-3.72764 4.22861 -0.295427
-4.2169 4.78362 -0.297011
-4.8757 5.53097 -0.300436
-5.59264 6.34426 -0.295339
-6.76061 7.66919 -0.297478
-8.6414 9.80275 -0.304158
-11.1675 12.6684 -0.294781
-17.2729 19.5942 -0.303942
-31.7046 35.9655 -0.278937
-1.90346 2.14412 -0.301348
-2.0044 2.25783 -0.299581
-2.11452 2.38188 -0.297338
-2.26415 2.55043 -0.298375
-2.42859 2.73565 -0.29861
-2.59873 2.92731 -0.296616
-2.83019 3.18803 -0.298102
-3.10588 3.49857 -0.2998
-3.37615 3.80302 -0.296192
-3.76178 4.23741 -0.296957
-4.28198 4.82337 -0.300406
-4.80119 5.40824 -0.294679
-5.65972 6.37532 -0.297704
-6.86391 7.73176 -0.300833
-8.35452 9.41084 -0.292901
-11.3042 12.7335 -0.297212
-17.4712 19.6802 -0.306221
-32.0611 36.1148 -0.280962
-1.88038 2.10328 -0.296529
-2.00452 2.24214 -0.298427
-2.13086 2.38345 -0.298462
-2.26085 2.52886 -0.296774
-2.42517 2.71266 -0.297024
-2.62995 2.94171 -0.299005
-2.86299 3.20238 -0.300377
-3.07636 3.44104 -0.295789
-3.40409 3.80762 -0.297474
-3.80646 4.25769 -0.299309
-4.22339 4.72404 -0.295137
-4.86466 5.44133 -0.297406
-5.72299 6.4014 -0.299853
-6.94091 7.76371 -0.303018
-8.44992 9.45159 -0.295087
-11.4385 12.7944 -0.299566
-17.6625 19.7562 -0.308362
-32.432 36.2766 -0.2831
-1.88986 2.09909 -0.296867
-2.00202 2.22366 -0.296896
-2.14783 2.38561 -0.29967
-2.27767 2.52983 -0.29782
-2.47025 2.74373 -0.301368
-2.62066 2.91079 -0.29679
-2.85315 3.16902 -0.298181
-3.1214 3.46697 -0.298953
-3.45307 3.83535 -0.300582
-3.78058 4.19913 -0.296119
-4.27278 4.74582 -0.297428
-4.9033 5.44614 -0.298603
-5.78646 6.42707 -0.302001
-6.77592 7.52608 -0.294665
-8.54622 9.49236 -0.29729
-11.5597 12.8395 -0.301565
-17.8556 19.8324 -0.310523
-32.8012 36.4326 -0.28521
-1.90895 2.10545 -0.298707
-2.02285 2.23107 -0.298826
-2.12863 2.34775 -0.295846
-2.2836 2.51867 -0.297443
-2.45212 2.70454 -0.298003
-2.6562 2.92962 -0.299655
-2.86729 3.16244 -0.298502
-3.11412 3.43467 -0.297105
-3.41815 3.77 -0.296394
-3.82792 4.22196 -0.29867
-4.32828 4.77382 -0.300128
-4.97336 5.4853 -0.301701
-5.678 6.26247 -0.295197
-6.85486 7.56047 -0.296947
-8.64729 9.53741 -0.299645
-11.7025 12.9071 -0.304112
-16.5785 18.2851 -0.2872
-33.1568 36.5699 -0.28719
-1.92046 2.10333 -0.299357
-2.03911 2.23329 -0.300075
-2.1694 2.37598 -0.300357
-2.29199 2.51024 -0.297392
-2.45709 2.69107 -0.297463
-2.64426 2.89606 -0.297165
-2.87725 3.15124 -0.298392
-3.14478 3.44424 -0.29888
-3.45325 3.78208 -0.29829
-3.86324 4.23111 -0.30027
-4.27904 4.6865 -0.295577
-4.90007 5.36668 -0.296116
-5.74778 6.2951 -0.297679
-6.92346 7.58274 -0.29877
-8.73283 9.5644 -0.30145
-11.8233 12.9491 -0.306073
-16.7541 18.3495 -0.28913
-27.9127 30.5706 -0.240841
-1.91909 2.08714 -0.298005
-2.0161 2.19265 -0.29556
-2.15219 2.34065 -0.29684
-2.31396 2.51659 -0.2991
-2.48356 2.70104 -0.299522
-2.67178 2.90574 -0.299115
-2.89815 3.15194 -0.299415
-3.12629 3.40006 -0.295992
-3.43924 3.74041 -0.295949
-3.84356 4.18014 -0.297604
-4.31241 4.69005 -0.296749
-4.96529 5.4001 -0.298915
-5.81103 6.3199 -0.29981
-6.99609 7.60873 -0.300755
-8.82618 9.59908 -0.303513
-11.2793 12.267 -0.290879
-16.9391 18.4224 -0.291209
-33.9218 36.8923 -0.291576
-1.91799 2.07137 -0.296708
-2.03254 2.19509 -0.296844
-2.16172 2.3346 -0.297028
-2.31179 2.49667 -0.29769
-2.47939 2.67767 -0.29789
-2.67036 2.88392 -0.297826
-2.90106 3.13307 -0.298583
-3.17532 3.42926 -0.299498
-3.4768 3.75485 -0.298051
-3.86398 4.17299 -0.298054
-4.36903 4.71844 -0.299509
-5.0287 5.43086 -0.301588
-5.87388 6.34363 -0.301907
-6.85078 7.39865 -0.293395
-8.56742 9.25258 -0.293501
-11.4212 12.3346 -0.293427
-17.136 18.5064 -0.293481
-34.3113 37.0553 -0.29381
-1.93193 2.07186 -0.297744
-2.05946 2.20863 -0.299646
-2.19599 2.35506 -0.300604
-2.3553 2.5259 -0.302155
-2.50959 2.69137 -0.300387
-2.65055 2.84254 -0.294508
-2.8919 3.10137 -0.296523
-3.14747 3.37545 -0.295757
-3.46544 3.71646 -0.295963
-3.8402 4.11836 -0.295108
-4.33814 4.65237 -0.296275
-4.96342 5.32294 -0.296557
-5.77679 6.19522 -0.295803
-6.9352 7.43754 -0.295897
-8.65929 9.28651 -0.295535
-11.5577 12.3948 -0.295818
-17.3309 18.5862 -0.295705
-34.689 37.2017 -0.29593
-1.94565 2.07203 -0.298742
-2.0671 2.20136 -0.299637
-2.18949 2.3317 -0.298597
-2.32943 2.48073 -0.297723
-2.50357 2.66618 -0.29855
-2.69414 2.86912 -0.298235
-2.92132 3.11106 -0.298424
-3.18054 3.38712 -0.297751
-3.51018 3.73817 -0.298667
-3.89801 4.15118 -0.298434
-4.38611 4.671 -0.298436
-5.0094 5.33477 -0.298189
-5.84966 6.22961 -0.298418
-6.99807 7.45261 -0.297467
-8.76415 9.33339 -0.298
-11.6875 12.4466 -0.298026
-17.5427 18.6821 -0.298205
-35.0971 37.3767 -0.298295
-1.94816 2.06023 -0.298021
-2.06161 2.18021 -0.297737
-2.18409 2.30973 -0.29676
-2.34106 2.47573 -0.298102
-2.49792 2.64161 -0.296774
-2.69766 2.85284 -0.29752
-2.9232 3.09136 -0.297511
-3.18106 3.36404 -0.296698
-3.48625 3.68679 -0.295532
-3.94541 4.17236 -0.300946
-4.43047 4.68532 -0.300338
-5.06094 5.35206 -0.300142
-5.92482 6.26563 -0.301134
-7.08045 7.48774 -0.299854
-8.88164 9.39254 -0.300877
-11.8239 12.504 -0.300388
-17.7395 18.7599 -0.300434
-35.5024 37.5446 -0.300623
-1.96283 2.06127 -0.299161
-2.0737 2.1777 -0.298382
-2.20097 2.31135 -0.297954
-2.35809 2.47635 -0.299167
-2.52872 2.65554 -0.299329
-2.73523 2.87241 -0.300555
-2.94721 3.09502 -0.298853
-3.20585 3.36662 -0.297911
-3.53489 3.71217 -0.298555
-3.90111 4.09676 -0.296474
-4.38877 4.60887 -0.296418
-5.00909 5.2603 -0.295975
-5.82871 6.12102 -0.295161
-7.17365 7.53341 -0.302685
-8.96842 9.41819 -0.3027
-11.9617 12.5616 -0.302773
-17.9367 18.8362 -0.302658
-35.9342 37.7364 -0.303162
-1.95735 2.04118 -0.297236
-2.07339 2.1622 -0.297248
-2.20554 2.3 -0.297482
-2.36784 2.46926 -0.299308
-2.53478 2.64335 -0.298952
-2.72554 2.84228 -0.298398
-2.9513 3.07771 -0.298175
-3.19581 3.33269 -0.295895
-3.56748 3.72028 -0.300208
-3.95175 4.12101 -0.299226
-4.43867 4.62879 -0.298694
-5.06224 5.27907 -0.298024
-5.888 6.1402 -0.297075
-7.02266 7.32345 -0.295233
-8.7187 9.09214 -0.293198
-12.1084 12.6271 -0.305369
-18.1436 18.9207 -0.305032
-36.337 37.8934 -0.305441
-1.9634 2.03324 -0.297076
-2.08234 2.1564 -0.297449
-2.22096 2.29995 -0.298477
-2.37794 2.46251 -0.299495
-2.52826 2.61819 -0.297102
-2.71062 2.80702 -0.295689
-2.98162 3.08767 -0.300147
-3.2388 3.354 -0.298789
-3.55691 3.68342 -0.298234
-3.92766 4.06735 -0.296325
-4.40133 4.55787 -0.295109
-5.11887 5.30093 -0.300266
-5.95263 6.16435 -0.299248
-7.10933 7.36218 -0.297794
-8.81164 9.12504 -0.29525
-11.584 11.996 -0.291084
-18.3639 19.017 -0.307616
-31.4246 32.5423 -0.263192
-1.96427 2.01996 -0.296137
-2.09754 2.15701 -0.298543
-2.21909 2.28201 -0.297153
-2.37453 2.44185 -0.297989
-2.53855 2.61053 -0.297238
-2.75037 2.82835 -0.298945
-2.96937 3.05356 -0.297838
-3.23069 3.32229 -0.296968
-3.58806 3.68979 -0.299763
-3.97078 4.08336 -0.2985
-4.45284 4.57909 -0.297488
-5.05807 5.20148 -0.295632
-6.02009 6.19078 -0.30155
-7.18384 7.38752 -0.299832
-8.90563 9.15813 -0.297325
-11.7315 12.0642 -0.29373
-18.5644 19.0907 -0.309855
-37.1728 38.2267 -0.310214
-1.97215 2.01394 -0.296263
-2.10486 2.14947 -0.298514
-2.22438 2.27152 -0.296797
-2.36494 2.41505 -0.295725
-2.55381 2.60793 -0.297956
-2.74166 2.79975 -0.296933
-2.9532 3.01578 -0.295157
-3.28414 3.35373 -0.300802
-3.56716 3.64275 -0.296952
-3.96011 4.04403 -0.296634
-4.50825 4.60378 -0.300113
-5.12736 5.23601 -0.298611
-5.92871 6.05435 -0.295912
-7.26989 7.42394 -0.302339
-9.0206 9.21176 -0.300087
-11.8587 12.1101 -0.295855
-17.3504 17.7181 -0.288558
-37.6325 38.4299 -0.312928
-1.98465 2.0126 -0.297083
-2.10879 2.13848 -0.29801
-2.24155 2.27312 -0.298027
-2.39833 2.4321 -0.298837
-2.56521 2.60133 -0.298224
-2.75544 2.79424 -0.297368
-2.99878 3.04101 -0.29865
-3.25142 3.2972 -0.296748
-3.6373 3.68852 -0.301717
-3.99661 4.05288 -0.298305
-4.46602 4.5289 -0.296247
-5.20108 5.27431 -0.301829
-6.00109 6.08559 -0.298461
-7.12789 7.22825 -0.295382
-9.14301 9.27175 -0.30308
-12.0137 12.1828 -0.298656
-17.5577 17.8049 -0.29097
-38.095 38.6314 -0.31565
-1.98324 1.99716 -0.295826
-2.11951 2.13439 -0.298469
-2.24333 2.25908 -0.297212
-2.38999 2.40677 -0.296748
-2.56215 2.58014 -0.296819
-2.76698 2.78641 -0.297561
-2.99669 3.01772 -0.29739
-3.29379 3.31691 -0.299556
-3.61905 3.64446 -0.299145
-3.97518 4.00309 -0.29566
-4.52388 4.55563 -0.299028
-5.10902 5.14488 -0.295442
-6.06785 6.11044 -0.300718
-7.21435 7.265 -0.297911
-8.87578 8.93809 -0.293185
-12.1412 12.2264 -0.300762
-17.7534 17.878 -0.293176
-28.3208 28.5197 -0.233836
-1.99381 1.99383 -0.296362
-2.11649 2.11651 -0.297001
-2.24539 2.24541 -0.296444
-2.41332 2.41334 -0.298596
-2.58133 2.58135 -0.297994
-2.7862 2.78622 -0.298579
-3.01003 3.01005 -0.297668
-3.30867 3.3087 -0.299857
-3.62283 3.62286 -0.298409
-3.98579 3.98582 -0.295412
-4.53841 4.53845 -0.298938
-5.13969 5.13974 -0.296176
-6.0959 6.09596 -0.301051
-7.24004 7.24011 -0.297926
-8.90582 8.9059 -0.293148
-12.1883 12.1884 -0.300874
-17.8221 17.8223 -0.293282
-28.4247 28.425 -0.233872
